block_group,town,population,risk_percentile_pop_weighted,share_in_top10_land,share_in_top25_land,share_private_wells,ej,ej_criteria,pct_minority,pct_limited_english_households,median_household_income
250173544001,,836.0,100.0,1.0,1.0,0.0,No,,,,
250092215001,Gloucester,1509.0,99.9,1.0,1.0,0.0,Yes,Income,22.7,0.0,41314.0
250250507003,Boston,1413.0,99.9,1.0,1.0,0.0,Yes,Minority and English isolation,71.3,62.1,81897.0
250235105011,Brockton,766.0,99.7,0.998,1.0,0.0,Yes,Minority and income,71.0,8.3,54464.0
250173251024,Ayer,950.0,99.6,1.0,1.0,0.0,Yes,Minority,29.4,0.0,81500.0
250173593036,Bedford,103.0,99.3,1.0,1.0,0.0,Yes,Minority,62.1,0.0,216346.0
250173840031,,40.0,99.3,1.0,1.0,1.0,No,,,,
250251602004,Chelsea,846.0,99.2,1.0,1.0,0.0,Yes,Minority and income,82.6,21.6,51827.0
250251602003,Chelsea,852.0,99.2,1.0,1.0,0.0,Yes,Minority and English isolation,90.7,48.8,58688.0
250251602002,Chelsea,1063.0,99.2,1.0,1.0,0.0,Yes,"Minority, income and English isolation",93.9,59.0,40450.0
250251604001,Chelsea,1209.0,99.2,1.0,1.0,0.0,Yes,"Minority, income and English isolation",87.5,36.5,47330.0
250251605023,Chelsea,1616.0,99.2,0.992,0.992,0.0,Yes,Minority,80.0,14.5,60479.0
250214113022,Walpole,1206.0,99.0,1.0,1.0,0.0,Yes,Minority,28.4,6.1,68094.0
250056519002,New Bedford,1424.0,99.0,1.0,1.0,0.0,Yes,"Minority, income and English isolation",82.5,31.1,37250.0
250173591001,,512.0,98.9,1.0,1.0,0.0,No,,,,
250173591002,,820.0,98.9,1.0,1.0,0.0,No,,,,
250092214001,Gloucester,1014.0,98.9,1.0,1.0,0.0,Yes,Income,19.7,0.0,55000.0
250173745004,,757.0,98.9,1.0,1.0,0.0,No,,,,
250092214003,Gloucester,616.0,98.9,1.0,1.0,0.0,Yes,Income,12.5,4.0,48750.0
250277424023,Westborough,1733.0,98.8,0.996,1.0,0.0,Yes,Minority,84.4,9.6,85938.0
250173393001,Medford,705.0,98.8,1.0,1.0,0.0,Yes,Minority and income,36.6,17.0,33875.0
250173741003,Newton,1132.0,98.7,1.0,1.0,0.0,Yes,Minority,41.6,10.2,145491.0
250173515004,Somerville,284.0,98.7,1.0,1.0,0.0,Yes,"Minority, income and English isolation",58.8,26.4,11123.0
250250509013,Boston,961.0,98.7,0.914,1.0,0.0,Yes,"Minority, income and English isolation",73.8,43.4,37333.0
250173251011,Ayer,1384.0,98.6,1.0,1.0,0.0,Yes,Minority,27.2,0.0,82857.0
250250509011,Boston,1421.0,98.6,0.986,0.986,0.0,Yes,Minority and English isolation,82.6,36.4,76591.0
250173593031,,1161.0,98.5,1.0,1.0,0.0,No,,,,
250092215002,,1608.0,98.4,0.959,0.982,0.0,No,,,,
250173591005,,1450.0,98.4,1.0,1.0,0.0,No,,,,
250173704031,Watertown,744.0,98.4,1.0,1.0,0.0,Yes,Minority,35.2,8.2,60481.0
250056410003,Fall River,859.0,98.3,1.0,1.0,0.0,Yes,"Minority, income and English isolation",32.0,28.1,29174.0
250056409015,Fall River,654.0,98.3,1.0,1.0,0.0,Yes,Minority and income,36.5,0.0,34261.0
250173546023,Cambridge,1410.0,98.3,1.0,1.0,0.0,Yes,Minority,46.8,0.0,131424.0
250173566013,,821.0,98.3,0.995,0.995,0.0,No,,,,
250277423004,,875.0,98.3,1.0,1.0,0.0,No,,,,
250173593032,,998.0,98.3,1.0,1.0,0.019,No,,,,
250056409014,Fall River,1318.0,98.3,1.0,1.0,0.0,Yes,Minority and English isolation,35.4,26.8,74226.0
250056409011,Fall River,541.0,98.2,1.0,1.0,0.0,Yes,Minority and income,36.2,0.0,44096.0
250056410002,Fall River,767.0,98.2,1.0,1.0,0.0,Yes,"Minority, income and English isolation",30.1,39.0,40402.0
250251601032,Chelsea,1081.0,98.2,0.98,0.98,0.0,Yes,Minority and English isolation,93.3,67.9,69713.0
250173515001,Somerville,314.0,98.1,0.961,1.0,0.0,Yes,Minority,36.9,0.0,0.0
250173745005,,757.0,98.0,0.981,0.981,0.0,No,,,,
250173171023,,1646.0,98.0,1.0,1.0,0.0,No,,,,
250173881003,Boxborough,1000.0,98.0,0.937,1.0,0.652,Yes,Minority,32.1,2.6,57981.0
250173703011,Watertown,641.0,97.9,1.0,1.0,0.0,Yes,Minority,41.0,0.0,117778.0
250173561002,,1482.0,97.8,1.0,1.0,0.0,No,,,,
250173561001,,837.0,97.8,1.0,1.0,0.0,No,,,,
250173165004,,1389.0,97.8,0.986,1.0,0.0,No,,,,
250173171013,,1366.0,97.8,0.968,1.0,0.0,No,,,,
250214422041,,1378.0,97.8,0.99,1.0,0.0,No,,,,
250173201022,,1296.0,97.8,0.993,1.0,0.0,No,,,,
250235109002,Brockton,1580.0,97.8,0.995,1.0,0.0,Yes,"Minority, income and English isolation",82.7,28.3,24375.0
250277424022,Westborough,2036.0,97.8,0.993,1.0,0.0,Yes,Minority,67.4,2.9,168125.0
250092516002,Lawrence,2301.0,97.6,1.0,1.0,0.0,Yes,Minority and English isolation,94.1,27.8,71513.0
250214431032,,1023.0,97.5,0.847,1.0,0.0,No,,,,
250173336023,Woburn,1596.0,97.5,0.997,1.0,0.0,Yes,Minority,28.2,2.5,113409.0
250173546011,,5.0,97.5,1.0,1.0,0.0,No,,,,
250092043001,Salem,1408.0,97.5,1.0,1.0,0.011,Yes,Income,19.1,0.0,44095.0
250173704032,Watertown,1326.0,97.3,0.754,1.0,0.0,Yes,Minority,27.3,7.1,112731.0
250173703021,Watertown,306.0,97.3,0.973,0.973,0.0,Yes,Income and English isolation,19.6,26.1,18148.0
250092213003,,1984.0,97.2,0.917,0.999,0.022,No,,,,
250173527001,Cambridge,909.0,97.2,1.0,1.0,0.0,Yes,Minority,41.5,3.3,60511.0
250092043002,Salem,1475.0,97.2,1.0,1.0,0.0,Yes,Minority and income,76.7,20.0,18693.0
250173549012,Cambridge,964.0,97.2,1.0,1.0,0.0,Yes,Minority,65.7,13.6,125536.0
250173583002,Lexington,1982.0,97.2,0.905,1.0,0.0,Yes,Minority,45.1,2.3,245284.0
250092043003,Salem,1193.0,97.2,1.0,1.0,0.0,Yes,"Minority, income and English isolation",79.6,41.3,40750.0
250173549023,Cambridge,2070.0,97.2,1.0,1.0,0.0,Yes,"Minority, income and English isolation",97.2,35.2,39213.0
250092173005,Beverly,965.0,97.1,1.0,1.0,0.0,Yes,Minority,34.7,13.6,80595.0
250251603001,Chelsea,728.0,97.1,0.977,0.977,0.0,Yes,Minority,48.9,20.5,78427.0
250173528001,Cambridge,1892.0,97.1,0.988,1.0,0.0,Yes,Minority,42.4,6.1,110714.0
250092042002,Salem,812.0,97.0,1.0,1.0,0.0,Yes,Minority,53.3,8.4,0.0
250173512033,,1093.0,97.0,0.99,1.0,0.0,No,,,,
250173881002,Boxborough,1589.0,97.0,0.951,1.0,0.874,Yes,Minority,36.2,0.0,143250.0
250235104002,Brockton,766.0,97.0,0.915,1.0,0.0,Yes,Minority and income,88.0,11.9,47250.0
250173324011,,13.0,96.9,0.914,0.99,0.0,No,,,,
250173593035,,1139.0,96.9,0.955,1.0,0.234,No,,,,
250173549024,Cambridge,917.0,96.8,1.0,1.0,0.0,Yes,"Minority, income and English isolation",77.9,28.2,29973.0
250277392022,Shrewsbury,1809.0,96.8,0.891,1.0,0.0,Yes,Minority,40.0,16.2,92500.0
250173333003,,1630.0,96.8,0.986,1.0,0.0,No,,,,
250173684001,Waltham,1253.0,96.8,0.999,1.0,0.0,Yes,Minority and income,57.1,12.3,44289.0
250235116021,Brockton,1509.0,96.7,0.923,1.0,0.0,Yes,Minority,55.4,5.3,96336.0
250277442021,Milford,1290.0,96.7,1.0,1.0,0.0,Yes,Minority,43.2,15.2,78147.0
250173684004,Waltham,669.0,96.7,1.0,1.0,0.0,Yes,Minority,34.4,0.0,111875.0
250173515002,Somerville,810.0,96.7,0.968,1.0,0.0,Yes,Minority,39.6,1.5,116250.0
250173114003,Lowell,2420.0,96.7,0.965,0.965,0.0,Yes,Minority,74.6,8.1,58977.0
250173331004,Woburn,1470.0,96.7,0.899,1.0,0.0,Yes,Minority,46.0,6.9,97000.0
250173641023,,968.0,96.6,1.0,1.0,0.0,No,,,,
250173241022,,2847.0,96.6,0.984,1.0,0.372,No,,,,
250056410001,Fall River,781.0,96.5,0.993,0.993,0.0,Yes,Minority and income,28.2,5.5,18475.0
250173685003,Waltham,1471.0,96.5,0.982,1.0,0.0,Yes,Minority,50.8,9.9,79013.0
250214571004,Avon,1197.0,96.5,1.0,1.0,0.0,Yes,Minority,35.2,0.0,95042.0
250056413004,Fall River,1414.0,96.5,0.981,1.0,0.0,Yes,Minority,43.9,9.0,68183.0
250173821004,,863.0,96.5,0.886,0.978,0.0,No,,,,
250173631042,,930.0,96.4,1.0,1.0,0.238,No,,,,
250056405003,Fall River,973.0,96.4,1.0,1.0,0.0,Yes,Minority and income,29.3,8.7,50667.0
250056402011,Fall River,1155.0,96.4,1.0,1.0,0.0,Yes,Minority and income,25.0,4.2,37154.0
250173183003,,1436.0,96.4,0.991,1.0,0.395,No,,,,
250056402012,Fall River,1476.0,96.4,0.999,1.0,0.0,Yes,Minority and income,40.8,7.9,48512.0
250039353003,North Adams,1739.0,96.3,1.0,1.0,0.073,Yes,Income,13.6,0.0,38656.0
250214202021,Randolph,1852.0,96.3,0.904,1.0,0.0,Yes,Minority,76.8,15.6,105089.0
250039201013,Williamstown,1815.0,96.3,0.973,1.0,0.0,Yes,Minority,32.9,0.0,101833.0
250173703012,,1260.0,96.2,1.0,1.0,0.0,No,,,,
250235113021,Brockton,773.0,96.1,0.989,1.0,0.0,Yes,Minority,57.8,0.0,98162.0
250214035011,,1858.0,96.1,0.904,0.939,0.0,No,,,,
250214151031,Canton,1302.0,96.1,0.88,1.0,0.0,Yes,Minority,35.7,0.0,86985.0
250214223042,,1239.0,96.1,0.946,0.964,0.0,No,,,,
250173603005,Lincoln,1449.0,96.1,1.0,1.0,0.011,Yes,Minority,41.5,0.0,107656.0
250214225022,Weymouth,1353.0,96.1,0.986,0.986,0.0,Yes,Minority,27.1,6.0,79236.0
250277443002,Milford,1356.0,96.0,0.995,1.0,0.0,Yes,"Minority, income and English isolation",58.0,33.8,34219.0
250277451002,,1461.0,96.0,0.988,1.0,0.438,No,,,,
250277551002,Dudley,1795.0,96.0,1.0,1.0,0.13,Yes,Income,19.3,3.9,30576.0
250173165003,Billerica,1478.0,96.0,0.987,1.0,0.0,Yes,Minority,26.9,5.0,96563.0
250173641021,,1429.0,96.0,1.0,1.0,0.0,No,,,,
250214071013,,1264.0,96.0,0.96,0.994,0.199,No,,,,
250214035022,,2687.0,95.9,0.944,1.0,0.0,No,,,,
250235105012,Brockton,956.0,95.9,0.693,1.0,0.0,Yes,Minority,85.7,10.6,67670.0
250173825004,Natick,1658.0,95.9,0.943,0.943,0.0,Yes,Minority,34.1,12.8,111129.0
250173171022,Chelmsford,1455.0,95.9,0.804,1.0,0.059,Yes,Minority,36.4,7.2,132500.0
250173165005,Billerica,1371.0,95.9,0.99,0.999,0.0,Yes,Minority,29.3,0.0,118846.0
250214572003,,1807.0,95.9,0.81,1.0,0.0,No,,,,
250173251023,,853.0,95.9,1.0,1.0,0.0,No,,,,
250250509012,Boston,1860.0,95.8,0.717,1.0,0.0,Yes,Minority,68.2,18.3,81250.0
250173641022,,1376.0,95.8,1.0,1.0,0.0,No,,,,
250277423003,,759.0,95.8,0.928,1.0,0.0,No,,,,
250173546021,Cambridge,1742.0,95.8,1.0,1.0,0.0,Yes,Minority,64.9,6.8,92232.0
250277372001,Millbury,835.0,95.8,0.873,0.999,0.0,Yes,Income,16.6,0.0,53875.0
250056412002,Fall River,1162.0,95.7,1.0,1.0,0.0,Yes,Minority and income,30.7,17.0,32150.0
250235423023,Middleborough,1751.0,95.7,0.988,0.988,0.0,Yes,Income,17.0,0.0,50634.0
250277423005,Westborough,788.0,95.7,0.993,1.0,0.0,Yes,Minority,47.8,8.6,89191.0
250173114001,Lowell,1135.0,95.7,0.917,0.921,0.0,Yes,Minority,50.9,9.3,79018.0
250173547002,Cambridge,1431.0,95.7,0.996,1.0,0.0,Yes,Minority,27.2,0.0,129444.0
250173532004,Cambridge,1913.0,95.6,1.0,1.0,0.0,Yes,Minority,68.7,5.8,131563.0
250173548002,Cambridge,1241.0,95.6,0.989,1.0,0.0,Yes,Minority,28.8,2.5,130938.0
250173533002,Cambridge,1578.0,95.6,1.0,1.0,0.0,Yes,Minority,35.4,4.2,104875.0
250173586005,Lexington,1323.0,95.6,0.895,1.0,0.0,Yes,Minority,41.1,0.0,227614.0
250214231013,,830.0,95.6,0.754,1.0,0.0,No,,,,
250173333002,,1448.0,95.6,1.0,1.0,0.0,No,,,,
250056413003,Fall River,959.0,95.6,1.0,1.0,0.0,Yes,Minority and income,50.2,20.5,42784.0
250056414002,Fall River,940.0,95.6,1.0,1.0,0.0,Yes,Minority and income,43.6,10.2,27805.0
250173532003,Cambridge,992.0,95.6,1.0,1.0,0.0,Yes,Minority,36.5,1.6,181944.0
250056413005,Fall River,991.0,95.6,1.0,1.0,0.0,Yes,Minority and income,35.8,7.4,26985.0
250173533001,Cambridge,1075.0,95.5,0.998,0.998,0.0,Yes,Minority,34.5,1.5,122031.0
250056411012,Fall River,681.0,95.5,1.0,1.0,0.0,Yes,Minority and income,38.6,17.1,14583.0
250092174011,,821.0,95.5,1.0,1.0,0.0,No,,,,
250056414001,Fall River,730.0,95.5,1.0,1.0,0.0,Yes,"Minority, income and English isolation",58.5,34.4,47738.0
250173221002,,1083.0,95.5,1.0,1.0,0.0,No,,,,
250277612003,Westborough,1897.0,95.4,0.894,0.991,0.0,Yes,Minority,27.7,2.5,79222.0
250277442022,Milford,934.0,95.4,1.0,1.0,0.0,Yes,Minority,39.7,21.9,57266.0
250173584004,Lexington,1167.0,95.4,1.0,1.0,0.0,Yes,Minority,51.5,0.0,193214.0
250092101001,,2633.0,95.4,0.857,1.0,0.005,No,,,,
250173586006,Lexington,884.0,95.4,0.791,1.0,0.0,Yes,Minority,53.8,0.0,129388.0
250092173003,Beverly,1473.0,95.3,0.973,1.0,0.0,Yes,Minority,27.6,7.2,63313.0
250214211002,Holbrook,746.0,95.2,0.991,0.991,0.0,Yes,Minority,40.3,0.0,68354.0
250173641012,Maynard,1347.0,95.2,0.991,0.991,0.0,Yes,Income,15.4,0.0,55063.0
250092174012,Beverly,857.0,95.2,0.953,1.0,0.0,Yes,Income,18.9,14.2,33289.0
250173251021,Ayer,654.0,95.1,0.874,1.0,0.0,Yes,Income,18.7,5.1,52120.0
250214571003,Avon,1258.0,95.1,0.881,1.0,0.0,Yes,Minority,39.8,0.0,95511.0
250092214002,Gloucester,1785.0,95.1,1.0,1.0,0.0,Yes,Income,15.2,5.5,54808.0
250235105013,Brockton,1852.0,95.1,0.7,0.959,0.0,Yes,Minority,59.9,8.4,87554.0
250277572002,Southbridge,677.0,95.1,1.0,1.0,0.0,Yes,Minority and income,65.9,17.7,17188.0
250277424021,,1277.0,95.1,0.792,0.999,0.026,No,,,,
250173701032,Watertown,1031.0,95.1,0.851,0.971,0.0,Yes,Minority,31.3,2.6,83482.0
250214563012,Stoughton,798.0,95.1,0.989,0.989,0.0,Yes,Minority,45.9,3.6,74208.0
250056412001,Fall River,1816.0,95.0,1.0,1.0,0.0,Yes,Minority and income,36.9,14.5,33036.0
250277572001,Southbridge,1017.0,95.0,1.0,1.0,0.0,Yes,Minority and income,65.9,22.5,35089.0
250173527002,Cambridge,1100.0,95.0,0.852,1.0,0.0,Yes,Minority and English isolation,50.0,27.2,55395.0
250173536003,Cambridge,1505.0,95.0,1.0,1.0,0.0,Yes,Minority,33.4,0.0,145983.0
250173540001,Cambridge,1636.0,95.0,1.0,1.0,0.0,Yes,Minority,26.2,6.3,86103.0
250173545001,Cambridge,937.0,95.0,1.0,1.0,0.0,Yes,Minority,25.6,1.6,129531.0
250173822002,,1321.0,94.9,1.0,1.0,0.0,No,,,,
250158202071,,2298.0,94.9,0.915,0.991,0.272,No,,,,
250173532001,Cambridge,1278.0,94.9,0.984,0.984,0.0,Yes,Minority,35.6,9.9,75357.0
250056405005,Fall River,1690.0,94.9,1.0,1.0,0.0,Yes,Minority and income,26.4,16.2,50703.0
250277572003,Southbridge,860.0,94.9,1.0,1.0,0.0,Yes,Minority and income,53.3,10.1,31438.0
250214431031,,1381.0,94.9,0.996,1.0,0.0,No,,,,
250214223033,Weymouth,1762.0,94.8,0.995,0.995,0.07,Yes,Minority,29.5,0.0,59740.0
250277471012,,1048.0,94.8,0.585,1.0,0.0,No,,,,
250173251012,,2626.0,94.8,0.927,0.993,0.078,No,,,,
250214111023,,1302.0,94.8,0.925,1.0,0.0,No,,,,
250277324004,Worcester,945.0,94.8,1.0,1.0,0.0,Yes,Minority and income,75.7,14.8,52621.0
250173587001,Lexington,2361.0,94.8,0.992,1.0,0.0,Yes,Minority,54.0,0.9,168882.0
250056405002,Fall River,723.0,94.7,1.0,1.0,0.0,Yes,Minority and income,24.6,23.4,35909.0
250173549013,Cambridge,1477.0,94.7,1.0,1.0,0.0,Yes,Minority,55.2,16.2,137874.0
250173586004,Lexington,983.0,94.7,0.638,1.0,0.0,Yes,Minority,46.7,12.7,157212.0
250173201063,,2451.0,94.7,0.826,0.981,0.385,No,,,,
250173311021,,1268.0,94.7,0.954,1.0,0.0,No,,,,
250173731003,,955.0,94.6,1.0,1.0,0.0,No,,,,
250173352004,,1459.0,94.6,0.999,1.0,0.0,No,,,,
250092151024,Hamilton,663.0,94.6,0.924,1.0,0.0,Yes,Income,9.8,0.0,41579.0
250214211003,Holbrook,1159.0,94.6,0.909,0.962,0.0,Yes,Minority,30.5,0.0,78605.0
250214043015,,869.0,94.5,0.92,0.937,0.0,No,,,,
250214123001,,1856.0,94.5,0.815,0.996,0.0,No,,,,
250173584003,Lexington,1788.0,94.5,0.89,1.0,0.0,Yes,Minority,43.2,9.1,151168.0
250173154021,,1340.0,94.5,0.923,1.0,0.054,No,,,,
250214431033,,2158.0,94.5,0.894,0.993,0.0,No,,,,
250173251025,Ayer,818.0,94.4,0.716,1.0,0.0,Yes,Minority,39.6,0.0,68462.0
250277411024,,1365.0,94.4,0.889,1.0,0.034,No,,,,
250010132002,,2693.0,94.4,0.949,1.0,0.255,No,,,,
250173181003,,1200.0,94.4,0.661,1.0,0.015,No,,,,
250173324022,Burlington,874.0,94.4,0.991,0.993,0.347,Yes,Minority,35.9,0.0,56996.0
250092171022,,2125.0,94.4,0.654,1.0,0.0,No,,,,
250056102021,,1972.0,94.4,0.922,1.0,0.062,No,,,,
250173641013,,2073.0,94.4,0.861,0.991,0.0,No,,,,
250250502004,Boston,1031.0,94.4,0.629,1.0,0.0,Yes,Minority and English isolation,78.6,53.4,63438.0
250173510012,Somerville,836.0,94.3,0.934,1.0,0.0,Yes,Minority,37.3,0.0,0.0
250173382001,,1041.0,94.3,0.957,1.0,0.0,No,,,,
250250202003,,1226.0,94.3,0.992,0.992,0.0,No,,,,
250173822004,,1378.0,94.3,0.853,1.0,0.0,No,,,,
250056102043,Mansfield,2015.0,94.3,0.847,1.0,0.027,Yes,Minority,34.8,0.0,73859.0
250214151013,,1836.0,94.3,0.935,0.956,0.322,No,,,,
250056409012,Fall River,1631.0,94.3,1.0,1.0,0.0,Yes,Minority and income,34.5,7.8,36000.0
250092171012,Beverly,2166.0,94.3,0.664,0.999,0.0,Yes,Income,21.4,0.0,50993.0
250173373001,Stoneham,860.0,94.2,0.957,0.957,0.0,Yes,Minority,29.4,4.2,98790.0
250173353013,,813.0,94.2,0.494,1.0,0.0,No,,,,
250277411023,,1342.0,94.2,0.905,1.0,0.37,No,,,,
250173591004,,662.0,94.2,1.0,1.0,0.0,No,,,,
250173131022,,998.0,94.2,0.742,1.0,0.778,No,,,,
250173162023,Billerica,1057.0,94.1,0.757,1.0,0.0,Yes,Minority,26.1,0.0,113542.0
250092515005,Lawrence,1629.0,94.1,0.94,0.999,0.0,Yes,"Minority, income and English isolation",91.3,34.5,47045.0
250214201021,Randolph,2517.0,94.1,0.71,0.959,0.0,Yes,Minority,70.3,12.5,73427.0
250092517002,Lawrence,1442.0,94.1,0.995,0.995,0.0,Yes,Minority and English isolation,96.2,40.3,97941.0
250092201022,,1110.0,94.1,0.885,0.986,0.249,No,,,,
250173543002,Cambridge,823.0,94.1,0.543,1.0,0.0,Yes,Minority,27.8,3.1,129946.0
250235423011,,1480.0,94.1,0.841,1.0,0.0,No,,,,
250173591003,,3100.0,94.1,1.0,1.0,0.083,No,,,,
250173701033,Watertown,763.0,94.1,0.639,1.0,0.0,Yes,Minority,26.9,0.0,102371.0
250214025001,,1452.0,94.0,0.709,0.973,0.0,No,,,,
250173686004,Waltham,1914.0,94.0,0.979,0.979,0.0,Yes,Minority,43.6,18.5,88333.0
250250712012,Boston,1231.0,94.0,0.964,0.964,0.0,Yes,Minority and income,47.1,17.2,48233.0
250277443001,Milford,1151.0,94.0,1.0,1.0,0.0,Yes,Minority,57.9,24.2,56944.0
250173118002,Lowell,1779.0,94.0,1.0,1.0,0.0,Yes,Minority,82.3,18.1,56200.0
250173112001,Lowell,1474.0,94.0,1.0,1.0,0.0,Yes,Minority and income,80.0,3.4,25729.0
250277423002,,857.0,93.9,0.661,0.982,0.0,No,,,,
250092092003,,1449.0,93.9,0.804,0.997,0.0,No,,,,
250214132012,,1419.0,93.9,0.908,0.908,0.0,No,,,,
250056402021,Fall River,736.0,93.8,1.0,1.0,0.0,Yes,Minority and income,33.6,16.6,27540.0
250173567011,,1444.0,93.8,0.943,0.943,0.0,No,,,,
250173241023,,772.0,93.8,0.673,1.0,0.0,No,,,,
250056101002,,2188.0,93.7,0.999,0.999,0.0,No,,,,
250173631051,,1490.0,93.7,0.855,1.0,0.64,No,,,,
250138102003,,904.0,93.7,0.951,0.965,0.469,No,,,,
250173382002,,761.0,93.7,0.98,0.996,0.0,No,,,,
250092105001,,1232.0,93.7,0.857,0.977,0.0,No,,,,
250056411011,Fall River,1222.0,93.7,1.0,1.0,0.0,Yes,Minority and income,43.8,18.3,20990.0
250173201023,,1728.0,93.7,0.805,0.994,0.335,No,,,,
250173335022,Woburn,1775.0,93.6,0.949,1.0,0.0,Yes,Minority,26.6,6.6,90208.0
250277612002,Westborough,2340.0,93.6,0.777,1.0,0.309,Yes,Minority and income,52.4,21.6,53810.0
250214223031,Weymouth,1319.0,93.6,0.692,1.0,0.0,Yes,Minority,30.1,7.9,75029.0
250173113003,Lowell,2044.0,93.6,0.61,1.0,0.0,Yes,Minority,76.1,15.1,77667.0
250173331005,,974.0,93.6,0.95,0.999,0.0,No,,,,
250173161024,,1240.0,93.5,0.898,0.939,0.0,No,,,,
250039353002,North Adams,1008.0,93.5,0.719,1.0,0.45,Yes,Income,14.3,0.0,55139.0
250092216002,,970.0,93.5,1.0,1.0,0.0,No,,,,
250214051001,,2360.0,93.5,0.779,1.0,0.463,No,,,,
250173201071,,1653.0,93.4,0.956,0.991,0.937,No,,,,
250173825003,,959.0,93.4,0.76,0.997,0.0,No,,,,
250277096003,Leominster,1037.0,93.4,0.657,0.945,0.0,Yes,Minority and income,61.4,9.1,52135.0
250235071031,,1230.0,93.4,0.906,0.952,0.0,No,,,,
250251304063,Boston,569.0,93.4,0.867,1.0,0.0,Yes,Minority and English isolation,53.1,34.3,68125.0
250173231011,,1147.0,93.3,0.669,0.924,1.0,No,,,,
250235011021,,1039.0,93.3,0.675,0.999,0.0,No,,,,
250173424024,,22.0,93.3,0.576,1.0,0.0,No,,,,
250092171021,Beverly,904.0,93.3,0.654,1.0,0.0,Yes,Income,12.8,4.9,44554.0
250173332003,Woburn,1043.0,93.2,0.856,1.0,0.0,Yes,Minority,25.3,6.0,59231.0
250277424012,Westborough,1008.0,93.1,0.596,0.984,0.04,Yes,Minority,24.6,0.0,213409.0
250214222023,Weymouth,1978.0,93.1,0.891,1.0,0.0,Yes,Minority,38.6,9.2,64158.0
250173324021,Burlington,1268.0,93.1,0.952,1.0,0.009,Yes,Minority,34.7,0.0,126750.0
250056001002,,1724.0,93.1,0.705,0.99,0.0,No,,,,
250235116022,Brockton,1335.0,93.1,1.0,1.0,0.0,Yes,Minority and English isolation,66.0,32.6,0.0
250056419002,Fall River,1475.0,93.1,0.91,0.91,0.0,Yes,Minority and income,29.8,10.9,47663.0
250277444001,Milford,1245.0,93.0,1.0,1.0,0.0,Yes,Minority,33.1,2.4,85568.0
250173681022,,1858.0,93.0,0.937,0.937,0.361,No,,,,
250056301012,North Attleborough,2263.0,92.9,0.959,0.959,0.0,Yes,Income,21.4,2.7,53056.0
250173732003,,971.0,92.9,0.879,1.0,0.0,No,,,,
250277544004,Webster,1007.0,92.9,0.965,1.0,0.0,Yes,Minority and income,34.0,0.0,39531.0
250092173004,,683.0,92.9,0.721,1.0,0.0,No,,,,
250214123003,,825.0,92.9,0.576,1.0,0.0,No,,,,
250173544002,Cambridge,894.0,92.9,0.674,1.0,0.0,Yes,Minority,27.7,3.2,161250.0
250158202062,,687.0,92.9,0.894,1.0,0.904,No,,,,
250214223012,,2226.0,92.8,0.691,1.0,0.0,No,,,,
250277461002,,1248.0,92.8,0.609,0.984,0.9,No,,,,
250250203011,Boston,2166.0,92.8,0.98,0.98,0.0,Yes,Minority,40.5,7.4,95179.0
250214422011,,1922.0,92.8,0.845,0.893,0.091,No,,,,
250277320021,Worcester,1444.0,92.8,0.624,0.996,0.0,Yes,Minority,62.9,14.8,65965.0
250277372002,Millbury,925.0,92.8,0.663,1.0,0.0,Yes,Income,13.7,0.0,53375.0
250214044005,,1363.0,92.7,0.625,1.0,0.0,No,,,,
250173586003,Lexington,1161.0,92.7,0.639,1.0,0.0,Yes,Minority,43.4,3.9,244766.0
250173171032,,2093.0,92.7,0.819,0.995,0.0,No,,,,
250173163001,Billerica,3003.0,92.7,0.803,0.965,0.0,Yes,Minority,43.0,9.4,90170.0
250010131004,,1613.0,92.7,0.947,1.0,0.104,No,,,,
250010151001,,2053.0,92.7,0.692,1.0,0.016,No,,,,
250173398041,Medford,695.0,92.6,1.0,1.0,0.0,Yes,Minority,45.9,23.8,0.0
250214572001,,942.0,92.6,0.765,1.0,0.0,No,,,,
250214044001,,1111.0,92.6,0.832,1.0,0.0,No,,,,
250173703022,Watertown,1266.0,92.6,0.911,0.911,0.0,Yes,Minority,31.0,12.3,67373.0
250214101003,,2031.0,92.6,0.787,0.991,0.0,No,,,,
250039201014,,621.0,92.5,0.749,0.997,0.085,No,,,,
250092175005,,2030.0,92.5,0.866,0.866,0.0,No,,,,
250251304042,Boston,1034.0,92.5,0.658,1.0,0.0,Yes,Minority,32.0,8.5,104679.0
250214224013,Weymouth,1970.0,92.5,0.43,0.927,0.0,Yes,Minority,31.7,2.2,106021.0
250173825001,Natick,1360.0,92.5,0.655,1.0,0.0,Yes,Minority,32.6,0.0,88015.0
250214563024,Stoughton,1504.0,92.4,0.796,0.867,0.237,Yes,Minority,54.5,0.0,88167.0
250173271021,,1142.0,92.4,0.772,1.0,0.027,No,,,,
250173172011,,1393.0,92.4,0.72,1.0,0.0,No,,,,
250056302012,,2001.0,92.3,0.866,1.0,0.0,No,,,,
250092173001,Beverly,1097.0,92.3,0.576,1.0,0.0,Yes,Minority,41.3,9.3,70278.0
250214421014,,933.0,92.3,0.387,1.0,0.0,No,,,,
250173393002,Medford,942.0,92.3,0.889,0.889,0.0,Yes,Minority,42.9,0.0,95750.0
250173302022,,1291.0,92.3,0.427,0.999,0.536,No,,,,
250173313003,,2470.0,92.3,0.631,1.0,0.225,No,,,,
250214222012,,984.0,92.3,0.914,0.914,0.017,No,,,,
250092107001,Peabody,1326.0,92.3,1.0,1.0,0.0,Yes,Minority,47.1,13.0,58295.0
250214223041,,928.0,92.3,0.472,1.0,0.0,No,,,,
250235041013,,1430.0,92.3,0.661,0.97,0.248,No,,,,
250235101004,Brockton,1404.0,92.2,0.467,1.0,0.0,Yes,Minority,64.9,0.0,75600.0
250277327003,Worcester,1334.0,92.2,1.0,1.0,0.0,Yes,Minority and income,68.0,9.4,47788.0
250056461012,,2674.0,92.2,0.747,0.999,0.99,No,,,,
250277443004,Milford,1101.0,92.2,1.0,1.0,0.0,Yes,Minority and income,54.1,0.0,51513.0
250056408003,,1377.0,92.2,0.841,0.893,0.0,No,,,,
250277392021,Shrewsbury,1439.0,92.2,0.44,0.994,0.0,Yes,Minority,40.3,4.1,94946.0
250173165001,,1642.0,92.2,0.861,0.943,0.0,No,,,,
250092201014,,1173.0,92.2,0.822,1.0,0.0,No,,,,
250056302011,,1047.0,92.2,0.85,1.0,0.0,No,,,,
250173173021,,1595.0,92.2,0.625,1.0,0.0,No,,,,
250277327004,Worcester,977.0,92.1,0.999,0.999,0.0,Yes,Minority and income,67.5,0.0,28997.0
250092217002,,1836.0,92.1,0.899,0.988,0.0,No,,,,
250173703015,Watertown,720.0,92.1,1.0,1.0,0.0,Yes,Minority and income,26.7,0.0,54188.0
250092511002,Lawrence,1061.0,92.1,1.0,1.0,0.0,Yes,"Minority, income and English isolation",95.2,26.3,28587.0
250277161023,,945.0,92.1,0.793,0.906,0.0,No,,,,
250092216001,Gloucester,839.0,92.1,0.998,0.998,0.037,Yes,Minority,28.4,3.4,59853.0
250138102001,,979.0,92.1,0.859,1.0,0.852,No,,,,
250251402021,Boston,971.0,92.0,0.183,1.0,0.0,Yes,Minority,75.5,9.8,84167.0
250214223032,Weymouth,1926.0,92.0,0.308,1.0,0.0,Yes,Minority,55.6,11.7,86692.0
250250202002,Boston,1319.0,92.0,1.0,1.0,0.0,Yes,Minority,27.3,0.0,98173.0
250277320011,Worcester,1874.0,92.0,0.423,0.939,0.0,Yes,"Minority, income and English isolation",85.2,50.9,15718.0
250173821005,,995.0,92.0,0.641,1.0,0.0,No,,,,
250010140022,,1855.0,92.0,0.755,0.963,0.231,No,,,,
250214042022,,944.0,92.0,0.423,1.0,0.0,No,,,,
250173546022,Cambridge,1033.0,92.0,0.777,1.0,0.0,Yes,Minority,27.2,0.0,119472.0
250173702012,,1370.0,92.0,1.0,1.0,0.0,No,,,,
250173261023,,784.0,91.9,0.768,0.973,0.23,No,,,,
250235103001,Brockton,1738.0,91.9,0.726,0.819,0.0,Yes,Minority and English isolation,85.4,27.3,70016.0
250250712013,Boston,192.0,91.9,0.862,0.862,0.0,Yes,Minority,39.1,0.0,155595.0
250173173022,,1476.0,91.9,0.887,0.977,0.0,No,,,,
250173201021,,1052.0,91.9,0.634,1.0,0.857,No,,,,
250250006011,Boston,685.0,91.9,0.988,0.988,0.0,Yes,Minority,41.5,16.3,133750.0
250251104031,Boston,945.0,91.9,0.982,0.982,0.0,Yes,Minority and income,71.5,22.5,52917.0
250173549011,Cambridge,435.0,91.9,1.0,1.0,0.0,Yes,Minority,52.4,0.0,230685.0
250250203021,,1293.0,91.8,1.0,1.0,0.0,No,,,,
250214131007,Norwood,1644.0,91.8,0.925,0.925,0.0,Yes,Minority,27.0,4.7,60875.0
250214225021,Weymouth,1146.0,91.8,0.937,0.937,0.0,Yes,Minority,34.4,11.6,64112.0
250277451003,,1977.0,91.8,0.551,0.948,0.296,No,,,,
250214421013,,1664.0,91.8,0.37,1.0,0.0,No,,,,
250250202001,Boston,1259.0,91.8,1.0,1.0,0.0,Yes,Minority,27.2,2.4,74841.0
250235105052,Brockton,2251.0,91.8,0.896,0.952,0.0,Yes,Minority and income,75.5,23.1,31250.0
250277304014,Worcester,1384.0,91.8,0.966,1.0,0.0,Yes,Minority and income,79.8,10.7,20417.0
250056102022,,1190.0,91.8,0.619,1.0,0.0,No,,,,
250173567041,,1302.0,91.8,0.76,0.909,0.0,No,,,,
250214043014,,1188.0,91.8,0.783,0.98,0.0,No,,,,
250277542003,Webster,1272.0,91.7,0.835,0.976,0.0,Yes,Minority and income,34.0,0.0,33438.0
250214061011,,2695.0,91.7,0.76,1.0,0.038,No,,,,
250214431061,,1874.0,91.7,0.489,0.991,0.0,No,,,,
250173703014,Watertown,852.0,91.7,0.716,1.0,0.0,Yes,Minority,32.0,0.0,68516.0
250056301024,North Attleborough,1259.0,91.7,0.586,1.0,0.0,Yes,Income,21.0,3.0,53625.0
250235012011,,1365.0,91.7,0.551,0.975,0.236,No,,,,
250277614021,,1276.0,91.6,0.756,0.905,0.976,No,,,,
250092052005,Lynn,1041.0,91.6,0.968,0.968,0.0,Yes,Minority and English isolation,50.5,33.0,70179.0
250214103003,,1543.0,91.6,0.756,0.999,0.0,No,,,,
250214044003,,762.0,91.6,0.847,1.0,0.0,No,,,,
250214422042,,1201.0,91.6,0.497,1.0,0.0,No,,,,
250010132001,,1264.0,91.6,0.802,0.939,0.0,No,,,,
250010107004,Chatham,596.0,91.6,0.763,0.888,0.354,Yes,Income,8.1,0.0,43558.0
250173333001,Woburn,1238.0,91.6,0.894,0.894,0.0,Yes,Minority and income,39.5,10.3,51004.0
250173536001,Cambridge,1816.0,91.6,0.696,1.0,0.0,Yes,Minority,27.4,0.0,150463.0
250092151011,,2073.0,91.5,0.5,1.0,0.34,No,,,,
250056406001,Fall River,1039.0,91.5,1.0,1.0,0.0,Yes,Minority and income,43.8,21.5,21250.0
250214051003,,791.0,91.5,0.651,1.0,0.506,No,,,,
250010148001,Falmouth,861.0,91.5,0.886,0.886,0.0,Yes,Income,13.5,0.0,29583.0
250214211001,Holbrook,1720.0,91.5,0.656,1.0,0.0,Yes,Minority,42.8,8.4,63824.0
250092201012,,1253.0,91.5,0.666,0.992,0.591,No,,,,
250235116012,Brockton,777.0,91.5,1.0,1.0,0.0,Yes,Minority,87.6,0.0,0.0
250214122001,,1727.0,91.4,0.475,0.998,0.0,No,,,,
250214103002,Foxborough,1373.0,91.4,0.905,1.0,0.007,Yes,Minority,24.6,4.5,100481.0
250092216003,Gloucester,832.0,91.4,1.0,1.0,0.0,Yes,Income,18.3,0.0,40179.0
250173231012,,2672.0,91.4,0.591,0.989,0.969,No,,,,
250277031001,Athol,1032.0,91.3,0.497,0.998,0.0,Yes,Income,17.9,1.9,40750.0
250173825002,,1687.0,91.3,0.562,0.95,0.0,No,,,,
250173353024,,2436.0,91.3,0.788,0.842,0.0,No,,,,
250214151012,,1107.0,91.3,0.714,0.799,0.185,No,,,,
250092042003,Salem,1323.0,91.3,0.776,1.0,0.0,Yes,Minority,25.2,0.0,69688.0
250056405001,Fall River,920.0,91.2,1.0,1.0,0.0,Yes,Minority and income,33.7,0.0,23594.0
250277320022,Worcester,2101.0,91.2,0.42,1.0,0.0,Yes,Minority,39.7,8.7,60893.0
250173311023,,2306.0,91.2,0.406,1.0,0.188,No,,,,
250173353022,,895.0,91.1,0.226,1.0,0.0,No,,,,
250173731005,,1311.0,91.1,0.866,0.909,0.0,No,,,,
250173603002,,1200.0,91.1,0.564,1.0,0.316,No,,,,
250214224011,Weymouth,627.0,91.1,0.897,0.897,0.0,Yes,Minority,27.3,14.8,87885.0
250010132003,,1180.0,91.1,0.769,0.909,0.436,No,,,,
250173526002,Cambridge,1764.0,91.0,0.477,1.0,0.0,Yes,Minority,43.0,4.6,88389.0
250173215004,Marlborough,1740.0,91.0,0.727,0.917,0.02,Yes,Minority,35.0,0.0,119167.0
250173364022,,1342.0,91.0,0.372,0.975,0.0,No,,,,
250056405004,,1148.0,91.0,0.991,0.991,0.206,No,,,,
250173546012,Cambridge,1641.0,91.0,0.529,1.0,0.0,Yes,Minority,41.9,8.3,102417.0
250277094002,Leominster,1492.0,91.0,0.76,0.76,0.0,Yes,Minority and income,44.4,18.0,53137.0
250235031024,Hanover,1142.0,91.0,0.629,0.967,0.0,Yes,Income,12.4,7.2,51678.0
250092171011,,2631.0,91.0,0.66,0.997,0.0,No,,,,
250173681011,,1268.0,91.0,0.35,1.0,0.0,No,,,,
250251304023,Boston,977.0,91.0,0.221,1.0,0.0,Yes,Minority,25.8,5.1,132031.0
250173342002,,968.0,91.0,0.945,0.945,0.0,No,,,,
250056408002,Fall River,1255.0,90.9,0.971,0.971,0.071,Yes,Minority and income,34.1,20.0,45586.0
250173241021,,955.0,90.9,0.619,0.853,0.447,No,,,,
250214131001,,15.0,90.9,0.709,1.0,1.0,No,,,,
250173685002,Waltham,1049.0,90.9,0.636,1.0,0.0,Yes,Minority,48.8,2.7,73500.0
250173162012,,2018.0,90.9,0.642,1.0,0.0,No,,,,
250214431043,Bellingham,1043.0,90.9,0.514,0.943,0.0,Yes,Minority,26.2,0.0,142750.0
250056422002,Fall River,1008.0,90.9,0.886,0.886,0.0,Yes,Minority and income,46.4,4.0,48848.0
250277431003,,957.0,90.8,0.423,0.927,0.205,No,,,,
250173536002,Cambridge,1825.0,90.8,0.602,1.0,0.0,Yes,Minority and income,52.6,0.0,55270.0
250056406003,Fall River,1688.0,90.8,1.0,1.0,0.0,Yes,Minority,33.6,22.0,62536.0
250214123002,,1085.0,90.8,0.818,1.0,0.0,No,,,,
250214041001,,2267.0,90.8,0.738,0.864,0.0,No,,,,
250056408001,Fall River,1208.0,90.8,1.0,1.0,0.0,Yes,Minority,51.7,10.9,59821.0
250173222002,,2590.0,90.8,0.666,0.814,0.01,No,,,,
250056301023,,1379.0,90.8,0.349,0.989,0.0,No,,,,
250056409013,Fall River,1328.0,90.8,1.0,1.0,0.0,Yes,Minority and income,50.5,18.1,47278.0
250173164001,,957.0,90.7,0.805,0.806,0.0,No,,,,
250214561021,Stoughton,1837.0,90.7,0.869,0.869,0.0,Yes,Minority,44.9,23.5,68365.0
250235104003,Brockton,1579.0,90.7,0.76,0.76,0.0,Yes,"Minority, income and English isolation",91.2,24.7,41500.0
250214198003,,1624.0,90.7,0.659,0.987,0.0,No,,,,
250092217001,Gloucester,1042.0,90.7,0.349,1.0,0.0,Yes,Income,14.7,0.0,44427.0
250173822003,,1132.0,90.7,0.938,1.0,0.0,No,,,,
250214103001,,2031.0,90.7,0.698,0.933,0.113,No,,,,
250251403001,Boston,1036.0,90.7,1.0,1.0,0.0,Yes,Minority,85.7,16.7,88090.0
250092101002,,1417.0,90.7,0.369,0.994,0.212,No,,,,
250214571002,Avon,1267.0,90.7,0.669,0.998,0.0,Yes,Minority,33.4,5.0,128782.0
250277471011,,3092.0,90.6,0.717,0.972,0.147,No,,,,
250235251042,,1185.0,90.6,0.545,0.951,0.0,No,,,,
250092610001,Haverhill,1096.0,90.6,0.973,0.973,0.0,Yes,Minority and income,25.5,9.7,43750.0
250173172031,,844.0,90.6,0.641,1.0,0.0,No,,,,
250092213001,,1489.0,90.6,0.674,0.929,0.264,No,,,,
250214198002,Braintree,1305.0,90.6,0.285,1.0,0.0,Yes,Minority and income,40.2,5.6,47976.0
250173689021,Waltham,2093.0,90.5,0.479,1.0,0.0,Yes,Minority,69.5,10.4,65455.0
250173549022,Cambridge,1318.0,90.5,0.641,1.0,0.0,Yes,Minority,36.6,23.6,137841.0
250092181002,,724.0,90.5,0.737,0.807,0.178,No,,,,
250173641024,,1342.0,90.5,0.809,0.833,0.017,No,,,,
250092101004,,1320.0,90.5,0.371,1.0,0.0,No,,,,
250250701021,Boston,897.0,90.5,0.984,0.984,0.0,Yes,"Minority, income and English isolation",51.4,52.4,15847.0
250173114002,Lowell,812.0,90.5,0.748,0.748,0.0,Yes,Minority,58.3,12.7,137875.0
250173221004,,1477.0,90.5,0.409,0.998,0.059,No,,,,
250173173023,,946.0,90.5,0.734,1.0,0.0,No,,,,
250214131002,,878.0,90.4,0.842,1.0,0.0,No,,,,
250173583004,Lexington,995.0,90.4,0.169,1.0,0.0,Yes,Minority,58.0,5.1,94375.0
250173686003,Waltham,1106.0,90.4,0.651,1.0,0.0,Yes,Minority and income,54.5,21.2,43594.0
250010153003,Barnstable,1494.0,90.4,0.838,0.838,0.0,Yes,Minority and income,53.1,17.9,43750.0
250214561023,Stoughton,1081.0,90.4,0.92,0.92,0.0,Yes,Minority,40.1,17.2,68333.0
250277441043,,1883.0,90.4,0.527,0.94,0.0,No,,,,
250277614011,,1100.0,90.3,0.64,0.917,0.95,No,,,,
250214225014,,797.0,90.3,0.692,1.0,0.0,No,,,,
250235031021,,1405.0,90.3,0.496,0.928,0.0,No,,,,
250235241021,,1634.0,90.3,0.5,0.982,0.0,No,,,,
250173631052,Acton,2291.0,90.3,0.416,0.948,0.289,Yes,Minority,55.5,16.5,100417.0
250251006011,Boston,1027.0,90.3,0.514,1.0,0.0,Yes,Minority,26.3,8.6,97024.0
250214111011,Walpole,2067.0,90.3,0.606,1.0,0.392,Yes,Minority,37.6,7.8,135694.0
250277162001,Clinton,1688.0,90.2,0.678,0.983,0.0,Yes,Minority,35.8,8.0,63750.0
250214041003,,980.0,90.2,0.371,1.0,0.0,No,,,,
250173732004,,1731.0,90.2,0.067,1.0,0.0,No,,,,
250214141002,,717.0,90.1,0.78,1.0,0.0,No,,,,
250251402024,Boston,1535.0,90.1,0.0,0.997,0.0,Yes,Minority,61.8,5.7,99750.0
250251201041,Boston,908.0,90.1,0.0,1.0,0.0,Yes,Minority,25.6,0.0,110776.0
250173336024,Woburn,2419.0,90.1,0.786,0.786,0.0,Yes,Minority,29.8,6.6,93345.0
250277163003,Clinton,1127.0,90.0,0.626,1.0,0.0,Yes,Minority and income,42.9,11.4,50078.0
250173165002,,834.0,90.0,0.355,1.0,0.0,No,,,,
250214044004,Wellesley,1967.0,90.0,0.275,1.0,0.0,Yes,Minority,53.7,0.0,147083.0
250056519001,New Bedford,743.0,90.0,0.519,0.989,0.0,Yes,Minority and income,68.4,20.8,16563.0
250214143001,,966.0,90.0,0.261,0.975,0.0,No,,,,
250173424023,Everett,842.0,90.0,0.294,0.999,0.0,Yes,Minority and English isolation,57.6,37.6,65852.0
250214202022,Randolph,2565.0,90.0,0.794,0.897,0.0,Yes,Minority,80.0,0.0,61040.0
250173364024,,1189.0,90.0,0.017,1.0,0.0,No,,,,
250173231023,,1726.0,90.0,0.406,1.0,0.995,No,,,,
250173112002,Lowell,1743.0,89.9,0.465,1.0,0.0,Yes,Minority,84.1,21.3,60313.0
250092106001,Peabody,1809.0,89.9,0.807,0.942,0.415,Yes,Minority,30.6,7.1,55540.0
250214571001,Avon,1055.0,89.9,0.557,0.932,0.395,Yes,Minority,37.5,0.0,100909.0
250173821003,,885.0,89.9,0.554,0.805,0.0,No,,,,
250277092042,Leominster,1087.0,89.9,0.742,1.0,0.0,Yes,Minority and income,49.1,7.4,34291.0
250173313002,,2592.0,89.9,0.511,1.0,0.093,No,,,,
250173373005,,659.0,89.9,0.001,1.0,0.0,No,,,,
250173111002,Lowell,1645.0,89.8,0.055,1.0,0.0,Yes,Minority,69.9,12.3,68295.0
250173332004,,1652.0,89.8,0.573,0.765,0.0,No,,,,
250173162021,Billerica,1514.0,89.8,0.622,1.0,0.0,Yes,Minority,27.2,0.0,109191.0
250277423001,,976.0,89.8,0.523,1.0,0.0,No,,,,
250173334002,,1427.0,89.8,0.866,0.866,0.0,No,,,,
250173732001,Newton,1218.0,89.8,0.003,1.0,0.0,Yes,Income,37.8,16.4,52450.0
250092503002,Lawrence,974.0,89.7,0.738,1.0,0.0,Yes,Minority and English isolation,96.1,28.7,87895.0
250056418001,Fall River,506.0,89.7,0.897,0.897,0.0,Yes,Minority and income,28.9,4.5,47879.0
250277451001,,2579.0,89.7,0.65,0.944,0.048,No,,,,
250235453004,,1044.0,89.7,0.385,0.99,0.0,No,,,,
250092068002,Lynn,2443.0,89.7,0.0,1.0,0.0,Yes,"Minority, income and English isolation",69.1,33.4,23704.0
250250303021,Boston,1844.0,89.7,0.91,0.91,0.0,Yes,Minority,29.5,0.0,141841.0
250173683005,Waltham,1254.0,89.7,0.697,0.697,0.0,Yes,Minority,61.5,4.3,94350.0
250214071021,,1867.0,89.6,0.515,0.965,0.158,No,,,,
250173689023,Waltham,847.0,89.6,0.706,0.868,0.0,Yes,Minority,52.7,3.5,70066.0
250173883001,Lowell,1273.0,89.6,0.0,1.0,0.0,Yes,"Minority, income and English isolation",81.6,32.8,12141.0
250214035021,,1593.0,89.6,0.773,0.773,0.0,No,,,,
250173567043,,790.0,89.6,0.0,1.0,0.0,No,,,,
250250502003,Boston,788.0,89.6,0.301,1.0,0.0,Yes,"Minority, income and English isolation",71.3,53.7,54911.0
250173111001,Lowell,899.0,89.6,0.0,1.0,0.0,Yes,Minority,83.0,6.4,107790.0
250214042023,Wellesley,1671.0,89.6,0.417,1.0,0.0,Yes,Minority,49.0,0.0,230556.0
250092516004,Lawrence,1247.0,89.6,0.465,0.947,0.0,Yes,"Minority, income and English isolation",93.1,43.1,41390.0
250214143002,,1411.0,89.6,0.486,0.801,0.043,No,,,,
250277542002,Webster,1012.0,89.5,0.836,0.836,0.0,Yes,Minority and income,34.7,8.6,48098.0
250173572001,,1848.0,89.5,0.789,1.0,0.0,No,,,,
250173681012,Waltham,1397.0,89.5,0.525,1.0,0.0,Yes,Minority,25.7,0.0,141875.0
250173632011,,1053.0,89.5,0.783,0.903,0.219,No,,,,
250251007001,,1078.0,89.5,0.0,1.0,0.0,No,,,,
250251201042,Boston,1465.0,89.5,0.0,1.0,0.0,Yes,Minority,39.0,7.0,100331.0
250173566011,,1125.0,89.5,0.899,0.899,0.0,No,,,,
250173612004,,1821.0,89.5,0.313,0.957,0.039,No,,,,
250251007004,,839.0,89.5,0.0,1.0,0.0,No,,,,
250214226001,,873.0,89.5,0.849,0.849,0.141,No,,,,
250214194003,Braintree,1348.0,89.5,0.765,0.979,0.12,Yes,Minority,31.2,7.7,76641.0
250173542001,,1309.0,89.4,0.307,1.0,0.0,No,,,,
250235113023,Brockton,2024.0,89.4,0.457,1.0,0.0,Yes,Minority,59.7,6.5,62327.0
250056102023,,1514.0,89.4,0.638,0.852,0.174,No,,,,
250173341002,,1008.0,89.4,0.813,0.968,0.484,No,,,,
250173331002,,2095.0,89.4,0.165,1.0,0.0,No,,,,
250277441041,Milford,1576.0,89.4,0.244,1.0,0.0,Yes,Minority,26.6,0.0,110365.0
250173172033,Chelmsford,858.0,89.4,0.365,1.0,0.055,Yes,Minority,33.8,15.0,109688.0
250214202011,Randolph,863.0,89.4,0.824,0.826,0.0,Yes,Minority,70.0,7.2,140542.0
250214151041,,1940.0,89.3,0.251,1.0,0.271,No,,,,
250173161023,,859.0,89.3,0.265,1.0,0.0,No,,,,
250214202025,Randolph,1202.0,89.3,0.654,0.838,0.0,Yes,Minority,68.9,11.4,87404.0
250092092001,,1249.0,89.3,0.708,0.887,0.0,No,,,,
250250507002,Boston,1341.0,89.2,0.275,1.0,0.0,Yes,"Minority, income and English isolation",71.9,58.5,52491.0
250092044001,,1135.0,89.2,0.857,0.857,0.0,No,,,,
250173686002,Waltham,698.0,89.2,0.608,1.0,0.0,Yes,Minority,41.1,0.0,84083.0
250277471013,Blackstone,1145.0,89.2,0.511,1.0,0.0,Yes,Income,9.6,4.8,54643.0
250235110002,Brockton,1609.0,89.1,0.059,1.0,0.0,Yes,Minority and income,85.6,23.1,40179.0
250277163001,Clinton,950.0,89.1,0.603,1.0,0.0,Yes,Minority,28.1,7.1,94500.0
250277442011,Milford,2009.0,89.1,0.488,0.998,0.0,Yes,Minority,36.6,2.2,76250.0
250214401011,,1720.0,89.1,0.265,0.941,0.067,No,,,,
250173163003,,1019.0,89.1,0.473,1.0,0.0,No,,,,
250277094001,Leominster,2231.0,89.1,0.83,0.866,0.0,Yes,Minority and income,54.8,9.1,53008.0
250214201011,Randolph,973.0,89.1,0.798,0.798,0.0,Yes,Minority,73.2,5.1,123052.0
250173822001,,1544.0,89.0,0.637,0.984,0.0,No,,,,
250173573003,,1052.0,89.0,0.574,1.0,0.0,No,,,,
250251304022,Boston,906.0,89.0,0.0,1.0,0.0,Yes,Minority,29.7,0.0,127167.0
250235105031,Brockton,2151.0,89.0,0.2,1.0,0.0,Yes,Minority and income,87.6,6.7,41488.0
250092141003,,2263.0,89.0,0.485,0.949,0.244,No,,,,
250277365002,,630.0,89.0,0.706,1.0,0.0,No,,,,
250173231022,,748.0,89.0,0.434,0.943,0.813,No,,,,
250235012012,,2516.0,89.0,0.323,0.981,0.322,No,,,,
250214422012,,2440.0,88.9,0.467,0.923,0.207,No,,,,
250173335013,,1937.0,88.9,0.556,0.841,0.0,No,,,,
250235117021,Brockton,2818.0,88.9,0.435,0.933,0.043,Yes,Minority,46.2,7.2,87012.0
250214034001,,2604.0,88.9,0.247,1.0,0.0,No,,,,
250092107003,Peabody,1271.0,88.9,0.91,0.91,0.0,Yes,Minority and income,38.8,16.4,46587.0
250214113013,,1321.0,88.9,0.537,0.922,0.0,No,,,,
250214104003,Foxborough,2280.0,88.9,0.159,1.0,0.0,Yes,Minority,29.7,0.0,60163.0
250235109001,Brockton,1462.0,88.9,0.043,1.0,0.0,Yes,"Minority, income and English isolation",86.0,33.6,32559.0
250173593033,,2587.0,88.9,0.369,0.983,0.0,No,,,,
250010139002,,1279.0,88.9,0.327,0.987,0.078,No,,,,
250173162022,,1869.0,88.9,0.091,1.0,0.0,No,,,,
250173573002,,1102.0,88.8,0.242,1.0,0.0,No,,,,
250173584001,,954.0,88.8,0.915,0.915,0.0,No,,,,
250173311024,,1502.0,88.8,0.322,0.994,0.0,No,,,,
250173881001,Boxborough,2917.0,88.8,0.425,0.904,0.904,Yes,Minority,31.4,2.9,132276.0
250173131011,Tyngsborough,2527.0,88.7,0.723,0.893,0.476,Yes,Minority,30.6,5.9,85174.0
250235103002,Brockton,2752.0,88.7,0.141,1.0,0.0,Yes,"Minority, income and English isolation",83.5,28.9,46776.0
250158202072,,1742.0,88.7,0.584,0.946,0.756,No,,,,
250214153001,,2845.0,88.7,0.319,0.972,0.063,No,,,,
250214177031,Quincy,730.0,88.7,0.0,1.0,0.0,Yes,Minority and income,40.4,15.7,24706.0
250173385004,,1429.0,88.7,0.049,0.997,0.0,No,,,,
250277543003,Webster,830.0,88.6,0.825,0.825,0.118,Yes,Minority and income,41.9,6.6,24693.0
250092544021,,1609.0,88.6,0.669,0.908,0.0,No,,,,
250010135002,,1322.0,88.6,0.425,1.0,0.0,No,,,,
250173621002,,2488.0,88.6,0.325,0.985,1.0,No,,,,
250092071003,Lynn,1050.0,88.6,0.0,1.0,0.0,Yes,Minority,87.7,11.6,114018.0
250214141003,Sharon,2245.0,88.6,0.662,0.794,0.291,Yes,Minority,49.8,20.6,151838.0
250277092031,Leominster,779.0,88.6,0.554,1.0,0.53,Yes,Minority,31.2,0.0,120833.0
250173652022,,1188.0,88.6,0.423,0.951,0.0,No,,,,
250173011022,,2165.0,88.5,0.206,0.938,0.536,No,,,,
250173118001,Lowell,1824.0,88.5,0.881,0.881,0.0,Yes,Minority and income,86.0,5.2,45565.0
250138101004,Palmer,880.0,88.5,0.733,0.733,0.352,Yes,Income,17.3,0.0,39736.0
250010135004,,1015.0,88.5,0.356,1.0,0.5,No,,,,
250173383002,,1381.0,88.5,0.839,0.839,0.0,No,,,,
250173181002,,949.0,88.5,0.003,0.98,0.0,No,,,,
250173532002,Cambridge,1059.0,88.5,0.926,0.926,0.0,Yes,Minority,47.5,0.0,96071.0
250214104002,,1025.0,88.5,0.177,1.0,0.0,No,,,,
250214101002,,803.0,88.5,0.252,1.0,0.0,No,,,,
250010135003,,2826.0,88.4,0.523,0.964,0.317,No,,,,
250277411012,,1907.0,88.4,0.257,0.96,0.374,No,,,,
250214034005,,784.0,88.4,0.241,1.0,0.0,No,,,,
250173586001,Lexington,1289.0,88.4,0.22,1.0,0.0,Yes,Minority,41.3,0.0,159422.0
250173382003,Winchester,2469.0,88.4,0.694,0.694,0.0,Yes,Minority,44.7,4.5,143958.0
250010150012,,2183.0,88.4,0.443,1.0,0.0,No,,,,
250138135004,,1142.0,88.4,0.627,0.936,1.0,No,,,,
250173748002,,2351.0,88.3,0.264,0.985,0.0,No,,,,
250235453002,,1109.0,88.3,0.384,1.0,0.0,No,,,,
250173322022,Burlington,818.0,88.3,0.454,1.0,0.0,Yes,Minority,24.7,0.0,139111.0
250277441032,Milford,1255.0,88.3,0.067,1.0,0.447,Yes,Minority,35.1,7.2,79233.0
250173372022,,1032.0,88.3,0.818,0.818,0.0,No,,,,
250056417004,Fall River,2093.0,88.3,0.803,0.921,0.0,Yes,Income,21.2,5.8,32054.0
250214142001,Sharon,911.0,88.2,0.501,1.0,0.0,Yes,Minority,40.9,6.2,138359.0
250173373004,,2524.0,88.2,0.276,0.948,0.0,No,,,,
250214221004,Weymouth,1028.0,88.2,0.619,1.0,0.0,Yes,Minority,25.9,5.0,81629.0
250092516001,Lawrence,1508.0,88.2,0.665,0.665,0.164,Yes,Minority,74.4,11.9,68594.0
250173543003,,1321.0,88.2,0.036,1.0,0.0,No,,,,
250214101005,,2007.0,88.1,0.404,0.937,0.0,No,,,,
250235113011,Brockton,2873.0,88.1,0.861,0.924,0.0,Yes,Minority and income,76.7,4.7,44781.0
250173683003,Waltham,954.0,88.1,0.63,0.63,0.0,Yes,Minority,49.9,6.7,65934.0
250056101001,,1933.0,88.1,0.359,0.82,0.0,No,,,,
250010137003,,986.0,88.1,0.616,0.92,0.0,No,,,,
250010151002,,2140.0,88.1,0.492,0.913,0.014,No,,,,
250092221002,,958.0,88.1,0.614,0.834,0.846,No,,,,
250214021023,Dedham,2306.0,88.0,0.178,0.887,0.0,Yes,Minority,37.7,0.9,83225.0
250138131013,,2282.0,88.0,0.516,0.875,0.596,No,,,,
250173631062,Acton,1408.0,88.0,0.523,0.939,0.441,Yes,Minority,47.5,0.0,106458.0
250092663001,Amesbury,1766.0,88.0,0.548,0.963,0.386,Yes,Income,10.6,8.5,45250.0
250214151011,,1831.0,88.0,0.842,0.842,0.252,No,,,,
250251303002,,1103.0,88.0,0.0,0.995,0.0,No,,,,
250277441042,Milford,1708.0,87.9,0.0,1.0,0.0,Yes,Minority,29.1,0.0,84605.0
250235012032,,1622.0,87.9,0.382,0.93,0.26,No,,,,
250214211004,Holbrook,1785.0,87.9,0.438,0.846,0.479,Yes,Minority,39.2,3.5,77173.0
250110407012,Montague,1282.0,87.9,0.0,0.965,0.0,Yes,Income,23.1,1.5,25339.0
250072001004,Tisbury,1117.0,87.9,0.547,0.759,0.0,Yes,Minority and income,29.5,15.4,48382.0
250173587002,Lexington,1542.0,87.9,0.702,0.972,0.0,Yes,Minority,42.2,0.0,250000.0
250235102004,Brockton,2801.0,87.8,0.0,1.0,0.0,Yes,Minority,74.4,7.8,86083.0
250214043021,,1943.0,87.8,0.708,0.726,0.0,No,,,,
250010134002,,803.0,87.8,0.411,0.968,0.0,No,,,,
250214225013,,738.0,87.8,0.245,0.992,0.0,No,,,,
250214401012,,2561.0,87.8,0.635,0.928,0.478,No,,,,
250277351004,,1902.0,87.8,0.404,0.991,0.491,No,,,,
250092107002,Peabody,1062.0,87.8,0.799,0.799,0.0,Yes,Minority and income,54.6,11.1,34028.0
250214141001,,979.0,87.8,0.627,0.817,0.391,No,,,,
250173543001,Cambridge,1344.0,87.7,0.0,1.0,0.0,Yes,Minority,54.7,7.0,101228.0
250010140024,,659.0,87.7,0.43,0.945,0.114,No,,,,
250277391021,Shrewsbury,2476.0,87.7,0.671,0.946,0.185,Yes,Minority,57.2,0.0,148523.0
250173631032,,1201.0,87.7,0.486,0.969,0.153,No,,,,
250235423012,,1321.0,87.7,0.425,1.0,0.0,No,,,,
250214101001,,1019.0,87.7,0.086,1.0,0.0,No,,,,
250277365001,,647.0,87.7,0.767,0.834,0.0,No,,,,
250173223003,Hudson,1513.0,87.7,0.532,0.979,0.0,Yes,Minority,32.6,2.1,55938.0
250173525001,Cambridge,1888.0,87.7,0.451,0.914,0.0,Yes,Minority,45.5,5.0,126071.0
250235251012,,2810.0,87.6,0.338,0.932,0.067,No,,,,
250173525002,Cambridge,1578.0,87.6,0.0,1.0,0.0,Yes,Minority,53.2,1.6,110682.0
250173524001,Cambridge,1879.0,87.6,0.0,1.0,0.0,Yes,Minority,78.7,13.4,65446.0
250214225011,Weymouth,1251.0,87.6,0.338,1.0,0.0,Yes,Minority,28.5,0.0,69821.0
250010129001,,1165.0,87.6,0.514,0.982,0.0,No,,,,
250214061013,,1587.0,87.6,0.282,0.994,0.164,No,,,,
250173531011,Cambridge,1178.0,87.6,0.0,1.0,0.0,Yes,Minority,61.9,0.0,107692.0
250214132011,Norwood,1263.0,87.6,0.79,0.79,0.099,Yes,Income,20.9,0.0,49000.0
250214101006,,913.0,87.6,0.435,0.829,0.433,No,,,,
250173371011,,1363.0,87.5,0.162,1.0,0.0,No,,,,
250173550001,Cambridge,883.0,87.5,0.47,1.0,0.0,Yes,Minority,33.5,2.3,166413.0
250092058002,Lynn,1220.0,87.5,0.0,1.0,0.0,Yes,"Minority, income and English isolation",84.2,34.6,46417.0
250173574001,,799.0,87.5,0.361,1.0,0.0,No,,,,
250235251041,,2256.0,87.5,0.146,0.97,0.005,No,,,,
250214042024,,870.0,87.5,0.289,1.0,0.0,No,,,,
250010115003,,680.0,87.5,0.0,0.883,0.0,No,,,,
250173201024,,1341.0,87.4,0.44,0.935,0.714,No,,,,
250173106011,Lowell,2406.0,87.4,0.39,0.984,0.0,Yes,Minority and income,56.2,8.1,41975.0
250214081023,,1037.0,87.4,0.702,0.795,0.263,No,,,,
250250921011,Boston,1158.0,87.4,0.96,0.96,0.0,Yes,Minority and English isolation,56.3,41.8,63083.0
250251403005,Boston,1233.0,87.4,0.901,0.917,0.0,Yes,Minority,88.0,20.4,73857.0
250173603001,,906.0,87.4,0.518,0.744,0.241,No,,,,
250277102002,Fitchburg,723.0,87.3,0.91,0.91,0.0,Yes,Minority,33.3,3.1,58295.0
250173351006,,1348.0,87.3,0.719,0.719,0.0,No,,,,
250214132013,,2152.0,87.3,0.834,0.834,0.024,No,,,,
250277317001,Worcester,1061.0,87.3,0.306,1.0,0.0,Yes,Minority and income,49.4,20.8,32813.0
250214422031,,1666.0,87.3,0.662,0.697,0.631,No,,,,
250056302021,,1141.0,87.3,0.466,0.996,0.0,No,,,,
250173332002,,1007.0,87.3,0.254,1.0,0.0,No,,,,
250173172022,,2008.0,87.2,0.451,0.814,0.0,No,,,,
250173514041,Somerville,982.0,87.2,0.854,0.866,0.0,Yes,Minority,45.1,12.7,78636.0
250092042005,Salem,1033.0,87.2,0.591,1.0,0.0,Yes,Income,16.9,0.0,54219.0
250214051002,,909.0,87.2,0.497,0.83,0.941,No,,,,
250277443003,Milford,842.0,87.2,0.403,1.0,0.0,Yes,Minority and income,59.0,23.7,47156.0
250235442001,Carver,1844.0,87.2,0.459,0.809,0.689,Yes,Income,9.1,0.0,47109.0
250173586002,Lexington,679.0,87.2,0.331,1.0,0.0,Yes,Minority,40.9,7.7,204083.0
250010144022,,2322.0,87.2,0.479,0.959,0.141,No,,,,
250072002005,Oak Bluffs,1130.0,87.2,0.769,0.769,0.0,Yes,Minority,30.3,0.0,105703.0
250251403002,Boston,923.0,87.1,0.95,0.951,0.0,Yes,Minority,80.2,12.6,91681.0
250173824004,Natick,962.0,87.1,0.002,1.0,0.0,Yes,Income,22.2,1.9,31472.0
250250005023,Boston,1577.0,87.1,0.0,1.0,0.0,Yes,Minority and income,33.4,15.9,46818.0
250250005031,Boston,787.0,87.1,0.0,1.0,0.0,Yes,Minority,33.5,5.9,107639.0
250250004014,Boston,2072.0,87.1,0.0,1.0,0.0,Yes,"Minority, income and English isolation",41.7,64.5,11799.0
250092151021,,609.0,87.1,0.135,0.927,0.55,No,,,,
250277503001,,3023.0,87.1,0.458,0.83,0.077,No,,,,
250250005032,Boston,1631.0,87.1,0.0,1.0,0.0,Yes,Minority,32.7,10.4,74869.0
250056301011,North Attleborough,993.0,87.0,0.791,0.849,0.0,Yes,Minority,28.3,8.9,80618.0
250173512032,Somerville,1170.0,87.0,0.731,0.913,0.0,Yes,Minority,25.7,13.7,124650.0
250277444002,Milford,1732.0,87.0,0.522,1.0,0.0,Yes,Minority,27.1,8.3,69830.0
250251304021,Boston,1050.0,87.0,0.003,0.994,0.0,Yes,Minority,27.3,0.0,67826.0
250092151022,,767.0,86.9,0.14,1.0,0.0,No,,,,
250250712011,Boston,1013.0,86.9,0.909,0.909,0.0,Yes,Minority,37.1,4.2,154615.0
250010140023,Bourne,713.0,86.9,0.246,0.931,0.638,Yes,Income,4.5,0.0,31266.0
250173372021,,1302.0,86.9,0.526,0.955,0.0,No,,,,
250010150022,Mashpee,1312.0,86.9,0.611,0.848,0.0,Yes,Minority,25.6,0.0,70129.0
250173832003,Framingham,1265.0,86.9,0.0,1.0,0.0,Yes,Minority,73.0,19.5,71887.0
250277444003,Milford,1290.0,86.9,0.501,1.0,0.0,Yes,Minority,57.2,23.1,58864.0
250092103011,,2968.0,86.8,0.773,0.773,0.0,No,,,,
250010115004,,939.0,86.8,0.557,0.869,0.0,No,,,,
250056121002,,2375.0,86.8,0.444,0.761,0.133,No,,,,
250158202063,,1838.0,86.8,0.592,0.882,0.742,No,,,,
250277381003,Grafton,2386.0,86.8,0.328,0.815,0.618,Yes,Minority,35.8,0.0,127619.0
250235114001,Brockton,992.0,86.8,0.0,1.0,0.0,Yes,Minority,92.0,15.2,63208.0
250173612001,,1671.0,86.8,0.178,1.0,0.051,No,,,,
250173533003,Cambridge,1070.0,86.8,0.811,0.811,0.0,Yes,Minority,28.4,1.5,141933.0
250092058003,Lynn,1381.0,86.7,0.164,0.924,0.0,Yes,Minority and English isolation,75.2,27.8,58989.0
250173733002,,1240.0,86.7,0.911,0.911,0.0,No,,,,
250056302024,,2368.0,86.7,0.506,0.737,0.041,No,,,,
250214044002,,1269.0,86.7,0.268,0.923,0.123,No,,,,
250235104001,Brockton,1044.0,86.7,0.0,1.0,0.0,Yes,Minority and income,85.1,22.6,44097.0
250214061023,,1116.0,86.6,0.48,0.884,0.363,No,,,,
250138128001,Westfield,744.0,86.6,0.445,0.921,0.0,Yes,Minority,32.9,8.2,60000.0
250277092013,Leominster,2604.0,86.6,0.01,1.0,0.167,Yes,Minority and income,41.7,3.1,54180.0
250173173011,Chelmsford,2165.0,86.6,0.709,0.846,0.213,Yes,Minority,31.0,1.8,119271.0
250056404001,Fall River,715.0,86.6,0.626,1.0,0.0,Yes,"Minority, income and English isolation",26.6,31.7,41442.0
250072002004,Oak Bluffs,907.0,86.6,0.686,0.687,0.0,Yes,Minority and income,31.4,17.8,38083.0
250214562001,Stoughton,1654.0,86.6,0.375,0.805,0.299,Yes,Minority,53.0,2.8,95281.0
250277091003,Leominster,1126.0,86.5,0.0,1.0,0.0,Yes,Minority and income,53.6,6.0,53301.0
250173354003,,1762.0,86.5,0.131,0.913,0.0,No,,,,
250214081041,,1597.0,86.5,0.399,0.941,0.24,No,,,,
250277096001,Leominster,643.0,86.4,0.664,0.873,0.087,Yes,Minority and income,49.0,15.9,43576.0
250010115001,,712.0,86.4,0.593,0.685,0.0,No,,,,
250056402022,Fall River,1156.0,86.4,0.501,1.0,0.0,Yes,Minority and income,30.4,12.0,21970.0
250173107002,Lowell,1105.0,86.4,0.005,1.0,0.0,Yes,Minority and income,77.8,0.0,24531.0
250277161021,Clinton,1330.0,86.4,0.207,1.0,0.0,Yes,Minority and income,36.8,0.0,46023.0
250039201022,,2115.0,86.3,0.424,0.758,0.246,No,,,,
250056101003,,1238.0,86.3,0.487,0.487,0.0,No,,,,
250251102011,Boston,2091.0,86.3,0.807,0.837,0.0,Yes,Minority and income,83.8,12.9,55240.0
250235116013,Brockton,2149.0,86.3,0.647,0.962,0.0,Yes,Minority and income,82.4,7.9,54907.0
250039213002,North Adams,2145.0,86.3,0.466,0.788,0.138,Yes,Income,14.7,4.1,42461.0
250277552013,,1197.0,86.3,0.803,0.806,0.811,No,,,,
250173545002,Cambridge,1000.0,86.2,0.449,1.0,0.0,Yes,Minority,29.4,0.0,150395.0
250214231012,,1727.0,86.2,0.512,0.872,0.0,No,,,,
250173154011,,2081.0,86.2,0.414,1.0,0.173,No,,,,
250092172023,,678.0,86.2,0.0,0.961,0.0,No,,,,
250214043023,,1157.0,86.1,0.3,1.0,0.201,No,,,,
250173215003,Marlborough,2183.0,86.1,0.629,0.629,0.0,Yes,Minority and income,54.2,1.1,54979.0
250251402011,Boston,1207.0,86.1,0.398,0.976,0.0,Yes,Minority and English isolation,73.8,28.8,71806.0
250277092012,Leominster,1183.0,86.1,0.0,0.868,0.0,Yes,Minority and income,34.6,0.0,48654.0
250092151014,Hamilton,488.0,86.1,0.456,1.0,0.0,Yes,Minority,49.2,21.9,129063.0
250277442024,Milford,2217.0,86.0,0.429,0.968,0.015,Yes,Minority,35.5,10.5,90000.0
250214421034,,2407.0,85.9,0.461,0.924,0.025,No,,,,
250277431004,,2248.0,85.9,0.141,0.94,0.709,No,,,,
250010130024,,1098.0,85.9,0.405,0.889,0.0,No,,,,
250277092033,Leominster,910.0,85.9,0.05,1.0,0.0,Yes,"Minority, income and English isolation",35.4,50.1,46126.0
250277251004,,610.0,85.9,0.752,0.753,0.166,No,,,,
250173221003,,919.0,85.9,0.544,0.908,0.0,No,,,,
250039006002,Pittsfield,664.0,85.9,0.0,0.968,0.0,Yes,Minority and income,44.3,1.9,29137.0
250250501011,Boston,1643.0,85.9,0.051,1.0,0.0,Yes,Minority,76.6,23.7,82583.0
250173107003,Lowell,1899.0,85.9,0.0,0.995,0.0,Yes,Minority,65.7,16.2,57048.0
250214201013,Randolph,1139.0,85.9,0.436,0.787,0.0,Yes,Minority,65.8,0.0,94949.0
250010131001,,1319.0,85.9,0.534,0.837,0.0,No,,,,
250173373002,,786.0,85.9,0.249,0.661,0.0,No,,,,
250173741002,Newton,1687.0,85.8,0.707,0.707,0.0,Yes,Minority,41.1,3.4,118750.0
250173576002,,1567.0,85.8,0.0,1.0,0.0,No,,,,
250277092032,Leominster,1715.0,85.8,0.368,1.0,0.0,Yes,Minority and income,50.1,15.7,40121.0
250173107001,Lowell,1526.0,85.8,0.0,1.0,0.0,Yes,Minority and income,71.7,4.3,39458.0
250173576001,,1098.0,85.8,0.0,0.999,0.0,No,,,,
250056506002,New Bedford,800.0,85.7,0.0,1.0,0.0,Yes,"Minority, income and English isolation",48.6,28.0,14057.0
250039353001,,981.0,85.7,0.637,0.684,0.274,No,,,,
250173689016,Waltham,1060.0,85.7,0.0,1.0,0.435,Yes,Minority,28.3,1.5,78000.0
250056413002,Fall River,1356.0,85.7,0.393,1.0,0.0,Yes,Minority and income,31.0,11.4,51750.0
250173271022,,1574.0,85.7,0.537,0.869,0.399,No,,,,
250056508002,New Bedford,836.0,85.7,0.0,1.0,0.0,Yes,Minority and income,49.3,9.7,16809.0
250277351001,,1057.0,85.7,0.515,0.718,0.377,No,,,,
250277461001,,1880.0,85.7,0.2,0.897,1.0,No,,,,
250092682003,,2016.0,85.6,0.679,0.928,0.0,No,,,,
250214231022,,1327.0,85.6,0.354,0.909,0.0,No,,,,
250138125001,,922.0,85.6,0.051,0.873,0.564,No,,,,
250056508001,New Bedford,931.0,85.6,0.0,1.0,0.0,Yes,Minority,41.1,19.9,69243.0
250173322011,Burlington,2111.0,85.6,0.381,0.789,0.0,Yes,Minority,28.3,0.0,86913.0
250277424011,Westborough,2539.0,85.6,0.426,0.677,0.039,Yes,Minority,31.1,0.0,218859.0
250214142002,,2865.0,85.6,0.265,0.837,0.341,No,,,,
250039006003,Pittsfield,603.0,85.6,0.0,0.98,0.0,Yes,Minority and income,32.7,3.4,20451.0
250173703013,Watertown,1058.0,85.6,0.609,0.823,0.0,Yes,Minority,36.1,8.6,95974.0
250010130021,,559.0,85.5,0.539,0.734,0.234,No,,,,
250214225023,Weymouth,1879.0,85.5,0.315,0.576,0.0,Yes,Minority,28.2,2.4,77247.0
250092684001,,1106.0,85.5,0.0,1.0,0.0,No,,,,
250277105002,Fitchburg,1417.0,85.5,0.0,1.0,0.0,Yes,Minority and income,60.7,3.2,16875.0
250173261022,,1577.0,85.5,0.138,0.909,0.97,No,,,,
250214401022,,1200.0,85.5,0.024,0.965,0.0,No,,,,
250173364041,Melrose,1029.0,85.5,0.0,0.844,0.0,Yes,Minority,33.1,0.0,59048.0
250173223002,,1441.0,85.5,0.227,1.0,0.0,No,,,,
250173573001,,963.0,85.4,0.021,1.0,0.0,No,,,,
250092544023,,1514.0,85.4,0.612,0.781,0.013,No,,,,
250214431062,Bellingham,1959.0,85.4,0.582,0.734,0.0,Yes,Income,16.2,0.0,51167.0
250277395004,Shrewsbury,1135.0,85.4,0.406,0.636,0.581,Yes,Minority,29.8,0.0,114198.0
250214034003,,772.0,85.4,0.0,0.99,0.0,No,,,,
250277614013,,1194.0,85.4,0.282,0.878,1.0,No,,,,
250173571003,,1100.0,85.4,0.886,0.886,0.0,No,,,,
250277320023,Worcester,803.0,85.4,0.511,0.795,0.0,Yes,Minority,33.4,0.0,67188.0
250173302021,,1816.0,85.4,0.288,0.931,0.419,No,,,,
250092092002,,1379.0,85.4,0.624,0.725,0.0,No,,,,
250056461031,,2428.0,85.4,0.369,0.91,1.0,No,,,,
250250606031,,1502.0,85.4,0.0,0.995,0.0,No,,,,
250214033001,,1036.0,85.3,0.0,0.93,0.0,No,,,,
250250406002,,1923.0,85.3,0.0,1.0,0.0,No,,,,
250092172011,,1055.0,85.3,0.041,1.0,0.0,No,,,,
250235113022,Brockton,953.0,85.2,0.185,1.0,0.0,Yes,Minority and income,78.2,0.0,40200.0
250173313001,,2415.0,85.2,0.099,0.848,0.0,No,,,,
250250501012,Boston,1389.0,85.2,0.006,1.0,0.0,Yes,"Minority, income and English isolation",76.4,37.5,22910.0
250010121012,Yarmouth,1116.0,85.2,0.505,0.899,0.031,Yes,Minority,30.9,0.0,98664.0
250173172032,,2551.0,85.2,0.138,1.0,0.0,No,,,,
250235614001,,2717.0,85.2,0.23,0.812,0.0,No,,,,
250235102003,Brockton,711.0,85.2,0.0,0.933,0.0,Yes,Minority,81.6,0.0,116196.0
250214572002,,1050.0,85.1,0.622,0.78,0.0,No,,,,
250092517003,Lawrence,1756.0,85.1,0.797,0.797,0.0,Yes,"Minority, income and English isolation",94.2,48.6,52188.0
250173363005,,1121.0,85.1,0.0,0.936,0.0,No,,,,
250173685001,Waltham,899.0,85.1,0.377,1.0,0.0,Yes,Minority and income,54.6,0.5,45000.0
250056131001,Taunton,1791.0,85.1,0.312,0.891,0.18,Yes,Minority,25.7,0.0,55284.0
250250502001,Boston,2140.0,85.1,0.0,1.0,0.0,Yes,Minority,72.9,13.2,67564.0
250235031025,,2321.0,85.1,0.374,0.712,0.0,No,,,,
250173222001,Hudson,1872.0,85.1,0.514,0.794,0.0,Yes,Minority,29.1,11.0,111667.0
250056407002,,754.0,85.1,0.662,0.662,0.0,No,,,,
250250502002,Boston,1238.0,85.1,0.0,1.0,0.0,Yes,Minority,64.5,24.0,76635.0
250250406001,Boston,1760.0,85.1,0.022,0.979,0.0,Yes,Minority,27.7,0.0,127344.0
250251006031,Boston,1483.0,85.1,0.105,0.946,0.0,Yes,Minority,35.7,4.5,94474.0
250173113001,Lowell,1307.0,85.1,0.0,1.0,0.0,Yes,Minority,78.1,12.0,60536.0
250250501013,Boston,1885.0,85.1,0.0,1.0,0.0,Yes,Minority,71.9,22.6,71053.0
250173840032,Framingham,937.0,85.0,0.709,0.713,0.046,Yes,Minority,32.3,0.0,190368.0
250158202073,,1084.0,85.0,0.313,0.863,0.975,No,,,,
250173651001,,1673.0,85.0,0.219,0.992,0.0,No,,,,
250138103001,,1524.0,85.0,0.74,0.835,0.339,No,,,,
250173335021,Woburn,1654.0,85.0,0.644,0.644,0.0,Yes,Minority,32.5,11.2,70417.0
250173612002,,1086.0,85.0,0.31,0.702,0.0,No,,,,
250173364032,Melrose,2404.0,84.9,0.0,1.0,0.0,Yes,Minority,40.6,8.3,59097.0
250214191004,Braintree,1704.0,84.9,0.676,0.676,0.0,Yes,Minority,24.9,3.0,137648.0
250173748001,,1477.0,84.9,0.0,0.87,0.0,No,,,,
250173526001,Cambridge,1053.0,84.9,0.002,1.0,0.0,Yes,Minority,42.6,2.1,148304.0
250277371001,,1114.0,84.9,0.453,0.661,0.288,No,,,,
250056102035,,1504.0,84.8,0.321,0.901,0.0,No,,,,
250173353012,,1290.0,84.8,0.159,0.856,0.0,No,,,,
250092161001,,1048.0,84.8,0.579,0.857,0.252,No,,,,
250173701042,Watertown,1883.0,84.8,0.084,1.0,0.0,Yes,Minority,29.4,0.0,103646.0
250277542001,,1485.0,84.8,0.558,0.562,0.026,No,,,,
250235309042,,911.0,84.8,0.486,0.827,0.98,No,,,,
250173821001,,1469.0,84.7,0.213,0.641,0.0,No,,,,
250173353011,,2021.0,84.7,0.398,0.893,0.0,No,,,,
250214431042,,1434.0,84.7,0.098,0.951,0.0,No,,,,
250072002002,Oak Bluffs,483.0,84.7,0.25,1.0,0.014,Yes,Minority,26.7,0.0,83304.0
250250107011,Boston,1057.0,84.6,0.0,1.0,0.0,Yes,Minority,28.2,0.0,98681.0
250250107013,,781.0,84.6,0.0,1.0,0.0,No,,,,
250250106002,Boston,1574.0,84.6,0.0,1.0,0.0,Yes,Minority,26.9,11.2,106250.0
250250107012,,705.0,84.6,0.0,1.0,0.0,No,,,,
250092682001,,1384.0,84.6,0.0,1.0,0.0,No,,,,
250250108021,,1069.0,84.6,0.0,1.0,0.0,No,,,,
250250108022,,1391.0,84.6,0.0,1.0,0.0,No,,,,
250056102034,,1332.0,84.6,0.413,0.759,0.0,No,,,,
250250108023,,598.0,84.6,0.0,1.0,0.0,No,,,,
250173733003,,968.0,84.6,0.894,0.894,0.0,No,,,,
250173181001,,2369.0,84.6,0.184,0.876,0.188,No,,,,
250173201062,,1193.0,84.6,0.096,1.0,0.697,No,,,,
250092161002,,1854.0,84.6,0.277,0.872,0.688,No,,,,
250214401013,,2327.0,84.6,0.55,0.686,0.031,No,,,,
250056524002,New Bedford,1357.0,84.5,0.0,0.992,0.0,Yes,"Minority, income and English isolation",29.3,25.6,44107.0
250010115002,,983.0,84.5,0.128,1.0,0.0,No,,,,
250173537004,Cambridge,876.0,84.5,0.0,1.0,0.0,Yes,"Minority, income and English isolation",61.8,48.7,48833.0
250173537005,Cambridge,941.0,84.5,0.0,1.0,0.0,Yes,Minority and income,48.8,13.1,52240.0
250173732002,,869.0,84.5,0.343,0.899,0.0,No,,,,
250173371012,,1857.0,84.5,0.424,0.668,0.0,No,,,,
250173632012,,1352.0,84.5,0.255,0.895,0.359,No,,,,
250277092041,Leominster,1189.0,84.5,0.325,0.901,0.196,Yes,Minority,43.8,14.7,92567.0
250173537003,Cambridge,1373.0,84.5,0.0,1.0,0.0,Yes,Minority,56.4,0.0,0.0
250056503003,New Bedford,1124.0,84.4,0.0,0.993,0.0,Yes,Minority and income,27.0,12.7,41905.0
250277481001,,1843.0,84.4,0.413,0.714,1.0,No,,,,
250173512034,Somerville,1279.0,84.4,0.039,1.0,0.0,Yes,Minority,37.1,0.0,144236.0
250214061022,,1277.0,84.4,0.309,0.973,0.229,No,,,,
250173214002,Marlborough,1853.0,84.4,0.686,0.787,0.0,Yes,Minority,47.3,1.8,124205.0
250039311001,,668.0,84.4,0.652,0.768,0.856,No,,,,
250173671003,,1416.0,84.4,0.24,0.765,0.121,No,,,,
250214002011,Brookline,3047.0,84.4,0.0,1.0,0.0,Yes,Minority,33.0,19.8,80909.0
250173211003,,786.0,84.4,0.536,0.635,0.601,No,,,,
250214041002,,1209.0,84.4,0.486,0.694,0.113,No,,,,
250173163002,Billerica,1059.0,84.4,0.263,0.879,0.0,Yes,Minority,25.6,0.0,189044.0
250235108003,Brockton,820.0,84.4,0.0,1.0,0.0,Yes,"Minority, income and English isolation",87.2,42.2,13592.0
250173321001,,1274.0,84.4,0.003,0.986,0.0,No,,,,
250277051012,,1252.0,84.3,0.345,0.79,0.764,No,,,,
250092521023,Methuen,1436.0,84.3,0.104,0.91,0.015,Yes,Minority,24.9,0.9,90766.0
250092681002,,1840.0,84.3,0.479,0.68,0.036,No,,,,
250277575002,Southbridge,913.0,84.3,0.508,0.668,0.0,Yes,Minority,26.9,1.6,61700.0
250173561003,Arlington,1011.0,84.3,0.872,0.872,0.0,Yes,Minority,26.1,2.8,157228.0
250092513001,Lawrence,2024.0,84.3,0.912,0.912,0.0,Yes,"Minority, income and English isolation",95.5,44.7,37946.0
250173549021,Cambridge,1311.0,84.3,0.336,1.0,0.0,Yes,Minority,31.0,1.6,166474.0
250173161022,,2528.0,84.2,0.378,0.79,0.0,No,,,,
250277543001,Webster,1019.0,84.2,0.643,0.643,0.119,Yes,Minority,31.7,8.1,60566.0
250010120011,,1630.0,84.2,0.344,0.703,0.098,No,,,,
250173840033,Framingham,2782.0,84.2,0.758,0.758,0.0,Yes,Minority,54.6,2.1,69620.0
250277441021,Milford,2588.0,84.2,0.033,1.0,0.0,Yes,Minority,27.1,0.0,92384.0
250173539003,Cambridge,2329.0,84.2,0.0,0.991,0.0,Yes,Minority,53.0,0.0,0.0
250092532011,,1020.0,84.1,0.001,0.847,0.0,No,,,,
250214001001,Brookline,1248.0,84.1,0.0,0.97,0.0,Yes,Minority,32.3,7.9,64545.0
250277365004,,1226.0,84.1,0.31,0.994,0.0,No,,,,
250173540003,Cambridge,1175.0,84.1,0.218,1.0,0.0,Yes,Minority,34.8,9.0,61797.0
250235423013,,785.0,84.1,0.172,1.0,0.0,No,,,,
250250403001,Boston,774.0,84.0,0.0,1.0,0.0,Yes,Minority,71.8,4.3,0.0
250250403002,,1486.0,84.0,0.0,1.0,0.0,No,,,,
250173216003,,1353.0,84.0,0.043,0.878,0.304,No,,,,
250173231021,,881.0,84.0,0.283,0.772,1.0,No,,,,
250250408011,Boston,1190.0,84.0,0.0,1.0,0.0,Yes,Minority and income,86.8,24.2,12116.0
250173523002,Cambridge,1052.0,84.0,0.094,1.0,0.0,Yes,Minority,45.5,0.0,157946.0
250092103021,Peabody,1066.0,84.0,0.109,0.777,0.011,Yes,Minority,26.9,0.0,117931.0
250277121011,,1306.0,84.0,0.187,0.874,0.4,No,,,,
250250403003,,739.0,84.0,0.0,1.0,0.0,No,,,,
250250403004,,699.0,84.0,0.0,1.0,0.0,No,,,,
250250403005,,827.0,84.0,0.0,1.0,0.0,No,,,,
250010152002,,1111.0,84.0,0.127,0.891,0.006,No,,,,
250214203023,Randolph,1082.0,84.0,0.431,0.827,0.0,Yes,Minority,70.1,0.0,66157.0
250235101003,Brockton,841.0,84.0,0.0,1.0,0.0,Yes,Minority,58.5,0.0,111151.0
250277381002,Grafton,1463.0,83.9,0.396,0.584,0.062,Yes,Minority,28.0,0.0,67273.0
250173512031,Somerville,1089.0,83.9,0.0,1.0,0.0,Yes,Minority,26.1,0.0,150723.0
250173681013,Waltham,1116.0,83.9,0.034,0.951,0.0,Yes,Minority,38.1,0.0,103446.0
250173741001,Newton,2146.0,83.9,0.744,0.747,0.0,Yes,Minority,42.5,8.5,120859.0
250056001001,,2306.0,83.9,0.518,0.66,0.0,No,,,,
250173162011,,1206.0,83.9,0.175,0.747,0.0,No,,,,
250173512043,Somerville,1351.0,83.9,0.0,1.0,0.0,Yes,Minority,33.6,3.8,100135.0
250173826022,Natick,1632.0,83.8,0.757,0.757,0.0,Yes,Income,18.1,5.9,31528.0
250173221001,,1172.0,83.8,0.407,0.772,0.078,No,,,,
250173163005,,1386.0,83.8,0.633,0.633,0.0,No,,,,
250010145002,,2500.0,83.8,0.165,0.934,0.112,No,,,,
250277320012,Worcester,1565.0,83.8,0.0,0.903,0.0,Yes,Minority and income,73.5,14.1,30000.0
250173632021,,851.0,83.8,0.0,0.916,0.073,No,,,,
250010103062,,1125.0,83.8,0.392,0.719,0.166,No,,,,
250251304062,Boston,2978.0,83.7,0.862,0.898,0.0,Yes,Minority,60.4,19.5,61524.0
250173537002,Cambridge,1198.0,83.7,0.0,0.993,0.0,Yes,Minority,31.6,7.5,94808.0
250056002032,,992.0,83.7,0.117,0.793,0.279,No,,,,
250010107001,,968.0,83.7,0.45,0.545,0.0,No,,,,
250277442012,Milford,815.0,83.7,0.068,1.0,0.0,Yes,Minority,42.9,0.0,97625.0
250277441031,,1525.0,83.7,0.458,0.681,0.294,No,,,,
250173201051,,2573.0,83.7,0.309,0.854,0.747,No,,,,
250173173024,,1938.0,83.7,0.412,0.721,0.0,No,,,,
250251304024,Boston,1900.0,83.7,0.038,0.917,0.0,Yes,Minority and income,33.2,9.1,47275.0
250235116023,Brockton,1064.0,83.7,0.544,0.889,0.0,Yes,Minority and income,65.4,0.0,54000.0
250173593034,,1851.0,83.6,0.467,0.708,0.059,No,,,,
250214225024,Weymouth,1212.0,83.6,0.443,0.443,0.0,Yes,Minority,34.4,0.0,60917.0
250173681021,Waltham,2860.0,83.6,0.746,0.827,0.0,Yes,Minority,35.5,5.2,127829.0
250056422004,Fall River,762.0,83.6,0.0,1.0,0.0,Yes,Minority,26.0,7.1,65335.0
250214123004,,1894.0,83.6,0.516,0.725,0.0,No,,,,
250092092004,,1747.0,83.6,0.411,0.718,0.115,No,,,,
250173113002,Lowell,1856.0,83.6,0.001,1.0,0.0,Yes,Minority,70.3,17.0,68750.0
250214563021,Stoughton,2097.0,83.6,0.281,0.676,0.0,Yes,Minority,33.5,5.7,70119.0
250173839043,,1427.0,83.5,0.089,0.731,0.0,No,,,,
250173548001,Cambridge,1082.0,83.5,0.29,1.0,0.0,Yes,Minority,27.6,0.0,144688.0
250214151042,Canton,1370.0,83.5,0.0,1.0,0.0,Yes,Minority,24.9,3.1,101184.0
250056461033,,1337.0,83.5,0.289,0.809,0.96,No,,,,
250173335011,,629.0,83.5,0.0,0.991,0.0,No,,,,
250173515003,Somerville,1056.0,83.5,0.84,0.84,0.0,Yes,Minority,58.0,21.1,75389.0
250039213001,,1252.0,83.5,0.146,0.882,0.331,No,,,,
250251602001,Chelsea,1393.0,83.5,0.728,0.728,0.0,Yes,Minority and English isolation,92.7,45.7,61679.0
250277163002,Clinton,1890.0,83.5,0.047,1.0,0.0,Yes,Minority,27.2,1.6,87240.0
250056424003,,1012.0,83.5,0.533,0.709,0.0,No,,,,
250214195001,Braintree,1180.0,83.5,0.659,0.659,0.0,Yes,Minority,41.1,0.0,84375.0
250214061012,,1799.0,83.4,0.064,1.0,0.413,No,,,,
250138125005,,2400.0,83.4,0.256,0.934,0.007,No,,,,
250250402002,Boston,958.0,83.4,0.0,0.993,0.0,Yes,Minority,25.1,3.5,179266.0
250173353021,Wakefield,1116.0,83.4,0.624,0.792,0.0,Yes,Minority,25.1,6.1,94267.0
250010150011,,2266.0,83.4,0.444,0.812,0.22,No,,,,
250173531012,Cambridge,2463.0,83.4,0.479,0.839,0.0,Yes,Minority,53.3,12.2,84779.0
250251404007,Boston,1163.0,83.4,0.682,0.912,0.0,Yes,Minority,84.3,6.3,90167.0
250173154012,,2097.0,83.3,0.511,0.556,0.036,No,,,,
250173354002,,1470.0,83.3,0.406,0.516,0.0,No,,,,
250277571001,Southbridge,1294.0,83.3,0.446,0.869,0.218,Yes,Minority,45.1,6.5,72500.0
250173311012,,1923.0,83.3,0.45,0.77,0.672,No,,,,
250173838002,Framingham,1106.0,83.3,0.196,0.915,0.0,Yes,Minority,34.6,8.7,102500.0
250092105002,,2532.0,83.2,0.438,0.444,0.0,No,,,,
250010131002,,2343.0,83.2,0.252,0.727,0.0,No,,,,
250056416001,Fall River,1090.0,83.2,0.574,0.582,0.0,Yes,Income,17.9,1.4,49891.0
250092532013,,328.0,83.2,0.605,0.682,0.082,No,,,,
250214224021,,1664.0,83.2,0.445,0.637,0.0,No,,,,
250214034002,,1349.0,83.2,0.0,1.0,0.0,No,,,,
250158201022,Ware,1066.0,83.1,0.13,0.798,0.011,Yes,Income,19.1,0.0,29250.0
250173371023,,636.0,83.1,0.727,0.734,0.0,No,,,,
250214121001,,1974.0,83.1,0.037,0.74,0.0,No,,,,
250173261021,,2623.0,83.1,0.121,0.752,0.634,No,,,,
250277251003,North Brookfield,785.0,83.1,0.381,0.849,0.496,Yes,Income,11.8,0.0,51053.0
250214421033,,705.0,83.1,0.332,0.858,0.0,No,,,,
250214042021,,1555.0,83.1,0.366,0.89,0.0,No,,,,
250092058001,Lynn,1124.0,83.1,0.0,1.0,0.0,Yes,Minority,77.3,15.5,62656.0
250092059003,Lynn,1448.0,83.1,0.0,1.0,0.0,Yes,Minority,62.5,16.3,76328.0
250173352005,,1876.0,83.0,0.631,0.631,0.0,No,,,,
250277314001,Worcester,898.0,83.0,0.0,0.995,0.0,Yes,"Minority, income and English isolation",84.9,25.5,14744.0
250277316013,Worcester,1277.0,83.0,0.0,1.0,0.0,Yes,Minority and income,48.1,23.2,40984.0
250092219013,,1396.0,83.0,0.251,0.803,0.663,No,,,,
250235108002,Brockton,1033.0,83.0,0.01,1.0,0.0,Yes,Minority,87.2,15.0,66429.0
250277317003,Worcester,1439.0,83.0,0.0,1.0,0.0,Yes,Minority and income,61.0,9.1,40993.0
250277315001,Worcester,731.0,83.0,0.0,1.0,0.0,Yes,Minority and income,84.3,19.4,16319.0
250214222024,,1624.0,83.0,0.141,0.77,0.0,No,,,,
250010121011,,1624.0,82.9,0.702,0.766,0.199,No,,,,
250214143003,,1209.0,82.9,0.021,1.0,0.093,No,,,,
250235108004,Brockton,1517.0,82.9,0.0,1.0,0.0,Yes,Minority,88.3,12.9,57700.0
250072001002,Tisbury,1651.0,82.9,0.62,0.622,0.0,Yes,Minority,28.9,0.0,55993.0
250277411022,,1882.0,82.9,0.36,0.64,0.406,No,,,,
250173183001,,830.0,82.9,0.32,0.605,0.0,No,,,,
250214021011,,636.0,82.8,0.0,0.933,0.0,No,,,,
250277612001,Westborough,2352.0,82.8,0.41,0.763,0.068,Yes,Minority,46.7,1.5,133317.0
250214223011,,1206.0,82.8,0.2,1.0,0.0,No,,,,
250173523001,Cambridge,1757.0,82.8,0.0,1.0,0.0,Yes,Minority,40.2,1.5,107500.0
250173522001,Cambridge,1999.0,82.8,0.0,1.0,0.0,Yes,Minority,42.3,9.2,61875.0
250056121001,,1215.0,82.7,0.167,0.618,0.145,No,,,,
250010136001,,2628.0,82.7,0.211,0.805,0.0,No,,,,
250235116011,Brockton,1561.0,82.7,0.209,1.0,0.0,Yes,Minority,86.0,4.8,71471.0
250173117003,Lowell,1216.0,82.7,0.514,0.92,0.0,Yes,Minority,79.5,13.9,76941.0
250277431002,,2272.0,82.7,0.01,0.853,0.094,No,,,,
250056415001,Fall River,1311.0,82.7,0.603,0.603,0.0,Yes,Income and English isolation,23.7,26.4,52868.0
250214111022,,1794.0,82.7,0.11,0.855,0.0,No,,,,
250092062003,Lynn,2020.0,82.7,0.0,0.849,0.0,Yes,Minority,87.4,13.6,68750.0
250173542003,,679.0,82.6,0.178,1.0,0.0,No,,,,
250173215002,Marlborough,1641.0,82.6,0.055,0.944,0.455,Yes,Minority,33.3,2.6,59028.0
250138102002,Palmer,1067.0,82.6,0.535,0.721,0.677,Yes,Income,10.2,2.3,47163.0
250092101003,,1510.0,82.6,0.061,1.0,0.0,No,,,,
250277094003,Leominster,1216.0,82.6,0.601,0.61,0.038,Yes,Minority and income,50.7,20.1,18563.0
250250004021,Boston,1469.0,82.6,0.0,0.939,0.0,Yes,Minority,31.4,1.1,74565.0
250173872015,Holliston,1177.0,82.6,0.328,0.584,0.06,Yes,Minority,41.9,0.0,73611.0
250056136002,Taunton,770.0,82.6,0.011,1.0,0.0,Yes,Minority,39.1,0.0,78750.0
250173540002,Cambridge,2107.0,82.6,0.251,1.0,0.0,Yes,Minority,41.7,2.2,111042.0
250214131006,,1462.0,82.5,0.459,0.459,0.0,No,,,,
250214104004,,2116.0,82.5,0.535,0.731,0.155,No,,,,
250092041012,Salem,1675.0,82.5,0.712,0.712,0.0,Yes,Minority,45.4,9.1,62589.0
250092682005,,2419.0,82.4,0.106,0.796,0.002,No,,,,
250092219021,,1619.0,82.4,0.508,0.763,0.455,No,,,,
250056136003,Taunton,1569.0,82.4,0.008,1.0,0.0,Yes,Minority and income,35.5,19.8,34078.0
250056302023,,869.0,82.4,0.366,0.963,0.0,No,,,,
250092151013,,892.0,82.4,0.431,0.715,0.14,No,,,,
250214422043,,1806.0,82.4,0.552,0.605,0.0,No,,,,
250059855001,Dartmouth,2854.0,82.4,0.534,0.756,0.394,Yes,Minority,27.9,2.9,100625.0
250010106003,,1180.0,82.3,0.164,0.637,0.0,No,,,,
250173164002,,1020.0,82.3,0.044,0.818,0.0,No,,,,
250277461004,,1334.0,82.3,0.376,0.568,0.956,No,,,,
250277092014,,1994.0,82.3,0.038,0.826,0.374,No,,,,
250214143004,,1578.0,82.3,0.0,1.0,0.076,No,,,,
250092106002,,2615.0,82.3,0.722,0.813,0.267,No,,,,
250173214001,,2386.0,82.3,0.246,0.777,0.409,No,,,,
250092211003,,1481.0,82.2,0.551,0.73,0.778,No,,,,
250010126022,Barnstable,1765.0,82.2,0.358,0.473,0.0,Yes,"Minority, income and English isolation",58.5,35.2,51214.0
250010136002,,2461.0,82.2,0.29,0.664,0.0,No,,,,
250277373002,,1416.0,82.2,0.462,0.746,0.393,No,,,,
250277574003,Southbridge,1313.0,82.1,0.333,0.507,0.0,Yes,Minority and income,37.9,10.1,50972.0
250138135001,,1343.0,82.1,0.238,0.744,1.0,No,,,,
250056526002,New Bedford,1803.0,82.1,0.0,1.0,0.0,Yes,Minority and income,73.2,20.2,29939.0
250092151023,,900.0,82.1,0.107,0.952,0.75,No,,,,
250056525002,New Bedford,1500.0,82.1,0.0,1.0,0.0,Yes,Minority and income,56.5,19.2,37123.0
250173424021,Everett,1387.0,82.1,0.819,0.819,0.0,Yes,Minority,58.3,1.9,135500.0
250173323002,Burlington,2251.0,82.0,0.192,0.602,0.0,Yes,Minority,56.5,4.0,96638.0
250277097015,Leominster,1482.0,82.0,0.0,0.671,0.0,Yes,Minority,27.1,0.0,67188.0
250092114022,,1857.0,82.0,0.117,0.878,0.0,No,,,,
250173583003,Lexington,810.0,82.0,0.185,0.759,0.0,Yes,Minority,50.4,0.0,208958.0
250039213003,North Adams,1439.0,82.0,0.448,0.448,0.0,Yes,Income,22.3,0.0,29922.0
250173567031,Arlington,1577.0,82.0,0.0,0.886,0.0,Yes,Minority,25.6,10.6,58269.0
250173383001,,794.0,82.0,0.34,0.971,0.0,No,,,,
250277092011,,2031.0,82.0,0.0,0.803,0.0,No,,,,
250277171001,,3158.0,82.0,0.384,0.72,0.83,No,,,,
250277544003,Webster,956.0,81.9,0.435,0.563,0.0,Yes,Minority and income,36.9,0.0,41050.0
250214564011,Stoughton,1112.0,81.9,0.726,0.726,0.0,Yes,Minority,45.3,1.8,85500.0
250235303003,,829.0,81.9,0.0,0.976,0.0,No,,,,
250173839041,,853.0,81.9,0.037,0.855,0.0,No,,,,
250250507001,Boston,1766.0,81.8,0.309,0.901,0.0,Yes,Minority and English isolation,72.5,33.9,61339.0
250092201013,Rockport,828.0,81.8,0.242,0.987,0.139,Yes,Income,6.5,0.0,47644.0
250235442002,,1261.0,81.8,0.552,0.736,0.954,No,,,,
250173743003,,1007.0,81.8,0.602,0.602,0.0,No,,,,
250092059002,Lynn,1398.0,81.7,0.0,0.948,0.0,Yes,Minority,76.0,0.0,82837.0
250056417002,,1429.0,81.7,0.306,0.903,0.0,No,,,,
250173155004,,1587.0,81.7,0.574,0.574,0.0,No,,,,
250092068001,Lynn,1982.0,81.7,0.0,0.958,0.0,Yes,Minority and English isolation,85.2,39.9,62500.0
250173373003,,1301.0,81.7,0.321,0.466,0.0,No,,,,
250158202051,,3004.0,81.7,0.286,0.767,0.99,No,,,,
250092661003,,896.0,81.7,0.149,0.692,0.0,No,,,,
250173241012,,1371.0,81.7,0.686,0.695,0.327,No,,,,
250056002042,,2196.0,81.7,0.413,0.643,0.269,No,,,,
250056525001,New Bedford,1511.0,81.7,0.0,0.994,0.0,Yes,Minority,54.8,13.0,62167.0
250092065003,Lynn,1183.0,81.6,0.0,1.0,0.0,Yes,Minority and income,86.8,9.6,38045.0
250056321002,,775.0,81.6,0.635,0.635,0.581,No,,,,
250056508003,New Bedford,1046.0,81.6,0.0,0.913,0.0,Yes,"Minority, income and English isolation",68.3,36.5,33571.0
250173631044,,756.0,81.6,0.686,0.702,0.0,No,,,,
250277313003,Worcester,1638.0,81.6,0.0,0.955,0.0,Yes,Minority and income,78.0,19.3,38333.0
250173521021,Cambridge,1225.0,81.6,0.578,0.854,0.0,Yes,Minority,37.2,2.2,149444.0
250173334003,,912.0,81.6,0.684,0.684,0.0,No,,,,
250056414003,Fall River,1661.0,81.5,0.362,0.362,0.327,Yes,Minority and income,26.9,20.8,16964.0
250173683004,Waltham,1221.0,81.5,0.534,0.534,0.0,Yes,Minority,37.7,17.4,76047.0
250092173002,,1063.0,81.5,0.009,1.0,0.0,No,,,,
250235061026,,1339.0,81.5,0.475,0.748,0.0,No,,,,
250173323003,,1312.0,81.5,0.434,0.434,0.0,No,,,,
250173701031,Watertown,1750.0,81.5,0.137,1.0,0.0,Yes,Minority,39.7,8.5,75096.0
250235421014,,1036.0,81.5,0.075,0.943,0.402,No,,,,
250138126004,,1445.0,81.5,0.154,0.858,0.08,No,,,,
250173311022,,1997.0,81.5,0.489,0.822,0.422,No,,,,
250173131021,,843.0,81.4,0.266,0.834,0.058,No,,,,
250173011013,Townsend,990.0,81.4,0.538,0.742,0.384,Yes,Income,11.8,0.0,54261.0
250250105001,Boston,1816.0,81.4,0.0,0.962,0.0,Yes,Minority and income,41.9,0.0,51588.0
250173838001,Framingham,1984.0,81.4,0.024,0.966,0.0,Yes,Minority,33.5,0.0,184792.0
250173688001,Waltham,1343.0,81.4,0.284,0.663,0.0,Yes,Minority,62.0,16.2,70750.0
250092663002,,2014.0,81.3,0.471,0.65,0.282,No,,,,
250173550002,Cambridge,1309.0,81.3,0.144,1.0,0.0,Yes,Minority,38.7,5.6,102824.0
250214421011,,1072.0,81.3,0.466,0.665,0.0,No,,,,
250214003002,Brookline,1571.0,81.3,0.0,0.978,0.0,Yes,Minority,33.6,5.9,113929.0
250235251043,,2136.0,81.3,0.084,0.762,0.0,No,,,,
250010141001,Bourne,797.0,81.3,0.316,0.733,0.213,Yes,Minority and income,32.5,0.0,53108.0
250010130022,,451.0,81.3,0.403,0.84,0.078,No,,,,
250173364031,Melrose,850.0,81.3,0.006,0.884,0.0,Yes,Minority,36.9,0.0,129931.0
250092063003,Lynn,1018.0,81.3,0.0,0.994,0.0,Yes,Minority,83.9,16.2,64938.0
250173872022,,1112.0,81.2,0.027,0.75,0.29,No,,,,
250173704022,Watertown,904.0,81.2,0.568,0.568,0.0,Yes,Minority,30.9,0.0,126008.0
250277073001,Gardner,1168.0,81.2,0.0,0.702,0.0,Yes,Income,16.8,3.7,30972.0
250214225012,Weymouth,2061.0,81.2,0.248,0.575,0.28,Yes,Minority,33.3,3.2,57368.0
250214002021,Brookline,1774.0,81.2,0.0,0.908,0.0,Yes,"Minority, income and English isolation",55.5,44.3,31074.0
250056531013,,3064.0,81.2,0.397,0.794,0.651,No,,,,
250173684002,Waltham,1464.0,81.1,0.008,0.899,0.158,Yes,Minority,43.5,7.2,98779.0
250173142003,,2295.0,81.1,0.169,0.949,0.368,No,,,,
250173417005,Malden,1142.0,81.1,0.0,0.995,0.0,Yes,Minority,54.7,13.4,64932.0
250277411011,,921.0,81.1,0.445,0.574,0.396,No,,,,
250214401021,,2137.0,81.0,0.29,0.821,0.483,No,,,,
250173686005,Waltham,1319.0,81.0,0.019,1.0,0.0,Yes,Minority,45.3,0.0,114926.0
250039311002,,989.0,81.0,0.257,0.641,0.987,No,,,,
250173821002,,934.0,81.0,0.011,0.874,0.0,No,,,,
250092602002,Haverhill,1750.0,81.0,0.23,0.867,0.0,Yes,Minority and income,37.4,6.0,28594.0
250173332001,,1526.0,81.0,0.057,0.622,0.0,No,,,,
250173882003,,1169.0,81.0,0.398,0.628,0.267,No,,,,
250251401052,Boston,1239.0,81.0,0.094,0.999,0.0,Yes,Minority,92.3,0.0,97390.0
250214113023,,838.0,80.9,0.577,0.719,0.397,No,,,,
250173872023,,2076.0,80.9,0.054,0.736,0.193,No,,,,
250173577004,,1109.0,80.9,0.0,0.785,0.0,No,,,,
250092512001,Lawrence,1474.0,80.9,0.823,0.823,0.0,Yes,"Minority, income and English isolation",92.7,55.1,20643.0
250173521022,Cambridge,1438.0,80.9,0.0,0.967,0.0,Yes,Minority,35.6,5.1,89663.0
250173201061,,1449.0,80.9,0.431,0.588,0.156,No,,,,
250277281002,,1818.0,80.9,0.31,0.56,0.0,No,,,,
250092219012,,1173.0,80.9,0.345,0.758,0.565,No,,,,
250235012041,,3044.0,80.9,0.368,0.611,0.369,No,,,,
250092219011,,921.0,80.8,0.021,0.782,0.011,No,,,,
250092544024,Andover,2013.0,80.8,0.255,0.844,0.0,Yes,Minority,49.3,20.9,181458.0
250214091021,,2715.0,80.8,0.305,0.835,0.497,No,,,,
250010102081,Truro,892.0,80.8,0.184,0.588,0.981,Yes,Income,8.0,0.0,47554.0
250251605024,Chelsea,1263.0,80.8,0.808,0.808,0.0,Yes,"Minority, income and English isolation",77.2,26.6,51322.0
250092181003,,933.0,80.8,0.555,0.555,0.079,No,,,,
250277511012,,958.0,80.8,0.078,0.641,0.61,No,,,,
250277161011,,2148.0,80.8,0.043,0.943,0.0,No,,,,
250173686001,Waltham,819.0,80.7,0.0,1.0,0.0,Yes,Minority,34.4,0.0,105039.0
250092072001,Lynn,1443.0,80.6,0.007,0.676,0.017,Yes,Minority and income,81.5,11.7,44500.0
250173541001,Cambridge,1145.0,80.6,0.0,0.844,0.0,Yes,Minority,33.3,5.5,115167.0
250173547001,Cambridge,1428.0,80.6,0.177,1.0,0.0,Yes,Minority,33.0,15.3,158625.0
250214121002,,1076.0,80.6,0.0,0.577,0.0,No,,,,
250138127024,Westfield,1028.0,80.6,0.623,0.623,0.0,Yes,Minority,34.0,3.3,60246.0
250173702022,,987.0,80.5,0.0,0.989,0.0,No,,,,
250010114004,Dennis,834.0,80.5,0.156,0.657,0.0,Yes,Income,10.9,9.8,49598.0
250173839021,Framingham,2653.0,80.5,0.026,0.854,0.177,Yes,Minority,25.5,0.5,161302.0
250173631041,,2631.0,80.5,0.607,0.688,0.139,No,,,,
250214051004,,1863.0,80.5,0.358,0.686,0.829,No,,,,
250235115001,Brockton,1097.0,80.4,0.0,1.0,0.0,Yes,Minority and English isolation,93.0,30.9,96979.0
250235309022,,2310.0,80.4,0.18,0.678,0.065,No,,,,
250173681014,Waltham,2001.0,80.4,0.0,0.788,0.0,Yes,Minority,53.2,0.0,101786.0
250235252041,,1975.0,80.4,0.123,0.863,0.0,No,,,,
250173824001,,1476.0,80.3,0.012,0.609,0.0,No,,,,
250010130023,,880.0,80.3,0.341,0.541,0.0,No,,,,
250173641011,,2211.0,80.3,0.514,0.514,0.0,No,,,,
250235115002,Brockton,1011.0,80.3,0.0,1.0,0.0,Yes,"Minority, income and English isolation",91.0,25.9,55153.0
250277614012,,785.0,80.2,0.167,0.653,1.0,No,,,,
250173542002,,1020.0,80.2,0.0,0.937,0.0,No,,,,
250173322021,Burlington,2585.0,80.2,0.367,0.533,0.139,Yes,Minority,29.6,9.5,118528.0
250173171031,,1931.0,80.2,0.094,0.817,0.0,No,,,,
250173182002,,1491.0,80.2,0.614,0.654,0.056,No,,,,
250173577003,Belmont,1080.0,80.1,0.0,0.792,0.0,Yes,Minority,42.1,1.3,112321.0
250173362022,,1024.0,80.1,0.0,0.711,0.0,No,,,,
250173342003,Reading,1015.0,80.1,0.437,0.437,0.0,Yes,Income,16.0,0.0,52738.0
250056503002,New Bedford,893.0,80.0,0.0,0.929,0.0,Yes,Minority,29.8,0.0,57539.0
250173251022,,1194.0,80.0,0.199,0.659,0.158,No,,,,
250039201012,,1333.0,80.0,0.0,0.727,0.32,No,,,,
250214111021,,1574.0,80.0,0.269,0.65,0.0,No,,,,
250010120013,,1336.0,80.0,0.319,0.319,0.0,No,,,,
250277441023,,1681.0,80.0,0.095,0.979,0.0,No,,,,
250092221003,,1517.0,79.9,0.329,0.864,0.388,No,,,,
250173161013,,1935.0,79.9,0.067,0.635,0.0,No,,,,
250235251044,,1188.0,79.9,0.076,0.811,0.0,No,,,,
250173161012,,1402.0,79.9,0.223,0.806,0.039,No,,,,
250173652021,,2544.0,79.9,0.285,0.713,0.204,No,,,,
250173839042,,798.0,79.9,0.0,1.0,0.0,No,,,,
250250001021,Boston,1020.0,79.8,0.634,0.634,0.0,Yes,Minority,44.6,15.6,109762.0
250173115003,Lowell,1005.0,79.8,0.168,0.939,0.0,Yes,Minority,56.4,10.7,61680.0
250235306005,Plymouth,1710.0,79.8,0.544,0.615,0.244,Yes,Minority,38.5,0.0,138929.0
250173171021,,1844.0,79.8,0.442,0.618,0.0,No,,,,
250277502003,,3453.0,79.8,0.193,0.617,0.349,No,,,,
250056302022,,958.0,79.8,0.022,0.689,0.0,No,,,,
250173632023,,1552.0,79.8,0.092,0.742,0.047,No,,,,
250173631031,,2416.0,79.8,0.451,0.747,0.346,No,,,,
250173117004,Lowell,1874.0,79.8,0.176,1.0,0.0,Yes,Minority,84.2,19.4,85250.0
250277251002,,861.0,79.8,0.078,0.718,0.194,No,,,,
250173261024,,1820.0,79.7,0.253,0.59,0.703,No,,,,
250214222011,Weymouth,1293.0,79.7,0.718,0.736,0.013,Yes,Minority and English isolation,38.5,35.7,117283.0
250277161012,,1553.0,79.7,0.0,1.0,0.0,No,,,,
250092131002,,772.0,79.7,0.235,0.654,0.965,No,,,,
250214203024,Randolph,2399.0,79.7,0.217,0.556,0.0,Yes,Minority,73.0,3.1,104851.0
250056420003,Fall River,1763.0,79.7,0.459,0.459,0.0,Yes,Minority and income,45.9,7.4,38537.0
250277095021,Leominster,1262.0,79.6,0.549,0.604,0.0,Yes,Minority,38.1,0.0,58750.0
250214152011,Canton,1407.0,79.6,0.21,0.631,0.669,Yes,Minority,39.4,0.0,122377.0
250039215002,North Adams,2020.0,79.6,0.185,0.723,0.315,Yes,Income,13.2,0.0,45347.0
250173371021,,2175.0,79.6,0.245,0.512,0.0,No,,,,
250235107003,Brockton,827.0,79.6,0.0,1.0,0.0,Yes,"Minority, income and English isolation",67.7,30.0,39020.0
250235211021,,1521.0,79.6,0.673,0.673,0.0,No,,,,
250173872013,,1002.0,79.6,0.166,0.874,0.0,No,,,,
250250006041,Boston,1519.0,79.6,0.824,0.85,0.0,Yes,Minority and income,49.7,22.5,50869.0
250010118023,,1520.0,79.5,0.381,0.502,0.285,No,,,,
250092503001,Lawrence,1931.0,79.5,0.606,0.833,0.0,Yes,"Minority, income and English isolation",95.9,37.2,41172.0
250251603002,Chelsea,2025.0,79.5,0.282,0.881,0.0,Yes,Minority and income,42.5,17.7,51429.0
250235012031,,1057.0,79.5,0.257,0.677,0.345,No,,,,
250173171014,,1562.0,79.5,0.375,0.514,0.0,No,,,,
250092604013,,822.0,79.4,0.049,0.875,0.0,No,,,,
250277092043,Leominster,1802.0,79.4,0.356,0.685,0.134,Yes,Minority,30.4,0.0,87559.0
250277544001,,1169.0,79.4,0.367,0.401,0.064,No,,,,
250010101004,,729.0,79.4,0.0,0.775,0.0,No,,,,
250092684002,,1459.0,79.4,0.0,0.827,0.0,No,,,,
250056526001,New Bedford,1406.0,79.4,0.0,0.802,0.0,Yes,Minority and income,54.0,21.1,45982.0
250039241002,Stockbridge,842.0,79.4,0.328,0.712,0.619,Yes,Income,8.8,0.0,31875.0
250235241023,,1050.0,79.4,0.477,0.497,0.0,No,,,,
250138131012,,1409.0,79.3,0.476,0.82,0.1,No,,,,
250138138013,,1416.0,79.3,0.08,0.841,1.0,No,,,,
250173872012,,1015.0,79.3,0.242,0.508,0.338,No,,,,
250214113011,,3505.0,79.2,0.149,0.736,0.383,No,,,,
250277381001,,1165.0,79.2,0.248,0.368,0.539,No,,,,
250214421012,,2128.0,79.2,0.1,0.912,0.0,No,,,,
250250910011,Boston,645.0,79.2,0.0,1.0,0.0,Yes,Minority and English isolation,79.8,42.4,0.0
250056418002,Fall River,1566.0,79.2,0.211,0.629,0.0,Yes,Income,22.0,11.6,54402.0
250250915003,Boston,922.0,79.2,0.0,1.0,0.0,Yes,Minority and income,92.1,18.1,45000.0
250173154031,,697.0,79.2,0.287,0.823,0.158,No,,,,
250235011013,,808.0,79.1,0.645,0.645,0.0,No,,,,
250173324012,,2453.0,79.1,0.271,0.637,0.0,No,,,,
250251703022,Revere,1355.0,79.1,0.512,0.512,0.0,Yes,Minority,61.1,16.4,85865.0
250092532012,,1806.0,79.1,0.527,0.535,0.0,No,,,,
250138126003,,2662.0,79.1,0.094,0.719,0.021,No,,,,
250214182012,Quincy,1995.0,79.1,0.0,0.96,0.0,Yes,Minority,44.4,6.2,97500.0
250173687001,Waltham,1321.0,79.0,0.0,1.0,0.0,Yes,Minority,57.6,3.3,96042.0
250214131003,,1301.0,79.0,0.08,0.626,0.365,No,,,,
250250005062,Boston,1417.0,79.0,0.0,0.905,0.0,Yes,Minority,30.6,6.3,99038.0
250277262003,Spencer,1800.0,79.0,0.734,0.734,0.178,Yes,Income,20.8,0.0,37448.0
250250915002,Boston,1740.0,78.9,0.0,0.995,0.0,Yes,Minority and English isolation,93.3,26.0,59886.0
250173621001,,2749.0,78.9,0.094,0.68,1.0,No,,,,
250173312001,,2424.0,78.9,0.418,0.578,0.0,No,,,,
250092054002,,1645.0,78.9,0.532,0.532,0.0,No,,,,
250173823004,,1559.0,78.9,0.298,0.371,0.257,No,,,,
250214196011,Braintree,1600.0,78.8,0.44,0.486,0.729,Yes,Minority,39.6,3.4,153906.0
250277074002,Gardner,1196.0,78.8,0.0,0.743,0.0,Yes,Income,17.5,0.0,50074.0
250173353023,,862.0,78.8,0.099,0.692,0.0,No,,,,
250010120012,,1590.0,78.8,0.373,0.373,0.0,No,,,,
250173612003,Concord,620.0,78.8,0.409,0.409,0.0,Yes,Minority,71.0,0.0,159661.0
250056102042,Mansfield,2023.0,78.8,0.006,0.791,0.0,Yes,Minority,24.8,0.0,73080.0
250214226002,,893.0,78.8,0.791,0.791,0.39,No,,,,
250214222022,,800.0,78.8,0.208,0.622,0.18,No,,,,
250277401023,,1625.0,78.8,0.263,0.507,0.076,No,,,,
250173271012,,1779.0,78.7,0.312,0.601,0.289,No,,,,
250277511014,,1714.0,78.7,0.074,0.66,0.604,No,,,,
250173381002,,1667.0,78.7,0.042,0.482,0.0,No,,,,
250173331001,,909.0,78.7,0.002,0.611,0.0,No,,,,
250092681001,,762.0,78.6,0.477,0.477,0.381,No,,,,
250173142002,Dracut,1614.0,78.6,0.282,0.386,0.0,Yes,Minority,27.7,0.0,72402.0
250277492002,,1284.0,78.6,0.2,0.762,0.0,No,,,,
250039215001,North Adams,915.0,78.6,0.34,0.614,0.283,Yes,Income,10.8,0.0,51746.0
250277501002,,2743.0,78.6,0.4,0.563,0.0,No,,,,
250277211041,,2107.0,78.6,0.19,0.618,0.248,No,,,,
250092201011,,760.0,78.6,0.081,0.753,0.067,No,,,,
250039001002,Pittsfield,842.0,78.6,0.0,0.873,0.0,Yes,Minority and income,41.8,3.3,28094.0
250092232002,,1514.0,78.6,0.633,0.633,0.0,No,,,,
250235309033,,2111.0,78.6,0.03,0.718,0.749,No,,,,
250138127022,Westfield,1169.0,78.6,0.668,0.668,0.0,Yes,Minority and income,37.8,14.0,36652.0
250214042013,,996.0,78.6,0.298,0.79,0.0,No,,,,
250010103042,Eastham,889.0,78.5,0.215,0.672,0.628,Yes,Income,14.8,0.0,46806.0
250277424013,,2130.0,78.5,0.228,0.672,0.169,No,,,,
250092042001,Salem,1246.0,78.5,0.627,0.627,0.0,Yes,Minority and income,38.3,1.8,25587.0
250173508002,Somerville,1031.0,78.5,0.0,1.0,0.0,Yes,Minority,25.3,1.3,159167.0
250214564012,Stoughton,1774.0,78.5,0.037,0.467,0.222,Yes,Minority,28.6,5.4,111250.0
250173164005,Billerica,1929.0,78.5,0.253,0.522,0.021,Yes,Minority,27.3,0.0,122927.0
250214021012,,1327.0,78.5,0.109,0.886,0.0,No,,,,
250173550003,Cambridge,937.0,78.5,0.017,1.0,0.0,Yes,Minority,35.2,1.9,103750.0
250158216021,,950.0,78.4,0.0,0.858,0.0,No,,,,
250214131004,Norwood,1194.0,78.4,0.72,0.86,0.0,Yes,Minority,35.4,5.7,73750.0
250092063001,Lynn,1220.0,78.4,0.0,0.917,0.0,Yes,Minority,88.4,10.1,98438.0
250010126023,Barnstable,1284.0,78.4,0.0,0.719,0.0,Yes,Minority,50.1,4.6,58631.0
250092662002,,1911.0,78.4,0.0,0.793,0.028,No,,,,
250173871001,,991.0,78.3,0.299,0.474,0.383,No,,,,
250173651003,,2454.0,78.3,0.104,0.657,0.099,No,,,,
250214171002,Quincy,860.0,78.3,0.0,0.992,0.0,Yes,Minority,38.3,14.8,111250.0
250173612005,,1061.0,78.3,0.153,0.767,0.0,No,,,,
250056111011,,3312.0,78.2,0.169,0.764,0.163,No,,,,
250056102033,,2175.0,78.2,0.162,0.682,0.0,No,,,,
250235022001,,1230.0,78.2,0.489,0.815,0.482,No,,,,
250235108001,Brockton,877.0,78.2,0.176,0.513,0.0,Yes,Minority and English isolation,92.9,31.8,0.0
250010129002,,1501.0,78.1,0.181,0.494,0.0,No,,,,
250235101001,Brockton,1513.0,78.1,0.024,0.892,0.0,Yes,Minority,44.5,5.9,67120.0
250173223004,,1449.0,78.1,0.0,0.86,0.018,No,,,,
250056413001,Fall River,824.0,78.1,0.028,1.0,0.0,Yes,"Minority, income and English isolation",67.4,52.1,25649.0
250010133003,,1390.0,78.1,0.488,0.618,0.0,No,,,,
250056171021,,1901.0,78.1,0.298,0.655,0.975,No,,,,
250092172021,,991.0,78.0,0.0,0.806,0.0,No,,,,
250214197001,Braintree,2025.0,78.0,0.0,0.704,0.0,Yes,Minority,36.8,4.7,116500.0
250277091001,,1938.0,78.0,0.018,0.498,0.587,No,,,,
250259810001,,11.0,78.0,0.0,0.604,0.0,No,,,,
250250911004,Boston,679.0,77.9,0.0,0.908,0.0,Yes,Minority,66.7,4.8,104600.0
250173702023,,956.0,77.9,0.0,1.0,0.0,No,,,,
250214025002,,1209.0,77.9,0.211,0.364,0.0,No,,,,
250277315003,Worcester,1418.0,77.9,0.0,0.933,0.0,Yes,Minority and income,79.9,4.2,39240.0
250173541002,Cambridge,1744.0,77.9,0.0,0.959,0.0,Yes,Minority,28.7,1.8,135114.0
250235453003,,693.0,77.9,0.0,0.448,0.043,No,,,,
250092114012,,1319.0,77.9,0.316,0.393,0.0,No,,,,
250214081043,,2348.0,77.9,0.002,0.611,0.202,No,,,,
250214113024,,1479.0,77.9,0.396,0.51,0.19,No,,,,
250056407003,,632.0,77.9,0.198,0.198,0.0,No,,,,
250235041012,,1650.0,77.8,0.017,0.677,0.0,No,,,,
250138103002,,1815.0,77.8,0.391,0.668,0.569,No,,,,
250092532033,,1582.0,77.8,0.109,0.488,0.0,No,,,,
250173509003,,1344.0,77.8,0.0,1.0,0.0,No,,,,
250173271011,,1884.0,77.8,0.347,0.615,0.311,No,,,,
250173733001,,892.0,77.8,0.707,0.707,0.0,No,,,,
250173425012,Everett,2449.0,77.8,0.006,0.85,0.0,Yes,Minority and income,69.0,4.0,55182.0
250092033023,,1236.0,77.8,0.0,0.825,0.0,No,,,,
250235421021,,2659.0,77.7,0.211,0.499,0.446,No,,,,
250214212003,Holbrook,1340.0,77.7,0.433,0.536,0.695,Yes,Minority,29.7,0.0,93269.0
250010144023,,2626.0,77.7,0.279,0.538,0.0,No,,,,
250173311011,,1388.0,77.7,0.099,0.767,0.027,No,,,,
250235107001,Brockton,1647.0,77.7,0.0,0.886,0.0,Yes,Minority and income,83.3,4.6,48363.0
250214191002,,26.0,77.7,0.0,0.541,0.0,No,,,,
250173142001,Dracut,1720.0,77.6,0.395,0.677,0.043,Yes,Minority,27.0,8.0,58952.0
250010103061,,1115.0,77.6,0.333,0.562,0.829,No,,,,
250173631043,,1942.0,77.6,0.311,0.594,0.425,No,,,,
250173321002,,2246.0,77.6,0.107,0.405,0.032,No,,,,
250235101002,Brockton,1167.0,77.5,0.0,0.746,0.0,Yes,Minority,43.5,0.0,98487.0
250010137002,,731.0,77.5,0.043,0.447,0.286,No,,,,
250092105004,,1358.0,77.5,0.114,0.856,0.0,No,,,,
250092064001,Lynn,1228.0,77.5,0.0,0.903,0.0,Yes,"Minority, income and English isolation",84.3,32.4,46591.0
250092501001,Lawrence,959.0,77.5,0.244,0.817,0.0,Yes,"Minority, income and English isolation",88.7,40.1,12156.0
250277551001,,1655.0,77.5,0.464,0.464,0.204,No,,,,
250092021012,,714.0,77.4,0.0,0.999,0.0,No,,,,
250250006014,Boston,1016.0,77.4,0.724,0.724,0.0,Yes,Minority,43.4,5.8,106607.0
250056505003,New Bedford,1475.0,77.4,0.0,0.372,0.0,Yes,Minority and income,36.2,10.7,47112.0
250214002022,Brookline,1851.0,77.4,0.0,0.824,0.0,Yes,Minority,40.6,6.2,144167.0
250173181004,Westford,2307.0,77.4,0.007,0.731,0.625,Yes,Minority,41.4,1.8,168750.0
250056531014,,1448.0,77.4,0.259,0.607,0.0,No,,,,
250173172021,,1418.0,77.4,0.038,0.453,0.0,No,,,,
250173510022,,1174.0,77.3,0.0,1.0,0.0,No,,,,
250173509002,,1312.0,77.3,0.0,1.0,0.0,No,,,,
250173509001,,875.0,77.3,0.0,1.0,0.0,No,,,,
250214061021,,2135.0,77.3,0.0,0.566,0.044,No,,,,
250056151004,,956.0,77.3,0.184,0.772,0.853,No,,,,
250173224001,,1790.0,77.3,0.317,0.317,0.0,No,,,,
250092033021,,1268.0,77.3,0.0,0.976,0.0,No,,,,
250251403004,Boston,753.0,77.3,0.0,0.898,0.0,Yes,Minority,85.7,0.0,150823.0
250277544002,,998.0,77.2,0.633,0.633,0.2,No,,,,
250214561022,Stoughton,2226.0,77.2,0.211,0.518,0.0,Yes,Minority,39.9,1.0,95058.0
250277307004,Worcester,2140.0,77.2,0.655,0.66,0.0,Yes,Minority,36.8,5.5,81708.0
250173661003,,859.0,77.2,0.495,0.498,0.0,No,,,,
250235031011,,2218.0,77.2,0.404,0.601,0.0,No,,,,
250214003001,Brookline,1055.0,77.1,0.0,1.0,0.0,Yes,Minority,29.4,0.0,153438.0
250250007044,Boston,1077.0,77.1,0.0,1.0,0.0,Yes,Minority and income,61.5,22.5,44941.0
250277161022,Clinton,1222.0,77.1,0.446,0.772,0.0,Yes,Minority,42.5,0.0,61361.0
250277481002,,1331.0,77.1,0.087,0.482,1.0,No,,,,
250277095023,Leominster,1990.0,77.1,0.469,0.482,0.0,Yes,Minority,31.0,0.0,56554.0
250277073002,Gardner,1829.0,77.1,0.0,0.584,0.0,Yes,Income,18.4,1.2,36219.0
250250007041,Boston,1814.0,77.1,0.0,1.0,0.0,Yes,Minority,46.8,6.1,65078.0
250250007043,Boston,1122.0,77.1,0.0,1.0,0.0,Yes,Minority,43.9,5.3,71464.0
250250007032,Boston,1397.0,77.1,0.0,1.0,0.0,Yes,Minority and income,44.6,7.2,52738.0
250092065002,Lynn,1473.0,77.1,0.0,0.751,0.0,Yes,"Minority, income and English isolation",84.5,40.0,44063.0
250214091012,,942.0,77.1,0.324,0.779,0.666,No,,,,
250056501011,,1772.0,77.0,0.0,0.287,0.0,No,,,,
250173322024,Burlington,776.0,77.0,0.134,0.45,0.0,Yes,Minority,26.3,0.0,103788.0
250214197002,Braintree,2691.0,77.0,0.027,0.597,0.0,Yes,Minority,28.5,0.5,155820.0
250214152021,,1740.0,77.0,0.417,0.437,0.348,No,,,,
250072002003,,2098.0,77.0,0.315,0.568,0.388,No,,,,
250092045003,,915.0,77.0,0.0,1.0,0.0,No,,,,
250214201022,Randolph,1605.0,77.0,0.048,0.71,0.0,Yes,Minority,67.4,7.6,88048.0
250173164004,,1773.0,76.9,0.287,0.589,0.0,No,,,,
250173688005,Waltham,1179.0,76.9,0.0,1.0,0.0,Yes,Minority,59.6,10.5,90360.0
250173201064,,1299.0,76.9,0.016,0.509,0.276,No,,,,
250158202061,,1323.0,76.9,0.004,0.696,1.0,No,,,,
250235308011,,3629.0,76.9,0.184,0.551,0.108,No,,,,
250173115002,Lowell,1275.0,76.8,0.0,1.0,0.0,Yes,Minority,66.6,7.8,81111.0
250235441004,,1084.0,76.8,0.145,0.613,1.0,No,,,,
250056002033,,1380.0,76.8,0.0,0.711,0.0,No,,,,
250173115001,Lowell,944.0,76.8,0.0,1.0,0.0,Yes,Minority,68.8,0.0,89881.0
250092083021,Saugus,1201.0,76.8,0.0,0.681,0.313,Yes,English isolation,21.1,27.3,78984.0
250235105051,Brockton,1996.0,76.8,0.093,0.494,0.0,Yes,Minority and income,75.3,20.0,52674.0
250277097014,Leominster,1177.0,76.7,0.248,0.37,0.032,Yes,Minority,25.8,0.0,110833.0
250010120014,,1422.0,76.7,0.582,0.583,0.0,No,,,,
250214422032,,2583.0,76.7,0.428,0.43,0.0,No,,,,
250250101041,Boston,1398.0,76.6,0.0,0.892,0.0,Yes,Minority,29.1,0.0,90917.0
250214171001,Quincy,776.0,76.6,0.0,0.971,0.0,Yes,Minority,61.9,13.2,187625.0
250214564021,Stoughton,930.0,76.6,0.334,0.681,0.934,Yes,Minority,27.1,0.0,131906.0
250173361005,,1524.0,76.5,0.0,0.885,0.0,No,,,,
250277442023,,898.0,76.5,0.322,0.383,0.0,No,,,,
250010120021,Yarmouth,1224.0,76.5,0.196,0.707,0.284,Yes,Minority,26.8,7.7,55880.0
250251101042,Boston,1357.0,76.5,0.0,0.733,0.0,Yes,Minority and English isolation,91.2,29.7,57583.0
250235117012,Brockton,1696.0,76.5,0.104,0.536,0.0,Yes,Minority,53.5,7.8,60833.0
250250511012,Boston,1831.0,76.4,0.0,0.747,0.0,Yes,"Minority, income and English isolation",68.2,28.9,48707.0
250277613002,,1102.0,76.4,0.0,0.592,0.475,No,,,,
250173836002,Framingham,722.0,76.4,0.051,0.051,0.014,Yes,Minority,83.1,10.0,75805.0
250010135001,,1721.0,76.4,0.131,0.525,0.488,No,,,,
250277491002,,2824.0,76.4,0.292,0.582,0.421,No,,,,
250173823001,,827.0,76.4,0.276,0.276,0.0,No,,,,
250173861002,,1939.0,76.3,0.161,0.515,0.927,No,,,,
250173398043,Medford,1030.0,76.3,0.787,0.787,0.0,Yes,Minority,43.8,23.2,91923.0
250056171011,,2391.0,76.3,0.149,0.555,0.997,No,,,,
250056151005,,2807.0,76.3,0.276,0.505,0.771,No,,,,
250277441022,,1283.0,76.3,0.0,0.568,0.098,No,,,,
250173354001,,1893.0,76.3,0.245,0.324,0.0,No,,,,
250056404002,Fall River,935.0,76.3,0.0,1.0,0.0,Yes,Income,24.1,21.9,26951.0
250214231011,,1292.0,76.3,0.12,0.762,0.0,No,,,,
250277611003,Warren,982.0,76.3,0.489,0.573,0.226,Yes,Income,12.8,0.0,48711.0
250173684006,Waltham,1429.0,76.2,0.289,0.373,0.0,Yes,Minority,47.6,4.3,87574.0
250277574002,Southbridge,662.0,76.2,0.0,0.222,0.0,Yes,Minority,28.2,0.0,73558.0
250138134041,,2213.0,76.2,0.004,0.526,0.075,No,,,,
250173321003,,1218.0,76.2,0.0,0.839,0.0,No,,,,
250092102003,,2111.0,76.1,0.011,0.523,0.0,No,,,,
250010118021,,844.0,76.1,0.249,0.319,0.098,No,,,,
250235081023,,1078.0,76.1,0.157,0.485,0.731,No,,,,
250277105001,Fitchburg,1035.0,76.1,0.0,0.861,0.0,Yes,Minority and income,57.8,5.8,54750.0
250251301015,,1148.0,76.1,0.362,0.771,0.0,No,,,,
250092161003,,2077.0,76.1,0.013,0.43,0.901,No,,,,
250056111012,,1800.0,76.1,0.247,0.64,0.228,No,,,,
250173011012,,1261.0,76.1,0.136,0.613,0.841,No,,,,
250277571002,Southbridge,1620.0,76.0,0.221,0.607,0.0,Yes,Minority and income,40.0,2.7,42045.0
250250008041,Boston,2027.0,76.0,0.612,0.612,0.0,Yes,Minority and income,59.9,13.3,50909.0
250214412031,,2622.0,76.0,0.034,0.534,0.151,No,,,,
250277292001,,803.0,76.0,0.175,0.307,0.0,No,,,,
250214152012,Canton,2613.0,76.0,0.182,0.447,0.577,Yes,Minority,46.0,1.6,106386.0
250173281001,,2044.0,75.9,0.024,0.434,0.968,No,,,,
250235071044,,1006.0,75.9,0.353,0.593,0.594,No,,,,
250277151002,,1264.0,75.9,0.077,0.459,0.905,No,,,,
250010150021,,2835.0,75.9,0.305,0.443,0.014,No,,,,
250138101002,,1122.0,75.8,0.282,0.631,0.424,No,,,,
250173688004,Waltham,995.0,75.8,0.0,0.863,0.0,Yes,Minority,39.7,2.0,96660.0
250277101002,Fitchburg,685.0,75.8,0.332,0.799,0.0,Yes,Minority and income,62.9,0.0,41800.0
250250007031,Boston,1045.0,75.8,0.0,0.953,0.0,Yes,Minority and income,54.4,4.0,34871.0
250173852032,Ashland,1811.0,75.8,0.525,0.525,0.0,Yes,Minority,28.9,2.7,89760.0
250235422003,,1728.0,75.8,0.164,0.334,0.0,No,,,,
250173510013,Somerville,1942.0,75.7,0.416,0.832,0.0,Yes,Minority,27.0,0.0,134500.0
250173504004,,1491.0,75.7,0.0,0.86,0.0,No,,,,
250173119002,Lowell,1503.0,75.7,0.051,0.051,0.0,Yes,Minority and income,61.5,23.9,13750.0
250214151032,Canton,2486.0,75.7,0.108,0.695,0.18,Yes,Minority,28.3,9.7,113750.0
250173141025,,1359.0,75.7,0.37,0.37,0.0,No,,,,
250277107002,Fitchburg,1064.0,75.7,0.0,0.924,0.0,Yes,Minority and income,55.8,13.2,20216.0
250092047022,Salem,915.0,75.7,0.23,0.23,0.0,Yes,Minority,29.8,0.0,96250.0
250173689012,,814.0,75.7,0.0,0.628,0.0,No,,,,
250235441002,,1511.0,75.7,0.35,0.591,0.966,No,,,,
250173172012,,1504.0,75.7,0.18,0.595,0.0,No,,,,
250214071012,,1742.0,75.7,0.264,0.424,0.059,No,,,,
250173611004,,1370.0,75.6,0.0,0.75,0.144,No,,,,
250214564023,Stoughton,2383.0,75.6,0.203,0.536,0.193,Yes,Minority,28.5,0.5,134250.0
250250305003,,825.0,75.6,0.0,0.0,0.0,No,,,,
250250304001,,599.0,75.6,0.0,0.0,0.0,No,,,,
250250304004,,1558.0,75.6,0.0,0.0,0.0,No,,,,
250235232032,,2791.0,75.6,0.226,0.619,0.176,No,,,,
250251202011,Boston,1287.0,75.6,0.0,0.714,0.0,Yes,Minority,32.3,8.1,98598.0
250039201011,,732.0,75.6,0.141,0.416,0.311,No,,,,
250250303012,,282.0,75.6,0.0,0.0,0.0,No,,,,
250250302001,,825.0,75.6,0.0,0.0,0.0,No,,,,
250250304003,Boston,978.0,75.6,0.0,0.0,0.0,Yes,English isolation,13.7,28.9,72335.0
250250304002,,1025.0,75.6,0.0,0.0,0.0,No,,,,
250250305002,,1067.0,75.6,0.0,0.0,0.0,No,,,,
250173363001,,969.0,75.6,0.0,0.499,0.0,No,,,,
250092084011,Saugus,1320.0,75.5,0.0,0.883,0.0,Yes,Minority,25.2,0.0,130682.0
250110404002,,1467.0,75.5,0.049,0.698,0.774,No,,,,
250173322023,Burlington,2461.0,75.5,0.0,0.485,0.502,Yes,Minority,56.0,8.3,94725.0
250173372023,,1618.0,75.5,0.467,0.471,0.0,No,,,,
250235611002,,909.0,75.5,0.475,0.534,0.006,No,,,,
250235112003,Brockton,1390.0,75.5,0.0,0.55,0.0,Yes,Minority and income,79.1,20.1,31563.0
250277271002,,3251.0,75.4,0.16,0.594,0.402,No,,,,
250251402012,Boston,1104.0,75.4,0.0,0.943,0.0,Yes,Minority,59.1,0.6,109500.0
250277031002,Athol,1275.0,75.4,0.467,0.616,0.0,Yes,Income,18.4,1.6,48576.0
250235061023,,1476.0,75.4,0.001,0.593,0.0,No,,,,
250277511022,,1363.0,75.4,0.105,0.547,0.935,No,,,,
250277161024,Clinton,1310.0,75.4,0.0,0.649,0.0,Yes,Minority,24.9,2.0,81757.0
250214121003,,2414.0,75.4,0.0,0.46,0.0,No,,,,
250250606041,Boston,1814.0,75.4,0.0,0.418,0.0,Yes,Minority,24.8,0.7,243719.0
250214572005,,742.0,75.4,0.375,0.375,0.0,No,,,,
250173131013,,1022.0,75.4,0.102,0.407,1.0,No,,,,
250277402001,,901.0,75.3,0.0,0.191,0.0,No,,,,
250277581011,,1684.0,75.3,0.117,0.499,0.781,No,,,,
250092661005,,1278.0,75.3,0.063,0.442,0.625,No,,,,
250056002021,,2914.0,75.3,0.115,0.508,0.0,No,,,,
250214025003,,1632.0,75.3,0.001,0.528,0.0,No,,,,
250173652014,,1373.0,75.3,0.367,0.41,0.0,No,,,,
250277352001,Leicester,1271.0,75.3,0.318,0.411,0.568,Yes,Minority,26.0,0.0,103021.0
250235061025,Marshfield,633.0,75.2,0.608,0.613,0.0,Yes,Income,7.0,0.0,42222.0
250277471021,,1915.0,75.2,0.191,0.572,0.405,No,,,,
250214001003,Boston,777.0,75.2,0.0,0.281,0.0,Yes,Minority,35.1,0.0,147353.0
250277081005,,1307.0,75.2,0.033,0.616,0.604,No,,,,
250277401013,,1852.0,75.2,0.106,0.575,0.77,No,,,,
250173106013,Lowell,813.0,75.1,0.445,0.445,0.0,Yes,Minority,44.2,6.0,79464.0
250173689022,Waltham,751.0,75.1,0.0,0.475,0.0,Yes,"Minority, income and English isolation",51.4,28.0,54000.0
250250305001,,823.0,75.1,0.0,0.0,0.0,No,,,,
250214421042,,2575.0,75.1,0.043,0.29,0.0,No,,,,
250277382021,,2380.0,75.0,0.119,0.66,0.126,No,,,,
250173567044,Arlington,816.0,75.0,0.0,0.557,0.0,Yes,Minority,39.2,8.9,63897.0
250010107003,,896.0,75.0,0.115,0.528,0.025,No,,,,
250010153002,Barnstable,1350.0,75.0,0.221,0.64,0.008,Yes,Minority and income,42.1,11.5,26339.0
250173415005,Malden,1291.0,75.0,0.0,0.0,0.0,Yes,Minority and English isolation,73.1,29.6,62614.0
250173415001,Malden,1087.0,75.0,0.0,0.0,0.0,Yes,Minority,63.1,4.8,98065.0
250173415002,Malden,831.0,75.0,0.0,0.0,0.0,Yes,Minority and English isolation,72.1,40.1,105857.0
250056527001,New Bedford,881.0,75.0,0.0,0.004,0.0,Yes,Minority and income,65.6,8.4,36615.0
250173611003,,842.0,75.0,0.55,0.58,0.0,No,,,,
250235452003,,1903.0,75.0,0.231,0.523,0.042,No,,,,
250056527002,New Bedford,1049.0,75.0,0.0,0.0,0.0,Yes,"Minority, income and English isolation",53.0,38.2,17000.0
250173652012,,1364.0,75.0,0.008,0.537,0.0,No,,,,
250092091005,,2229.0,75.0,0.03,0.571,0.0,No,,,,
250173824003,,1528.0,74.9,0.0,0.68,0.0,No,,,,
250092102002,,1823.0,74.9,0.282,0.491,0.146,No,,,,
250010145001,,1645.0,74.9,0.234,0.577,0.149,No,,,,
250056151003,,1491.0,74.9,0.0,0.512,0.682,No,,,,
250173336021,Woburn,1838.0,74.9,0.087,0.087,0.0,Yes,Minority,58.5,0.0,79337.0
250173684005,Waltham,2333.0,74.9,0.067,0.238,0.0,Yes,Minority,41.3,0.0,104667.0
250173105002,Lowell,1308.0,74.9,0.0,0.935,0.0,Yes,Minority,54.4,2.8,62386.0
250092515004,Lawrence,1280.0,74.9,0.746,0.746,0.0,Yes,Minority,84.5,0.0,72083.0
250173152003,,1660.0,74.9,0.233,0.636,0.783,No,,,,
250010144021,,2253.0,74.9,0.206,0.612,0.052,No,,,,
250173119001,Lowell,1559.0,74.9,0.0,0.0,0.0,Yes,Minority and English isolation,64.1,45.3,67982.0
250214221001,,1158.0,74.8,0.266,0.321,0.199,No,,,,
250010146002,Falmouth,1299.0,74.8,0.179,0.538,0.0,Yes,Income,18.4,0.0,53571.0
250092114011,,1961.0,74.8,0.0,0.617,0.0,No,,,,
250173364021,Melrose,998.0,74.8,0.0,0.63,0.0,Yes,Minority,25.8,0.0,92981.0
250173120001,Lowell,1451.0,74.8,0.0,0.0,0.0,Yes,Minority and income,61.8,10.1,43224.0
250173101012,Lowell,816.0,74.8,0.0,0.0,0.0,Yes,Minority and income,47.7,21.2,18616.0
250173851023,Ashland,2063.0,74.8,0.038,0.658,0.44,Yes,Minority,26.4,1.0,136154.0
250092201021,,1868.0,74.8,0.408,0.573,0.276,No,,,,
250173101013,Lowell,974.0,74.8,0.0,0.0,0.0,Yes,Minority,38.3,5.7,86103.0
250251704004,Revere,447.0,74.8,0.0,0.929,0.0,Yes,Minority and English isolation,48.5,41.0,71687.0
250235401013,,1589.0,74.7,0.0,0.545,0.452,No,,,,
250092113004,,1090.0,74.7,0.033,0.166,0.0,No,,,,
250277303003,Worcester,1146.0,74.7,0.0,0.0,0.0,Yes,Minority,25.5,4.4,87625.0
250092121022,,2279.0,74.7,0.218,0.389,0.201,No,,,,
250277541004,Webster,1741.0,74.7,0.15,0.577,0.234,Yes,Income,21.8,0.0,55208.0
250056122011,,2568.0,74.7,0.23,0.574,0.403,No,,,,
250214043022,,725.0,74.7,0.011,0.653,0.0,No,,,,
250158202052,,3374.0,74.7,0.166,0.627,0.919,No,,,,
250173173012,Chelmsford,704.0,74.6,0.644,0.644,0.0,Yes,Minority,36.5,0.0,84896.0
250214176023,Quincy,2160.0,74.6,0.0,0.772,0.0,Yes,Minority and income,53.2,21.0,46250.0
250173261011,,1193.0,74.6,0.246,0.444,0.395,No,,,,
250092607001,Haverhill,2420.0,74.6,0.569,0.569,0.0,Yes,Minority,47.8,4.1,58843.0
250173323001,,1279.0,74.6,0.069,0.353,0.0,No,,,,
250092047012,Salem,1352.0,74.6,0.0,0.743,0.175,Yes,Minority,62.9,5.6,71389.0
250173567033,,780.0,74.6,0.0,0.719,0.0,No,,,,
250173271023,,1623.0,74.6,0.011,0.764,0.004,No,,,,
250092544022,,2856.0,74.6,0.123,0.465,0.0,No,,,,
250056171022,,2395.0,74.6,0.096,0.594,0.991,No,,,,
250173682003,Waltham,741.0,74.6,0.101,0.497,0.031,Yes,Minority,26.5,0.0,162689.0
250250915001,Boston,1926.0,74.5,0.0,0.936,0.0,Yes,Minority,77.6,21.7,55357.0
250173731004,,913.0,74.5,0.173,0.723,0.0,No,,,,
250173861001,,989.0,74.5,0.32,0.553,1.0,No,,,,
250214122002,,2172.0,74.5,0.14,0.529,0.0,No,,,,
250214142004,,2447.0,74.5,0.132,0.342,0.483,No,,,,
250092112022,,2052.0,74.5,0.7,0.7,0.0,No,,,,
250092661002,,873.0,74.4,0.194,0.416,0.973,No,,,,
250277091002,,1292.0,74.4,0.011,0.151,0.783,No,,,,
250110409004,,668.0,74.4,0.516,0.516,0.0,No,,,,
250235110001,Brockton,1737.0,74.4,0.288,0.509,0.0,Yes,Minority,80.7,10.8,66129.0
250173152002,,3107.0,74.4,0.137,0.375,0.21,No,,,,
250173120002,Lowell,1596.0,74.4,0.0,0.0,0.0,Yes,Minority,67.4,21.2,65167.0
250092047021,Salem,1082.0,74.4,0.052,0.326,0.031,Yes,Minority and income,34.7,0.0,54602.0
250173672001,,1428.0,74.3,0.143,0.448,0.153,No,,,,
250277074003,,1061.0,74.3,0.038,0.643,0.172,No,,,,
250277552012,,2120.0,74.3,0.355,0.508,0.668,No,,,,
250277581033,,1525.0,74.3,0.381,0.422,0.82,No,,,,
250173372024,,1158.0,74.3,0.111,0.111,0.0,No,,,,
250173508001,Somerville,1045.0,74.3,0.0,0.931,0.0,Yes,Minority,27.8,0.0,156667.0
250235308022,,669.0,74.3,0.0,0.594,0.0,No,,,,
250251007003,,724.0,74.2,0.0,0.788,0.0,No,,,,
250092501002,Lawrence,2794.0,74.2,0.0,0.549,0.0,Yes,"Minority, income and English isolation",82.2,40.5,35327.0
250056523002,New Bedford,1079.0,74.2,0.0,0.499,0.0,Yes,Minority and income,51.6,16.6,27941.0
250214142003,,1326.0,74.2,0.096,0.214,0.269,No,,,,
250173662011,,2720.0,74.2,0.287,0.519,0.114,No,,,,
250056136001,Taunton,1839.0,74.2,0.018,0.571,0.218,Yes,Minority and income,34.7,4.8,54531.0
250251703021,Revere,1184.0,74.2,0.429,0.429,0.0,Yes,Minority,50.6,9.3,120446.0
250173838003,,910.0,74.2,0.0,0.359,0.0,No,,,,
250092046004,Salem,1116.0,74.2,0.0,0.897,0.0,Yes,Minority,24.6,3.8,106090.0
250173152004,,2262.0,74.2,0.398,0.63,0.137,No,,,,
250092151012,,1169.0,74.2,0.106,0.488,0.381,No,,,,
250173183002,,3017.0,74.2,0.028,0.401,0.0,No,,,,
250092047013,Salem,1775.0,74.1,0.448,0.448,0.0,Yes,Minority and English isolation,52.5,45.0,76852.0
250092176022,,975.0,74.1,0.563,0.563,0.0,No,,,,
250092621003,Merrimac,1278.0,74.1,0.249,0.663,0.297,Yes,Income,7.8,0.0,49583.0
250173103004,Lowell,1029.0,74.1,0.0,0.0,0.0,Yes,Minority,61.0,0.0,0.0
250277531002,,1031.0,74.1,0.335,0.471,1.0,No,,,,
250251404006,Boston,1645.0,74.1,0.188,0.658,0.0,Yes,Minority,92.0,18.6,76226.0
250173335012,,2527.0,74.1,0.176,0.308,0.0,No,,,,
250056401005,Fall River,1616.0,74.1,0.21,0.566,0.074,Yes,Income,13.3,13.5,47125.0
250010129003,,1707.0,74.1,0.07,0.492,0.0,No,,,,
250173344004,,1985.0,74.0,0.613,0.613,0.043,No,,,,
250214034004,,1452.0,74.0,0.0,0.262,0.0,No,,,,
250173826024,Natick,1097.0,74.0,0.699,0.699,0.0,Yes,Minority and English isolation,30.4,25.6,105972.0
250092661001,,762.0,74.0,0.544,0.617,0.232,No,,,,
250214177041,Quincy,1931.0,74.0,0.0,0.0,0.0,Yes,Minority,40.7,8.5,86058.0
250056401003,Fall River,732.0,74.0,0.439,0.439,0.0,Yes,Minority,25.4,17.6,81893.0
250277331022,Worcester,1657.0,73.9,0.0,0.677,0.0,Yes,Minority,41.9,7.6,74712.0
250010121015,,1078.0,73.9,0.258,0.258,0.0,No,,,,
250173872014,,2240.0,73.9,0.136,0.276,0.0,No,,,,
250214563011,Stoughton,1219.0,73.9,0.717,0.717,0.0,Yes,Minority,62.4,20.7,58466.0
250010102062,,1113.0,73.9,0.0,0.611,0.792,No,,,,
250039121004,Dalton,819.0,73.9,0.0,0.846,0.0,Yes,Income,6.7,0.0,50667.0
250010140021,,1050.0,73.9,0.0,0.63,0.23,No,,,,
250173331003,,2239.0,73.9,0.218,0.476,0.0,No,,,,
250277081001,,1666.0,73.8,0.188,0.303,0.455,No,,,,
250010106002,,834.0,73.8,0.004,0.421,0.102,No,,,,
250092102001,,1374.0,73.8,0.232,0.312,0.0,No,,,,
250056161003,,1894.0,73.8,0.308,0.525,1.0,No,,,,
250173631061,Acton,1922.0,73.8,0.632,0.706,0.441,Yes,Minority,56.4,9.9,91970.0
250056131004,,1258.0,73.8,0.036,0.581,0.629,No,,,,
250010137001,,1576.0,73.8,0.0,0.578,0.69,No,,,,
250056332003,,2377.0,73.8,0.06,0.316,0.987,No,,,,
250173505002,,869.0,73.7,0.0,0.626,0.0,No,,,,
250250711014,Boston,659.0,73.7,0.0,0.0,0.0,Yes,Minority,51.4,3.0,88315.0
250056102032,,775.0,73.7,0.0,0.203,0.0,No,,,,
250235071043,,1529.0,73.7,0.155,0.513,0.76,No,,,,
250250711013,Boston,996.0,73.7,0.0,0.0,0.0,Yes,Minority and English isolation,47.6,24.8,64202.0
250250711012,Boston,916.0,73.7,0.0,0.0,0.0,Yes,Minority,73.1,13.0,111528.0
250277110003,Fitchburg,981.0,73.7,0.0,0.514,0.0,Yes,Minority,63.2,2.7,0.0
250251704005,Revere,1294.0,73.7,0.0,0.91,0.0,Yes,Minority,56.0,22.8,105875.0
250250711011,Boston,1540.0,73.7,0.0,0.0,0.0,Yes,Minority,35.8,0.0,108696.0
250056461013,Westport,1320.0,73.7,0.249,0.402,1.0,Yes,Income,4.4,1.9,50434.0
250173851011,Ashland,2869.0,73.7,0.142,0.424,0.399,Yes,Minority,24.7,3.8,151667.0
250056161001,,1966.0,73.7,0.055,0.389,1.0,No,,,,
250092033013,Marblehead,578.0,73.6,0.0,0.0,0.0,Yes,Income,16.4,0.0,48750.0
250277284001,,2322.0,73.6,0.0,0.458,0.166,No,,,,
250277282004,,1443.0,73.6,0.018,0.532,0.0,No,,,,
250173103001,Lowell,1621.0,73.5,0.0,0.014,0.0,Yes,Minority,55.5,8.2,75106.0
250092181004,,2486.0,73.5,0.296,0.607,0.62,No,,,,
250173683002,Waltham,1037.0,73.5,0.0,0.0,0.0,Yes,Minority,48.7,0.0,64138.0
250056102041,,1985.0,73.5,0.116,0.451,0.35,No,,,,
250277303001,Worcester,975.0,73.4,0.0,0.0,0.0,Yes,Minority,39.4,7.8,55733.0
250173851022,Ashland,1387.0,73.4,0.511,0.592,0.0,Yes,Minority and income,27.1,9.8,54500.0
250056122022,,2982.0,73.4,0.152,0.479,0.359,No,,,,
250173661002,,1168.0,73.4,0.174,0.26,0.0,No,,,,
250173701012,Watertown,940.0,73.4,0.0,0.802,0.0,Yes,Minority,25.0,0.0,126167.0
250173224003,,1472.0,73.4,0.23,0.234,0.0,No,,,,
250092521021,,1472.0,73.4,0.0,0.642,0.0,No,,,,
250173213013,Marlborough,1168.0,73.4,0.371,0.371,0.0,Yes,Minority,51.3,2.2,64055.0
250235022004,,1080.0,73.4,0.086,0.674,0.104,No,,,,
250277162002,Clinton,1265.0,73.3,0.215,0.284,0.0,Yes,Minority and income,30.1,5.6,51027.0
250173261013,,2129.0,73.3,0.217,0.49,0.56,No,,,,
250277575004,,1240.0,73.3,0.0,0.54,0.21,No,,,,
250092608001,Haverhill,3078.0,73.3,0.446,0.446,0.0,Yes,Minority and income,64.4,11.0,45000.0
250010131003,,694.0,73.2,0.132,0.259,0.898,No,,,,
250010138002,,1486.0,73.2,0.0,0.468,0.038,No,,,,
250092083011,Saugus,1891.0,73.2,0.0,0.629,0.521,Yes,Income,22.9,4.0,46250.0
250277110001,Fitchburg,1211.0,73.2,0.0,0.673,0.0,Yes,Minority and income,39.8,0.0,45114.0
250235411001,,1960.0,73.2,0.018,0.381,0.941,No,,,,
250092121012,,2126.0,73.2,0.0,0.376,0.71,No,,,,
250250008052,Boston,1136.0,73.1,0.119,0.784,0.0,Yes,Minority and income,57.4,20.6,44643.0
250173687002,Waltham,1363.0,73.1,0.0,0.743,0.0,Yes,Minority and income,62.7,18.3,53900.0
250138104141,Ludlow,2281.0,73.1,0.347,0.359,0.818,Yes,Minority,35.2,0.0,91558.0
250235108006,Brockton,1767.0,73.1,0.0,0.824,0.0,Yes,Minority,85.9,7.9,84595.0
250173746004,,1024.0,73.0,0.029,0.714,0.0,No,,,,
250056504002,New Bedford,1419.0,73.0,0.0,0.042,0.0,Yes,Minority and income,38.1,6.6,48750.0
250214071022,,2174.0,73.0,0.089,0.543,0.053,No,,,,
250277511011,,2538.0,73.0,0.037,0.274,0.317,No,,,,
250072001003,,672.0,73.0,0.31,0.31,0.0,No,,,,
250138136013,,1188.0,73.0,0.185,0.446,0.827,No,,,,
250214061024,,2190.0,73.0,0.053,0.462,0.296,No,,,,
250173121003,Lowell,1116.0,73.0,0.0,0.0,0.0,Yes,Minority,64.7,14.8,73341.0
250173182001,,3331.0,73.0,0.043,0.466,0.301,No,,,,
250110405013,,778.0,73.0,0.0,0.229,0.0,No,,,,
250138138012,,1187.0,72.9,0.254,0.467,1.0,No,,,,
250010143004,,1133.0,72.9,0.0,0.616,0.0,No,,,,
250173571002,Belmont,2447.0,72.9,0.66,0.66,0.0,Yes,Minority,46.5,6.5,100978.0
250010127004,,1393.0,72.9,0.385,0.578,0.019,No,,,,
250010104003,,669.0,72.9,0.247,0.628,0.103,No,,,,
250173603003,,1323.0,72.8,0.198,0.57,0.059,No,,,,
250056102024,,984.0,72.8,0.273,0.295,0.079,No,,,,
250092605003,Haverhill,1297.0,72.8,0.0,0.551,0.0,Yes,Minority,27.4,0.0,62885.0
250251101041,Boston,820.0,72.8,0.0,0.405,0.0,Yes,Minority and income,61.8,5.0,47244.0
250235071032,,1152.0,72.8,0.113,0.767,0.03,No,,,,
250173321004,Burlington,1325.0,72.8,0.0,0.523,0.0,Yes,Minority,29.9,3.6,136435.0
250251101061,Boston,662.0,72.8,0.0,0.604,0.0,Yes,Minority,61.5,6.6,85341.0
250277561021,,3075.0,72.8,0.114,0.485,0.967,No,,,,
250059856003,,2599.0,72.8,0.079,0.39,0.002,No,,,,
250138127013,Westfield,1146.0,72.7,0.632,0.632,0.0,Yes,Minority and income,24.6,4.8,49575.0
250214202023,Randolph,1785.0,72.7,0.273,0.364,0.0,Yes,Minority,76.5,0.0,112375.0
250110408004,Sunderland,1421.0,72.7,0.333,0.371,0.648,Yes,Minority and income,24.8,2.3,41845.0
250138134032,,1263.0,72.7,0.167,0.615,0.0,No,,,,
250092057003,Lynn,1171.0,72.7,0.0,0.234,0.0,Yes,Minority and income,61.1,0.0,53043.0
250277574001,Southbridge,838.0,72.7,0.0,0.387,0.0,Yes,Minority,32.1,2.6,78462.0
250056515002,New Bedford,1077.0,72.7,0.0,0.0,0.0,Yes,Minority,72.7,4.2,82292.0
250056112021,,2822.0,72.7,0.227,0.418,0.349,No,,,,
250092057002,Lynn,1060.0,72.6,0.0,0.309,0.0,Yes,Minority,47.8,0.0,88224.0
250277402002,,1321.0,72.6,0.0,0.017,0.0,No,,,,
250173104003,Lowell,1004.0,72.6,0.0,0.0,0.0,Yes,"Minority, income and English isolation",66.4,32.4,50718.0
250235108005,Brockton,886.0,72.6,0.0,0.312,0.0,Yes,Minority,89.2,0.0,81103.0
250277351002,,1136.0,72.5,0.0,0.416,0.843,No,,,,
250092502002,Lawrence,1587.0,72.5,0.464,0.464,0.0,Yes,Minority and income,92.6,13.6,41765.0
250173141022,Dracut,1683.0,72.5,0.013,0.238,0.011,Yes,Minority,25.7,0.0,65906.0
250277352004,,881.0,72.5,0.0,0.198,0.622,No,,,,
250010102082,,768.0,72.5,0.0,0.722,0.507,No,,,,
250010101003,,642.0,72.5,0.0,0.43,0.215,No,,,,
250173684003,,1458.0,72.5,0.17,0.185,0.069,No,,,,
250214192002,Braintree,888.0,72.4,0.0,0.753,0.0,Yes,Minority,28.4,1.8,68750.0
250056505001,New Bedford,665.0,72.4,0.0,0.0,0.0,Yes,Minority and income,27.1,5.3,53964.0
250235423021,,692.0,72.4,0.0,0.373,0.0,No,,,,
250277371003,,2663.0,72.4,0.161,0.483,0.248,No,,,,
250010106004,,488.0,72.4,0.0,0.743,0.0,No,,,,
250277573001,Southbridge,1302.0,72.4,0.121,0.121,0.0,Yes,Minority and income,51.8,7.6,47065.0
250173103005,Lowell,1032.0,72.4,0.0,0.0,0.0,Yes,Minority,46.8,0.0,93125.0
250173563006,Arlington,744.0,72.4,0.0,0.653,0.0,Yes,Minority,30.4,12.0,140486.0
250235306001,,676.0,72.4,0.0,0.467,0.704,No,,,,
250235252042,,1959.0,72.4,0.094,0.315,0.309,No,,,,
250039111003,,759.0,72.4,0.245,0.25,0.696,No,,,,
250173301012,,2139.0,72.3,0.097,0.341,0.503,No,,,,
250235441003,,1673.0,72.3,0.214,0.541,1.0,No,,,,
250173747002,,834.0,72.3,0.0,0.0,0.0,No,,,,
250056331001,,2635.0,72.3,0.115,0.318,1.0,No,,,,
250235104004,Brockton,943.0,72.3,0.002,0.229,0.0,Yes,Minority and income,88.5,22.3,47679.0
250277352002,,840.0,72.3,0.314,0.314,0.526,No,,,,
250092602001,Haverhill,1873.0,72.3,0.0,0.589,0.0,Yes,Minority and income,41.0,6.6,47254.0
250277401021,,2937.0,72.2,0.009,0.271,0.094,No,,,,
250056441011,,1764.0,72.2,0.0,0.708,0.0,No,,,,
250138137012,,1735.0,72.2,0.394,0.531,0.449,No,,,,
250173564002,,1233.0,72.2,0.0,0.769,0.0,No,,,,
250056532041,,1138.0,72.2,0.092,0.541,0.935,No,,,,
250277329011,Worcester,1141.0,72.2,0.545,0.545,0.0,Yes,Minority and income,51.4,8.8,32768.0
250092175003,,1024.0,72.2,0.052,0.069,0.0,No,,,,
250251008002,Boston,983.0,72.2,0.0,0.663,0.0,Yes,Minority,41.5,16.7,94295.0
250092070001,Lynn,966.0,72.2,0.0,0.4,0.0,Yes,"Minority, income and English isolation",58.4,26.6,14855.0
250277561023,,1393.0,72.2,0.163,0.391,0.969,No,,,,
250092033022,,870.0,72.1,0.0,0.327,0.0,No,,,,
250092084012,,1648.0,72.1,0.091,0.484,0.641,No,,,,
250173632022,,1314.0,72.1,0.0,0.535,0.411,No,,,,
250250001022,Boston,2694.0,72.1,0.379,0.379,0.0,Yes,Minority,62.9,14.3,76591.0
250158207003,Amherst,1341.0,72.1,0.135,0.549,0.485,Yes,Minority,27.7,3.6,140000.0
250092232001,,1308.0,72.1,0.634,0.634,0.0,No,,,,
250173872011,,797.0,72.0,0.007,0.255,0.0,No,,,,
250250008051,Boston,1797.0,72.0,0.0,0.813,0.0,Yes,Minority,48.9,18.4,59792.0
250173871004,,840.0,72.0,0.0,0.443,0.081,No,,,,
250173824002,,1374.0,72.0,0.223,0.297,0.209,No,,,,
250092071001,Lynn,1581.0,72.0,0.0,0.32,0.0,Yes,"Minority, income and English isolation",88.6,35.4,47781.0
250173419031,Malden,1803.0,72.0,0.0,0.84,0.0,Yes,Minority,57.4,2.3,99167.0
250056406004,Fall River,1030.0,72.0,0.569,0.569,0.0,Yes,Minority and income,27.8,2.7,43799.0
250110409003,,1225.0,71.9,0.103,0.231,0.773,No,,,,
250235307002,,2208.0,71.9,0.088,0.31,0.101,No,,,,
250214572004,,1428.0,71.9,0.34,0.34,0.0,No,,,,
250235212022,,848.0,71.9,0.696,0.696,0.0,No,,,,
250173352002,,710.0,71.9,0.012,0.012,0.0,No,,,,
250092181001,,1252.0,71.9,0.031,0.5,0.767,No,,,,
250092141002,,1648.0,71.9,0.287,0.709,0.161,No,,,,
250056505002,New Bedford,1265.0,71.8,0.0,0.154,0.0,Yes,Minority and income,31.2,17.0,30789.0
250010143003,,693.0,71.8,0.0,0.656,0.012,No,,,,
250277307002,Worcester,832.0,71.8,0.267,0.628,0.0,Yes,Minority,32.3,0.0,98269.0
250235212012,,1828.0,71.8,0.338,0.338,0.008,No,,,,
250173341001,,1853.0,71.8,0.405,0.405,0.0,No,,,,
250173336011,Woburn,1550.0,71.8,0.376,0.624,0.0,Yes,Minority,41.7,0.0,121924.0
250092047023,Salem,1125.0,71.8,0.0,0.0,0.0,Yes,Minority,37.9,13.2,62162.0
250214153002,,1409.0,71.7,0.347,0.629,0.595,No,,,,
250039322003,,732.0,71.7,0.132,0.424,1.0,No,,,,
250214081021,,1138.0,71.6,0.356,0.473,0.453,No,,,,
250173351002,,594.0,71.6,0.12,0.495,0.0,No,,,,
250056002022,,908.0,71.6,0.072,0.626,0.0,No,,,,
250277325002,Worcester,1167.0,71.5,0.023,0.83,0.0,Yes,Minority and income,75.3,10.9,32845.0
250277292002,,2066.0,71.5,0.294,0.294,0.0,No,,,,
250173161021,,1525.0,71.5,0.0,0.345,0.0,No,,,,
250250912002,Boston,1363.0,71.5,0.0,0.723,0.0,Yes,Minority,66.8,10.9,102035.0
250010127001,,1405.0,71.5,0.0,0.537,0.0,No,,,,
250173271032,Pepperell,767.0,71.5,0.001,0.693,0.0,Yes,Income,15.1,5.4,26406.0
250072004001,,1038.0,71.5,0.061,0.307,1.0,No,,,,
250173261012,,1189.0,71.5,0.0,0.186,0.164,No,,,,
250173416004,Malden,1212.0,71.5,0.0,0.0,0.0,Yes,Minority,66.7,0.0,148036.0
250173882001,,1400.0,71.5,0.04,0.491,0.994,No,,,,
250039006001,Pittsfield,647.0,71.5,0.0,0.704,0.0,Yes,Minority,26.3,0.0,70774.0
250277121021,,2625.0,71.4,0.056,0.458,0.789,No,,,,
250259815011,,13.0,71.4,0.0,0.692,0.0,No,,,,
250173747001,,1871.0,71.4,0.0,0.692,0.0,No,,,,
250173413014,Malden,771.0,71.4,0.0,0.0,0.0,Yes,Minority and English isolation,62.3,26.2,0.0
250277181002,,1606.0,71.4,0.0,0.463,0.005,No,,,,
250214175022,Quincy,1059.0,71.4,0.0,0.0,0.0,Yes,Minority,65.5,21.6,61422.0
250092091004,,1082.0,71.4,0.49,0.49,0.0,No,,,,
250010152001,,1156.0,71.4,0.409,0.481,0.063,No,,,,
250251601034,Chelsea,972.0,71.3,0.511,0.511,0.0,Yes,Minority and English isolation,75.2,32.3,198000.0
250235401012,,1695.0,71.3,0.111,0.146,0.94,No,,,,
250277382011,,2171.0,71.3,0.122,0.491,0.137,No,,,,
250235112002,Brockton,1451.0,71.3,0.0,0.301,0.0,Yes,Minority,75.5,0.0,80343.0
250173613003,,1202.0,71.2,0.269,0.352,0.384,No,,,,
250173364023,Melrose,1235.0,71.2,0.004,0.483,0.0,Yes,Income,21.9,0.0,38150.0
250173372013,Stoneham,725.0,71.2,0.055,0.055,0.0,Yes,Minority,28.1,11.0,131034.0
250173372012,,737.0,71.2,0.057,0.057,0.0,No,,,,
250173352001,,737.0,71.1,0.007,0.007,0.0,No,,,,
250173361001,,1063.0,71.1,0.0,0.273,0.0,No,,,,
250251303003,,815.0,71.1,0.0,0.589,0.0,No,,,,
250173154022,,1976.0,71.1,0.128,0.48,0.185,No,,,,
250173131012,,2891.0,71.1,0.19,0.514,0.607,No,,,,
250173702011,,1197.0,71.1,0.541,0.541,0.0,No,,,,
250056122012,,1318.0,71.1,0.021,0.511,0.237,No,,,,
250277352003,Leicester,1450.0,71.1,0.204,0.381,0.803,Yes,Minority,26.5,0.0,97821.0
250010113002,,1206.0,71.1,0.139,0.442,0.0,No,,,,
250214431063,,1707.0,71.0,0.131,0.411,0.0,No,,,,
250239803001,Bridgewater,2820.0,71.0,0.2,0.21,0.0,Yes,Minority and income,27.7,0.0,20500.0
250277614022,Harvard,1390.0,71.0,0.187,0.543,0.0,Yes,Minority,47.7,0.0,133594.0
250173213012,Marlborough,1877.0,71.0,0.183,0.183,0.0,Yes,Minority and income,52.2,2.9,47906.0
250173334005,,1103.0,70.9,0.532,0.532,0.0,No,,,,
250277051024,,1460.0,70.9,0.125,0.629,0.399,No,,,,
250092221001,,1200.0,70.9,0.109,0.464,0.964,No,,,,
250092211002,,1573.0,70.9,0.362,0.362,0.121,No,,,,
250214001005,Brookline,1803.0,70.9,0.0,0.836,0.0,Yes,Minority,33.3,0.0,123359.0
250235105042,Brockton,1563.0,70.8,0.0,0.139,0.0,Yes,"Minority, income and English isolation",69.4,29.2,25244.0
250250510002,Boston,1055.0,70.8,0.0,0.0,0.0,Yes,Minority and income,56.2,15.5,21438.0
250039214002,North Adams,764.0,70.8,0.098,0.098,0.538,Yes,Income,14.1,3.1,46349.0
250250203052,Boston,2255.0,70.8,0.755,0.755,0.0,Yes,Minority,32.9,7.2,91953.0
250173201072,Hopkinton,2723.0,70.8,0.093,0.283,0.537,Yes,Minority,65.4,2.1,151042.0
250092103012,Peabody,2208.0,70.8,0.106,0.132,0.0,Yes,Income,9.4,1.9,53450.0
250173572002,,1395.0,70.8,0.176,0.308,0.0,No,,,,
250138104123,,1543.0,70.8,0.159,0.229,0.145,No,,,,
250056121003,,1126.0,70.8,0.182,0.378,0.0,No,,,,
250235201002,,1176.0,70.8,0.332,0.624,0.0,No,,,,
250010143005,,1052.0,70.7,0.0,0.493,0.029,No,,,,
250250916002,Boston,1250.0,70.7,0.0,0.633,0.0,Yes,Minority,91.0,12.3,0.0
250173505001,,874.0,70.7,0.0,0.4,0.0,No,,,,
250277081002,,917.0,70.7,0.0,0.273,0.921,No,,,,
250092516003,Lawrence,2108.0,70.7,0.514,0.514,0.0,Yes,"Minority, income and English isolation",91.9,48.5,30500.0
250251303005,,652.0,70.7,0.0,0.631,0.0,No,,,,
250039231001,,894.0,70.6,0.105,0.481,0.167,No,,,,
250235091011,,2105.0,70.6,0.0,0.209,0.525,No,,,,
250251101062,Boston,694.0,70.6,0.0,0.593,0.0,Yes,Minority,34.4,0.0,83421.0
250235422001,,2035.0,70.6,0.166,0.413,0.256,No,,,,
250235442003,Carver,1293.0,70.6,0.197,0.317,0.709,Yes,Income,8.7,7.6,44000.0
250214421041,,1764.0,70.5,0.0,0.582,0.0,No,,,,
250173164003,,912.0,70.5,0.0,0.499,0.0,No,,,,
250039001003,Pittsfield,1582.0,70.5,0.0,0.516,0.0,Yes,Minority and income,28.7,2.0,20833.0
250277073003,Gardner,1059.0,70.5,0.0,0.236,0.0,Yes,Income,24.5,0.0,38994.0
250214043012,,884.0,70.5,0.006,0.22,0.0,No,,,,
250173344003,,1481.0,70.4,0.195,0.195,0.029,No,,,,
250138125002,Westfield,1401.0,70.4,0.316,0.646,0.155,Yes,Income,17.8,3.1,52305.0
250235304001,,1903.0,70.3,0.001,0.395,0.0,No,,,,
250239802001,Bridgewater,1575.0,70.3,0.177,0.602,0.093,Yes,Minority,47.6,0.0,120270.0
250092531005,North Andover,780.0,70.3,0.0,0.0,0.0,Yes,Minority,31.8,0.0,102729.0
250092061001,Lynn,1998.0,70.3,0.0,0.694,0.0,Yes,"Minority, income and English isolation",82.7,40.3,16715.0
250250607002,Boston,692.0,70.3,0.176,0.176,0.0,Yes,"Minority, income and English isolation",84.0,57.4,14167.0
250214177032,Quincy,954.0,70.3,0.0,0.681,0.0,Yes,Minority and income,50.5,0.0,44453.0
250250402001,Boston,636.0,70.3,0.0,0.822,0.0,Yes,Minority and income,81.3,12.3,16250.0
250010143002,,824.0,70.2,0.0,0.407,0.013,No,,,,
250173162013,,994.0,70.2,0.035,0.301,0.0,No,,,,
250056131003,,1730.0,70.2,0.072,0.506,0.669,No,,,,
250092071002,Lynn,1176.0,70.2,0.0,0.228,0.0,Yes,Minority and English isolation,90.2,28.6,65156.0
250039201021,,897.0,70.2,0.094,0.551,0.916,No,,,,
250173114004,Lowell,2183.0,70.2,0.534,0.534,0.0,Yes,Minority,75.7,9.4,80104.0
250173413022,Malden,901.0,70.1,0.0,0.74,0.0,Yes,Minority and English isolation,61.4,27.8,70034.0
250056516004,New Bedford,1153.0,70.1,0.0,0.0,0.0,Yes,Minority and income,45.3,7.5,45592.0
250072001005,,431.0,70.1,0.001,0.365,1.0,No,,,,
250214135001,Norwood,1650.0,70.1,0.337,0.629,0.496,Yes,Minority,35.2,9.0,84571.0
250235261003,,1915.0,70.1,0.17,0.409,0.358,No,,,,
250056122021,,986.0,70.0,0.238,0.349,0.594,No,,,,
250173362013,,1118.0,70.0,0.0,0.0,0.0,No,,,,
250173398042,Medford,535.0,70.0,0.749,0.749,0.0,Yes,Minority,46.4,0.0,143109.0
250056441021,,2628.0,70.0,0.0,0.422,0.052,No,,,,
250173731002,,1095.0,70.0,0.333,0.333,0.0,No,,,,
250056301022,North Attleborough,1001.0,70.0,0.224,0.747,0.0,Yes,Income,15.7,0.0,50903.0
250072004002,,2517.0,70.0,0.099,0.326,1.0,No,,,,
250173216001,,1396.0,69.9,0.395,0.482,0.032,No,,,,
250235212011,,1269.0,69.9,0.271,0.271,0.0,No,,,,
250056531021,,2116.0,69.9,0.0,0.515,1.0,No,,,,
250214024004,Dedham,2075.0,69.9,0.161,0.605,0.0,Yes,Minority,27.0,0.0,90938.0
250056516001,New Bedford,796.0,69.9,0.0,0.0,0.0,Yes,Minority and income,67.8,0.0,52708.0
250056311023,,1880.0,69.9,0.172,0.546,0.0,No,,,,
250277081003,,2445.0,69.9,0.178,0.464,0.875,No,,,,
250173011011,,1959.0,69.9,0.069,0.351,0.918,No,,,,
250277401012,,2774.0,69.8,0.254,0.521,0.569,No,,,,
250214071011,Millis,1413.0,69.8,0.14,0.526,0.49,Yes,English isolation,11.2,26.2,157500.0
250056151001,,1065.0,69.8,0.0,0.206,0.057,No,,,,
250235241012,,2458.0,69.8,0.092,0.5,0.0,No,,,,
250092057005,Lynn,1134.0,69.8,0.0,0.024,0.0,Yes,Minority,58.2,20.6,110045.0
250251604002,Chelsea,931.0,69.7,0.561,0.561,0.0,Yes,"Minority, income and English isolation",90.2,52.9,35069.0
250138137023,Monson,1136.0,69.7,0.11,0.374,0.601,Yes,Income,9.0,0.0,49000.0
250235071042,,1032.0,69.7,0.104,0.415,0.361,No,,,,
250235115003,Brockton,1820.0,69.7,0.0,0.653,0.0,Yes,Minority,88.4,14.0,81000.0
250277097011,Leominster,1334.0,69.7,0.585,0.585,0.0,Yes,"Minority, income and English isolation",63.3,25.2,41235.0
250173683001,Waltham,1297.0,69.7,0.018,0.018,0.0,Yes,Minority,48.9,7.3,70942.0
250056002023,,992.0,69.7,0.06,0.612,0.403,No,,,,
250214180023,Quincy,1150.0,69.6,0.0,0.0,0.0,Yes,Minority,36.3,2.5,83224.0
250277543002,Webster,1250.0,69.6,0.033,0.033,0.0,Yes,Minority and income,34.9,10.4,36750.0
250173103003,Lowell,1257.0,69.6,0.0,0.0,0.0,Yes,Minority and income,60.5,13.6,41563.0
250235041011,,2538.0,69.6,0.094,0.339,0.244,No,,,,
250092511003,Lawrence,576.0,69.6,0.643,0.643,0.0,Yes,Minority and English isolation,98.3,61.5,76402.0
250173852031,Ashland,1326.0,69.6,0.493,0.493,0.0,Yes,Minority,33.1,3.0,72721.0
250277575001,Southbridge,1659.0,69.6,0.065,0.508,0.52,Yes,Minority and income,41.8,6.6,37429.0
250277401022,,1704.0,69.5,0.002,0.401,0.087,No,,,,
250214180041,Quincy,1597.0,69.5,0.0,0.101,0.0,Yes,Minority,51.3,22.8,55278.0
250092057004,Lynn,903.0,69.5,0.0,0.0,0.0,Yes,Minority,59.2,6.0,81354.0
250092544032,,1225.0,69.5,0.406,0.451,0.0,No,,,,
250250005021,Boston,1043.0,69.5,0.0,0.752,0.0,Yes,Minority,29.3,4.3,87941.0
250251303001,,901.0,69.5,0.0,0.477,0.0,No,,,,
250138101003,,1789.0,69.5,0.36,0.361,0.153,No,,,,
250173823003,,945.0,69.5,0.029,0.494,0.167,No,,,,
250173831012,Framingham,1934.0,69.5,0.0,0.292,0.238,Yes,"Minority, income and English isolation",81.7,46.1,51354.0
250110404003,,924.0,69.4,0.065,0.35,1.0,No,,,,
250138131021,,1725.0,69.4,0.057,0.285,0.772,No,,,,
250092105003,,1824.0,69.4,0.273,0.28,0.564,No,,,,
250235241011,,923.0,69.4,0.234,0.343,0.0,No,,,,
250092021031,,1735.0,69.3,0.0,0.367,0.0,No,,,,
250173594002,Cambridge,1655.0,69.3,0.503,0.503,0.0,Yes,Minority,56.5,6.8,103026.0
250214132021,,2093.0,69.3,0.219,0.423,0.041,No,,,,
250039121003,Dalton,582.0,69.3,0.0,0.0,0.0,Yes,Income,10.0,9.3,49167.0
250092065001,Lynn,1091.0,69.3,0.0,0.313,0.0,Yes,Minority and income,71.1,0.0,46118.0
250092219022,,931.0,69.3,0.065,0.422,0.856,No,,,,
250173371022,,2603.0,69.3,0.106,0.117,0.0,No,,,,
250039007001,Pittsfield,601.0,69.2,0.0,0.0,0.0,Yes,Income,14.0,0.0,41250.0
250173364042,Melrose,1549.0,69.2,0.0,0.358,0.0,Yes,Minority,27.0,0.0,135909.0
250277011021,Winchendon,1337.0,69.2,0.45,0.532,0.0,Yes,Income,12.4,0.0,48676.0
250251401022,Boston,1188.0,69.2,0.675,0.675,0.0,Yes,Minority,59.7,4.7,76422.0
250214031003,,847.0,69.2,0.0,0.0,0.0,No,,,,
250214198001,Braintree,1787.0,69.2,0.41,0.543,0.0,Yes,Minority,26.9,0.0,97083.0
250214043013,,1344.0,69.2,0.09,0.09,0.0,No,,,,
250250510003,Boston,1128.0,69.2,0.164,0.164,0.0,Yes,Minority,56.8,8.0,84784.0
250056424001,Fall River,1030.0,69.1,0.0,0.279,0.0,Yes,Income,21.2,10.5,39853.0
250277373004,,1941.0,69.1,0.333,0.502,0.494,No,,,,
250039352005,,825.0,69.1,0.661,0.673,0.326,No,,,,
250173744004,,1670.0,69.1,0.211,0.391,0.0,No,,,,
250173689015,Waltham,1985.0,69.1,0.0,0.242,0.0,Yes,Minority,43.9,1.0,115172.0
250173101021,Lowell,1162.0,69.1,0.0,0.253,0.0,Yes,Minority and income,67.1,12.3,41319.0
250173504003,,1077.0,69.0,0.0,0.711,0.0,No,,,,
250056552004,Fairhaven,756.0,69.0,0.0,0.798,0.0,Yes,Income,8.6,0.0,40256.0
250056501012,,1636.0,69.0,0.0,0.118,0.0,No,,,,
250092108004,Peabody,1260.0,68.9,0.01,0.01,0.0,Yes,Minority and income,43.1,16.9,31833.0
250158219041,,1023.0,68.9,0.624,0.624,0.0,No,,,,
250173155001,,1363.0,68.9,0.295,0.317,0.461,No,,,,
250173571004,,983.0,68.9,0.573,0.573,0.0,No,,,,
250173155003,,723.0,68.9,0.0,0.405,0.0,No,,,,
250059855002,Dartmouth,1621.0,68.9,0.003,0.005,0.0,Yes,Minority,50.4,0.0,102794.0
250277095022,Leominster,2935.0,68.9,0.11,0.11,0.075,Yes,Minority,26.7,2.5,98768.0
250056122023,,2572.0,68.9,0.157,0.616,0.433,No,,,,
250056424002,,836.0,68.9,0.0,0.045,0.0,No,,,,
250010120022,,1287.0,68.8,0.39,0.411,0.078,No,,,,
250039322002,Becket,1199.0,68.8,0.121,0.436,1.0,Yes,Income,7.9,0.3,50270.0
250259813001,Boston,79.0,68.8,0.597,0.699,0.0,Yes,Minority,31.6,0.0,128000.0
250277402003,,1026.0,68.7,0.0,0.592,0.0,No,,,,
250173334001,Woburn,1730.0,68.7,0.296,0.378,0.0,Yes,Minority,36.6,9.9,79597.0
250010103063,,840.0,68.7,0.179,0.179,0.602,No,,,,
250214561011,Stoughton,2299.0,68.7,0.524,0.535,0.267,Yes,Minority,41.8,2.7,112365.0
250235012042,,665.0,68.7,0.008,0.464,0.023,No,,,,
250173425011,Everett,2291.0,68.7,0.0,0.573,0.0,Yes,Minority and English isolation,68.9,27.7,95515.0
250277191003,,1337.0,68.7,0.114,0.314,0.317,No,,,,
250235421013,,2274.0,68.7,0.141,0.508,0.752,No,,,,
250277284003,,2249.0,68.7,0.007,0.368,0.727,No,,,,
250056552003,Fairhaven,706.0,68.6,0.0,0.858,0.0,Yes,Income,13.0,0.0,29917.0
250110407021,Montague,885.0,68.6,0.0,0.529,0.0,Yes,Income,6.9,1.9,40000.0
250056541002,,2873.0,68.5,0.182,0.35,0.807,No,,,,
250214412041,,2626.0,68.5,0.023,0.451,0.152,No,,,,
250039214001,North Adams,698.0,68.5,0.21,0.371,0.748,Yes,Income,11.9,0.0,34000.0
250138015021,Springfield,1241.0,68.5,0.144,0.811,0.0,Yes,Minority and income,72.8,3.5,33167.0
250214421031,,2494.0,68.5,0.036,0.171,0.015,No,,,,
250214024001,Dedham,1018.0,68.5,0.146,0.146,0.0,Yes,Minority,34.8,0.0,63490.0
250277104001,Fitchburg,1155.0,68.5,0.0,0.791,0.0,Yes,Minority,49.2,1.3,66146.0
250173512041,Somerville,1340.0,68.5,0.087,0.726,0.0,Yes,Minority,35.7,9.2,84028.0
250092662001,,2248.0,68.5,0.0,0.265,0.578,No,,,,
250173184001,,2738.0,68.5,0.001,0.44,0.722,No,,,,
250277151003,,1700.0,68.5,0.139,0.416,0.942,No,,,,
250039111002,,866.0,68.4,0.022,0.399,0.368,No,,,,
250158216022,Northampton,1445.0,68.4,0.0,0.472,0.0,Yes,Minority and income,32.5,14.9,33438.0
250235451001,Wareham,1561.0,68.4,0.381,0.507,0.0,Yes,Income,20.2,2.3,41675.0
250277362002,,1705.0,68.4,0.0,0.493,0.0,No,,,,
250277191001,,1751.0,68.4,0.085,0.384,0.09,No,,,,
250010125023,Barnstable,1040.0,68.4,0.006,0.794,0.0,Yes,Minority and English isolation,34.3,25.5,64286.0
250235071033,,1071.0,68.3,0.213,0.61,0.028,No,,,,
250235051023,,1467.0,68.3,0.005,0.352,0.52,No,,,,
250092041021,,3457.0,68.3,0.557,0.557,0.0,No,,,,
250235117014,Brockton,1767.0,68.2,0.0,0.132,0.0,Yes,Minority,52.3,0.0,105030.0
250214134011,,940.0,68.2,0.57,0.57,0.0,No,,,,
250250303011,,1103.0,68.2,0.0,0.0,0.0,No,,,,
250056111022,,2192.0,68.2,0.287,0.356,0.048,No,,,,
250251104032,Boston,811.0,68.2,0.064,0.064,0.0,Yes,Minority,44.0,0.0,120938.0
250092141001,,1675.0,68.2,0.239,0.405,0.272,No,,,,
250092047011,Salem,1014.0,68.1,0.004,0.42,0.469,Yes,Minority,25.3,3.1,150577.0
250173882002,Shirley,3264.0,68.1,0.197,0.491,0.075,Yes,Minority,41.1,2.3,69342.0
250250408012,Boston,765.0,68.1,0.0,0.792,0.0,Yes,Minority and income,82.7,8.3,31151.0
250214033003,,2115.0,68.1,0.087,0.418,0.0,No,,,,
250277107001,Fitchburg,736.0,68.1,0.0,0.553,0.0,Yes,Minority and income,56.0,23.5,16731.0
250173537001,,1205.0,68.1,0.0,0.651,0.0,No,,,,
250010137004,,2142.0,68.0,0.16,0.276,0.123,No,,,,
250173661004,,991.0,68.0,0.262,0.35,0.051,No,,,,
250092218001,,879.0,68.0,0.33,0.33,0.0,No,,,,
250056131002,,1933.0,68.0,0.233,0.491,0.332,No,,,,
250056415002,Fall River,1152.0,68.0,0.0,0.0,0.0,Yes,Minority and income,25.1,0.0,47115.0
250214203012,Randolph,1724.0,68.0,0.444,0.444,0.0,Yes,Minority,75.8,14.9,91639.0
250214212004,Holbrook,1495.0,68.0,0.163,0.645,0.349,Yes,Minority,35.2,0.0,89963.0
250235091021,,1755.0,68.0,0.14,0.284,0.326,No,,,,
250056423002,,1053.0,68.0,0.016,0.578,0.0,No,,,,
250235105041,Brockton,1113.0,67.9,0.0,0.0,0.0,Yes,Minority,84.1,0.0,73893.0
250214222021,,1158.0,67.9,0.031,0.087,0.0,No,,,,
250251010013,Boston,845.0,67.9,0.0,0.0,0.0,Yes,Minority,98.7,17.8,70189.0
250214003003,Brookline,1684.0,67.9,0.0,0.825,0.0,Yes,Minority,31.6,10.4,109018.0
250138104033,Ludlow,1154.0,67.9,0.0,0.674,0.0,Yes,Income,22.7,20.3,50637.0
250251010014,Boston,970.0,67.8,0.0,0.0,0.0,Yes,Minority and income,96.5,0.0,33275.0
250173744001,,1268.0,67.8,0.445,0.445,0.0,No,,,,
250173747003,,1897.0,67.8,0.143,0.143,0.0,No,,,,
250214035012,,993.0,67.8,0.061,0.546,0.0,No,,,,
250110407014,Montague,871.0,67.8,0.0,0.563,0.0,Yes,Income,15.7,0.0,54696.0
250092113002,,1557.0,67.7,0.226,0.226,0.0,No,,,,
250158201023,Ware,1954.0,67.7,0.0,0.333,0.017,Yes,Minority and income,24.5,2.6,33889.0
250072004005,Aquinnah,439.0,67.7,0.0,0.318,1.0,Yes,Minority,37.4,0.0,98182.0
250010134001,,764.0,67.7,0.0,0.328,0.0,No,,,,
250250921013,Boston,914.0,67.7,0.721,0.721,0.0,Yes,Minority,50.4,0.0,103359.0
250092121013,,1401.0,67.7,0.092,0.245,0.702,No,,,,
250214180042,Quincy,1277.0,67.6,0.0,0.011,0.0,Yes,Minority,55.4,6.1,77847.0
250173106023,Lowell,750.0,67.6,0.0,0.739,0.0,Yes,Minority,52.9,0.0,70742.0
250056321004,,1718.0,67.6,0.01,0.42,0.24,No,,,,
250092531001,,1012.0,67.6,0.072,0.281,0.0,No,,,,
250251103011,Boston,1137.0,67.6,0.0,0.386,0.0,Yes,Minority,77.7,9.8,68345.0
250277411013,,1818.0,67.6,0.158,0.541,0.338,No,,,,
250235442004,,1677.0,67.6,0.044,0.2,0.834,No,,,,
250173124002,Lowell,1802.0,67.6,0.0,0.0,0.0,Yes,Minority,64.8,16.6,56658.0
250092542001,,1199.0,67.6,0.0,0.514,0.0,No,,,,
250173834022,Framingham,1906.0,67.5,0.0,0.334,0.0,Yes,Minority and English isolation,66.7,51.3,81346.0
250277101004,Fitchburg,1018.0,67.5,0.0,0.018,0.0,Yes,Minority,57.3,6.7,62868.0
250173001002,,1462.0,67.5,0.047,0.414,1.0,No,,,,
250010118022,,919.0,67.5,0.0,0.553,0.119,No,,,,
250277283002,,2649.0,67.4,0.0,0.172,0.0,No,,,,
250092682002,,1083.0,67.4,0.003,0.711,0.0,No,,,,
250056419001,Fall River,956.0,67.4,0.0,0.029,0.0,Yes,Minority and income,28.5,2.1,52986.0
250277502002,,1313.0,67.4,0.0,0.006,0.107,No,,,,
250056151002,,1782.0,67.3,0.0,0.204,0.824,No,,,,
250092604021,,2973.0,67.3,0.072,0.269,0.335,No,,,,
250277322011,Worcester,855.0,67.3,0.53,0.53,0.0,Yes,Minority and income,35.6,11.3,45224.0
250250103002,Boston,3548.0,67.3,0.0,0.0,0.0,Yes,Minority,29.9,8.9,73611.0
250277552021,Dudley,1846.0,67.3,0.103,0.206,0.595,Yes,Minority,48.8,4.3,83929.0
250173152001,,1664.0,67.2,0.17,0.17,0.227,No,,,,
250173603004,,2136.0,67.2,0.048,0.346,0.084,No,,,,
250173416005,Malden,893.0,67.2,0.0,0.0,0.0,Yes,Minority,57.9,12.3,0.0
250214121004,,1243.0,67.2,0.0,0.172,0.0,No,,,,
250056002031,,1855.0,67.2,0.054,0.268,0.0,No,,,,
250092233003,,793.0,67.2,0.028,0.429,0.541,No,,,,
250277097022,Leominster,1261.0,67.1,0.062,0.455,0.0,Yes,Minority and income,37.4,0.0,51736.0
250173171033,,1057.0,67.1,0.128,0.228,0.0,No,,,,
250235062033,,1796.0,67.1,0.0,0.167,0.337,No,,,,
250010125022,Barnstable,947.0,67.0,0.0,0.718,0.0,Yes,Minority and income,39.7,1.6,35023.0
250092508003,Lawrence,2559.0,67.0,0.636,0.636,0.0,Yes,Minority and income,78.5,13.8,44302.0
250056321003,,977.0,67.0,0.162,0.167,0.345,No,,,,
250173661001,,846.0,67.0,0.0,0.029,0.027,No,,,,
250277281001,,2300.0,67.0,0.0,0.163,0.597,No,,,,
250056461014,,2703.0,67.0,0.0,0.385,1.0,No,,,,
250092682004,,38.0,66.9,0.384,0.384,0.0,No,,,,
250092083012,,787.0,66.9,0.0,0.366,0.0,No,,,,
250092231001,,1902.0,66.9,0.208,0.434,0.83,No,,,,
250110405012,,1092.0,66.9,0.077,0.521,0.368,No,,,,
250214431041,,2286.0,66.9,0.0,0.46,0.171,No,,,,
250277211042,,1916.0,66.9,0.049,0.153,0.951,No,,,,
250173334004,Woburn,1352.0,66.8,0.004,0.004,0.0,Yes,Minority,31.1,20.9,91071.0
250250007042,Boston,1299.0,66.8,0.0,0.851,0.0,Yes,Minority,49.3,1.3,97167.0
250277097013,,800.0,66.8,0.0,0.33,0.0,No,,,,
250173362024,,686.0,66.7,0.0,0.012,0.0,No,,,,
250056138002,Taunton,1277.0,66.7,0.0,0.0,0.0,Yes,Minority,47.0,0.0,56618.0
250173362023,,644.0,66.7,0.0,0.0,0.0,No,,,,
250235082003,,2165.0,66.6,0.115,0.12,0.692,No,,,,
250214031005,,1244.0,66.6,0.0,0.343,0.0,No,,,,
250173883002,Lowell,2445.0,66.6,0.0,0.399,0.0,Yes,Minority and income,43.3,12.3,39375.0
250173341003,,1777.0,66.6,0.0,0.409,0.0,No,,,,
250173652011,,2153.0,66.6,0.052,0.101,0.0,No,,,,
250056112011,,832.0,66.6,0.1,0.557,0.0,No,,,,
250110405014,Orange,1359.0,66.6,0.0,0.116,0.402,Yes,Income,12.8,0.0,53929.0
250056141021,,2502.0,66.5,0.444,0.463,0.49,No,,,,
250056417003,,1096.0,66.5,0.0,0.354,0.0,No,,,,
250092057001,Lynn,804.0,66.5,0.0,0.034,0.0,Yes,Minority,38.3,7.1,114688.0
250235082001,,1386.0,66.5,0.011,0.398,0.553,No,,,,
250214021013,,1630.0,66.5,0.246,0.305,0.0,No,,,,
250277561022,,2255.0,66.5,0.078,0.265,0.996,No,,,,
250092108002,Peabody,1327.0,66.5,0.699,0.699,0.0,Yes,Minority and income,49.7,3.8,50761.0
250235071041,,2400.0,66.5,0.204,0.323,0.482,No,,,,
250277471022,,1987.0,66.4,0.307,0.325,0.0,No,,,,
250092517004,Lawrence,997.0,66.4,0.48,0.48,0.0,Yes,"Minority, income and English isolation",88.1,26.7,53021.0
250235309031,,1609.0,66.4,0.0,0.163,0.566,No,,,,
250277191002,,1461.0,66.4,0.014,0.394,0.483,No,,,,
250010101005,Provincetown,664.0,66.3,0.0,0.341,0.0,Yes,Income,17.9,12.2,54688.0
250010121024,Yarmouth,1155.0,66.3,0.226,0.299,0.015,Yes,Minority,33.7,0.0,62438.0
250235081012,,1078.0,66.3,0.009,0.495,0.586,No,,,,
250173171012,Chelmsford,2584.0,66.3,0.188,0.188,0.0,Yes,Minority,32.3,2.9,75313.0
250173577002,,828.0,66.3,0.0,0.143,0.0,No,,,,
250173351007,,718.0,66.3,0.201,0.201,0.0,No,,,,
250138026013,Springfield,1397.0,66.3,0.0,0.0,0.0,Yes,Minority and income,77.0,0.0,54018.0
250173223001,,1878.0,66.3,0.35,0.35,0.01,No,,,,
250251403006,Boston,1420.0,66.2,0.217,0.413,0.0,Yes,Minority and English isolation,93.7,32.9,67396.0
250092113001,,2137.0,66.2,0.28,0.281,0.0,No,,,,
250235062021,,2570.0,66.2,0.091,0.25,0.376,No,,,,
250173872021,,1198.0,66.2,0.026,0.477,0.0,No,,,,
250173504005,,899.0,66.1,0.0,0.075,0.0,No,,,,
250173574003,,772.0,66.1,0.0,0.444,0.0,No,,,,
250092606001,Haverhill,1124.0,66.1,0.0,0.338,0.0,Yes,Minority,29.8,0.0,91964.0
250214412042,,2419.0,66.1,0.105,0.416,0.06,No,,,,
250056331002,,1667.0,66.1,0.0,0.491,1.0,No,,,,
250056002034,,2159.0,66.1,0.0,0.539,0.019,No,,,,
250277151001,,2701.0,66.1,0.01,0.308,0.921,No,,,,
250010139001,Bourne,596.0,66.1,0.002,0.002,0.013,Yes,Income,4.7,0.0,42569.0
250092114021,,1286.0,66.0,0.0,0.684,0.0,No,,,,
250173361002,,1428.0,66.0,0.0,0.148,0.0,No,,,,
250214152022,Canton,1523.0,66.0,0.119,0.502,0.883,Yes,Minority,30.4,0.0,88833.0
250250911003,Boston,823.0,66.0,0.0,0.055,0.0,Yes,Minority and income,59.3,9.2,45809.0
250214191005,Braintree,2237.0,66.0,0.203,0.32,0.0,Yes,Minority,38.1,2.5,108036.0
250214179016,Quincy,698.0,66.0,0.611,0.611,0.0,Yes,Minority,56.9,19.6,66676.0
250277573002,Southbridge,1903.0,65.9,0.27,0.27,0.0,Yes,Minority and income,63.4,19.8,29858.0
250173163004,,1974.0,65.9,0.094,0.123,0.0,No,,,,
250039241001,,627.0,65.9,0.12,0.314,0.872,No,,,,
250235113012,Brockton,1005.0,65.9,0.505,0.505,0.201,Yes,Minority,65.0,0.0,56490.0
250214201012,Randolph,2586.0,65.8,0.0,0.0,0.0,Yes,Minority,76.0,11.4,95926.0
250173506004,,1282.0,65.8,0.0,0.005,0.0,No,,,,
250235071012,,1393.0,65.8,0.146,0.146,0.037,No,,,,
250235454003,,780.0,65.8,0.0,0.623,0.0,No,,,,
250277121022,,1808.0,65.8,0.028,0.314,0.965,No,,,,
250214151033,Canton,961.0,65.7,0.005,0.397,0.0,Yes,Minority,26.8,11.6,57813.0
250039009002,Pittsfield,1083.0,65.7,0.0,0.0,0.0,Yes,Minority and income,30.3,0.0,41400.0
250173506001,Somerville,1779.0,65.7,0.0,0.0,0.0,Yes,Minority,48.7,0.0,0.0
250092131003,,1540.0,65.7,0.131,0.268,1.0,No,,,,
250039006005,Pittsfield,1116.0,65.7,0.0,0.0,0.0,Yes,Minority and income,47.4,0.0,21033.0
250235081022,,2004.0,65.7,0.151,0.552,0.041,No,,,,
250173651004,,1557.0,65.7,0.124,0.481,0.087,No,,,,
250158209003,,2712.0,65.7,0.0,0.179,0.834,No,,,,
250277271001,,1753.0,65.7,0.055,0.346,0.79,No,,,,
250235411003,,1525.0,65.7,0.115,0.199,1.0,No,,,,
250173215001,Marlborough,2227.0,65.7,0.299,0.299,0.097,Yes,"Minority, income and English isolation",56.6,27.8,52746.0
250235401032,,1858.0,65.6,0.0,0.392,1.0,No,,,,
250235231002,,1011.0,65.6,0.143,0.204,0.057,No,,,,
250214194001,Braintree,799.0,65.6,0.0,0.764,0.0,Yes,Minority and English isolation,32.5,25.1,96858.0
250251010015,Boston,985.0,65.6,0.0,0.0,0.0,Yes,Minority,99.0,11.3,78838.0
250173831022,Framingham,2744.0,65.6,0.0,0.0,0.471,Yes,Minority and income,87.2,19.4,38300.0
250056303011,,2412.0,65.6,0.04,0.298,0.164,No,,,,
250173682001,Waltham,1727.0,65.5,0.265,0.265,0.0,Yes,Minority,36.4,8.6,94375.0
250214191003,Braintree,705.0,65.5,0.132,0.132,0.0,Yes,Minority,27.8,3.9,85786.0
250056506003,New Bedford,773.0,65.5,0.0,0.6,0.0,Yes,Minority and income,40.1,10.4,50769.0
250214562002,Stoughton,2386.0,65.4,0.283,0.326,0.462,Yes,Minority,36.8,0.7,115439.0
250173151002,,2930.0,65.4,0.075,0.621,0.379,No,,,,
250173161011,,1720.0,65.4,0.0,0.121,0.0,No,,,,
250173740002,,1957.0,65.4,0.186,0.395,0.0,No,,,,
250056002041,,1899.0,65.4,0.0,0.345,0.0,No,,,,
250277108001,Fitchburg,1507.0,65.4,0.0,0.596,0.0,Yes,Minority and income,44.8,13.5,54342.0
250250911002,Boston,1195.0,65.3,0.0,0.0,0.0,Yes,Minority,38.8,9.8,82900.0
250235421012,,2315.0,65.3,0.186,0.311,0.378,No,,,,
250219800001,,8.0,65.3,0.0,0.087,0.0,No,,,,
250092523005,Methuen,1586.0,65.3,0.0,0.74,0.0,Yes,"Minority, income and English isolation",48.3,26.2,27692.0
250173839022,Framingham,1342.0,65.3,0.198,0.348,0.0,Yes,Minority,25.3,0.0,161136.0
250251105022,Boston,1861.0,65.2,0.0,0.0,0.0,Yes,Minority,47.9,8.9,90197.0
250173883003,Lowell,2687.0,65.2,0.0,0.325,0.0,Yes,Minority,45.5,15.9,0.0
250251104033,Boston,731.0,65.2,0.608,0.608,0.0,Yes,Minority,62.8,0.0,114250.0
250250601011,,1171.0,65.2,0.0,0.0,0.0,No,,,,
250277304013,Worcester,2089.0,65.2,0.435,0.501,0.0,Yes,Minority and income,75.4,19.0,31365.0
250277110002,Fitchburg,881.0,65.2,0.0,0.0,0.0,Yes,Minority,53.2,7.7,88125.0
250250601012,,667.0,65.2,0.0,0.0,0.0,No,,,,
250250601014,,768.0,65.2,0.0,0.0,0.0,No,,,,
250250602001,,996.0,65.2,0.0,0.0,0.0,No,,,,
250277283001,,2267.0,65.2,0.0,0.211,0.0,No,,,,
250214031007,,1247.0,65.2,0.0,0.0,0.0,No,,,,
250250601013,,1067.0,65.2,0.0,0.0,0.0,No,,,,
250173213011,Marlborough,1306.0,65.1,0.0,0.0,0.0,Yes,Minority,53.7,12.7,63606.0
250056533041,,1045.0,65.1,0.029,0.141,1.0,No,,,,
250173743002,,1458.0,65.1,0.115,0.115,0.0,No,,,,
250056407001,,1528.0,65.1,0.359,0.359,0.0,No,,,,
250173101011,Lowell,1682.0,65.1,0.0,0.0,0.0,Yes,"Minority, income and English isolation",66.9,25.7,19002.0
250173662021,,2270.0,65.1,0.219,0.397,0.269,No,,,,
250173567012,,1148.0,65.1,0.442,0.442,0.0,No,,,,
250173529001,Cambridge,1123.0,65.0,0.449,0.453,0.0,Yes,Minority,32.3,0.0,129318.0
250235251013,,2470.0,65.0,0.358,0.358,0.0,No,,,,
250173834011,Framingham,1597.0,65.0,0.0,0.0,0.0,Yes,Minority and income,71.6,22.4,52682.0
250250610001,,1170.0,65.0,0.0,0.0,0.0,No,,,,
250214042014,,851.0,65.0,0.0,0.484,0.0,No,,,,
250173241011,,2502.0,65.0,0.031,0.194,0.578,No,,,,
250250608001,,733.0,65.0,0.0,0.0,0.0,No,,,,
250250608004,,1923.0,65.0,0.0,0.0,0.0,No,,,,
250250608003,,1243.0,65.0,0.0,0.0,0.0,No,,,,
250250608002,,960.0,65.0,0.0,0.0,0.0,No,,,,
250277105003,Fitchburg,943.0,65.0,0.0,0.708,0.0,Yes,Minority and income,50.5,0.0,52200.0
250277011024,,772.0,65.0,0.054,0.584,0.0,No,,,,
250173155005,,2569.0,65.0,0.006,0.099,0.357,No,,,,
250039004004,,1195.0,64.9,0.177,0.425,0.24,No,,,,
250092062002,Lynn,2507.0,64.9,0.0,0.572,0.0,Yes,Minority,85.1,14.5,63737.0
250173567015,,606.0,64.9,0.569,0.569,0.0,No,,,,
250173122003,Lowell,993.0,64.9,0.0,0.0,0.0,Yes,Minority,66.9,15.3,68375.0
250250605014,,840.0,64.9,0.0,0.0,0.0,No,,,,
250092107004,Peabody,787.0,64.9,0.414,0.414,0.052,Yes,Minority,33.2,1.1,79643.0
250250911001,Boston,1441.0,64.9,0.0,0.0,0.0,Yes,Minority,41.2,11.2,108500.0
250173504001,,1054.0,64.9,0.0,0.0,0.0,No,,,,
250158224021,Easthampton,699.0,64.9,0.0,0.695,0.0,Yes,Income,18.3,0.0,40526.0
250235309021,,2202.0,64.8,0.0,0.102,0.969,No,,,,
250092070002,Lynn,1323.0,64.8,0.0,0.0,0.0,Yes,"Minority, income and English isolation",86.1,26.3,33000.0
250092509002,Lawrence,1105.0,64.8,0.0,0.0,0.0,Yes,"Minority, income and English isolation",97.1,46.1,14810.0
250250605015,,909.0,64.8,0.0,0.0,0.0,No,,,,
250250921014,Boston,1021.0,64.8,0.295,0.295,0.0,Yes,"Minority, income and English isolation",75.8,42.3,41324.0
250092072002,Lynn,1560.0,64.8,0.0,0.0,0.0,Yes,"Minority, income and English isolation",78.7,27.4,14588.0
250277061002,,1530.0,64.7,0.044,0.23,1.0,No,,,,
250138006002,Springfield,1008.0,64.7,0.0,0.0,0.0,Yes,"Minority, income and English isolation",96.7,25.6,16818.0
250173385001,,1521.0,64.7,0.0,0.128,0.0,No,,,,
250138006001,Springfield,788.0,64.7,0.0,0.0,0.0,Yes,"Minority, income and English isolation",92.6,38.6,16667.0
250235041023,,1949.0,64.7,0.099,0.35,0.0,No,,,,
250010102083,,794.0,64.7,0.0,0.339,1.0,No,,,,
250138006003,Springfield,479.0,64.7,0.0,0.0,0.0,Yes,"Minority, income and English isolation",95.6,46.1,14189.0
250010112002,,1193.0,64.6,0.102,0.156,0.222,No,,,,
250173746003,,1373.0,64.6,0.278,0.279,0.0,No,,,,
250092067001,Lynn,1547.0,64.6,0.0,0.675,0.0,Yes,Minority,80.0,17.4,60060.0
250277072001,Gardner,995.0,64.6,0.0,0.0,0.0,Yes,Income,23.1,0.0,49531.0
250173413011,Malden,1163.0,64.6,0.0,0.0,0.0,Yes,"Minority, income and English isolation",81.0,35.0,53295.0
250199502011,Nantucket,1886.0,64.6,0.0,0.682,0.0,Yes,Minority,42.9,2.4,65833.0
250092661004,,933.0,64.6,0.0,0.566,0.212,No,,,,
250092021043,,732.0,64.6,0.0,0.172,0.0,No,,,,
250056406002,Fall River,1134.0,64.5,0.389,0.389,0.0,Yes,Minority and income,32.3,7.5,44306.0
250056515003,New Bedford,1185.0,64.5,0.0,0.0,0.0,Yes,Minority and income,58.3,0.4,52321.0
250173871002,,1894.0,64.4,0.0,0.266,0.469,No,,,,
250056507002,New Bedford,1784.0,64.4,0.0,0.723,0.0,Yes,"Minority, income and English isolation",80.0,38.2,25625.0
250039131004,Lenox,473.0,64.4,0.0,0.479,0.395,Yes,Income,8.0,0.0,36875.0
250277365003,Auburn,948.0,64.4,0.176,0.518,0.66,Yes,Income,10.1,0.0,44773.0
250277322012,Worcester,2409.0,64.4,0.495,0.495,0.0,Yes,Minority,47.6,12.2,76250.0
250158209002,,1659.0,64.3,0.026,0.414,0.989,No,,,,
250235601003,,1420.0,64.3,0.021,0.227,0.031,No,,,,
250138134042,,1905.0,64.3,0.071,0.364,0.0,No,,,,
250250605011,,886.0,64.3,0.0,0.0,0.0,No,,,,
250277531003,,1808.0,64.3,0.202,0.25,0.983,No,,,,
250010146001,,1120.0,64.2,0.065,0.131,0.0,No,,,,
250092056001,Lynn,1237.0,64.2,0.0,0.0,0.0,Yes,Minority and income,66.9,10.5,26571.0
250010139003,,1807.0,64.2,0.138,0.362,0.214,No,,,,
250110408003,Sunderland,1472.0,64.2,0.069,0.165,0.856,Yes,Minority,29.2,6.6,95230.0
250277521012,,2702.0,64.2,0.0,0.058,0.772,No,,,,
250235061032,,1666.0,64.2,0.044,0.256,0.236,No,,,,
250235012043,Hingham,1314.0,64.2,0.0,0.0,0.012,Yes,Income,5.3,0.0,31768.0
250250605013,,1162.0,64.2,0.0,0.0,0.0,No,,,,
250277511013,,1180.0,64.2,0.067,0.326,0.661,No,,,,
250092518001,Lawrence,1598.0,64.2,0.368,0.368,0.0,Yes,Minority,70.8,1.8,63735.0
250173575003,,898.0,64.2,0.0,0.238,0.0,No,,,,
250010118024,,1177.0,64.1,0.003,0.478,0.0,No,,,,
250250605012,,936.0,64.1,0.0,0.0,0.0,No,,,,
250138135003,,1423.0,64.1,0.208,0.343,0.928,No,,,,
250056522001,,1056.0,64.1,0.0,0.0,0.0,No,,,,
250214412032,,1490.0,64.1,0.126,0.354,0.503,No,,,,
250056138003,Taunton,742.0,64.0,0.0,0.0,0.0,Yes,Minority,39.4,3.9,74057.0
250056311011,,990.0,64.0,0.29,0.709,0.0,No,,,,
250138026012,Springfield,1387.0,64.0,0.0,0.0,0.0,Yes,Minority,72.6,2.4,81923.0
250092054001,,1677.0,64.0,0.378,0.391,0.221,No,,,,
250250604005,,666.0,64.0,0.0,0.0,0.0,No,,,,
250173352003,,1491.0,64.0,0.031,0.031,0.0,No,,,,
250173419033,Malden,2148.0,64.0,0.0,0.629,0.0,Yes,Minority,73.4,2.5,92906.0
250056516003,New Bedford,1001.0,63.9,0.0,0.0,0.0,Yes,Minority,34.4,2.2,62083.0
250173611005,,894.0,63.9,0.08,0.502,0.094,No,,,,
250138136014,,894.0,63.9,0.0,0.346,1.0,No,,,,
250277531001,,741.0,63.9,0.0,0.112,0.093,No,,,,
250214133001,Norwood,2716.0,63.9,0.032,0.299,0.298,Yes,Minority,28.4,1.1,118059.0
250214563022,Stoughton,1196.0,63.9,0.35,0.35,0.0,Yes,Minority,36.5,16.5,75208.0
250010106001,,632.0,63.9,0.112,0.216,0.114,No,,,,
250138015023,Springfield,1358.0,63.8,0.473,0.709,0.0,Yes,"Minority, income and English isolation",84.1,24.6,25377.0
250250607001,Boston,997.0,63.8,0.178,0.178,0.0,Yes,Minority and income,88.2,17.5,22374.0
250092046002,Salem,1335.0,63.8,0.0,0.273,0.022,Yes,Minority,25.5,0.0,101655.0
250277328012,Worcester,3121.0,63.8,0.481,0.481,0.0,Yes,Minority,42.8,5.4,70766.0
250010121013,,970.0,63.8,0.152,0.219,0.232,No,,,,
250173701041,Watertown,1851.0,63.8,0.406,0.578,0.0,Yes,Minority,28.4,5.2,106600.0
250173748003,,1197.0,63.8,0.2,0.2,0.0,No,,,,
250173871003,,654.0,63.8,0.259,0.436,0.127,No,,,,
250173837003,Framingham,2662.0,63.7,0.469,0.652,0.0,Yes,Minority,40.3,7.0,95637.0
250214221002,,1315.0,63.7,0.198,0.463,0.506,No,,,,
250010138001,,2609.0,63.7,0.0,0.452,0.385,No,,,,
250277431001,,2523.0,63.7,0.097,0.214,0.957,No,,,,
250250712014,Boston,1078.0,63.7,0.027,0.027,0.0,Yes,"Minority, income and English isolation",95.6,35.2,17661.0
250235232012,,1648.0,63.7,0.111,0.26,0.289,No,,,,
250214203021,Randolph,1637.0,63.7,0.0,0.0,0.0,Yes,Minority,74.8,10.5,137639.0
250251106074,,1073.0,63.7,0.0,0.0,0.0,No,,,,
250173839023,,1471.0,63.6,0.0,0.369,0.09,No,,,,
250092103024,Peabody,1848.0,63.6,0.0,0.671,0.0,Yes,Minority,33.5,0.0,84100.0
250173704011,,1471.0,63.6,0.533,0.533,0.0,No,,,,
250250916001,Boston,1284.0,63.6,0.0,0.372,0.0,Yes,Minority,78.0,16.1,77882.0
250173011021,,1234.0,63.6,0.073,0.23,0.761,No,,,,
250277311011,Worcester,939.0,63.5,0.0,0.0,0.0,Yes,Minority and income,67.9,18.8,30238.0
250277581042,,1525.0,63.5,0.005,0.446,0.619,No,,,,
250092526031,Methuen,787.0,63.5,0.215,0.223,0.0,Yes,Minority,31.4,0.0,111506.0
250277501001,,1558.0,63.4,0.0,0.301,0.078,No,,,,
250214203022,Randolph,1116.0,63.4,0.052,0.08,0.0,Yes,Minority and income,73.9,0.0,50906.0
250039004002,Pittsfield,1117.0,63.4,0.463,0.491,0.0,Yes,Minority and income,27.7,0.0,50208.0
250277521011,,2945.0,63.4,0.04,0.203,0.921,No,,,,
250235102002,Brockton,1301.0,63.4,0.0,0.502,0.0,Yes,Minority,55.0,0.0,75938.0
250214135002,Norwood,1413.0,63.4,0.252,0.691,0.05,Yes,Minority,49.6,15.7,85610.0
250092233001,,2158.0,63.4,0.058,0.316,0.733,No,,,,
250235051024,,849.0,63.3,0.0,0.15,0.221,No,,,,
250173661005,,1088.0,63.3,0.08,0.547,0.017,No,,,,
250214111012,,2598.0,63.3,0.113,0.355,0.0,No,,,,
250235305001,,915.0,63.3,0.0,0.051,0.0,No,,,,
250092176011,,2654.0,63.3,0.028,0.378,0.0,No,,,,
250251101051,Boston,2120.0,63.3,0.0,0.534,0.0,Yes,Minority,41.8,0.0,109412.0
250092604022,Haverhill,1333.0,63.3,0.221,0.221,0.071,Yes,Minority,31.0,0.0,116818.0
250235422002,,2548.0,63.3,0.075,0.191,0.111,No,,,,
250173578002,,898.0,63.2,0.0,0.02,0.0,No,,,,
250250512002,Boston,1703.0,63.2,0.642,0.642,0.0,Yes,Minority,50.0,8.5,69103.0
250214191001,Braintree,1657.0,63.2,0.0,0.112,0.0,Yes,Minority,27.3,2.4,76786.0
250092611022,,2318.0,63.2,0.241,0.453,0.339,No,,,,
250277362003,,1428.0,63.2,0.0,0.351,0.0,No,,,,
250010147003,,1742.0,63.2,0.0,0.358,0.0,No,,,,
250092502001,Lawrence,2762.0,63.1,0.248,0.298,0.0,Yes,Minority,87.4,13.8,65227.0
250110407023,,706.0,63.1,0.0,0.439,0.477,No,,,,
250056441013,,848.0,63.1,0.0,0.0,0.0,No,,,,
250250201013,,1253.0,63.1,0.685,0.685,0.0,No,,,,
250173578004,Belmont,943.0,63.0,0.09,0.09,0.0,Yes,Minority,41.4,5.7,70114.0
250173652013,,1059.0,63.0,0.0,0.077,0.141,No,,,,
250277491003,,2183.0,63.0,0.099,0.296,0.224,No,,,,
250110407024,,1393.0,63.0,0.188,0.188,0.849,No,,,,
250251304041,Boston,2039.0,63.0,0.23,0.415,0.0,Yes,Minority,44.8,5.4,57500.0
250039334001,,753.0,62.9,0.123,0.296,1.0,No,,,,
250235309041,,2345.0,62.9,0.013,0.234,0.584,No,,,,
250059856002,,1357.0,62.9,0.021,0.335,0.193,No,,,,
250173838004,,1397.0,62.9,0.054,0.126,0.0,No,,,,
250214212001,Holbrook,1096.0,62.9,0.418,0.532,0.0,Yes,Minority and income,34.4,0.0,43229.0
250214179014,Quincy,1147.0,62.9,0.0,0.339,0.0,Yes,Minority,53.1,3.0,64130.0
250277072002,Gardner,1125.0,62.8,0.0,0.033,0.0,Yes,Income,19.6,6.6,30947.0
250277351003,,2550.0,62.8,0.058,0.174,1.0,No,,,,
250251006012,Boston,945.0,62.8,0.207,0.691,0.0,Yes,Minority,39.0,0.0,97594.0
250250404011,Boston,1957.0,62.8,0.0,0.633,0.0,Yes,Minority,29.3,6.5,86734.0
250173105001,Lowell,755.0,62.8,0.0,0.167,0.0,Yes,Minority and English isolation,50.2,38.3,93929.0
250056332004,,1264.0,62.8,0.096,0.114,1.0,No,,,,
250092604023,Haverhill,831.0,62.8,0.0,0.0,0.0,Yes,Minority,56.6,0.0,77647.0
250277575003,,726.0,62.8,0.16,0.196,0.569,No,,,,
250158210001,,698.0,62.8,0.0,0.0,0.256,No,,,,
250235453001,Wareham,1617.0,62.8,0.183,0.328,0.143,Yes,Income,23.9,0.0,33614.0
250277561012,,1186.0,62.7,0.061,0.29,0.248,No,,,,
250173155002,,1512.0,62.7,0.007,0.008,0.0,No,,,,
250138115001,Holyoke,1062.0,62.7,0.0,0.0,0.0,Yes,Minority and income,95.7,15.5,23594.0
250056541001,,1833.0,62.7,0.033,0.314,0.41,No,,,,
250138127023,Westfield,954.0,62.7,0.039,0.039,0.0,Yes,Income,20.5,21.5,43350.0
250173224002,Hudson,1436.0,62.7,0.352,0.352,0.0,Yes,Minority,35.1,16.7,68793.0
250277001003,,964.0,62.7,0.0,0.148,0.685,No,,,,
250173651002,,2234.0,62.7,0.011,0.266,0.0,No,,,,
250173351003,,1212.0,62.7,0.285,0.285,0.0,No,,,,
250056133002,,1831.0,62.7,0.032,0.488,0.667,No,,,,
250092606002,Haverhill,1173.0,62.7,0.026,0.133,0.0,Yes,Minority,47.1,1.7,81406.0
250056321001,,1367.0,62.6,0.196,0.337,0.743,No,,,,
250235091012,,1472.0,62.6,0.0,0.093,0.328,No,,,,
250173106012,Lowell,2975.0,62.6,0.144,0.233,0.0,Yes,Minority,40.8,12.0,66047.0
250277461003,,1766.0,62.6,0.025,0.203,1.0,No,,,,
250158226073,,1528.0,62.5,0.152,0.261,0.643,No,,,,
250056304002,,1837.0,62.5,0.192,0.227,0.0,No,,,,
250214203025,Randolph,1655.0,62.5,0.042,0.042,0.0,Yes,Minority and income,82.0,14.2,48036.0
250173302023,,1141.0,62.5,0.037,0.123,0.144,No,,,,
250092218002,,894.0,62.5,0.087,0.087,0.0,No,,,,
250277102006,,1198.0,62.5,0.232,0.611,0.0,No,,,,
250250610002,Boston,535.0,62.5,0.0,0.0,0.0,Yes,Minority and income,85.8,17.7,23784.0
250173583001,Lexington,2593.0,62.5,0.094,0.478,0.0,Yes,Minority,47.9,2.4,135481.0
250092056003,Lynn,1400.0,62.5,0.0,0.47,0.0,Yes,Minority,51.4,5.1,71875.0
250214412021,,3021.0,62.5,0.065,0.125,0.787,No,,,,
250277001002,,965.0,62.4,0.0,0.306,0.613,No,,,,
250039241003,,549.0,62.4,0.0,0.317,0.61,No,,,,
250056332002,,1357.0,62.4,0.111,0.256,1.0,No,,,,
250173852011,Ashland,2837.0,62.3,0.176,0.246,0.381,Yes,Minority,31.3,4.2,97875.0
250251106073,Boston,1586.0,62.3,0.0,0.0,0.0,Yes,Minority,24.6,0.0,121154.0
250277191004,,1713.0,62.2,0.243,0.444,0.043,No,,,,
250056404003,,1239.0,62.2,0.206,0.723,0.144,No,,,,
250277532004,,2216.0,62.2,0.039,0.039,0.02,No,,,,
250173834012,Framingham,902.0,62.2,0.0,0.556,0.0,Yes,Minority,44.5,0.0,81932.0
250092021042,,853.0,62.2,0.0,0.0,0.0,No,,,,
250056102031,,1032.0,62.2,0.0,0.398,0.04,No,,,,
250173831021,Framingham,2268.0,62.2,0.0,0.0,0.0,Yes,Minority and English isolation,77.5,29.8,56412.0
250250701043,Boston,1362.0,62.2,0.617,0.617,0.0,Yes,Minority and English isolation,40.4,27.4,0.0
250277561024,,2054.0,62.2,0.034,0.19,0.996,No,,,,
250056402023,Fall River,1952.0,62.1,0.318,0.734,0.0,Yes,Minority and income,27.3,11.4,29035.0
250092233002,,2938.0,62.1,0.071,0.215,0.767,No,,,,
250235452004,,2205.0,62.1,0.073,0.358,0.0,No,,,,
250214175021,Quincy,1106.0,62.1,0.0,0.0,0.0,Yes,Minority and income,60.7,22.7,49476.0
250214177042,Quincy,1758.0,62.1,0.0,0.254,0.0,Yes,Minority,51.5,9.3,91395.0
250092121021,,2453.0,62.1,0.14,0.305,0.746,No,,,,
250092532021,,729.0,62.1,0.0,0.0,0.0,No,,,,
250235061021,,975.0,62.1,0.0,0.351,0.157,No,,,,
250251402022,Boston,1428.0,62.1,0.223,0.659,0.0,Yes,Minority and income,83.3,13.0,41964.0
250173401004,,954.0,62.0,0.0,0.643,0.0,No,,,,
250173401001,Medford,740.0,62.0,0.0,0.637,0.0,Yes,English isolation,24.5,27.6,71723.0
250235061024,,646.0,62.0,0.056,0.056,0.0,No,,,,
250277318011,Worcester,963.0,62.0,0.173,0.173,0.0,Yes,Minority and income,44.1,0.0,47208.0
250173281002,,1314.0,62.0,0.006,0.181,0.911,No,,,,
250235261004,Halifax,1533.0,62.0,0.032,0.297,0.826,Yes,Income,5.8,0.0,54393.0
250039011001,,664.0,61.9,0.322,0.322,0.0,No,,,,
250173351005,,709.0,61.9,0.13,0.224,0.0,No,,,,
250173398031,Medford,1043.0,61.9,0.61,0.61,0.0,Yes,Minority,59.3,9.5,96250.0
250173212001,Marlborough,2005.0,61.9,0.0,0.01,0.0,Yes,Minority,51.7,12.2,73200.0
250277614014,,1106.0,61.9,0.053,0.166,1.0,No,,,,
250214180022,Quincy,761.0,61.9,0.0,0.357,0.0,Yes,Minority,34.7,5.3,86250.0
250235301002,,2629.0,61.8,0.03,0.482,0.0,No,,,,
250250912003,Boston,720.0,61.8,0.0,0.478,0.0,Yes,Minority,71.4,0.0,117778.0
250214203013,Randolph,2791.0,61.8,0.347,0.347,0.0,Yes,Minority,71.7,4.7,64659.0
250214193002,Braintree,770.0,61.8,0.591,0.591,0.0,Yes,Minority,27.1,11.9,69000.0
250277201001,,2097.0,61.8,0.05,0.064,1.0,No,,,,
250173164006,Billerica,506.0,61.7,0.0,0.099,0.0,Yes,Minority,53.6,0.0,0.0
250138129022,,2059.0,61.7,0.119,0.119,0.092,No,,,,
250214228004,,719.0,61.7,0.001,0.419,0.0,No,,,,
250277312031,Worcester,1793.0,61.6,0.0,0.0,0.0,Yes,Minority and income,73.7,16.8,14852.0
250092514004,Lawrence,1286.0,61.6,0.0,0.0,0.0,Yes,Minority,81.8,0.0,59063.0
250235306004,,1587.0,61.6,0.173,0.245,0.863,No,,,,
250138104121,,2586.0,61.6,0.0,0.53,0.336,No,,,,
250277581032,,1302.0,61.6,0.328,0.399,0.419,No,,,,
250173581001,,1034.0,61.6,0.0,0.0,0.0,No,,,,
250173212003,Marlborough,1835.0,61.6,0.0,0.504,0.0,Yes,Minority,50.2,18.7,96210.0
250277331012,Worcester,1240.0,61.6,0.0,0.497,0.0,Yes,Minority,37.3,0.0,66369.0
250092131005,,2311.0,61.6,0.088,0.227,1.0,No,,,,
250235401011,,1151.0,61.5,0.123,0.215,0.971,No,,,,
250092172012,,3182.0,61.5,0.0,0.241,0.0,No,,,,
250092056004,Lynn,695.0,61.5,0.0,0.314,0.0,Yes,Minority,37.1,0.0,85341.0
250173171011,Chelmsford,1454.0,61.5,0.074,0.214,0.0,Yes,Minority,28.0,0.0,113026.0
250277061001,,2798.0,61.5,0.043,0.169,0.984,No,,,,
250056401001,Fall River,1171.0,61.5,0.291,0.291,0.0,Yes,Minority,32.1,2.3,58750.0
250250511014,Boston,1099.0,61.5,0.0,0.72,0.0,Yes,Minority,39.6,4.5,77870.0
250092532031,,956.0,61.4,0.0,0.0,0.0,No,,,,
250039121002,Dalton,853.0,61.4,0.0,0.113,0.0,Yes,Income,8.9,0.0,48564.0
250277312032,Worcester,1616.0,61.4,0.0,0.0,0.0,Yes,Minority and income,59.5,5.6,32567.0
250158216012,Northampton,1784.0,61.4,0.285,0.285,0.0,Yes,Minority and income,35.5,4.6,48348.0
250173323004,,2113.0,61.4,0.073,0.115,0.0,No,,,,
250092631002,,1002.0,61.3,0.093,0.185,1.0,No,,,,
250277101001,Fitchburg,1360.0,61.3,0.0,0.419,0.0,Yes,Minority,49.3,7.2,64597.0
250173183004,,3044.0,61.3,0.0,0.243,0.395,No,,,,
250056461041,,816.0,61.2,0.025,0.076,1.0,No,,,,
250010133002,,1019.0,61.2,0.392,0.392,0.0,No,,,,
250173701013,Watertown,1712.0,61.2,0.0,0.605,0.0,Yes,Minority,26.7,2.5,103777.0
250251008003,Boston,924.0,61.2,0.0,0.159,0.0,Yes,Minority,39.5,0.0,98304.0
250138124013,,1615.0,61.2,0.066,0.133,0.667,No,,,,
250092213002,,933.0,61.2,0.072,0.075,0.012,No,,,,
250173399004,Medford,812.0,61.2,0.0,0.0,0.0,Yes,Minority,45.7,0.0,81094.0
250214421043,,1226.0,61.2,0.307,0.339,0.0,No,,,,
250092131004,,1821.0,61.2,0.0,0.16,0.977,No,,,,
250056461043,,1190.0,61.2,0.076,0.23,1.0,No,,,,
250235062032,,1369.0,61.2,0.0,0.188,0.304,No,,,,
250173691003,,1171.0,61.1,0.0,0.598,0.0,No,,,,
250056416002,Fall River,1246.0,61.1,0.001,0.001,0.0,Yes,Income,19.3,8.5,43063.0
250158222002,,2145.0,61.0,0.0,0.165,0.148,No,,,,
250277323022,Worcester,1758.0,61.0,0.067,0.067,0.0,Yes,Minority,46.0,21.7,77561.0
250235423022,,1892.0,61.0,0.201,0.202,0.012,No,,,,
250173740003,,1333.0,61.0,0.0,0.0,0.0,No,,,,
250138126001,,1637.0,61.0,0.0,0.37,0.0,No,,,,
250158209001,,1739.0,60.9,0.0,0.241,1.0,No,,,,
250092531004,North Andover,1907.0,60.9,0.0,0.0,0.0,Yes,Minority,25.5,2.2,93942.0
250277325001,Worcester,1323.0,60.9,0.614,0.632,0.0,Yes,Minority and income,60.4,8.7,29886.0
250235114004,Brockton,1491.0,60.9,0.0,0.559,0.0,Yes,Minority and income,89.9,17.2,51250.0
250251105021,Boston,1382.0,60.9,0.0,0.0,0.0,Yes,Minority,40.0,13.5,124313.0
250173702024,,1386.0,60.9,0.0,0.379,0.0,No,,,,
250250910014,Boston,1066.0,60.9,0.0,0.0,0.0,Yes,Minority,34.9,0.0,77500.0
250277571004,Southbridge,739.0,60.9,0.0,0.165,0.0,Yes,Minority and income,39.5,5.8,54023.0
250277365005,,1163.0,60.8,0.054,0.342,0.734,No,,,,
250277373001,,1514.0,60.8,0.059,0.298,0.637,No,,,,
250010134003,,1490.0,60.8,0.0,0.183,0.696,No,,,,
250173154032,,964.0,60.8,0.374,0.374,0.0,No,,,,
250277392012,Shrewsbury,1502.0,60.8,0.33,0.456,0.0,Yes,Minority,52.8,21.8,74873.0
250092523006,Methuen,989.0,60.8,0.214,0.709,0.0,Yes,Minority,42.8,9.9,76607.0
250173241013,,1694.0,60.8,0.116,0.303,0.358,No,,,,
250173566014,Arlington,944.0,60.8,0.101,0.101,0.0,Yes,Minority,35.4,5.5,67917.0
250251104034,Boston,1014.0,60.8,0.071,0.071,0.0,Yes,Minority,38.7,7.8,132039.0
250277032003,,997.0,60.8,0.007,0.461,0.558,No,,,,
250173394004,Medford,943.0,60.8,0.534,0.534,0.0,Yes,Minority and income,27.7,0.0,49167.0
250056532042,,2235.0,60.8,0.0,0.17,0.0,No,,,,
250173116001,Lowell,1589.0,60.8,0.059,0.205,0.0,Yes,Minority,41.5,10.4,117885.0
250173361004,,775.0,60.7,0.0,0.241,0.0,No,,,,
250277363001,,767.0,60.7,0.0,0.0,0.0,No,,,,
250251402023,Boston,1120.0,60.7,0.372,0.658,0.0,Yes,Minority,55.4,17.1,102697.0
250110408002,Sunderland,770.0,60.6,0.0,0.375,0.726,Yes,Income,23.1,5.7,47614.0
250251104012,Boston,1658.0,60.6,0.078,0.078,0.0,Yes,Minority,49.6,1.7,124583.0
250092508002,Lawrence,2020.0,60.6,0.133,0.133,0.0,Yes,Minority,87.9,14.1,59259.0
250277051021,,663.0,60.5,0.0,0.003,0.557,No,,,,
250277611002,,1046.0,60.5,0.416,0.416,0.719,No,,,,
250173211004,,1496.0,60.5,0.092,0.393,0.273,No,,,,
250214561012,Stoughton,1816.0,60.4,0.035,0.277,0.275,Yes,Minority,37.3,0.0,115556.0
250138131011,,1939.0,60.3,0.0,0.378,0.665,No,,,,
250092526032,Methuen,2354.0,60.3,0.0,0.163,0.0,Yes,Minority,31.2,4.2,106964.0
250277211031,,2242.0,60.3,0.0,0.178,0.769,No,,,,
250092091003,,1745.0,60.2,0.0,0.133,0.0,No,,,,
250092060002,Lynn,2074.0,60.2,0.0,0.378,0.0,Yes,Minority and English isolation,85.6,29.0,61250.0
250173011023,,1518.0,60.2,0.13,0.336,0.828,No,,,,
250277311012,Worcester,953.0,60.2,0.0,0.0,0.0,Yes,Minority and income,62.1,4.6,53147.0
250173840041,Framingham,1459.0,60.2,0.0,0.193,0.088,Yes,Minority,33.7,0.0,108693.0
250092021013,,755.0,60.2,0.0,0.604,0.0,No,,,,
250173731001,,839.0,60.2,0.09,0.09,0.0,No,,,,
250173362021,,1062.0,60.1,0.0,0.0,0.0,No,,,,
250173336022,,1196.0,60.1,0.075,0.076,0.0,No,,,,
250039351004,,578.0,60.1,0.062,0.062,1.0,No,,,,
250092691003,,1087.0,60.0,0.005,0.193,0.254,No,,,,
250235052012,,2061.0,60.0,0.124,0.256,0.268,No,,,,
250251605025,Chelsea,905.0,60.0,0.319,0.319,0.0,Yes,Minority,78.5,24.2,67818.0
250173363004,,1226.0,60.0,0.0,0.248,0.0,No,,,,
250092108001,Peabody,1338.0,59.9,0.253,0.253,0.0,Yes,Minority,45.1,7.8,58997.0
250250910012,Boston,796.0,59.9,0.0,0.628,0.0,Yes,Minority,55.4,15.7,0.0
250173574002,,801.0,59.9,0.091,0.261,0.0,No,,,,
250235611004,Marion,1184.0,59.9,0.083,0.157,0.182,Yes,Minority,25.5,0.0,85863.0
250039342001,,559.0,59.8,0.0,0.0,0.767,No,,,,
250010148003,Falmouth,1128.0,59.8,0.209,0.508,0.0,Yes,Income,12.9,1.0,27396.0
250173672004,,1573.0,59.8,0.214,0.392,0.173,No,,,,
250235401031,,2588.0,59.8,0.0,0.106,0.976,No,,,,
250010114001,,784.0,59.8,0.0,0.074,0.0,No,,,,
250277323012,Worcester,3297.0,59.7,0.601,0.601,0.0,Yes,Minority,35.1,4.7,68795.0
250277395003,,2855.0,59.7,0.017,0.469,0.304,No,,,,
250092601003,Haverhill,1261.0,59.7,0.111,0.111,0.0,Yes,"Minority, income and English isolation",58.6,25.1,45625.0
250056161002,,2904.0,59.7,0.019,0.263,1.0,No,,,,
250092066001,Lynn,1001.0,59.7,0.0,0.245,0.0,Yes,Minority,46.5,4.8,83500.0
250251404001,Boston,684.0,59.7,0.0,0.0,0.0,Yes,Minority and English isolation,95.3,31.6,0.0
250214431051,,2080.0,59.7,0.113,0.212,0.18,No,,,,
250277532003,,615.0,59.6,0.0,0.0,0.363,No,,,,
250092641002,,2011.0,59.6,0.052,0.32,0.222,No,,,,
250173383003,,1294.0,59.6,0.078,0.514,0.0,No,,,,
250010139004,,1208.0,59.5,0.246,0.255,0.302,No,,,,
250173839044,Framingham,2143.0,59.5,0.106,0.474,0.564,Yes,Minority,26.3,13.9,68005.0
250056532031,,1315.0,59.5,0.0,0.351,0.0,No,,,,
250277492003,,1170.0,59.5,0.0,0.31,0.0,No,,,,
250173391011,Medford,1286.0,59.5,0.0,0.0,0.0,Yes,Minority,28.1,9.3,70156.0
250056518001,New Bedford,1321.0,59.4,0.0,0.647,0.0,Yes,Minority and income,41.8,14.2,12981.0
250277501003,,1851.0,59.3,0.032,0.485,0.0,No,,,,
250214196023,,2344.0,59.3,0.05,0.05,0.0,No,,,,
250056461042,,667.0,59.3,0.0,0.085,1.0,No,,,,
250214178011,,1069.0,59.3,0.0,0.0,0.0,No,,,,
250092054003,Lynn,1552.0,59.3,0.412,0.412,0.0,Yes,Minority,25.3,0.0,130357.0
250277221002,,1029.0,59.3,0.0,0.408,0.625,No,,,,
250214203014,Randolph,1852.0,59.2,0.0,0.206,0.0,Yes,Minority,69.2,0.0,109412.0
250010102063,,1527.0,59.1,0.0,0.092,0.963,No,,,,
250199504002,Nantucket,1526.0,59.1,0.06,0.533,0.012,Yes,Minority,45.4,1.3,188518.0
250277312041,Worcester,1470.0,59.1,0.0,0.0,0.0,Yes,Minority and income,73.3,10.6,44784.0
250092608002,Haverhill,3054.0,59.1,0.009,0.009,0.0,Yes,Minority,65.3,1.0,56417.0
250092021044,Swampscott,535.0,59.0,0.0,0.0,0.0,Yes,Income and English isolation,16.1,24.6,49088.0
250251604004,Chelsea,848.0,59.0,0.328,0.328,0.0,Yes,Minority and income,89.9,22.4,25125.0
250251801014,Winthrop,2320.0,59.0,0.0,0.0,0.0,Yes,Minority,28.6,6.3,75941.0
250277323011,Worcester,1538.0,59.0,0.342,0.342,0.0,Yes,Minority,42.7,4.6,61607.0
250235614002,Bridgewater,2315.0,59.0,0.146,0.146,0.0,Yes,Minority,27.3,0.0,70746.0
250138104143,,3485.0,58.9,0.0,0.207,0.981,No,,,,
250173419032,Malden,2937.0,58.9,0.051,0.051,0.0,Yes,Minority,52.5,10.7,106102.0
250277097012,Leominster,1155.0,58.9,0.056,0.447,0.164,Yes,Minority,42.2,11.5,67553.0
250277074001,,2647.0,58.9,0.003,0.074,0.255,No,,,,
250056303021,,1368.0,58.8,0.55,0.55,0.0,No,,,,
250235091022,,1211.0,58.8,0.0,0.181,0.515,No,,,,
250277191005,,1723.0,58.8,0.241,0.373,0.002,No,,,,
250277327002,Worcester,1009.0,58.8,0.622,0.622,0.0,Yes,Minority and income,68.4,3.0,53750.0
250214081042,,1204.0,58.7,0.021,0.036,0.661,No,,,,
250092084021,,1321.0,58.7,0.017,0.339,0.023,No,,,,
250173385003,,1437.0,58.7,0.143,0.145,0.0,No,,,,
250173688003,Waltham,1200.0,58.7,0.0,0.384,0.0,Yes,Minority,25.3,9.1,86250.0
250138126002,Westfield,895.0,58.7,0.0,0.141,0.0,Yes,Income,17.2,4.5,47074.0
250092114023,,2185.0,58.7,0.0,0.538,0.0,No,,,,
250277362001,,852.0,58.6,0.041,0.205,0.163,No,,,,
250092518002,Lawrence,1814.0,58.6,0.209,0.209,0.0,Yes,Minority and income,81.5,17.7,43438.0
250235211022,,1823.0,58.6,0.29,0.29,0.0,No,,,,
250158217002,,714.0,58.6,0.0,0.002,0.0,No,,,,
250092664004,,798.0,58.6,0.075,0.102,0.495,No,,,,
250277102003,Fitchburg,991.0,58.6,0.387,0.459,0.0,Yes,Minority and English isolation,36.4,39.0,76591.0
250214421032,,1403.0,58.5,0.007,0.044,0.086,No,,,,
250173613004,,1764.0,58.5,0.038,0.193,0.197,No,,,,
250056441014,,1846.0,58.5,0.0,0.05,0.0,No,,,,
250173662012,,1030.0,58.5,0.0,0.159,0.0,No,,,,
250235411002,,2232.0,58.5,0.0,0.146,1.0,No,,,,
250277201002,,1398.0,58.5,0.0,0.13,1.0,No,,,,
250250008053,Boston,1683.0,58.5,0.0,0.342,0.0,Yes,Minority and income,53.0,23.6,27314.0
250092518004,Lawrence,2065.0,58.4,0.212,0.474,0.0,Yes,Minority,55.6,2.4,107708.0
250277303002,Worcester,1544.0,58.4,0.0,0.0,0.0,Yes,Minority,40.5,9.0,79118.0
250056518002,New Bedford,744.0,58.4,0.46,0.529,0.0,Yes,Minority and income,56.0,3.8,11911.0
250277491001,,1944.0,58.4,0.066,0.282,0.841,No,,,,
250173831011,Framingham,2215.0,58.4,0.0,0.001,0.3,Yes,"Minority, income and English isolation",75.3,44.3,45521.0
250072002001,,723.0,58.4,0.0,0.003,0.109,No,,,,
250173882004,,1598.0,58.4,0.12,0.232,0.517,No,,,,
250251204003,,907.0,58.3,0.0,0.428,0.0,No,,,,
250173212004,Marlborough,1073.0,58.3,0.0,0.603,0.103,Yes,Minority,26.0,0.0,108802.0
250173271031,,1628.0,58.3,0.0,0.057,0.373,No,,,,
250214091011,,2590.0,58.3,0.0,0.292,0.32,No,,,,
250173361003,,968.0,58.2,0.11,0.11,0.0,No,,,,
250173652023,,1335.0,58.2,0.0,0.335,0.0,No,,,,
250173301021,,2306.0,58.2,0.0,0.07,0.25,No,,,,
250173632013,,912.0,58.2,0.19,0.217,0.684,No,,,,
250173575001,,695.0,58.1,0.0,0.02,0.0,No,,,,
250173745003,,846.0,58.1,0.314,0.314,0.0,No,,,,
250092042004,Salem,822.0,58.1,0.22,0.22,0.0,Yes,Minority,27.7,0.0,59324.0
250092112011,,1120.0,58.1,0.533,0.533,0.0,No,,,,
250277511021,,1604.0,58.0,0.043,0.124,1.0,No,,,,
250056501022,,2055.0,58.0,0.006,0.01,0.0,No,,,,
250235061022,,1255.0,58.0,0.0,0.115,0.367,No,,,,
250173826021,Natick,925.0,58.0,0.103,0.103,0.0,Yes,Minority,30.6,8.0,171111.0
250092082001,,1276.0,58.0,0.0,0.015,0.0,No,,,,
250056313001,,1883.0,57.9,0.326,0.408,0.217,No,,,,
250010104004,,979.0,57.9,0.0,0.162,0.012,No,,,,
250138135002,,1058.0,57.8,0.183,0.306,1.0,No,,,,
250173400003,Medford,704.0,57.8,0.0,0.0,0.0,Yes,Minority,33.0,6.1,129476.0
250277382023,,3068.0,57.8,0.0,0.135,0.801,No,,,,
250235052023,,1355.0,57.8,0.13,0.13,0.0,No,,,,
250092605002,,1015.0,57.8,0.0,0.476,0.0,No,,,,
250039141003,Lee,956.0,57.7,0.0,0.488,0.0,Yes,Income,15.8,0.0,55144.0
250214231021,,1874.0,57.7,0.101,0.149,0.009,No,,,,
250250003014,Boston,934.0,57.7,0.0,0.0,0.0,Yes,Minority,33.9,7.0,106359.0
250173662023,,999.0,57.7,0.0,0.286,0.0,No,,,,
250092609003,Haverhill,1116.0,57.6,0.0,0.0,0.0,Yes,Minority and income,57.2,0.0,34493.0
250092176012,Beverly,2078.0,57.6,0.213,0.349,0.0,Yes,Income,9.0,6.0,39107.0
250235052021,,809.0,57.6,0.0,0.192,0.0,No,,,,
250056401002,Fall River,882.0,57.6,0.237,0.237,0.0,Yes,Minority and income,44.9,9.7,33281.0
250235062061,,385.0,57.6,0.0,0.0,0.073,No,,,,
250277361001,,830.0,57.5,0.307,0.307,0.0,No,,,,
250277382022,,1320.0,57.5,0.116,0.116,0.897,No,,,,
250039007002,,647.0,57.4,0.069,0.069,0.0,No,,,,
250235062063,,1179.0,57.4,0.0,0.0,0.0,No,,,,
250173539001,Cambridge,2149.0,57.4,0.0,0.374,0.0,Yes,Minority,50.0,5.1,58250.0
250250002023,Boston,2516.0,57.4,0.342,0.342,0.0,Yes,Minority,50.5,14.1,74375.0
250277319004,Worcester,2656.0,57.4,0.0,0.0,0.0,Yes,Minority and income,71.4,18.5,37429.0
250214101004,,40.0,57.4,0.0,0.011,0.625,No,,,,
250277304022,Worcester,1044.0,57.2,0.0,0.0,0.0,Yes,Minority,69.6,14.0,61607.0
250173563003,,752.0,57.2,0.0,0.506,0.0,No,,,,
250173704021,Watertown,616.0,57.2,0.012,0.012,0.0,Yes,Minority,25.8,0.0,109206.0
250092104021,,2442.0,57.1,0.035,0.035,0.0,No,,,,
250138129031,,2215.0,57.1,0.0,0.0,0.0,No,,,,
250277361002,,1858.0,57.1,0.209,0.352,0.453,No,,,,
250056332001,,1624.0,57.1,0.005,0.097,1.0,No,,,,
250277401011,,1601.0,57.1,0.02,0.265,0.077,No,,,,
250251802002,Winthrop,749.0,57.1,0.0,0.0,0.0,Yes,Income,18.3,3.2,53587.0
250235451002,,1015.0,57.1,0.134,0.134,0.0,No,,,,
250056403001,Fall River,1700.0,57.0,0.0,0.585,0.015,Yes,Minority and income,54.4,13.2,24811.0
250010136003,,1114.0,57.0,0.0,0.041,0.0,No,,,,
250235001031,,1343.0,57.0,0.0,0.445,0.005,No,,,,
250214564022,Stoughton,1382.0,57.0,0.125,0.146,0.54,Yes,Minority,28.3,0.0,110673.0
250110402003,,1551.0,57.0,0.14,0.316,0.754,No,,,,
250092532032,,1628.0,57.0,0.0,0.0,0.0,No,,,,
250173530002,Cambridge,757.0,56.9,0.0,0.374,0.0,Yes,Minority,49.8,9.1,63458.0
250214179011,Quincy,2217.0,56.9,0.427,0.453,0.0,Yes,Minority,40.6,10.5,68750.0
250277363002,,1722.0,56.9,0.16,0.213,0.013,No,,,,
250039141002,,924.0,56.9,0.0,0.425,0.0,No,,,,
250235309032,,2278.0,56.9,0.0,0.006,0.84,No,,,,
250056141022,,2564.0,56.9,0.001,0.15,0.637,No,,,,
250277532001,,2120.0,56.9,0.001,0.198,0.275,No,,,,
250173131024,,1567.0,56.9,0.275,0.355,0.765,No,,,,
250092606003,Haverhill,1405.0,56.9,0.029,0.029,0.0,Yes,Minority,67.1,6.3,57474.0
250259809001,Newton,125.0,56.9,0.349,0.349,0.0,Yes,Minority,42.4,0.0,117824.0
250214031006,,994.0,56.9,0.0,0.0,0.0,No,,,,
250092517001,Lawrence,1614.0,56.8,0.508,0.508,0.191,Yes,Minority,60.5,3.4,100147.0
250039352003,,968.0,56.8,0.0,0.0,0.0,No,,,,
250173117002,Lowell,1215.0,56.8,0.0,0.456,0.0,Yes,Minority,78.7,6.9,76964.0
250277391022,Shrewsbury,2756.0,56.8,0.314,0.383,0.093,Yes,Minority,58.2,11.8,100313.0
250235001032,,860.0,56.8,0.0,0.674,0.005,No,,,,
250277541001,,1375.0,56.7,0.336,0.389,0.74,No,,,,
250039005001,,1143.0,56.7,0.217,0.217,0.0,No,,,,
250110405021,,867.0,56.7,0.0,0.007,0.961,No,,,,
250056527003,New Bedford,1182.0,56.7,0.0,0.0,0.0,Yes,Minority and income,38.7,4.2,49453.0
250214421051,,1894.0,56.7,0.12,0.32,0.836,No,,,,
250173399005,Medford,922.0,56.6,0.0,0.0,0.0,Yes,Minority and English isolation,31.3,28.4,148784.0
250110412003,Greenfield,959.0,56.6,0.0,0.0,0.0,Yes,Income,12.1,5.3,51435.0
250173400001,Medford,1108.0,56.6,0.0,0.0,0.0,Yes,Minority,45.6,7.2,57285.0
250277291002,,2413.0,56.6,0.018,0.103,0.265,No,,,,
250214112004,,973.0,56.6,0.356,0.356,0.0,No,,,,
250039221002,Adams,717.0,56.6,0.0,0.0,0.0,Yes,Income,9.3,0.0,35000.0
250173419042,Malden,1366.0,56.6,0.0,0.649,0.0,Yes,Minority and income,64.6,19.6,35774.0
250250404012,,965.0,56.5,0.0,0.629,0.0,No,,,,
250173861003,,1473.0,56.5,0.108,0.261,1.0,No,,,,
250235201003,,2102.0,56.5,0.187,0.31,0.069,No,,,,
250277303004,Worcester,750.0,56.4,0.0,0.0,0.0,Yes,Minority,39.1,0.0,55682.0
250138133032,,2261.0,56.4,0.0,0.167,0.0,No,,,,
250010104002,Orleans,872.0,56.4,0.0,0.063,0.0,Yes,Income,11.9,0.0,40833.0
250056451024,,2600.0,56.3,0.0,0.068,0.862,No,,,,
250092526014,Methuen,1486.0,56.3,0.341,0.341,0.153,Yes,Minority,29.7,1.3,90000.0
250251104011,Boston,1967.0,56.3,0.0,0.0,0.0,Yes,Minority and English isolation,77.3,31.2,64115.0
250250606042,Boston,989.0,56.3,0.0,0.0,0.0,Yes,Minority,24.7,0.0,176000.0
250173418001,Malden,1067.0,56.2,0.0,0.442,0.0,Yes,Minority and English isolation,50.9,28.1,72500.0
250010127003,,834.0,56.2,0.0,0.141,0.017,No,,,,
250173832001,Framingham,1955.0,56.2,0.0,0.572,0.0,Yes,Minority and income,79.0,15.3,35700.0
250158223003,,767.0,56.2,0.0,0.0,0.0,No,,,,
250092603011,,1785.0,56.1,0.071,0.351,0.0,No,,,,
250138015031,Springfield,1224.0,56.1,0.0,0.107,0.0,Yes,Minority and income,73.1,1.8,42258.0
250277371002,,1604.0,56.1,0.004,0.174,0.986,No,,,,
250173271033,,1207.0,56.1,0.0,0.042,0.171,No,,,,
250235441001,,1302.0,56.1,0.071,0.257,1.0,No,,,,
250173701014,Watertown,840.0,56.1,0.0,0.185,0.0,Yes,Minority,25.4,0.0,85156.0
250214141004,,1547.0,56.1,0.007,0.221,0.341,No,,,,
250214231023,,1331.0,56.1,0.196,0.354,0.0,No,,,,
250056531023,,1728.0,56.1,0.072,0.207,1.0,No,,,,
250092607002,Haverhill,2462.0,56.1,0.177,0.177,0.0,Yes,Minority,35.0,6.0,106369.0
250092141004,,983.0,56.1,0.0,0.133,0.134,No,,,,
250250920001,Boston,1354.0,56.0,0.0,0.0,0.0,Yes,"Minority, income and English isolation",90.3,25.4,53750.0
250092514003,Lawrence,1019.0,56.0,0.0,0.0,0.0,Yes,"Minority, income and English isolation",92.6,30.7,50431.0
250250917001,Boston,1313.0,56.0,0.0,0.0,0.0,Yes,Minority,90.3,8.7,64211.0
250250704021,Boston,2049.0,56.0,0.516,0.516,0.0,Yes,Minority,34.4,3.3,126050.0
250214180032,Quincy,1209.0,55.9,0.0,0.156,0.0,Yes,Minority,48.0,4.3,142632.0
250235454004,Wareham,831.0,55.9,0.0,0.42,0.0,Yes,Income,21.3,0.0,45588.0
250092691005,,1458.0,55.9,0.0,0.191,0.688,No,,,,
250056522002,,1037.0,55.9,0.0,0.0,0.0,No,,,,
250251404005,Boston,1520.0,55.9,0.0,0.006,0.0,Yes,Minority,96.4,0.0,76029.0
250110406001,,1865.0,55.9,0.0,0.069,0.995,No,,,,
250173396003,Medford,1000.0,55.8,0.0,0.0,0.0,Yes,Minority,31.4,0.0,101220.0
250138127011,Westfield,1346.0,55.8,0.338,0.338,0.0,Yes,Income,15.6,0.0,46757.0
250251008006,Boston,1228.0,55.8,0.0,0.0,0.0,Yes,Minority and English isolation,58.2,34.0,61731.0
250235041024,,1148.0,55.8,0.104,0.316,0.007,No,,,,
250092011002,,1243.0,55.7,0.0,0.0,0.0,No,,,,
250056461011,,1140.0,55.7,0.053,0.166,0.93,No,,,,
250173216004,,1316.0,55.7,0.0,0.264,0.0,No,,,,
250173538002,Cambridge,1075.0,55.7,0.0,0.374,0.0,Yes,Minority and income,36.3,4.6,44802.0
250214202012,Randolph,2713.0,55.7,0.053,0.053,0.0,Yes,Minority,73.6,8.5,69239.0
250092691004,,998.0,55.6,0.0,0.078,0.277,No,,,,
250092601001,Haverhill,2284.0,55.6,0.0,0.0,0.0,Yes,Minority and income,65.0,14.2,38224.0
250138137021,,1545.0,55.6,0.023,0.223,1.0,No,,,,
250158224013,,1369.0,55.6,0.0,0.0,0.0,No,,,,
250039111001,,1413.0,55.6,0.002,0.051,0.89,No,,,,
250056420002,Fall River,1111.0,55.6,0.0,0.33,0.0,Yes,Income and English isolation,24.5,25.7,44444.0
250251010012,Boston,764.0,55.5,0.0,0.0,0.0,Yes,Minority,98.3,6.7,0.0
250158205003,Amherst,1068.0,55.5,0.0,0.0,0.0,Yes,Minority and income,36.9,0.0,22936.0
250010108005,,1961.0,55.5,0.065,0.065,0.531,No,,,,
250199501001,,1029.0,55.4,0.0,0.57,0.0,No,,,,
250072003004,,2514.0,55.4,0.0,0.003,0.366,No,,,,
250173507021,Somerville,1151.0,55.4,0.467,0.467,0.0,Yes,Minority,24.7,11.5,0.0
250173124001,Lowell,703.0,55.4,0.0,0.0,0.0,Yes,Minority and income,65.4,5.3,21655.0
250138127012,Westfield,1474.0,55.4,0.355,0.355,0.0,Yes,Minority,30.5,8.4,55357.0
250092046005,,916.0,55.3,0.0,0.015,0.0,No,,,,
250056442004,,1258.0,55.3,0.034,0.106,0.394,No,,,,
250235306002,,1273.0,55.3,0.0,0.01,1.0,No,,,,
250056141023,,2172.0,55.3,0.0,0.094,0.684,No,,,,
250039313001,,694.0,55.2,0.0,0.162,1.0,No,,,,
250092521013,Methuen,1707.0,55.2,0.0,0.463,0.0,Yes,Minority,34.6,3.1,58542.0
250092601002,Haverhill,1425.0,55.2,0.0,0.0,0.0,Yes,Minority and income,50.8,12.6,17601.0
250092508004,Lawrence,1237.0,55.2,0.397,0.397,0.0,Yes,Minority and income,87.2,6.4,46700.0
250277051023,,623.0,55.2,0.0,0.248,0.547,No,,,,
250092601004,Haverhill,1179.0,55.2,0.0,0.0,0.0,Yes,Minority,41.6,0.0,70347.0
250251804002,,912.0,55.2,0.0,0.0,0.0,No,,,,
250110414002,Greenfield,1429.0,55.2,0.054,0.324,0.556,Yes,Minority and income,24.8,9.0,47404.0
250277317002,Worcester,1559.0,55.1,0.122,0.603,0.0,Yes,Minority and income,46.1,11.6,34856.0
250214104001,,1437.0,55.1,0.299,0.311,0.0,No,,,,
250251404002,Boston,1028.0,55.1,0.0,0.0,0.0,Yes,Minority,97.9,0.0,67688.0
250092502003,Lawrence,2415.0,55.1,0.0,0.0,0.0,Yes,Minority,84.7,8.9,67813.0
250039007004,,852.0,55.1,0.0,0.018,0.062,No,,,,
250250911005,Boston,778.0,55.1,0.0,0.015,0.0,Yes,Minority,50.0,19.9,98125.0
250039334002,,881.0,55.0,0.0,0.232,1.0,No,,,,
250277328022,Worcester,1340.0,55.0,0.169,0.169,0.0,Yes,Minority,57.4,8.7,73250.0
250235091023,,681.0,55.0,0.12,0.385,0.435,No,,,,
250092532041,North Andover,1332.0,55.0,0.286,0.313,0.776,Yes,Minority,30.0,0.8,112222.0
250110403002,,1602.0,55.0,0.039,0.175,0.98,No,,,,
250158207002,Amherst,1419.0,55.0,0.059,0.459,0.462,Yes,Minority,40.0,9.1,62321.0
250092047024,Salem,3086.0,55.0,0.089,0.165,0.0,Yes,Minority,34.6,7.2,76279.0
250010114002,,995.0,55.0,0.0,0.0,0.0,No,,,,
250039004003,,1193.0,55.0,0.0,0.0,0.563,No,,,,
250173125021,Lowell,2075.0,54.9,0.0,0.0,0.0,Yes,Minority,35.1,1.3,83095.0
250277291001,,2595.0,54.9,0.078,0.153,0.593,No,,,,
250158212001,South Hadley,2185.0,54.9,0.0,0.0,0.13,Yes,Minority,46.6,0.0,142031.0
250039131002,,755.0,54.8,0.0,0.011,0.78,No,,,,
250158201012,,1760.0,54.8,0.025,0.099,0.624,No,,,,
250214179021,Quincy,1344.0,54.8,0.0,0.234,0.0,Yes,Minority,52.2,19.8,95083.0
250173301011,,1672.0,54.8,0.0,0.0,0.484,No,,,,
250092175002,,1000.0,54.8,0.003,0.003,0.0,No,,,,
250173701011,,1643.0,54.8,0.0,0.082,0.0,No,,,,
250173216005,Marlborough,1852.0,54.7,0.0,0.0,0.0,Yes,Minority,52.9,11.0,107361.0
250092103022,,2004.0,54.7,0.01,0.01,0.0,No,,,,
250056532032,,1435.0,54.7,0.0,0.0,0.11,No,,,,
250235301001,,1818.0,54.7,0.0,0.279,0.0,No,,,,
250251105023,Boston,757.0,54.7,0.0,0.0,0.0,Yes,Minority,49.9,17.9,0.0
250158223004,Easthampton,1127.0,54.7,0.0,0.0,0.0,Yes,Income,14.1,0.0,40000.0
250235052022,,2356.0,54.7,0.175,0.299,0.0,No,,,,
250173688002,Waltham,1452.0,54.7,0.0,0.03,0.0,Yes,Minority,51.2,1.5,78438.0
250138136023,,1918.0,54.6,0.0,0.0,0.462,No,,,,
250173121001,Lowell,1185.0,54.6,0.0,0.0,0.0,Yes,Minority and income,65.4,12.7,46094.0
250214222025,,1401.0,54.6,0.007,0.007,0.401,No,,,,
250173682002,,1730.0,54.6,0.154,0.154,0.0,No,,,,
250092046003,,791.0,54.6,0.0,0.35,0.169,No,,,,
250138127021,Westfield,2091.0,54.6,0.0,0.022,0.0,Yes,Minority,29.3,10.1,63491.0
250235401021,,2642.0,54.6,0.0,0.131,1.0,No,,,,
250277322022,Worcester,2296.0,54.6,0.036,0.036,0.0,Yes,Minority,38.9,9.1,92344.0
250056522003,,824.0,54.6,0.0,0.0,0.0,No,,,,
250173151001,,2810.0,54.5,0.134,0.273,0.13,No,,,,
250173213021,Marlborough,1702.0,54.5,0.001,0.001,0.016,Yes,Minority,56.5,13.1,109757.0
250235421011,,1729.0,54.5,0.124,0.193,0.297,No,,,,
250277492001,,3337.0,54.5,0.004,0.154,0.338,No,,,,
250199504001,Nantucket,2045.0,54.5,0.229,0.314,0.247,Yes,Minority,28.5,0.0,126932.0
250158201013,Ware,1023.0,54.5,0.358,0.424,0.523,Yes,Income,13.9,0.0,41731.0
250235031012,,1711.0,54.5,0.011,0.052,0.0,No,,,,
250250921012,Boston,1238.0,54.4,0.0,0.0,0.0,Yes,Minority and English isolation,87.0,36.8,79375.0
250214001002,Brookline,1071.0,54.3,0.0,0.0,0.0,Yes,Minority,38.8,4.8,92050.0
250173363002,,781.0,54.3,0.0,0.445,0.0,No,,,,
250173141024,,1706.0,54.3,0.175,0.175,0.027,No,,,,
250277241003,West Brookfield,1387.0,54.3,0.0,0.403,0.714,Yes,Income,10.8,0.0,36913.0
250277051011,,1188.0,54.3,0.059,0.141,0.965,No,,,,
250277102005,,2037.0,54.3,0.0,0.195,0.0,No,,,,
250235105033,Brockton,1391.0,54.3,0.0,0.168,0.178,Yes,Minority,50.1,8.4,81250.0
250173594001,Cambridge,1345.0,54.2,0.244,0.244,0.0,Yes,Minority,50.3,1.8,104583.0
250056451031,,2248.0,54.2,0.0,0.214,0.59,No,,,,
250173342004,,1086.0,54.2,0.0,0.0,0.142,No,,,,
250214221003,,1853.0,54.2,0.137,0.355,0.0,No,,,,
250138133011,,2365.0,54.1,0.0,0.341,0.0,No,,,,
250092176021,,685.0,54.1,0.061,0.186,0.0,No,,,,
250092091001,,1417.0,54.1,0.0,0.103,0.0,No,,,,
250056423001,,1064.0,54.1,0.102,0.172,0.0,No,,,,
250138115002,Holyoke,1140.0,54.1,0.0,0.0,0.0,Yes,"Minority, income and English isolation",91.3,27.1,16111.0
250277011023,,633.0,54.1,0.0,0.259,0.209,No,,,,
250056504001,New Bedford,1137.0,54.0,0.0,0.304,0.0,Yes,Minority,35.0,4.0,72014.0
250173312002,,1585.0,54.0,0.0,0.0,0.0,No,,,,
250173852033,Ashland,1660.0,54.0,0.061,0.061,0.202,Yes,Minority,39.4,3.7,118646.0
250056317004,,2034.0,53.9,0.046,0.08,0.73,No,,,,
250235308012,,2580.0,53.9,0.002,0.114,0.02,No,,,,
250092113003,,2132.0,53.9,0.004,0.212,0.0,No,,,,
250277282001,,935.0,53.9,0.0,0.0,0.0,No,,,,
250235113013,Brockton,2434.0,53.9,0.0,0.435,0.0,Yes,Minority,75.3,4.8,67315.0
250173213022,Marlborough,1954.0,53.9,0.103,0.108,0.214,Yes,Minority,27.9,0.0,112213.0
250056441022,,2404.0,53.9,0.0,0.228,0.025,No,,,,
250259815021,,7.0,53.8,0.032,0.313,0.0,No,,,,
250138136011,,1054.0,53.8,0.0,0.001,0.643,No,,,,
250277282003,,1021.0,53.8,0.0,0.124,0.0,No,,,,
250277307003,Worcester,2747.0,53.8,0.013,0.128,0.0,Yes,Minority and income,34.1,0.0,44099.0
250092621001,,1007.0,53.8,0.0,0.35,0.0,No,,,,
250173411012,Malden,838.0,53.8,0.0,0.466,0.0,Yes,Minority,62.8,19.4,60536.0
250277032001,,1221.0,53.8,0.344,0.415,0.0,No,,,,
250173567042,,982.0,53.7,0.011,0.551,0.0,No,,,,
250092641003,,2644.0,53.7,0.0,0.156,0.499,No,,,,
250214081024,,1014.0,53.7,0.0,0.119,0.212,No,,,,
250173834021,Framingham,1893.0,53.6,0.0,0.273,0.0,Yes,Minority,61.0,14.2,73400.0
250039006004,Pittsfield,1160.0,53.6,0.0,0.177,0.0,Yes,Minority and income,40.2,3.3,23990.0
250173575002,,662.0,53.6,0.0,0.097,0.0,No,,,,
250277108002,Fitchburg,1229.0,53.6,0.0,0.537,0.0,Yes,Minority and income,52.6,0.0,40690.0
250092064003,Lynn,1275.0,53.5,0.0,0.043,0.0,Yes,Minority,67.9,17.9,72000.0
250039131006,,600.0,53.5,0.034,0.221,0.36,No,,,,
250092605001,,1830.0,53.5,0.0,0.072,0.0,No,,,,
250092052002,Lynn,805.0,53.5,0.408,0.408,0.0,Yes,Minority,42.7,3.9,83646.0
250235305004,,645.0,53.5,0.0,0.0,0.0,No,,,,
250138134043,,2815.0,53.5,0.047,0.209,0.151,No,,,,
250235071011,,2402.0,53.5,0.0,0.008,0.076,No,,,,
250277097021,Leominster,1235.0,53.5,0.026,0.124,0.0,Yes,Minority,30.4,1.4,72744.0
250039222003,Adams,1768.0,53.4,0.099,0.204,0.218,Yes,Income,10.1,0.7,44457.0
250214179013,Quincy,748.0,53.4,0.082,0.082,0.0,Yes,Minority and income,51.2,23.9,22209.0
250110405011,,670.0,53.4,0.0,0.255,0.752,No,,,,
250250107021,,830.0,53.4,0.0,0.627,0.0,No,,,,
250138125003,Westfield,2340.0,53.4,0.01,0.346,0.0,Yes,Minority,34.5,13.8,61083.0
250277324005,Worcester,967.0,53.4,0.497,0.497,0.0,Yes,"Minority, income and English isolation",82.5,34.6,31406.0
250138138011,,1832.0,53.4,0.0,0.062,0.948,No,,,,
250277571003,Southbridge,977.0,53.4,0.022,0.022,0.0,Yes,Minority,34.9,8.4,61100.0
250092211001,,1294.0,53.4,0.094,0.094,0.185,No,,,,
250277051022,,1716.0,53.4,0.002,0.196,0.43,No,,,,
250092082003,Saugus,2019.0,53.3,0.0,0.371,0.0,Yes,Income,20.8,8.4,29567.0
250251601031,Chelsea,1599.0,53.3,0.205,0.205,0.0,Yes,Minority and English isolation,92.0,40.5,0.0
250056451032,,2831.0,53.2,0.0,0.25,0.158,No,,,,
250250612031,Boston,2686.0,53.2,0.529,0.529,0.0,Yes,Minority,26.5,0.0,193068.0
250056542003,,1260.0,53.2,0.228,0.291,0.009,No,,,,
250173823002,,2586.0,53.2,0.014,0.014,0.0,No,,,,
250092542003,,1046.0,53.1,0.0,0.328,0.0,No,,,,
250214196022,,2336.0,53.1,0.008,0.026,0.051,No,,,,
250214141005,,374.0,53.0,0.257,0.404,0.374,No,,,,
250235061042,,2632.0,53.0,0.0,0.109,0.23,No,,,,
250214091022,,3062.0,53.0,0.093,0.142,0.345,No,,,,
250173343003,,1959.0,53.0,0.0,0.058,0.438,No,,,,
250092532043,,1477.0,52.9,0.0,0.0,0.0,No,,,,
250277531004,,1847.0,52.9,0.05,0.157,0.808,No,,,,
250250709022,Boston,1089.0,52.9,0.0,0.0,0.0,Yes,Minority,40.0,0.0,145357.0
250277305002,Worcester,1187.0,52.9,0.0,0.0,0.0,Yes,Minority,70.5,21.0,59375.0
250056311022,Attleboro,1157.0,52.9,0.0,0.359,0.0,Yes,Income,18.4,4.5,52409.0
250092131001,,1759.0,52.9,0.014,0.077,1.0,No,,,,
250056451033,,884.0,52.9,0.102,0.102,0.212,No,,,,
250010108004,,706.0,52.9,0.0,0.0,0.0,No,,,,
250173401006,,1023.0,52.8,0.0,0.183,0.0,No,,,,
250173835012,Framingham,1575.0,52.7,0.0,0.483,0.0,Yes,Minority and income,56.6,20.1,20417.0
250277181001,,3243.0,52.7,0.0,0.113,0.472,No,,,,
250092047014,,2044.0,52.6,0.057,0.247,0.354,No,,,,
250010112001,,1292.0,52.6,0.006,0.119,0.059,No,,,,
250251404004,Boston,811.0,52.6,0.0,0.001,0.0,Yes,Minority and income,97.7,0.0,33932.0
250173742001,,1003.0,52.6,0.293,0.293,0.0,No,,,,
250173566021,Arlington,1688.0,52.6,0.383,0.383,0.0,Yes,Minority,25.3,0.0,78385.0
250010103043,Eastham,630.0,52.6,0.0,0.082,0.694,Yes,Income,7.5,0.0,37168.0
250277075001,Gardner,2053.0,52.5,0.0,0.132,0.248,Yes,Income,21.3,4.1,49097.0
250277121012,,2522.0,52.5,0.0,0.056,0.15,No,,,,
250158224022,,1140.0,52.5,0.0,0.517,0.104,No,,,,
250235303001,,956.0,52.5,0.0,0.615,0.0,No,,,,
250214031004,,1086.0,52.5,0.0,0.088,0.0,No,,,,
250173106024,Lowell,1895.0,52.4,0.0,0.359,0.0,Yes,Minority,43.1,5.1,85208.0
250235232031,,1635.0,52.4,0.0,0.033,0.124,No,,,,
250092683001,Newburyport,1353.0,52.4,0.0,0.574,0.0,Yes,Income,12.7,0.0,48269.0
250235106001,Brockton,842.0,52.4,0.005,0.51,0.0,Yes,Minority,48.2,0.0,149205.0
250173211002,Marlborough,2400.0,52.4,0.0,0.222,0.86,Yes,Minority and income,41.6,14.5,45757.0
250173384003,,1515.0,52.4,0.0,0.255,0.0,No,,,,
250214024002,,766.0,52.4,0.0,0.0,0.0,No,,,,
250277096002,Leominster,748.0,52.4,0.115,0.127,0.112,Yes,Minority,36.9,8.8,61750.0
250277262001,,1795.0,52.3,0.119,0.119,0.135,No,,,,
250277103002,Fitchburg,1858.0,52.3,0.204,0.46,0.0,Yes,Minority,34.8,0.0,66648.0
250110401001,Rowe,1147.0,52.3,0.068,0.106,0.976,Yes,Income,11.9,0.6,52727.0
250056417001,Fall River,612.0,52.2,0.0,0.001,0.0,Yes,Income,6.9,15.8,45424.0
250251401062,Boston,713.0,52.2,0.0,0.0,0.0,Yes,Minority and income,91.7,21.5,17500.0
250251404003,Boston,1008.0,52.2,0.0,0.0,0.0,Yes,Minority,94.8,0.0,96756.0
250092611013,,1982.0,52.2,0.11,0.117,0.099,No,,,,
250056112023,,1581.0,52.1,0.0,0.101,0.0,No,,,,
250056513002,New Bedford,1034.0,52.1,0.0,0.01,0.0,Yes,Minority and income,40.8,0.9,33587.0
250039332002,,1095.0,52.1,0.0,0.072,0.911,No,,,,
250235452001,Wareham,673.0,52.1,0.012,0.012,0.0,Yes,Minority,30.9,0.0,61199.0
250277611004,,1608.0,52.1,0.001,0.04,0.915,No,,,,
250235107002,Brockton,1117.0,52.0,0.0,0.405,0.0,Yes,Minority,73.2,18.2,98750.0
250235117013,Brockton,880.0,52.0,0.015,0.015,0.0,Yes,Minority,68.3,0.0,113164.0
250235308023,,1132.0,52.0,0.0,0.103,0.0,No,,,,
250277561013,,1066.0,51.9,0.176,0.401,0.831,No,,,,
250214081022,,1743.0,51.9,0.018,0.184,0.0,No,,,,
250092701001,,2953.0,51.9,0.002,0.01,0.297,No,,,,
250214008003,Brookline,1846.0,51.9,0.0,0.411,0.0,Yes,Minority,39.4,7.5,85625.0
250056514003,New Bedford,712.0,51.8,0.0,0.0,0.0,Yes,Minority and income,53.5,9.4,41131.0
250158213002,,1147.0,51.8,0.0,0.001,0.454,No,,,,
250056514002,New Bedford,799.0,51.8,0.0,0.0,0.0,Yes,Minority,53.6,4.3,107742.0
250056514004,New Bedford,703.0,51.8,0.0,0.0,0.0,Yes,Minority,57.9,6.6,0.0
250010143001,,891.0,51.8,0.0,0.0,0.018,No,,,,
250173662022,,1972.0,51.8,0.002,0.146,0.0,No,,,,
250277392011,Shrewsbury,2006.0,51.8,0.0,0.454,0.0,Yes,Minority,35.0,6.3,80756.0
250214033002,,1280.0,51.8,0.0,0.078,0.0,No,,,,
250138133041,,1853.0,51.7,0.0,0.0,0.0,No,,,,
250092033012,,1997.0,51.7,0.0,0.087,0.0,No,,,,
250158210004,,2017.0,51.7,0.175,0.175,0.76,No,,,,
250110408001,,1607.0,51.7,0.0,0.108,0.75,No,,,,
250214023003,,2196.0,51.7,0.073,0.382,0.0,No,,,,
250092032001,Marblehead,780.0,51.6,0.0,0.0,0.0,Yes,Income,12.2,0.0,51694.0
250092532051,,2673.0,51.6,0.0,0.0,0.089,No,,,,
250056171012,,2519.0,51.6,0.056,0.328,0.758,No,,,,
250173839031,Framingham,1307.0,51.5,0.215,0.385,0.0,Yes,Minority,24.6,4.8,120338.0
250056311021,,1276.0,51.5,0.0,0.065,0.0,No,,,,
250092631003,,1859.0,51.5,0.0,0.143,0.25,No,,,,
250092104022,,1691.0,51.5,0.347,0.404,0.152,No,,,,
250158205004,Amherst,911.0,51.5,0.0,0.0,0.0,Yes,Minority and income,25.9,0.0,16226.0
250158217003,,265.0,51.4,0.0,0.0,0.0,No,,,,
250158224012,,1427.0,51.4,0.0,0.0,0.069,No,,,,
250138005002,Springfield,1129.0,51.4,0.0,0.0,0.0,Yes,Minority,95.0,18.7,61214.0
250173746001,,1628.0,51.4,0.037,0.09,0.0,No,,,,
250251201051,,766.0,51.4,0.0,0.011,0.0,No,,,,
250214182013,Quincy,2334.0,51.4,0.0,0.571,0.0,Yes,Minority,30.7,9.2,110403.0
250235261002,,769.0,51.4,0.0,0.002,0.004,No,,,,
250173702021,,893.0,51.3,0.011,0.486,0.0,No,,,,
250010153001,Barnstable,1113.0,51.3,0.21,0.222,0.016,Yes,Minority and income,53.5,15.0,54000.0
250158203001,Amherst,1947.0,51.3,0.0,0.119,0.593,Yes,Minority,28.5,1.6,118250.0
250277304021,Worcester,1022.0,51.3,0.0,0.0,0.0,Yes,Minority and income,52.9,0.0,54875.0
250173104002,Lowell,1146.0,51.3,0.0,0.0,0.0,Yes,Minority and income,59.2,4.3,53015.0
250277051013,,1247.0,51.2,0.0,0.083,0.864,No,,,,
250250907003,Boston,1178.0,51.2,0.0,0.0,0.0,Yes,Minority,42.3,16.3,70795.0
250250913001,Boston,1456.0,51.2,0.0,0.0,0.0,Yes,Minority and income,84.5,18.5,44635.0
250138101001,,2365.0,51.2,0.029,0.123,0.991,No,,,,
250250912001,Boston,1057.0,51.2,0.0,0.0,0.0,Yes,Minority,56.4,16.5,92813.0
250235011012,,1415.0,51.2,0.217,0.235,0.0,No,,,,
250092174021,Beverly,645.0,51.2,0.052,0.507,0.0,Yes,Minority and income,27.6,0.0,40476.0
250173742003,,1530.0,51.1,0.014,0.014,0.0,No,,,,
250235041021,,1605.0,51.1,0.0,0.057,0.207,No,,,,
250010111001,,986.0,51.1,0.0,0.011,0.164,No,,,,
250173835013,Framingham,1114.0,51.1,0.0,0.048,0.0,Yes,Minority,55.4,4.1,115500.0
250092033011,,761.0,51.1,0.0,0.0,0.0,No,,,,
250173362011,,1005.0,51.0,0.0,0.0,0.0,No,,,,
250173742002,,1778.0,51.0,0.162,0.162,0.0,No,,,,
250250006042,Boston,1072.0,51.0,0.492,0.492,0.0,Yes,Minority and English isolation,42.8,28.3,57237.0
250235431001,,2930.0,50.9,0.047,0.158,1.0,No,,,,
250173116002,Lowell,1362.0,50.9,0.0,0.343,0.0,Yes,Minority,63.4,0.0,78288.0
250056301021,,1027.0,50.9,0.0,0.576,0.0,No,,,,
250173689013,,1015.0,50.9,0.0,0.0,0.0,No,,,,
250235306003,,1210.0,50.9,0.0,0.0,0.858,No,,,,
250092022002,,1582.0,50.9,0.0,0.564,0.0,No,,,,
250056304001,,1571.0,50.9,0.0,0.128,0.0,No,,,,
250173398032,Medford,2340.0,50.8,0.416,0.416,0.0,Yes,Minority,45.4,13.7,90885.0
250173691002,,1878.0,50.8,0.0,0.153,0.004,No,,,,
250214042012,,1043.0,50.8,0.324,0.324,0.0,No,,,,
250173131023,,2532.0,50.8,0.031,0.507,0.509,No,,,,
250250916003,Boston,666.0,50.8,0.0,0.0,0.0,Yes,"Minority, income and English isolation",89.8,45.3,17850.0
250235071013,,1794.0,50.8,0.0,0.049,0.449,No,,,,
250277532002,Oxford,1142.0,50.8,0.0,0.0,0.211,Yes,Income,10.1,0.0,31563.0
250173585001,Lexington,2554.0,50.7,0.078,0.377,0.0,Yes,Minority,43.1,2.7,191131.0
250092544031,,2666.0,50.7,0.076,0.129,0.0,No,,,,
250173701015,Watertown,1672.0,50.7,0.0,0.0,0.0,Yes,Minority,33.1,5.7,94155.0
250250301001,,1197.0,50.7,0.0,0.0,0.0,No,,,,
250138002021,Springfield,1435.0,50.7,0.497,0.497,0.0,Yes,Minority and income,57.8,6.8,50000.0
250250907001,Boston,1171.0,50.7,0.0,0.0,0.0,Yes,Minority,41.9,5.7,156034.0
250173384004,,1541.0,50.7,0.0,0.252,0.0,No,,,,
250277502001,,2394.0,50.7,0.033,0.259,0.383,No,,,,
250092610002,Haverhill,2070.0,50.7,0.055,0.055,0.0,Yes,Minority,35.1,2.5,75682.0
250092175004,,1394.0,50.7,0.363,0.363,0.0,No,,,,
250251103012,Boston,1363.0,50.7,0.0,0.001,0.0,Yes,Minority,43.6,7.6,103125.0
250214175023,Quincy,917.0,50.7,0.0,0.0,0.0,Yes,"Minority, income and English isolation",70.2,28.9,54760.0
250158217001,,1768.0,50.7,0.0,0.085,0.695,No,,,,
250092041011,,1148.0,50.7,0.141,0.141,0.0,No,,,,
250214043011,,1528.0,50.6,0.0,0.0,0.0,No,,,,
250173122004,Lowell,991.0,50.6,0.0,0.06,0.0,Yes,Minority,57.8,1.6,74219.0
250250104032,Boston,998.0,50.6,0.0,0.538,0.0,Yes,Minority and income,49.0,3.0,34175.0
250250001011,Boston,1052.0,50.6,0.0,0.0,0.0,Yes,Minority,38.9,11.5,109028.0
250173372011,,1908.0,50.6,0.15,0.15,0.0,No,,,,
250092064002,Lynn,1979.0,50.5,0.0,0.089,0.0,Yes,Minority,53.5,4.0,98807.0
250235071034,,1081.0,50.5,0.029,0.031,0.344,No,,,,
250138016052,Springfield,635.0,50.5,0.0,0.0,0.0,Yes,Minority,42.0,0.0,116875.0
250235105032,Brockton,1029.0,50.5,0.0,0.521,0.0,Yes,Minority and income,62.4,21.9,49324.0
250277282002,,646.0,50.4,0.0,0.0,0.0,No,,,,
250092641001,,2097.0,50.4,0.0,0.125,0.415,No,,,,
250158215003,,1524.0,50.4,0.027,0.105,0.796,No,,,,
250277103001,Fitchburg,1724.0,50.4,0.0,0.329,0.437,Yes,Minority,38.5,1.5,75164.0
250277131004,Lancaster,3316.0,50.3,0.046,0.171,0.533,Yes,Minority,36.0,0.0,108676.0
250173838005,Framingham,959.0,50.3,0.0,0.0,0.0,Yes,Minority,28.8,0.0,102174.0
250138016051,Springfield,2904.0,50.3,0.0,0.0,0.0,Yes,Minority and income,67.5,6.9,39702.0
250158225002,,1236.0,50.3,0.0,0.127,0.524,No,,,,
250250005022,Boston,1710.0,50.3,0.0,0.527,0.0,Yes,Minority,25.4,0.9,73889.0
250173826011,Natick,1704.0,50.3,0.237,0.237,0.0,Yes,Minority,36.6,17.6,123125.0
250173566024,,904.0,50.3,0.172,0.172,0.0,No,,,,
250173587003,,1705.0,50.2,0.323,0.33,0.0,No,,,,
250250001012,Boston,824.0,50.2,0.007,0.007,0.0,Yes,Minority,31.1,0.0,128750.0
250092526012,Methuen,1399.0,50.2,0.033,0.033,0.0,Yes,Minority,28.4,0.0,99826.0
250173746002,,1260.0,50.2,0.023,0.023,0.0,No,,,,
250092081021,Saugus,811.0,50.1,0.332,0.332,0.157,Yes,Minority,33.5,0.0,77188.0
250277552023,Dudley,1088.0,50.1,0.0,0.009,0.881,Yes,Income,13.1,0.0,51688.0
250092604024,,1863.0,50.1,0.0,0.0,0.0,No,,,,
250056112012,,2157.0,49.9,0.074,0.141,0.231,No,,,,
250110406002,,1717.0,49.9,0.0,0.091,1.0,No,,,,
250092604011,,736.0,49.9,0.0,0.141,0.0,No,,,,
250138138021,,2084.0,49.9,0.0,0.118,0.967,No,,,,
250158223002,Easthampton,1368.0,49.9,0.0,0.0,0.0,Yes,Income,15.7,2.7,47578.0
250250907002,Boston,1260.0,49.9,0.0,0.0,0.0,Yes,Minority,26.6,22.3,77991.0
250199505001,,1140.0,49.8,0.179,0.2,0.569,No,,,,
250173342001,,1001.0,49.8,0.044,0.044,0.0,No,,,,
250250008042,Boston,1786.0,49.8,0.0,0.0,0.0,Yes,Minority,52.5,2.9,106250.0
250235031014,,1790.0,49.8,0.0,0.225,0.0,No,,,,
250138134031,,2893.0,49.8,0.0,0.199,0.012,No,,,,
250138129023,,2264.0,49.8,0.0,0.01,0.07,No,,,,
250199501002,,687.0,49.7,0.0,0.427,0.0,No,,,,
250214179023,Quincy,1010.0,49.7,0.0,0.0,0.0,Yes,Minority,46.9,7.6,85714.0
250250610003,Boston,711.0,49.7,0.0,0.0,0.0,Yes,Minority and income,85.7,23.8,22250.0
250010108001,,944.0,49.7,0.0,0.0,0.298,No,,,,
250056520002,New Bedford,950.0,49.7,0.378,0.378,0.0,Yes,Minority and income,47.6,20.4,44340.0
250251802003,Winthrop,695.0,49.7,0.0,0.0,0.0,Yes,Income,20.9,0.0,52118.0
250235454002,,1719.0,49.6,0.064,0.064,0.0,No,,,,
250092664003,,792.0,49.6,0.268,0.268,0.0,No,,,,
250214180031,Quincy,1239.0,49.6,0.0,0.159,0.0,Yes,Minority,49.2,5.3,108045.0
250277011022,,892.0,49.6,0.0,0.385,0.0,No,,,,
250214008002,Brookline,1163.0,49.5,0.0,0.08,0.0,Yes,Minority,39.8,3.3,110385.0
250251802001,Winthrop,1429.0,49.5,0.0,0.0,0.0,Yes,Minority,26.2,0.0,87194.0
250039351003,,829.0,49.5,0.0,0.04,0.979,No,,,,
250173671001,,1563.0,49.5,0.0,0.079,0.059,No,,,,
250092604012,,1126.0,49.5,0.0,0.158,0.0,No,,,,
250092021011,,786.0,49.5,0.0,0.328,0.01,No,,,,
250173504002,,1380.0,49.4,0.0,0.023,0.0,No,,,,
250072003002,,607.0,49.4,0.0,0.045,0.18,No,,,,
250056139011,Taunton,1310.0,49.4,0.0,0.0,0.0,Yes,Minority,35.9,4.8,93005.0
250173396004,,843.0,49.3,0.0,0.0,0.0,No,,,,
250251201031,,1642.0,49.3,0.0,0.511,0.0,No,,,,
250173743001,,1307.0,49.3,0.0,0.0,0.0,No,,,,
250173351004,,778.0,49.3,0.0,0.0,0.0,No,,,,
250250302002,,990.0,49.3,0.043,0.043,0.0,No,,,,
250250003013,,656.0,49.2,0.0,0.0,0.0,No,,,,
250251105012,Boston,1542.0,49.2,0.0,0.0,0.0,Yes,Minority,33.6,5.7,94250.0
250092219023,,1111.0,49.2,0.048,0.056,0.632,No,,,,
250173381001,,1537.0,49.2,0.0,0.015,0.0,No,,,,
250056533014,,1368.0,49.2,0.0,0.0,0.115,No,,,,
250056321006,,774.0,49.1,0.21,0.21,0.039,No,,,,
250010118011,,1472.0,49.1,0.0,0.0,0.441,No,,,,
250173564008,Arlington,1614.0,49.1,0.0,0.0,0.0,Yes,Minority,26.4,0.0,145764.0
250056520001,New Bedford,738.0,49.1,0.398,0.398,0.0,Yes,Minority and income,45.5,3.3,48889.0
250056422001,Fall River,1040.0,49.0,0.487,0.487,0.0,Yes,Income,17.0,0.0,54095.0
250158216023,,1483.0,49.0,0.0,0.177,0.0,No,,,,
250173312003,,1479.0,49.0,0.01,0.089,0.272,No,,,,
250056311024,Attleboro,1086.0,49.0,0.0,0.0,0.0,Yes,Minority,26.1,20.9,55769.0
250110403001,,1264.0,48.9,0.006,0.231,0.706,No,,,,
250092542002,,1209.0,48.9,0.0,0.372,0.0,No,,,,
250059856001,,1777.0,48.9,0.0,0.006,0.257,No,,,,
250235021022,,2065.0,48.9,0.0,0.248,0.558,No,,,,
250092083023,,1341.0,48.9,0.0,0.039,0.0,No,,,,
250277031003,,2208.0,48.8,0.0,0.155,0.476,No,,,,
250056401004,Fall River,1487.0,48.8,0.142,0.142,0.071,Yes,Minority,25.6,7.5,64056.0
250173738004,,702.0,48.8,0.0,0.0,0.0,No,,,,
250173396005,Medford,897.0,48.8,0.0,0.0,0.0,Yes,Minority,34.9,4.0,103098.0
250173401005,,857.0,48.8,0.0,0.0,0.0,No,,,,
250173503003,Somerville,966.0,48.8,0.0,0.0,0.0,Yes,Minority,38.8,16.5,98542.0
250250701042,Boston,610.0,48.8,0.06,0.06,0.0,Yes,Minority,31.5,0.0,196250.0
250010118012,,971.0,48.7,0.0,0.162,0.231,No,,,,
250056523003,,814.0,48.7,0.0,0.056,0.0,No,,,,
250173116004,Lowell,869.0,48.7,0.0,0.203,0.0,Yes,Minority,75.0,3.8,67813.0
250138009003,Springfield,1322.0,48.7,0.0,0.0,0.0,Yes,Minority and income,96.2,5.3,41364.0
250277011012,,1240.0,48.7,0.0,0.036,0.793,No,,,,
250250006013,Boston,846.0,48.6,0.231,0.231,0.0,Yes,Minority,33.9,10.0,112031.0
250072004006,,70.0,48.6,0.332,0.401,0.486,No,,,,
250277071001,Gardner,1853.0,48.6,0.011,0.096,0.289,Yes,Minority and income,27.7,3.1,44167.0
250173613001,,1249.0,48.6,0.0,0.149,0.0,No,,,,
250250606011,,2006.0,48.6,0.0,0.0,0.0,No,,,,
250277310011,Worcester,2468.0,48.6,0.009,0.297,0.0,Yes,Minority,48.9,8.7,82917.0
250173001001,,1731.0,48.5,0.04,0.128,1.0,No,,,,
250235062031,,2091.0,48.5,0.009,0.071,0.576,No,,,,
250092172022,,809.0,48.5,0.0,0.314,0.0,No,,,,
250072004004,,625.0,48.5,0.0,0.186,1.0,No,,,,
250214180043,Quincy,2169.0,48.5,0.0,0.0,0.0,Yes,Minority,51.8,16.5,60721.0
250173577001,,1122.0,48.4,0.007,0.007,0.079,No,,,,
250010121023,Yarmouth,605.0,48.4,0.0,0.0,0.0,Yes,Income,19.3,0.0,47963.0
250056461032,,2064.0,48.4,0.0,0.273,1.0,No,,,,
250056513001,New Bedford,1152.0,48.4,0.0,0.009,0.0,Yes,Minority and income,54.3,16.2,23625.0
250092045002,Salem,1332.0,48.4,0.129,0.308,0.273,Yes,Income,20.2,1.1,45655.0
250277322031,Worcester,1070.0,48.4,0.0,0.0,0.0,Yes,Minority and English isolation,56.7,25.9,75401.0
250251704003,Revere,1356.0,48.3,0.0,0.595,0.0,Yes,Minority and income,64.8,24.1,46420.0
250138026014,Springfield,1368.0,48.3,0.0,0.0,0.0,Yes,Minority and income,83.3,13.9,34017.0
250158208012,,1382.0,48.3,0.0,0.049,0.512,No,,,,
250250008071,Boston,2282.0,48.3,0.0,0.0,0.0,Yes,Minority,46.3,0.0,0.0
250092041013,Salem,1244.0,48.2,0.01,0.01,0.0,Yes,Minority,26.0,0.0,78828.0
250173301023,,1094.0,48.2,0.0,0.0,0.0,No,,,,
250138104032,Ludlow,1592.0,48.2,0.0,0.506,0.0,Yes,Income and English isolation,23.9,27.6,49707.0
250010121014,Yarmouth,820.0,48.2,0.0,0.0,0.057,Yes,Minority,32.2,0.0,56101.0
250277241001,,1372.0,48.2,0.008,0.04,1.0,No,,,,
250173426003,Everett,2525.0,48.1,0.0,0.522,0.0,Yes,Minority,68.1,13.1,58849.0
250251106071,,1017.0,48.1,0.0,0.0,0.0,No,,,,
250158208011,,1185.0,48.1,0.0,0.164,0.635,No,,,,
250173581002,,1394.0,48.1,0.0,0.0,0.0,No,,,,
250277302001,Worcester,1247.0,48.1,0.0,0.0,0.0,Yes,Minority,36.1,0.0,107574.0
250235011024,,3635.0,48.1,0.088,0.153,0.39,No,,,,
250235601004,,1637.0,48.0,0.0,0.087,0.269,No,,,,
250092683003,Newburyport,860.0,48.0,0.0,0.221,0.0,Yes,Income,4.4,0.0,54000.0
250250008063,,18.0,48.0,0.0,0.0,0.0,No,,,,
250092671024,,725.0,48.0,0.0,0.0,0.691,No,,,,
250056316003,Attleboro,1523.0,48.0,0.447,0.447,0.0,Yes,Minority and income,34.7,0.0,46071.0
250235051021,,1268.0,48.0,0.0,0.235,0.0,No,,,,
250277601001,Brookfield,865.0,48.0,0.0,0.277,0.603,Yes,Income,7.4,0.0,34779.0
250235261001,,1559.0,48.0,0.029,0.126,0.682,No,,,,
250173123003,Lowell,2541.0,48.0,0.0,0.0,0.0,Yes,Minority,42.2,5.0,72368.0
250056514001,New Bedford,1153.0,47.9,0.0,0.0,0.0,Yes,"Minority, income and English isolation",43.0,28.4,48871.0
250158214001,,1210.0,47.9,0.0,0.0,0.317,No,,,,
250092609002,Haverhill,1341.0,47.9,0.0,0.0,0.0,Yes,Minority and income,53.6,0.0,35257.0
250251703023,Revere,1512.0,47.9,0.044,0.497,0.0,Yes,Minority,59.3,17.6,79120.0
250092701002,,1609.0,47.8,0.0,0.122,0.211,No,,,,
250214196021,Braintree,1233.0,47.8,0.064,0.064,0.0,Yes,Minority,24.6,8.7,77328.0
250138104122,,1889.0,47.7,0.0,0.055,0.064,No,,,,
250277411021,,1215.0,47.7,0.011,0.189,0.462,No,,,,
250092041014,,597.0,47.7,0.0,0.0,0.0,No,,,,
250056442001,,1291.0,47.7,0.0,0.0,0.0,No,,,,
250092021045,Swampscott,1794.0,47.7,0.0,0.0,0.0,Yes,English isolation,17.9,31.8,71875.0
250277211032,,2784.0,47.6,0.019,0.019,0.834,No,,,,
250158214002,,813.0,47.6,0.0,0.0,0.308,No,,,,
250173567016,,956.0,47.6,0.003,0.381,0.0,No,,,,
250110406003,,983.0,47.5,0.02,0.23,1.0,No,,,,
250158201021,,751.0,47.5,0.065,0.118,0.481,No,,,,
250010107002,,1000.0,47.4,0.0,0.104,0.216,No,,,,
250173123001,Lowell,1470.0,47.4,0.277,0.277,0.0,Yes,Minority,51.9,10.6,100417.0
250010115005,,818.0,47.4,0.119,0.119,0.0,No,,,,
250010101001,,992.0,47.3,0.0,0.001,0.247,No,,,,
250235454005,Wareham,1361.0,47.3,0.0,0.105,0.0,Yes,Income,16.4,4.3,30963.0
250277241002,,1074.0,47.3,0.0,0.144,0.547,No,,,,
250092611012,,1392.0,47.3,0.001,0.001,0.0,No,,,,
250251007005,,683.0,47.3,0.0,0.116,0.0,No,,,,
250092121011,,1520.0,47.2,0.004,0.004,0.884,No,,,,
250235117011,Brockton,788.0,47.2,0.0,0.034,0.0,Yes,Minority,60.4,0.0,106654.0
250158225003,,1369.0,47.2,0.0,0.262,0.456,No,,,,
250138004004,Springfield,1117.0,47.2,0.0,0.0,0.0,Yes,Minority and income,76.5,8.5,50730.0
250214081031,,965.0,47.2,0.004,0.188,0.358,No,,,,
250173105003,Lowell,1228.0,47.2,0.0,0.057,0.0,Yes,Minority,52.9,0.6,63446.0
250277552011,,1191.0,47.1,0.0,0.001,0.752,No,,,,
250092651012,,890.0,47.1,0.0,0.045,0.369,No,,,,
250173396002,Medford,892.0,47.1,0.0,0.0,0.0,Yes,Minority,26.8,2.2,69830.0
250138136012,,2525.0,47.1,0.033,0.033,0.392,No,,,,
250173734002,,1252.0,47.1,0.089,0.089,0.0,No,,,,
250173704012,Watertown,2060.0,47.1,0.278,0.278,0.0,Yes,Minority,34.7,18.4,150362.0
250092544012,,2651.0,47.1,0.0,0.121,0.0,No,,,,
250173212002,Marlborough,2010.0,47.0,0.204,0.215,0.023,Yes,Minority,36.1,7.1,95746.0
250235115004,Brockton,1211.0,47.0,0.0,0.379,0.0,Yes,Minority and income,87.2,9.4,43301.0
250214179012,Quincy,1738.0,47.0,0.074,0.074,0.0,Yes,Minority and income,41.5,12.0,37113.0
250010148004,,720.0,46.9,0.129,0.366,0.0,No,,,,
250138130022,,1643.0,46.9,0.0,0.131,1.0,No,,,,
250214203011,Randolph,928.0,46.9,0.169,0.169,0.0,Yes,Minority,68.5,0.0,66419.0
250277541003,,1738.0,46.9,0.084,0.23,0.304,No,,,,
250039009005,,589.0,46.9,0.0,0.0,0.144,No,,,,
250235308024,,1181.0,46.9,0.0,0.201,0.0,No,,,,
250173422012,Everett,1351.0,46.9,0.0,0.0,0.0,Yes,Minority and English isolation,65.1,50.0,77202.0
250277521021,,1162.0,46.9,0.0,0.0,0.989,No,,,,
250173425022,Everett,1473.0,46.9,0.0,0.0,0.0,Yes,Minority,74.4,0.0,65362.0
250250004012,Boston,1204.0,46.9,0.0,0.491,0.0,Yes,Minority,35.9,8.8,82232.0
250173425021,Everett,1607.0,46.9,0.0,0.0,0.0,Yes,Minority and English isolation,65.0,27.8,94500.0
250010125021,,807.0,46.8,0.059,0.283,0.125,No,,,,
250173837001,,980.0,46.8,0.0,0.163,0.0,No,,,,
250250008062,Boston,1901.0,46.8,0.0,0.0,0.0,Yes,Minority and income,51.7,1.8,53713.0
250158226031,,1622.0,46.8,0.0,0.09,1.0,No,,,,
250214135003,Norwood,1589.0,46.7,0.404,0.404,0.0,Yes,Minority and English isolation,38.0,31.1,61767.0
250173117001,Lowell,885.0,46.7,0.0,0.178,0.0,Yes,Minority,66.1,17.4,66250.0
250277121013,,2178.0,46.7,0.0,0.158,0.405,No,,,,
250010134004,,836.0,46.7,0.0,0.0,1.0,No,,,,
250214564024,Stoughton,847.0,46.7,0.017,0.017,0.0,Yes,Minority,32.6,7.0,111875.0
250277315002,Worcester,1136.0,46.6,0.0,0.525,0.0,Yes,Minority and income,68.9,18.1,14179.0
250250810015,Boston,548.0,46.6,0.0,0.0,0.0,Yes,Minority,84.3,15.9,0.0
250277131001,,2099.0,46.6,0.0,0.08,0.157,No,,,,
250277307001,,1648.0,46.6,0.007,0.047,0.0,No,,,,
250250709021,Boston,1211.0,46.6,0.0,0.0,0.0,Yes,Minority,54.6,16.3,0.0
250072004003,,587.0,46.6,0.0,0.018,1.0,No,,,,
250039001001,Pittsfield,982.0,46.6,0.0,0.357,0.0,Yes,Minority and income,33.1,2.7,28929.0
250173422013,Everett,1648.0,46.6,0.0,0.0,0.0,Yes,Minority and English isolation,69.5,27.2,70370.0
250158224024,,1268.0,46.5,0.0,0.027,0.192,No,,,,
250092041022,Salem,2251.0,46.5,0.0,0.0,0.372,Yes,Minority,29.2,2.9,64375.0
250092052004,Lynn,1603.0,46.5,0.063,0.063,0.0,Yes,Minority,71.4,18.6,79907.0
250173125023,,1270.0,46.5,0.0,0.0,0.0,No,,,,
250277071002,Gardner,2232.0,46.5,0.0,0.046,0.081,Yes,Income,16.0,0.8,47460.0
250251805001,Winthrop,1277.0,46.5,0.0,0.0,0.0,Yes,Minority,27.6,0.0,64375.0
250277394011,Shrewsbury,2794.0,46.4,0.0,0.029,0.111,Yes,Minority,35.8,1.7,128750.0
250173101022,Lowell,1447.0,46.3,0.0,0.009,0.0,Yes,Minority and income,58.2,18.0,44559.0
250173396006,Medford,978.0,46.3,0.0,0.0,0.0,Yes,Minority,39.2,0.0,106154.0
250235031022,,1624.0,46.3,0.272,0.319,0.0,No,,,,
250277261004,,1093.0,46.3,0.06,0.06,0.746,No,,,,
250277261002,,1143.0,46.2,0.064,0.064,0.847,No,,,,
250010122003,,2217.0,46.2,0.0,0.063,1.0,No,,,,
250235611003,,994.0,46.1,0.011,0.011,0.0,No,,,,
250173351001,,900.0,46.1,0.071,0.071,0.0,No,,,,
250010103041,,1153.0,46.1,0.0,0.006,0.607,No,,,,
250173384001,,1805.0,46.0,0.068,0.123,0.0,No,,,,
250173397004,Medford,887.0,46.0,0.0,0.0,0.0,Yes,Minority,34.7,24.5,58708.0
250173121002,Lowell,1224.0,46.0,0.0,0.0,0.0,Yes,Minority,70.8,16.8,87188.0
250056422003,Fall River,1048.0,46.0,0.016,0.154,0.0,Yes,Income,20.9,11.2,36971.0
250214227003,,760.0,46.0,0.0,0.0,0.0,No,,,,
250251004002,Boston,1270.0,46.0,0.0,0.0,0.0,Yes,Minority,72.5,4.4,107969.0
250092066004,Lynn,1879.0,45.9,0.0,0.318,0.0,Yes,Minority,74.1,19.5,59563.0
250173122002,Lowell,962.0,45.9,0.0,0.0,0.0,Yes,Minority and English isolation,66.9,27.1,83750.0
250173104001,Lowell,1279.0,45.9,0.0,0.0,0.0,Yes,Minority and income,77.7,5.0,30125.0
250039231002,,1108.0,45.9,0.014,0.128,0.878,No,,,,
250056312004,,1618.0,45.9,0.01,0.321,0.074,No,,,,
250173414001,Malden,1062.0,45.9,0.0,0.0,0.0,Yes,Minority and English isolation,72.6,33.5,64539.0
250072001001,Tisbury,944.0,45.9,0.0,0.018,0.0,Yes,Income,21.3,0.0,45607.0
250214212002,Holbrook,1200.0,45.9,0.0,0.0,0.0,Yes,Minority,26.7,0.0,109896.0
250173745002,Newton,1353.0,45.9,0.058,0.091,0.0,Yes,Minority,40.1,6.8,116250.0
250056315001,Attleboro,1878.0,45.8,0.382,0.382,0.0,Yes,Minority,29.8,1.1,71429.0
250250804011,Boston,1910.0,45.8,0.0,0.0,0.0,Yes,Minority and income,86.0,3.8,31136.0
250277311014,Worcester,1640.0,45.8,0.0,0.0,0.0,Yes,Minority and income,66.3,11.2,40847.0
250214081032,,2069.0,45.8,0.0,0.136,0.785,No,,,,
250173538004,Cambridge,815.0,45.8,0.0,0.157,0.0,Yes,Minority,38.5,19.7,92426.0
250235221011,,1728.0,45.7,0.068,0.099,0.0,No,,,,
250173613002,,1432.0,45.7,0.085,0.085,0.0,No,,,,
250092603022,,2313.0,45.7,0.0,0.141,0.293,No,,,,
250173122001,Lowell,1974.0,45.7,0.0,0.0,0.0,Yes,Minority,60.2,11.8,56647.0
250138132053,,1727.0,45.6,0.0,0.0,0.276,No,,,,
250214192003,,1261.0,45.6,0.0,0.0,0.0,No,,,,
250235082002,,2754.0,45.6,0.0,0.119,0.409,No,,,,
250173106021,Lowell,1841.0,45.6,0.0,0.001,0.0,Yes,Minority,50.8,2.3,78333.0
250039141005,,1085.0,45.5,0.0,0.181,0.429,No,,,,
250092069003,Lynn,1809.0,45.5,0.0,0.247,0.0,Yes,"Minority, income and English isolation",65.9,25.9,18333.0
250138136021,,1254.0,45.4,0.0,0.045,0.949,No,,,,
250056313002,,1931.0,45.4,0.204,0.261,0.0,No,,,,
250092691001,,1162.0,45.3,0.0,0.262,0.67,No,,,,
250214112002,,2902.0,45.3,0.17,0.366,0.0,No,,,,
250056331003,,1578.0,45.3,0.01,0.126,1.0,No,,,,
250092621002,,2601.0,45.3,0.002,0.197,0.628,No,,,,
250277302002,Worcester,1539.0,45.3,0.0,0.0,0.0,Yes,Minority,44.4,16.5,55938.0
250173567013,Arlington,1435.0,45.2,0.0,0.285,0.0,Yes,Minority,29.4,11.5,82679.0
250235022002,Rockland,1575.0,45.2,0.049,0.087,0.0,Yes,Income,13.3,10.2,53327.0
250039251011,Great Barrington,647.0,45.2,0.0,0.39,0.065,Yes,Income,14.5,0.0,53654.0
250110409002,,2263.0,45.2,0.052,0.062,0.825,No,,,,
250235112001,Brockton,2481.0,45.2,0.001,0.001,0.308,Yes,"Minority, income and English isolation",59.3,25.8,53167.0
250173416003,Malden,1220.0,45.2,0.0,0.0,0.0,Yes,Minority,51.6,9.0,91891.0
250092063004,Lynn,839.0,45.2,0.0,0.13,0.0,Yes,Minority,73.8,0.0,71937.0
250277042011,,1726.0,45.1,0.013,0.07,1.0,No,,,,
250214224012,Weymouth,976.0,45.1,0.273,0.305,0.0,Yes,Minority and income,30.0,6.0,31774.0
250039003002,Pittsfield,792.0,45.0,0.0,0.342,0.0,Yes,Minority,34.8,0.0,59129.0
250277304011,Worcester,1035.0,45.0,0.04,0.129,0.0,Yes,Minority,40.5,14.7,67969.0
250158214004,,2138.0,45.0,0.0,0.0,0.709,No,,,,
250277284002,,985.0,45.0,0.178,0.178,0.234,No,,,,
250092651014,,1221.0,45.0,0.005,0.088,0.767,No,,,,
250158217004,,1284.0,44.9,0.014,0.014,0.516,No,,,,
250138133043,,1204.0,44.9,0.0,0.0,0.0,No,,,,
250092609004,Haverhill,2063.0,44.9,0.0,0.0,0.0,Yes,Minority and income,38.8,4.1,45230.0
250010146003,,597.0,44.8,0.0,0.0,0.276,No,,,,
250110405022,,1459.0,44.8,0.0,0.069,0.979,No,,,,
250092021041,,1027.0,44.7,0.0,0.0,0.0,No,,,,
250158223001,,2150.0,44.7,0.158,0.186,0.191,No,,,,
250250201014,,1243.0,44.7,0.482,0.482,0.0,No,,,,
250173400002,Medford,778.0,44.6,0.0,0.0,0.0,Yes,Minority,31.4,12.2,106652.0
250173523003,Cambridge,1504.0,44.6,0.062,0.522,0.0,Yes,Minority,50.8,12.2,134643.0
250277211011,,1851.0,44.6,0.0,0.037,1.0,No,,,,
250158202053,,1280.0,44.6,0.007,0.034,0.978,No,,,,
250092062001,Lynn,1352.0,44.6,0.0,0.029,0.0,Yes,Minority and English isolation,86.7,26.1,91705.0
250235081021,,1896.0,44.6,0.03,0.291,0.0,No,,,,
250277081004,,1878.0,44.6,0.0,0.053,0.744,No,,,,
250056531012,,1473.0,44.5,0.0,0.008,0.0,No,,,,
250277601002,,1596.0,44.5,0.0,0.03,0.959,No,,,,
250092532044,,2578.0,44.5,0.001,0.059,0.185,No,,,,
250039221003,Adams,1259.0,44.4,0.0,0.0,0.0,Yes,Income,13.3,2.8,38409.0
250138001013,Springfield,1467.0,44.4,0.0,0.007,0.0,Yes,Minority and income,55.6,1.7,53238.0
250173510011,Somerville,1305.0,44.4,0.287,0.287,0.0,Yes,Minority,25.4,0.0,111791.0
250235251011,,2034.0,44.4,0.0,0.078,0.194,No,,,,
250138112003,Chicopee,1040.0,44.4,0.0,0.0,0.0,Yes,Minority,27.6,0.0,76111.0
250092526023,Methuen,1957.0,44.4,0.0,0.084,0.0,Yes,Minority,35.4,2.0,115451.0
250158226074,,1186.0,44.4,0.025,0.091,1.0,No,,,,
250277591001,,2224.0,44.4,0.089,0.117,0.656,No,,,,
250235232011,,1350.0,44.3,0.0,0.137,0.0,No,,,,
250072003003,,1794.0,44.3,0.011,0.102,0.362,No,,,,
250173413012,Malden,1840.0,44.3,0.0,0.0,0.0,Yes,Minority and English isolation,68.9,28.3,75708.0
250277261003,,1193.0,44.3,0.0,0.0,1.0,No,,,,
250214091014,,869.0,44.2,0.0,0.121,0.745,No,,,,
250056139023,,1652.0,44.2,0.0,0.223,0.329,No,,,,
250251601033,Chelsea,994.0,44.2,0.028,0.028,0.0,Yes,Minority,75.8,14.1,65865.0
250173344002,,1930.0,44.2,0.023,0.023,0.122,No,,,,
250214161013,,827.0,44.2,0.0,0.0,0.249,No,,,,
250173514044,Somerville,780.0,44.2,0.394,0.394,0.0,Yes,Minority,61.9,2.5,106563.0
250158224014,,1210.0,44.2,0.0,0.216,0.349,No,,,,
250039222002,Adams,995.0,44.2,0.0,0.0,0.0,Yes,Income,9.1,0.0,44487.0
250158201011,,2580.0,44.1,0.015,0.096,0.897,No,,,,
250092651021,,1439.0,44.1,0.0,0.103,0.502,No,,,,
250092611021,Haverhill,2832.0,44.1,0.017,0.017,0.0,Yes,Minority,29.6,5.7,83162.0
250277033001,Athol,2153.0,44.1,0.043,0.043,0.289,Yes,Income,15.4,1.2,32227.0
250158224025,Easthampton,956.0,44.1,0.0,0.047,0.332,Yes,Income,18.8,0.0,42534.0
250010102061,,926.0,44.1,0.0,0.0,0.964,No,,,,
250173418004,Malden,992.0,44.1,0.0,0.0,0.0,Yes,"Minority, income and English isolation",65.5,55.2,50658.0
250173514043,Somerville,939.0,44.1,0.355,0.355,0.0,Yes,Minority,47.3,21.1,78088.0
250235452002,,1697.0,44.0,0.0,0.107,0.0,No,,,,
250092082004,,1298.0,44.0,0.157,0.157,0.0,No,,,,
250010109001,,1863.0,44.0,0.005,0.055,0.313,No,,,,
250250008061,Boston,53.0,43.9,0.0,0.0,0.0,Yes,Minority and income,50.9,0.0,54821.0
250173529002,Cambridge,1746.0,43.9,0.042,0.107,0.0,Yes,Minority,28.4,1.2,161964.0
250056531022,Dartmouth,1406.0,43.9,0.088,0.135,0.418,Yes,Minority,33.0,9.3,57159.0
250056322001,,1407.0,43.9,0.0,0.0,0.142,No,,,,
250173613005,,859.0,43.9,0.0,0.207,0.792,No,,,,
250138118004,Holyoke,648.0,43.9,0.0,0.0,0.0,Yes,Minority,54.6,0.0,104375.0
250056403002,Fall River,1060.0,43.9,0.0,0.164,0.0,Yes,Income,17.5,1.6,51071.0
250110412002,,788.0,43.9,0.0,0.0,0.0,No,,,,
250277393001,,1775.0,43.9,0.0,0.0,0.0,No,,,,
250214031002,,1345.0,43.9,0.0,0.0,0.0,No,,,,
250138132042,,2584.0,43.8,0.0,0.011,0.106,No,,,,
250173835022,Framingham,544.0,43.8,0.0,0.244,0.0,Yes,Minority,36.8,2.9,136429.0
250277382012,,2275.0,43.8,0.11,0.272,0.307,No,,,,
250173394001,Medford,1098.0,43.8,0.413,0.413,0.0,Yes,Minority,30.2,11.8,66534.0
250010109002,,1152.0,43.8,0.0,0.035,0.372,No,,,,
250235261005,,1973.0,43.8,0.077,0.22,0.794,No,,,,
250214195002,Braintree,2301.0,43.7,0.0,0.106,0.161,Yes,Minority,28.2,3.3,135472.0
250214042011,,1054.0,43.7,0.144,0.163,0.0,No,,,,
250092621004,,1837.0,43.7,0.224,0.243,0.382,No,,,,
250056533011,,1383.0,43.7,0.088,0.088,0.353,No,,,,
250056316002,Attleboro,958.0,43.7,0.23,0.23,0.0,Yes,Minority,45.4,2.6,59667.0
250235031023,,936.0,43.7,0.009,0.229,0.0,No,,,,
250235052011,,492.0,43.7,0.0,0.0,0.0,No,,,,
250277022021,,1941.0,43.6,0.054,0.054,0.816,No,,,,
250092664001,,850.0,43.6,0.0,0.014,0.155,No,,,,
250173584002,,1376.0,43.6,0.161,0.23,0.0,No,,,,
250277042021,,1194.0,43.6,0.058,0.186,0.994,No,,,,
250277611001,Warren,1339.0,43.5,0.097,0.097,0.709,Yes,Income,10.5,0.0,50128.0
250138130023,,1538.0,43.4,0.0,0.113,1.0,No,,,,
250235211011,,1929.0,43.4,0.0,0.0,0.089,No,,,,
250056134001,,2289.0,43.4,0.134,0.155,0.671,No,,,,
250250108013,,1149.0,43.4,0.0,0.508,0.0,No,,,,
250092063002,Lynn,1137.0,43.3,0.0,0.0,0.0,Yes,Minority,77.9,3.9,75542.0
250092603013,,1090.0,43.3,0.0,0.325,0.0,No,,,,
250138136022,,3109.0,43.3,0.0,0.046,0.643,No,,,,
250250511011,Boston,1803.0,43.3,0.0,0.481,0.0,Yes,Minority and English isolation,62.1,26.4,67930.0
250173503001,Somerville,900.0,43.3,0.0,0.0,0.0,Yes,Minority,29.6,6.7,106607.0
250214181022,Quincy,1471.0,43.2,0.0,0.0,0.0,Yes,Minority,49.3,9.0,95132.0
250250922001,Boston,972.0,43.2,0.0,0.0,0.0,Yes,Minority,80.9,12.8,107237.0
250158226071,,960.0,43.2,0.0,0.085,1.0,No,,,,
250056533042,,2236.0,43.2,0.065,0.125,0.646,No,,,,
250092526021,,1361.0,43.2,0.0,0.135,0.0,No,,,,
250251803012,,838.0,43.1,0.0,0.0,0.0,No,,,,
250173184002,,1931.0,43.1,0.0,0.069,0.436,No,,,,
250277251005,,1532.0,43.1,0.022,0.127,0.994,No,,,,
250199502012,Nantucket,1797.0,43.1,0.0,0.433,0.0,Yes,Minority,28.0,0.0,157574.0
250235601002,,497.0,43.1,0.0,0.097,0.0,No,,,,
250277075002,Gardner,2123.0,43.1,0.0,0.048,0.577,Yes,Minority,35.0,2.1,67941.0
250173503002,Somerville,1118.0,43.1,0.0,0.011,0.0,Yes,Minority,32.2,5.3,112625.0
250277001005,,739.0,43.1,0.0,0.003,0.878,No,,,,
250092541003,,2091.0,43.0,0.0,0.0,0.0,No,,,,
250277581041,,1676.0,43.0,0.003,0.061,0.61,No,,,,
250277001004,,2019.0,42.9,0.0,0.008,0.542,No,,,,
250277111001,Fitchburg,2436.0,42.9,0.0,0.003,0.0,Yes,Minority,33.9,0.0,92339.0
250056527004,New Bedford,815.0,42.9,0.0,0.021,0.0,Yes,Minority and income,56.8,12.7,20625.0
250251303004,Boston,1025.0,42.9,0.0,0.0,0.0,Yes,Minority,37.1,0.0,88967.0
250277131002,,1838.0,42.8,0.0,0.028,0.0,No,,,,
250277319001,Worcester,1195.0,42.8,0.0,0.0,0.0,Yes,Minority and income,68.8,19.1,33804.0
250092083022,,2443.0,42.8,0.0,0.233,0.0,No,,,,
250173143015,Dracut,2343.0,42.7,0.0,0.006,0.0,Yes,Minority,36.8,4.4,95536.0
250158225004,,2585.0,42.7,0.0,0.064,0.639,No,,,,
250092069001,Lynn,1006.0,42.6,0.0,0.219,0.0,Yes,"Minority, income and English isolation",51.5,61.4,12615.0
250138106021,,2573.0,42.6,0.24,0.24,0.321,No,,,,
250138015033,Springfield,899.0,42.6,0.0,0.415,0.0,Yes,Minority,73.7,0.0,65811.0
250010105003,,868.0,42.6,0.0,0.044,0.0,No,,,,
250092518003,Lawrence,2621.0,42.5,0.042,0.042,0.0,Yes,Minority,63.6,14.7,69423.0
250110407022,,1310.0,42.5,0.024,0.052,0.894,No,,,,
250092531003,,1233.0,42.5,0.0,0.027,0.0,No,,,,
250277111002,,2519.0,42.5,0.0,0.046,0.499,No,,,,
250092174022,Beverly,1455.0,42.5,0.0,0.31,0.0,Yes,Income,16.4,1.1,45676.0
250092604014,,1485.0,42.5,0.0,0.009,0.0,No,,,,
250092231003,,875.0,42.5,0.137,0.137,0.594,No,,,,
250092109001,Peabody,1270.0,42.4,0.0,0.071,0.167,Yes,Minority,29.5,9.8,96232.0
250092515003,Lawrence,1782.0,42.4,0.0,0.0,0.0,Yes,Minority and income,88.9,15.7,44005.0
250158208013,Amherst,1919.0,42.4,0.0,0.0,0.008,Yes,Minority and income,60.3,5.6,47435.0
250158203004,Amherst,1083.0,42.3,0.0,0.0,0.41,Yes,Minority,33.4,3.8,75882.0
250277319002,Worcester,1499.0,42.3,0.0,0.0,0.0,Yes,Minority and income,70.7,19.8,53375.0
250235231001,,2250.0,42.2,0.0,0.119,0.162,No,,,,
250173851021,Ashland,1522.0,42.2,0.196,0.196,0.328,Yes,Minority,32.2,0.0,131707.0
250173401002,,1589.0,42.2,0.0,0.0,0.0,No,,,,
250092526013,Methuen,2397.0,42.2,0.0,0.0,0.0,Yes,Minority,40.8,4.7,95200.0
250110411002,,1044.0,42.2,0.0,0.262,0.68,No,,,,
250092112012,,1485.0,42.1,0.109,0.174,0.0,No,,,,
250092046001,,1211.0,42.1,0.0,0.0,0.139,No,,,,
250235106002,Brockton,1224.0,42.1,0.0,0.414,0.0,Yes,Minority,39.4,0.0,115298.0
250138128003,,2453.0,42.1,0.056,0.275,0.297,No,,,,
250092543023,,1046.0,42.1,0.0,0.0,0.0,No,,,,
250235241022,,1642.0,42.1,0.0,0.073,0.0,No,,,,
250277262004,Spencer,1338.0,42.0,0.0,0.0,0.0,Yes,Income,17.3,0.0,28977.0
250092664002,Amesbury,935.0,42.0,0.0,0.211,0.0,Yes,Income,8.4,0.0,40326.0
250173689011,,507.0,42.0,0.289,0.289,0.0,No,,,,
250092525022,Methuen,1782.0,41.9,0.0,0.0,0.0,Yes,Minority,32.0,1.8,69740.0
250214228003,,794.0,41.9,0.0,0.007,0.0,No,,,,
250039009003,Pittsfield,962.0,41.9,0.0,0.0,0.0,Yes,Minority and income,24.9,0.0,47596.0
250259807001,,7.0,41.9,0.0,0.0,0.0,No,,,,
250056506001,New Bedford,1600.0,41.8,0.0,0.127,0.0,Yes,Minority and income,45.1,11.4,36513.0
250056141011,Taunton,1817.0,41.8,0.37,0.37,0.489,Yes,Minority,27.4,2.5,56304.0
250173566015,Arlington,1158.0,41.8,0.315,0.315,0.0,Yes,Minority,43.7,15.6,83875.0
250010127002,,1010.0,41.8,0.0,0.047,0.0,No,,,,
250039131007,,753.0,41.8,0.11,0.336,0.0,No,,,,
250158216011,,1827.0,41.7,0.08,0.08,0.348,No,,,,
250010128003,,1923.0,41.7,0.0,0.0,0.133,No,,,,
250039131005,Lenox,1045.0,41.7,0.0,0.181,0.033,Yes,Income,4.7,0.0,48182.0
250173539002,Cambridge,1661.0,41.6,0.0,0.0,0.0,Yes,Minority,59.8,7.1,75268.0
250110413012,Greenfield,915.0,41.6,0.0,0.0,0.0,Yes,Income,20.4,4.1,44091.0
250138131022,,1877.0,41.6,0.0,0.057,0.994,No,,,,
250039221001,,653.0,41.6,0.0,0.0,0.0,No,,,,
250039251021,,2158.0,41.5,0.0,0.046,0.737,No,,,,
250173341005,,1692.0,41.5,0.006,0.008,0.0,No,,,,
250173216002,Marlborough,1698.0,41.5,0.0,0.028,0.939,Yes,Minority,52.8,18.6,110114.0
250056516002,New Bedford,986.0,41.5,0.0,0.0,0.0,Yes,Minority,43.6,0.0,62344.0
250235051022,,1733.0,41.5,0.0,0.0,0.0,No,,,,
250251601023,Chelsea,864.0,41.4,0.0,0.0,0.0,Yes,Minority,89.7,7.4,81313.0
250158205005,Amherst,1121.0,41.4,0.0,0.0,0.276,Yes,Minority,30.7,1.2,74018.0
250277373003,,1819.0,41.4,0.154,0.154,0.116,No,,,,
250251601024,Chelsea,548.0,41.4,0.0,0.0,0.0,Yes,"Minority, income and English isolation",88.7,34.1,25451.0
250251601022,Chelsea,1613.0,41.4,0.0,0.0,0.0,Yes,Minority and English isolation,95.6,39.3,63469.0
250251601021,Chelsea,798.0,41.4,0.0,0.0,0.0,Yes,Minority and English isolation,79.6,25.7,59201.0
250110402002,,1016.0,41.4,0.04,0.155,0.711,No,,,,
250056311012,,664.0,41.3,0.0,0.383,0.0,No,,,,
250173826023,Natick,1116.0,41.3,0.0,0.0,0.0,Yes,Minority,28.0,5.6,87000.0
250110410003,,1079.0,41.3,0.0,0.055,0.481,No,,,,
250056134002,Taunton,1584.0,41.3,0.0,0.0,0.0,Yes,Minority,31.2,6.4,63734.0
250214212005,,864.0,41.3,0.0,0.0,0.692,No,,,,
250138104142,,1574.0,41.3,0.0,0.019,0.764,No,,,,
250173106022,Lowell,1872.0,41.2,0.0,0.016,0.0,Yes,Minority,43.4,0.0,75208.0
250173125013,Lowell,1916.0,41.2,0.0,0.0,0.0,Yes,Minority,47.1,6.2,91300.0
250173417002,Malden,1170.0,41.2,0.0,0.0,0.0,Yes,Minority,47.5,15.6,61111.0
250158225001,,1034.0,41.1,0.0,0.0,0.779,No,,,,
250173737003,,1093.0,41.1,0.0,0.0,0.0,No,,,,
250251804001,,1016.0,41.1,0.0,0.0,0.0,No,,,,
250173412001,Malden,2216.0,41.1,0.0,0.0,0.0,Yes,Minority,64.8,16.6,67050.0
250173507013,,843.0,41.0,0.013,0.383,0.0,No,,,,
250092044003,Salem,910.0,41.0,0.139,0.139,0.0,Yes,English isolation,14.9,36.7,98214.0
250235611005,,727.0,41.0,0.0,0.01,0.0,No,,,,
250039009001,,853.0,40.9,0.0,0.015,0.0,No,,,,
250092514002,Lawrence,911.0,40.8,0.0,0.0,0.0,Yes,Minority,88.7,19.3,62955.0
250092515002,Lawrence,1374.0,40.8,0.0,0.0,0.0,Yes,"Minority, income and English isolation",87.8,26.6,34681.0
250277312021,Worcester,1375.0,40.8,0.0,0.0,0.0,Yes,Minority,27.6,0.0,0.0
250010110024,,2306.0,40.8,0.046,0.046,0.525,No,,,,
250092174013,Beverly,745.0,40.8,0.087,0.268,0.0,Yes,Income,23.0,7.9,53913.0
250173385002,,1472.0,40.7,0.0,0.0,0.0,No,,,,
250056553001,,1439.0,40.7,0.29,0.306,0.0,No,,,,
250277001006,,646.0,40.7,0.0,0.0,0.971,No,,,,
250173836004,Framingham,1865.0,40.7,0.0,0.357,0.0,Yes,Minority,30.7,0.0,110603.0
250138138022,,1610.0,40.6,0.0,0.087,1.0,No,,,,
250235451003,,2528.0,40.6,0.0,0.0,0.0,No,,,,
250235454001,,827.0,40.6,0.0,0.0,0.0,No,,,,
250250004013,Boston,1056.0,40.6,0.0,0.192,0.0,Yes,Minority,32.3,6.0,90536.0
250092064004,Lynn,1578.0,40.5,0.0,0.022,0.0,Yes,Minority,65.1,9.5,67171.0
250277328021,Worcester,2321.0,40.5,0.084,0.084,0.0,Yes,Minority,41.8,10.4,63676.0
250010114003,,439.0,40.5,0.0,0.0,0.0,No,,,,
250173565004,,800.0,40.5,0.0,0.0,0.0,No,,,,
250056141012,Taunton,2299.0,40.4,0.0,0.277,0.944,Yes,Minority and income,40.6,3.0,36455.0
250138017001,Springfield,960.0,40.4,0.0,0.0,0.0,Yes,Minority and income,95.9,9.8,25956.0
250056403003,Fall River,1290.0,40.3,0.0,0.0,0.0,Yes,Minority and income,29.2,5.4,51513.0
250138017002,Springfield,1394.0,40.3,0.0,0.0,0.0,Yes,Minority and income,84.3,1.9,33958.0
250235061031,,1117.0,40.3,0.0,0.067,0.273,No,,,,
250259817001,,4.0,40.3,0.402,0.402,0.0,No,,,,
250158227002,,829.0,40.2,0.0,0.141,0.843,No,,,,
250173578003,,1234.0,40.2,0.25,0.25,0.013,No,,,,
250039251012,,1027.0,40.2,0.001,0.129,0.486,No,,,,
250250512003,Boston,918.0,40.2,0.384,0.384,0.0,Yes,Minority,29.8,7.3,90917.0
250056303012,,2237.0,40.2,0.0,0.129,0.073,No,,,,
250277318012,Worcester,1862.0,40.2,0.012,0.012,0.0,Yes,"Minority, income and English isolation",50.4,29.2,15176.0
250010105001,,1217.0,40.1,0.0,0.005,0.0,No,,,,
250039351001,,250.0,40.1,0.0,0.001,1.0,No,,,,
250056501023,New Bedford,1643.0,40.1,0.066,0.23,0.0,Yes,Minority,33.4,10.6,74653.0
250173392004,,1344.0,40.1,0.352,0.352,0.0,No,,,,
250092059001,Lynn,1952.0,40.1,0.0,0.222,0.0,Yes,Minority,72.2,6.2,80660.0
250173302011,,2570.0,40.1,0.0,0.163,0.137,No,,,,
250158201014,,932.0,40.1,0.045,0.052,0.637,No,,,,
250092033024,,1069.0,40.0,0.0,0.322,0.0,No,,,,
250277108003,Fitchburg,1035.0,40.0,0.0,0.135,0.0,Yes,Minority and income,53.2,3.7,28764.0
250251302004,,716.0,40.0,0.0,0.248,0.0,No,,,,
250214134012,,1430.0,40.0,0.165,0.165,0.0,No,,,,
250173143022,,1820.0,39.9,0.07,0.095,0.59,No,,,,
250173594003,Cambridge,1597.0,39.9,0.0,0.0,0.0,Yes,Minority,49.1,0.0,90938.0
250173739011,,1848.0,39.9,0.0,0.012,0.0,No,,,,
250158215001,,992.0,39.9,0.0,0.24,0.505,No,,,,
250138125004,,625.0,39.8,0.025,0.025,0.067,No,,,,
250039231003,,1256.0,39.8,0.0,0.022,0.816,No,,,,
250039223001,Adams,983.0,39.8,0.0,0.0,0.375,Yes,Income,12.0,0.0,54680.0
250235091024,,1723.0,39.8,0.243,0.243,0.063,No,,,,
250173341004,,669.0,39.8,0.066,0.066,0.022,No,,,,
250056508004,New Bedford,998.0,39.7,0.0,0.0,0.0,Yes,"Minority, income and English isolation",59.5,26.7,35304.0
250039333002,,659.0,39.7,0.0,0.073,1.0,No,,,,
250235305003,,1156.0,39.7,0.006,0.006,0.0,No,,,,
250010101002,,637.0,39.7,0.0,0.0,0.479,No,,,,
250056511002,New Bedford,1398.0,39.7,0.0,0.0,0.0,Yes,Minority and income,64.2,10.6,39979.0
250010133001,,866.0,39.6,0.162,0.162,0.304,No,,,,
250277075003,,1946.0,39.6,0.0,0.0,0.0,No,,,,
250092524001,Methuen,1315.0,39.6,0.0,0.0,0.0,Yes,Minority,69.9,11.4,58631.0
250056511001,New Bedford,1199.0,39.6,0.0,0.0,0.0,Yes,"Minority, income and English isolation",70.5,29.5,26444.0
250173141011,,1558.0,39.6,0.0,0.0,0.0,No,,,,
250251202013,Boston,1201.0,39.5,0.0,0.0,0.0,Yes,Minority,48.3,0.0,117250.0
250092051002,Lynn,1275.0,39.5,0.0,0.0,0.0,Yes,Minority,57.6,8.9,75653.0
250251401061,Boston,1465.0,39.5,0.0,0.0,0.0,Yes,Minority and income,81.7,11.4,53750.0
250173563005,Arlington,800.0,39.5,0.0,0.0,0.0,Yes,Minority,30.0,0.0,155871.0
250173563002,Arlington,1051.0,39.5,0.0,0.0,0.0,Yes,Minority,37.7,21.5,69805.0
250173563004,,664.0,39.5,0.0,0.0,0.0,No,,,,
250277095011,,2134.0,39.5,0.099,0.245,0.458,No,,,,
250214021021,Dedham,1305.0,39.4,0.0,0.346,0.0,Yes,Minority,35.3,0.0,71595.0
250277306005,Worcester,1333.0,39.4,0.0,0.0,0.0,Yes,Minority and income,24.9,0.0,34952.0
250277304012,Worcester,1484.0,39.4,0.0,0.0,0.0,Yes,Minority,32.2,6.3,87875.0
250235091014,,2652.0,39.4,0.023,0.042,0.562,No,,,,
250173417004,Malden,730.0,39.4,0.0,0.0,0.0,Yes,Minority and income,46.2,23.6,35833.0
250235102001,Brockton,2186.0,39.3,0.0,0.0,0.0,Yes,Minority,54.6,0.0,97157.0
250092532022,North Andover,2855.0,39.3,0.0,0.0,0.0,Yes,Minority,33.3,5.5,82421.0
250158226012,,811.0,39.3,0.218,0.218,0.454,No,,,,
250056312002,,808.0,39.3,0.0,0.0,0.541,No,,,,
250138124014,,2390.0,39.2,0.058,0.058,0.185,No,,,,
250173362012,,939.0,39.2,0.0,0.002,0.0,No,,,,
250277231002,Hardwick,856.0,39.2,0.0,0.0,0.401,Yes,Income,12.3,0.0,39205.0
250235041022,,1031.0,39.1,0.005,0.075,0.0,No,,,,
250039005002,,2123.0,39.1,0.0,0.027,0.283,No,,,,
250010109004,,834.0,39.1,0.0,0.0,0.0,No,,,,
250056133001,,1941.0,39.1,0.0,0.0,0.314,No,,,,
250092521012,Methuen,876.0,39.1,0.0,0.0,0.0,Yes,Minority,61.1,0.0,63788.0
250173836003,Framingham,2142.0,39.1,0.0,0.335,0.0,Yes,Minority,36.7,15.1,100417.0
250214012014,Brookline,1066.0,39.0,0.0,0.0,0.0,Yes,Minority,27.4,2.3,242083.0
250010109003,,1550.0,39.0,0.0,0.0,0.106,No,,,,
250056451022,,1177.0,39.0,0.0,0.0,0.308,No,,,,
250056504003,New Bedford,1028.0,39.0,0.0,0.066,0.0,Yes,Minority and income,48.7,4.4,40987.0
250173141021,Dracut,1377.0,39.0,0.0,0.0,0.0,Yes,Minority,32.8,3.5,88295.0
250173401003,Medford,1535.0,39.0,0.0,0.0,0.0,Yes,Minority,34.9,1.3,104568.0
250158205006,Amherst,549.0,39.0,0.0,0.0,0.0,Yes,Minority and income,41.9,2.3,40956.0
250092109002,,940.0,39.0,0.0,0.443,0.0,No,,,,
250138110002,Chicopee,771.0,39.0,0.0,0.0,0.0,Yes,Minority,26.8,0.0,58690.0
250138026016,Springfield,1235.0,39.0,0.0,0.0,0.0,Yes,Minority,57.6,2.5,66806.0
250010111002,,1202.0,39.0,0.0,0.019,0.292,No,,,,
250138124011,,726.0,38.9,0.0,0.0,0.0,No,,,,
250092522021,,1971.0,38.9,0.0,0.0,0.0,No,,,,
250110413021,Greenfield,963.0,38.9,0.0,0.0,0.0,Yes,Income,14.5,0.0,21792.0
250056138001,Taunton,1284.0,38.9,0.0,0.0,0.0,Yes,Minority and income,37.1,10.2,19327.0
250173399003,Medford,1073.0,38.9,0.0,0.0,0.0,Yes,Minority,38.8,4.2,95893.0
250214021022,Dedham,791.0,38.8,0.0,0.113,0.0,Yes,Minority,38.3,0.0,58056.0
250092541002,,1318.0,38.8,0.0,0.0,0.0,No,,,,
250173398021,Medford,1490.0,38.8,0.344,0.344,0.0,Yes,Minority,46.1,6.2,156400.0
250214091013,Norfolk,1484.0,38.8,0.0,0.0,0.0,Yes,Minority,62.0,0.0,131250.0
250138133042,,1074.0,38.8,0.0,0.0,0.0,No,,,,
250173116005,Lowell,926.0,38.8,0.0,0.049,0.0,Yes,Minority,61.9,6.9,96250.0
250173521013,Cambridge,1380.0,38.7,0.0,0.225,0.0,Yes,Minority,53.3,15.2,63980.0
250010117001,,630.0,38.7,0.012,0.012,0.152,No,,,,
250173391013,Medford,1109.0,38.7,0.0,0.0,0.0,Yes,Minority and income,32.3,6.7,23462.0
250138121011,,2104.0,38.6,0.0,0.282,0.487,No,,,,
250173538001,Cambridge,1440.0,38.6,0.0,0.0,0.0,Yes,Minority,40.6,6.5,130625.0
250173594005,Cambridge,1058.0,38.6,0.0,0.0,0.0,Yes,Minority,38.4,0.0,79667.0
250173594004,Cambridge,1099.0,38.6,0.0,0.0,0.0,Yes,Minority,38.5,0.0,67708.0
250039351002,,757.0,38.6,0.0,0.079,0.979,No,,,,
250092175001,,972.0,38.6,0.0,0.0,0.0,No,,,,
250173538003,Cambridge,847.0,38.6,0.0,0.0,0.0,Yes,Minority,31.3,5.1,101131.0
250250004023,Boston,1208.0,38.6,0.0,0.16,0.0,Yes,Minority,26.8,0.5,139071.0
250039323001,Hinsdale,574.0,38.6,0.0,0.0,0.559,Yes,Income,4.2,0.0,54241.0
250173530001,Cambridge,2211.0,38.6,0.0,0.0,0.0,Yes,Minority,40.9,2.0,118772.0
250138023002,Springfield,1806.0,38.6,0.0,0.0,0.0,Yes,Minority,84.5,8.0,75129.0
250235081015,,1115.0,38.6,0.0,0.017,0.55,No,,,,
250173672003,,1574.0,38.5,0.0,0.066,0.358,No,,,,
250235114002,Brockton,1063.0,38.5,0.0,0.218,0.0,Yes,Minority,81.3,8.8,90079.0
250173397003,Medford,753.0,38.5,0.0,0.0,0.0,Yes,Minority,30.0,0.0,58450.0
250056133004,,1775.0,38.5,0.0,0.071,0.0,No,,,,
250173141023,,1323.0,38.5,0.0,0.046,0.413,No,,,,
250056451014,,1864.0,38.5,0.0,0.0,0.0,No,,,,
250173397001,Medford,654.0,38.5,0.0,0.0,0.0,Yes,Minority,33.6,9.8,77097.0
250092052003,Lynn,1607.0,38.4,0.0,0.0,0.0,Yes,Minority,73.9,21.8,87827.0
250235304003,,1741.0,38.4,0.068,0.159,0.0,No,,,,
250039343002,,1532.0,38.4,0.038,0.074,0.973,No,,,,
250251302005,,927.0,38.3,0.0,0.23,0.0,No,,,,
250173343004,,2861.0,38.3,0.0,0.032,0.195,No,,,,
250138130011,,1228.0,38.2,0.0,0.024,0.787,No,,,,
250056322002,,2014.0,38.2,0.0,0.001,0.251,No,,,,
250158226011,,1283.0,38.2,0.0,0.045,1.0,No,,,,
250056504004,New Bedford,697.0,38.2,0.0,0.0,0.0,Yes,Minority,31.0,10.7,58517.0
250214172014,Quincy,808.0,38.2,0.0,0.0,0.0,Yes,Minority,65.3,4.4,104804.0
250251402025,Boston,770.0,38.1,0.0,0.398,0.0,Yes,Minority,41.9,0.0,131375.0
250250401002,,1308.0,38.1,0.0,0.439,0.0,No,,,,
250277613003,,1285.0,38.1,0.0,0.201,0.0,No,,,,
250173411013,Malden,1387.0,38.0,0.0,0.07,0.0,Yes,Minority,37.5,12.9,127917.0
250173143011,,2203.0,37.9,0.035,0.193,0.155,No,,,,
250235107005,Brockton,1451.0,37.9,0.0,0.097,0.0,Yes,Minority,69.7,6.8,95353.0
250173417001,Malden,1219.0,37.9,0.0,0.262,0.0,Yes,Minority,46.3,0.0,152115.0
250056442003,,2026.0,37.9,0.146,0.146,0.392,No,,,,
250250401001,,1052.0,37.9,0.0,0.437,0.021,No,,,,
250173414004,Malden,1827.0,37.8,0.0,0.0,0.0,Yes,Minority,63.9,9.9,72000.0
250214023002,,1471.0,37.8,0.108,0.108,0.0,No,,,,
250173103002,Lowell,1750.0,37.8,0.0,0.0,0.0,Yes,Minority and income,69.0,9.4,46146.0
250092114013,Danvers,981.0,37.7,0.0,0.109,0.0,Yes,Minority and income,25.0,1.6,49531.0
250277601003,,978.0,37.7,0.0,0.085,0.368,No,,,,
250110407013,,1135.0,37.7,0.0,0.115,0.0,No,,,,
250277521022,,2174.0,37.7,0.0,0.0,1.0,No,,,,
250214133003,,1118.0,37.7,0.0,0.0,0.108,No,,,,
250251106011,,1682.0,37.7,0.0,0.0,0.0,No,,,,
250235232041,,2078.0,37.7,0.0,0.086,0.0,No,,,,
250138137011,,1623.0,37.7,0.002,0.002,0.933,No,,,,
250277394021,,2548.0,37.6,0.0,0.034,0.206,No,,,,
250277306001,,3217.0,37.6,0.0,0.261,0.0,No,,,,
250056441012,,1541.0,37.6,0.0,0.107,0.0,No,,,,
250010121021,Yarmouth,799.0,37.6,0.0,0.0,0.18,Yes,Income,23.9,2.7,39141.0
250056451023,,1144.0,37.6,0.0,0.0,0.786,No,,,,
250092525023,Methuen,925.0,37.5,0.0,0.0,0.0,Yes,Minority,31.2,1.3,133795.0
250277261001,,1813.0,37.5,0.0,0.033,0.825,No,,,,
250250107022,,520.0,37.5,0.0,0.437,0.0,No,,,,
250173416006,Malden,1750.0,37.4,0.0,0.018,0.0,Yes,Minority,58.8,11.3,75774.0
250235304002,,1203.0,37.4,0.0,0.0,0.0,No,,,,
250235611001,,1533.0,37.4,0.0,0.0,0.0,No,,,,
250173836001,Framingham,1612.0,37.4,0.09,0.09,0.0,Yes,Minority,35.0,2.0,120391.0
250138122024,West Springfield,1481.0,37.4,0.0,0.293,0.461,Yes,Minority and income,33.3,0.0,44115.0
250277121014,,1343.0,37.4,0.0,0.178,0.965,No,,,,
250010117003,Dennis,768.0,37.4,0.0,0.0,0.0,Yes,Income,16.8,0.0,50714.0
250277262002,,877.0,37.4,0.0,0.0,0.0,No,,,,
250092526022,,2151.0,37.4,0.0,0.205,0.0,No,,,,
250251302003,,1539.0,37.3,0.0,0.184,0.0,No,,,,
250251105013,Boston,916.0,37.3,0.0,0.138,0.0,Yes,Minority,28.2,0.0,124485.0
250214179022,Quincy,1432.0,37.3,0.0,0.0,0.0,Yes,Minority,48.3,10.0,66411.0
250158226072,,976.0,37.2,0.0,0.05,0.989,No,,,,
250277531005,,1827.0,37.2,0.0,0.08,0.731,No,,,,
250173581004,Lexington,1261.0,37.2,0.0,0.0,0.0,Yes,Minority,45.4,5.4,150167.0
250235011023,,2095.0,37.1,0.0,0.0,0.0,No,,,,
250158207001,Amherst,1698.0,37.1,0.0,0.0,0.637,Yes,Minority and income,44.5,2.7,36168.0
250214012013,Brookline,788.0,37.1,0.0,0.0,0.0,Yes,Minority,37.7,0.0,190452.0
250214031001,,836.0,37.1,0.0,0.0,0.0,No,,,,
250251202012,Boston,1872.0,37.1,0.0,0.0,0.0,Yes,Minority,54.0,16.0,63068.0
250092509001,Lawrence,1150.0,37.0,0.0,0.0,0.0,Yes,"Minority, income and English isolation",97.9,47.6,34375.0
250056502021,,2187.0,37.0,0.0,0.09,0.0,No,,,,
250251703013,Revere,1503.0,37.0,0.0,0.461,0.0,Yes,Minority,47.8,3.2,73715.0
250277331011,Worcester,1033.0,36.9,0.0,0.0,0.0,Yes,Minority,46.5,6.5,57500.0
250056112022,,1721.0,36.9,0.0,0.0,0.0,No,,,,
250092052001,Lynn,869.0,36.8,0.214,0.214,0.0,Yes,Minority,41.8,3.8,57500.0
250277302005,Worcester,1376.0,36.8,0.0,0.034,0.0,Yes,Minority,26.3,0.0,68917.0
250056137002,Taunton,2113.0,36.8,0.0,0.0,0.0,Yes,Minority and income,34.5,11.8,49038.0
250235091013,,1355.0,36.8,0.031,0.031,0.251,No,,,,
250110405023,Orange,1344.0,36.8,0.0,0.109,0.324,Yes,Income,12.7,0.0,28000.0
250251403003,Boston,1478.0,36.8,0.247,0.39,0.0,Yes,Minority,83.6,10.4,60192.0
250056141013,,1011.0,36.7,0.222,0.238,0.358,No,,,,
250173835011,Framingham,1985.0,36.7,0.004,0.109,0.651,Yes,Minority,61.4,17.4,86065.0
250235062062,,1322.0,36.6,0.0,0.0,0.213,No,,,,
250277491004,,1420.0,36.6,0.0,0.081,1.0,No,,,,
250158219012,,880.0,36.6,0.173,0.173,0.0,No,,,,
250173301022,,1525.0,36.6,0.0,0.0,0.449,No,,,,
250039251022,Great Barrington,738.0,36.5,0.0,0.0,0.291,Yes,Minority,25.1,0.0,60625.0
250056318004,Attleboro,1374.0,36.5,0.0,0.0,0.0,Yes,Minority,26.2,0.0,81711.0
250214171003,Quincy,957.0,36.5,0.0,0.323,0.0,Yes,Minority,54.2,0.0,72485.0
250173672002,,921.0,36.5,0.0,0.0,0.276,No,,,,
250251204002,,719.0,36.4,0.0,0.0,0.0,No,,,,
250056532033,,1503.0,36.4,0.0,0.054,0.0,No,,,,
250092081012,Saugus,1892.0,36.4,0.0,0.0,0.0,Yes,Minority,36.2,0.0,68906.0
250010104001,,825.0,36.4,0.013,0.052,0.167,No,,,,
250173744005,,1069.0,36.4,0.008,0.104,0.0,No,,,,
250277104002,Fitchburg,1049.0,36.4,0.0,0.321,0.0,Yes,Minority and income,26.5,0.0,48958.0
250277251001,,947.0,36.4,0.001,0.052,0.759,No,,,,
250277613001,,1049.0,36.4,0.0,0.201,0.204,No,,,,
250092044004,,748.0,36.3,0.088,0.088,0.086,No,,,,
250277102001,Fitchburg,973.0,36.3,0.051,0.051,0.0,Yes,Minority and income,60.6,2.6,26461.0
250056111021,,2785.0,36.3,0.0,0.0,0.0,No,,,,
250251010016,Boston,1351.0,36.2,0.0,0.0,0.0,Yes,Minority,97.9,9.4,112200.0
250173424013,Everett,1058.0,36.2,0.0,0.0,0.0,Yes,Minority,69.8,1.2,89387.0
250092511001,Lawrence,1381.0,36.1,0.116,0.116,0.0,Yes,"Minority, income and English isolation",73.2,42.6,13363.0
250277011013,,1538.0,36.1,0.0,0.0,0.968,No,,,,
250039322001,,494.0,36.1,0.001,0.002,1.0,No,,,,
250235221021,,2305.0,36.1,0.064,0.107,0.01,No,,,,
250277281003,,1270.0,36.0,0.013,0.015,0.621,No,,,,
250235201004,,1586.0,36.0,0.0,0.001,0.0,No,,,,
250010128001,,1011.0,36.0,0.0,0.252,0.0,No,,,,
250092532052,,1681.0,36.0,0.0,0.0,0.669,No,,,,
250173399002,Medford,943.0,36.0,0.0,0.0,0.0,Yes,Minority,38.2,6.5,90417.0
250039313002,Savoy,645.0,36.0,0.0,0.085,1.0,Yes,Income,8.2,0.0,47200.0
250251706012,Revere,1719.0,36.0,0.0,0.0,0.0,Yes,Minority,61.4,2.6,117436.0
250092084022,Saugus,2193.0,35.9,0.046,0.194,0.087,Yes,Minority,30.6,7.9,92056.0
250277261005,,940.0,35.9,0.0,0.042,0.853,No,,,,
250010149001,,586.0,35.9,0.0,0.0,0.2,No,,,,
250010145003,Falmouth,1336.0,35.9,0.0,0.0,0.0,Yes,Income,12.0,0.0,49643.0
250158219043,Northampton,1056.0,35.9,0.0,0.258,0.0,Yes,Minority,24.8,4.6,56500.0
250158222003,,2947.0,35.9,0.0,0.046,0.701,No,,,,
250277391012,Shrewsbury,1248.0,35.8,0.0,0.0,0.159,Yes,Minority,32.1,0.0,72425.0
250214226004,,1121.0,35.8,0.15,0.15,0.0,No,,,,
250235061041,,1516.0,35.8,0.0,0.0,0.352,No,,,,
250173423012,Everett,1782.0,35.8,0.0,0.0,0.0,Yes,Minority,66.4,13.5,58289.0
250250203042,Boston,623.0,35.7,0.373,0.373,0.0,Yes,Minority,46.4,6.7,170417.0
250277394013,Shrewsbury,1417.0,35.7,0.006,0.006,0.0,Yes,Minority,54.5,0.0,64309.0
250173506002,Somerville,984.0,35.7,0.0,0.087,0.0,Yes,Minority,29.9,3.4,113125.0
250092651013,,978.0,35.7,0.0,0.0,0.0,No,,,,
250039007003,,720.0,35.7,0.007,0.007,0.175,No,,,,
250092531002,,1069.0,35.7,0.019,0.019,0.0,No,,,,
250110415013,,1761.0,35.6,0.065,0.065,1.0,No,,,,
250173416002,Malden,1105.0,35.6,0.0,0.0,0.0,Yes,Minority,32.8,13.9,101143.0
250010149004,,1318.0,35.6,0.0,0.111,0.0,No,,,,
250056451012,,1560.0,35.6,0.0,0.0,0.0,No,,,,
250277309023,Worcester,1262.0,35.6,0.042,0.042,0.0,Yes,Minority,24.6,0.0,101750.0
250010105002,,877.0,35.5,0.0,0.0,0.18,No,,,,
250173514031,Somerville,674.0,35.5,0.0,0.295,0.0,Yes,Minority and English isolation,48.4,31.5,66964.0
250173102003,Lowell,1737.0,35.5,0.0,0.0,0.0,Yes,Minority,70.6,15.0,76707.0
250173102005,Lowell,1325.0,35.4,0.0,0.0,0.0,Yes,Minority and income,47.5,4.7,48199.0
250277221004,,817.0,35.4,0.0,0.0,0.22,No,,,,
250250006012,Boston,1211.0,35.4,0.0,0.0,0.0,Yes,Minority,34.1,3.9,89276.0
250173671002,,1106.0,35.3,0.0,0.0,0.384,No,,,,
250277329015,Worcester,915.0,35.3,0.286,0.286,0.0,Yes,Minority and income,59.0,17.7,12080.0
250277011011,,2011.0,35.3,0.088,0.088,0.902,No,,,,
250056531011,Dartmouth,1146.0,35.2,0.0,0.053,0.174,Yes,Income,11.8,0.0,44306.0
250110413022,Greenfield,1053.0,35.2,0.0,0.0,0.0,Yes,Income,15.8,2.5,41146.0
250235307003,,2538.0,35.2,0.015,0.084,0.087,No,,,,
250173671004,,776.0,35.2,0.037,0.091,0.314,No,,,,
250010111004,,1182.0,35.2,0.0,0.0,0.252,No,,,,
250056421001,Fall River,2673.0,35.1,0.0,0.0,0.265,Yes,Minority,26.2,0.0,58151.0
250250917002,Boston,1123.0,35.1,0.0,0.0,0.0,Yes,Minority and income,96.3,22.3,53044.0
250251801011,,1426.0,35.0,0.0,0.0,0.0,No,,,,
250173565003,Arlington,1902.0,35.0,0.0,0.0,0.0,Yes,Minority,25.3,3.0,73789.0
250277561011,,2286.0,35.0,0.003,0.003,1.0,No,,,,
250056520003,New Bedford,1180.0,35.0,0.056,0.23,0.0,Yes,Minority and income,47.9,9.2,48750.0
250092091002,,703.0,34.9,0.0,0.152,0.0,No,,,,
250056312005,,2065.0,34.9,0.0,0.0,0.0,No,,,,
250214112001,,1717.0,34.9,0.264,0.283,0.0,No,,,,
250056321005,,1207.0,34.9,0.063,0.063,0.0,No,,,,
250092610003,,1234.0,34.8,0.0,0.0,0.0,No,,,,
250092022003,,1026.0,34.8,0.0,0.214,0.0,No,,,,
250173514035,Somerville,623.0,34.8,0.009,0.284,0.0,Yes,Minority and English isolation,52.6,30.0,87440.0
250277391013,Shrewsbury,2752.0,34.7,0.0,0.09,0.105,Yes,Minority,44.4,2.8,131200.0
250092526011,Methuen,2118.0,34.7,0.0,0.011,0.0,Yes,Minority,32.1,10.9,67013.0
250056317003,,2085.0,34.7,0.005,0.085,0.196,No,,,,
250214133002,,1249.0,34.7,0.007,0.007,0.097,No,,,,
250056317001,,1248.0,34.7,0.0,0.004,0.197,No,,,,
250056421002,Fall River,1678.0,34.6,0.029,0.042,0.048,Yes,Minority and income,24.9,8.1,43784.0
250056133003,,2008.0,34.6,0.0,0.001,0.924,No,,,,
250235202023,,2656.0,34.6,0.0,0.214,0.0,No,,,,
250092662003,,1310.0,34.6,0.0,0.023,0.499,No,,,,
250214180024,Quincy,3507.0,34.6,0.0,0.0,0.0,Yes,Minority,66.1,15.4,84211.0
250235011022,,2416.0,34.5,0.013,0.013,0.0,No,,,,
250173343002,,1074.0,34.5,0.138,0.138,0.0,No,,,,
250056137001,,2453.0,34.5,0.054,0.054,0.276,No,,,,
250056140001,Taunton,2151.0,34.5,0.294,0.294,0.0,Yes,Minority and income,54.7,16.1,27472.0
250092082002,,937.0,34.5,0.0,0.0,0.0,No,,,,
250092507001,Lawrence,2498.0,34.4,0.0,0.0,0.0,Yes,Minority and income,93.0,23.4,48936.0
250138134011,,1214.0,34.4,0.0,0.058,0.0,No,,,,
250138137022,,2114.0,34.3,0.049,0.049,0.804,No,,,,
250277394014,,1441.0,34.2,0.0,0.0,0.0,No,,,,
250173691004,,1141.0,34.2,0.0,0.0,0.0,No,,,,
250138124042,,2013.0,34.1,0.001,0.001,0.0,No,,,,
250214174003,,639.0,34.1,0.0,0.0,0.0,No,,,,
250173563001,Arlington,1321.0,34.1,0.043,0.043,0.0,Yes,Minority,44.6,6.8,71066.0
250039008001,,1069.0,34.1,0.0,0.0,0.384,No,,,,
250138109011,Chicopee,1140.0,34.0,0.0,0.0,0.0,Yes,Minority and income,56.9,11.4,29612.0
250250005061,Boston,1478.0,34.0,0.0,0.337,0.0,Yes,Minority,31.3,23.6,55577.0
250277302004,,1223.0,34.0,0.0,0.0,0.0,No,,,,
250110415021,,1056.0,34.0,0.0,0.028,0.991,No,,,,
250277316012,Worcester,930.0,33.9,0.0,0.344,0.0,Yes,Minority and income,65.8,7.1,41481.0
250158222001,,948.0,33.9,0.0,0.307,0.771,No,,,,
250235081014,,2280.0,33.9,0.0,0.024,0.44,No,,,,
250158227003,,1578.0,33.9,0.021,0.056,0.879,No,,,,
250277395002,,756.0,33.8,0.0,0.148,0.0,No,,,,
250010148002,,882.0,33.8,0.0,0.026,0.0,No,,,,
250173417003,Malden,1346.0,33.8,0.0,0.0,0.0,Yes,Minority,53.5,7.5,56343.0
250173343001,,1874.0,33.8,0.0,0.058,0.106,No,,,,
250214181023,Quincy,1054.0,33.8,0.0,0.0,0.0,Yes,Minority,52.6,0.0,77981.0
250039121007,,1179.0,33.7,0.031,0.041,0.714,No,,,,
250056532034,,843.0,33.7,0.0,0.0,0.504,No,,,,
250251301011,Boston,1528.0,33.7,0.0,0.0,0.0,Yes,Minority,36.1,4.3,105867.0
250250301002,,918.0,33.7,0.0,0.0,0.0,No,,,,
250110413013,Greenfield,817.0,33.6,0.0,0.0,0.0,Yes,Income,17.5,0.0,43472.0
250138008001,Springfield,1214.0,33.6,0.0,0.0,0.0,Yes,"Minority, income and English isolation",90.4,35.3,14391.0
250092532042,North Andover,992.0,33.6,0.0,0.083,0.223,Yes,Minority,33.5,0.0,150217.0
250010110023,,596.0,33.6,0.0,0.0,0.104,No,,,,
250173418006,Malden,1164.0,33.6,0.0,0.0,0.0,Yes,"Minority, income and English isolation",71.5,27.1,17345.0
250277329013,Worcester,1171.0,33.5,0.101,0.101,0.0,Yes,Minority,54.5,14.7,71458.0
250173611002,,1452.0,33.5,0.058,0.058,0.0,No,,,,
250092521022,,1510.0,33.5,0.0,0.088,0.02,No,,,,
250214012011,Brookline,2018.0,33.4,0.0,0.0,0.0,Yes,Minority,50.6,12.2,116659.0
250138025002,Springfield,1154.0,33.4,0.0,0.0,0.0,Yes,Minority,42.5,0.0,73594.0
250173611001,,1168.0,33.4,0.016,0.028,0.0,No,,,,
250173396001,Medford,844.0,33.4,0.0,0.0,0.0,Yes,Minority,29.4,0.0,125063.0
250092232003,,925.0,33.4,0.0,0.0,0.241,No,,,,
250277303005,Worcester,808.0,33.4,0.0,0.0,0.0,Yes,Minority,31.7,0.0,87656.0
250173571001,,950.0,33.3,0.207,0.207,0.0,No,,,,
250235001042,,929.0,33.3,0.0,0.0,0.0,No,,,,
250173744002,,913.0,33.3,0.0,0.0,0.0,No,,,,
250235062052,,629.0,33.3,0.0,0.0,0.0,No,,,,
250277319003,Worcester,1001.0,33.3,0.0,0.0,0.0,Yes,Minority and income,74.5,17.5,43646.0
250173211001,Marlborough,2536.0,33.2,0.0,0.0,0.71,Yes,Minority,44.5,5.0,59306.0
250173564003,,983.0,33.2,0.0,0.087,0.0,No,,,,
250092053003,,965.0,33.2,0.0,0.0,0.0,No,,,,
250277541002,,1924.0,33.2,0.0,0.089,0.517,No,,,,
250277301001,Worcester,869.0,33.2,0.0,0.0,0.0,Yes,Minority,40.7,0.0,104228.0
250251605021,Chelsea,1820.0,33.2,0.031,0.031,0.0,Yes,"Minority, income and English isolation",86.7,30.7,28333.0
250235232042,,1677.0,33.1,0.167,0.167,0.073,No,,,,
250092055001,Lynn,2391.0,33.1,0.04,0.04,0.0,Yes,Minority,65.2,4.4,65388.0
250235211013,,1766.0,33.1,0.0,0.0,0.304,No,,,,
250173510023,,985.0,33.1,0.0,0.169,0.0,No,,,,
250277364001,,1571.0,33.1,0.004,0.012,0.144,No,,,,
250214174001,,1209.0,33.0,0.0,0.0,0.0,No,,,,
250251706014,Revere,1172.0,33.0,0.0,0.0,0.0,Yes,Minority and income,56.4,18.9,53098.0
250092671023,,1214.0,33.0,0.119,0.187,0.878,No,,,,
250158213003,,1141.0,33.0,0.0,0.0,0.747,No,,,,
250092611011,,1654.0,33.0,0.041,0.041,0.0,No,,,,
250235601006,,815.0,32.9,0.0,0.102,0.0,No,,,,
250056138004,Taunton,1590.0,32.9,0.0,0.0,0.0,Yes,Minority and income,43.5,8.6,26529.0
250010126024,Barnstable,1139.0,32.9,0.0,0.278,0.0,Yes,Minority and income,49.4,8.8,52757.0
250110401004,Hawley,933.0,32.9,0.023,0.023,1.0,Yes,Income,9.6,0.0,53229.0
250214012021,Brookline,1707.0,32.8,0.0,0.0,0.0,Yes,Minority,29.9,11.9,107167.0
250110401003,,1165.0,32.8,0.036,0.059,0.946,No,,,,
250173702013,,1231.0,32.8,0.112,0.112,0.0,No,,,,
250173398022,Medford,680.0,32.8,0.0,0.0,0.0,Yes,Minority,36.2,0.0,179079.0
250277301004,Worcester,1823.0,32.8,0.0,0.0,0.0,Yes,Minority,37.7,0.0,60430.0
250092053001,Lynn,1674.0,32.7,0.0,0.0,0.09,Yes,Minority,32.0,3.9,119519.0
250173837002,Framingham,576.0,32.7,0.0,0.0,0.0,Yes,Minority,33.0,0.0,194286.0
250251009001,Boston,730.0,32.7,0.0,0.0,0.0,Yes,Minority,66.2,0.0,77500.0
250056541003,,2501.0,32.7,0.013,0.024,0.657,No,,,,
250214024003,,916.0,32.6,0.0,0.0,0.0,No,,,,
250173510021,,878.0,32.6,0.0,0.16,0.0,No,,,,
250277322021,Worcester,1387.0,32.6,0.0,0.0,0.0,Yes,Minority and income,41.9,23.5,51163.0
250092061002,Lynn,2201.0,32.6,0.0,0.0,0.0,Yes,Minority and English isolation,88.4,44.8,58397.0
250010117002,,520.0,32.5,0.0,0.0,0.0,No,,,,
250039223002,Adams,1039.0,32.5,0.0,0.0,0.603,Yes,Income,8.3,3.9,53060.0
250173392006,,945.0,32.5,0.0,0.0,0.0,No,,,,
250251203014,Boston,1365.0,32.5,0.0,0.0,0.0,Yes,Minority,50.8,1.4,92679.0
250173740001,,1518.0,32.5,0.043,0.043,0.0,No,,,,
250173734001,,2067.0,32.4,0.0,0.0,0.0,No,,,,
250173116003,Lowell,879.0,32.4,0.0,0.0,0.0,Yes,Minority,44.0,3.3,60924.0
250277552022,,1029.0,32.4,0.0,0.0,1.0,No,,,,
250010111003,,1705.0,32.4,0.001,0.048,0.355,No,,,,
250092523002,Methuen,1214.0,32.4,0.0,0.249,0.0,Yes,Minority and income,60.0,4.9,51547.0
250056304003,North Attleborough,1962.0,32.4,0.0,0.0,0.0,Yes,Minority,30.6,0.0,80625.0
250173102001,Lowell,1160.0,32.4,0.0,0.0,0.0,Yes,Minority,43.4,0.0,103875.0
250092176023,,3096.0,32.3,0.038,0.04,0.0,No,,,,
250039011002,,819.0,32.3,0.0,0.0,0.0,No,,,,
250110411004,,959.0,32.3,0.214,0.214,0.209,No,,,,
250235308025,,953.0,32.3,0.0,0.0,0.0,No,,,,
250056312003,Attleboro,1629.0,32.3,0.0,0.0,0.0,Yes,Income,24.0,2.2,39435.0
250173690001,,3300.0,32.3,0.096,0.193,0.009,No,,,,
250277395001,Shrewsbury,3199.0,32.2,0.0,0.0,0.141,Yes,Minority,30.6,4.2,190865.0
250056316001,Attleboro,1563.0,32.2,0.072,0.072,0.0,Yes,Minority and income,49.1,11.9,44133.0
250158208014,Amherst,1072.0,32.2,0.0,0.0,0.0,Yes,Minority,40.5,14.7,89712.0
250138016053,Springfield,1027.0,32.2,0.0,0.0,0.0,Yes,Minority,45.2,4.0,93063.0
250173840034,Framingham,1940.0,32.2,0.0,0.003,0.031,Yes,Minority,30.3,0.0,182500.0
250251605013,Chelsea,1009.0,32.2,0.0,0.0,0.0,Yes,Minority,90.6,16.2,101875.0
250092112021,,1778.0,32.2,0.008,0.067,0.0,No,,,,
250158214003,,1164.0,32.1,0.0,0.0,0.963,No,,,,
250039332001,,427.0,32.1,0.0,0.0,1.0,No,,,,
250010116001,Dennis,1630.0,32.1,0.0,0.0,0.0,Yes,Minority and income,28.2,2.9,46015.0
250039251025,,1261.0,32.1,0.026,0.044,0.889,No,,,,
250251605014,Chelsea,721.0,32.1,0.0,0.0,0.0,Yes,"Minority, income and English isolation",81.3,55.4,11630.0
250092081014,Saugus,1394.0,32.0,0.142,0.142,0.0,Yes,Minority,25.7,0.0,112976.0
250214008001,Brookline,1973.0,32.0,0.0,0.007,0.0,Yes,Minority,37.1,3.4,112011.0
250173833001,Framingham,1761.0,32.0,0.0,0.025,0.0,Yes,Minority and English isolation,67.2,36.9,71386.0
250235062051,,1229.0,32.0,0.0,0.0,0.0,No,,,,
250251707023,Revere,2015.0,32.0,0.0,0.0,0.0,Yes,Minority and income,79.7,10.3,49260.0
250250907004,Boston,1064.0,32.0,0.0,0.0,0.0,Yes,Minority,46.1,13.8,157607.0
250138026011,Springfield,694.0,31.9,0.0,0.0,0.0,Yes,Minority and income,53.9,0.0,53578.0
250056528003,,984.0,31.9,0.0,0.0,0.0,No,,,,
250173566023,,855.0,31.9,0.018,0.018,0.0,No,,,,
250039009004,,1644.0,31.9,0.0,0.0,0.0,No,,,,
250092044002,,696.0,31.9,0.001,0.001,0.0,No,,,,
250214192004,Braintree,784.0,31.9,0.0,0.0,0.0,Yes,Minority,31.1,0.0,134732.0
250110404001,,978.0,31.8,0.108,0.203,1.0,No,,,,
250039004001,,1237.0,31.8,0.0,0.002,0.678,No,,,,
250250801001,Boston,2125.0,31.8,0.0,0.0,0.0,Yes,Minority and income,74.4,17.7,40263.0
250277001001,,982.0,31.8,0.0,0.027,0.909,No,,,,
250056502013,New Bedford,886.0,31.7,0.0,0.298,0.0,Yes,Minority,30.5,9.0,102904.0
250235051031,,1427.0,31.7,0.0,0.012,0.308,No,,,,
250010112003,Harwich,565.0,31.7,0.0,0.0,0.492,Yes,Income,9.7,0.0,54375.0
250235081011,,1743.0,31.6,0.0,0.09,0.215,No,,,,
250138134014,,958.0,31.6,0.0,0.002,0.0,No,,,,
250092051001,Lynn,1434.0,31.6,0.0,0.011,0.0,Yes,Minority,42.3,0.0,58616.0
250039141004,,1191.0,31.6,0.112,0.112,0.288,No,,,,
250251105011,Boston,844.0,31.6,0.0,0.0,0.0,Yes,Minority,34.2,6.3,102927.0
250092525011,Methuen,2051.0,31.6,0.0,0.0,0.0,Yes,Minority,57.3,3.6,70234.0
250277231001,,1811.0,31.5,0.0,0.033,0.768,No,,,,
250251604003,Chelsea,890.0,31.4,0.0,0.0,0.0,Yes,Minority,45.1,6.4,105880.0
250251605011,Chelsea,2159.0,31.4,0.0,0.0,0.0,Yes,Minority,90.4,13.9,75156.0
250173123002,Lowell,1266.0,31.4,0.0,0.0,0.0,Yes,Minority,41.2,7.4,92933.0
250214009002,Brookline,631.0,31.4,0.0,0.0,0.0,Yes,Minority and income,47.9,24.4,14038.0
250214009003,Brookline,1924.0,31.4,0.0,0.0,0.0,Yes,Minority,35.4,1.2,140278.0
250039008004,Pittsfield,1462.0,31.4,0.0,0.0,0.0,Yes,Income,13.7,2.3,49856.0
250173395002,Medford,1214.0,31.4,0.0,0.0,0.0,Yes,Minority and income,32.9,4.1,43425.0
250250003012,,831.0,31.4,0.0,0.0,0.0,No,,,,
250010116002,Dennis,689.0,31.3,0.0,0.0,0.0,Yes,Income,18.3,0.0,52826.0
250173839032,,1358.0,31.3,0.0,0.0,0.0,No,,,,
250138002012,Springfield,1600.0,31.3,0.0,0.0,0.0,Yes,Minority,54.6,0.0,68180.0
250138133014,,1535.0,31.3,0.0,0.0,0.0,No,,,,
250010149002,,904.0,31.3,0.0,0.25,0.022,No,,,,
250251605012,Chelsea,1338.0,31.3,0.0,0.0,0.0,Yes,Minority and income,86.4,8.2,47188.0
250010126021,Barnstable,1480.0,31.2,0.0,0.27,0.0,Yes,Minority and income,46.6,0.0,38125.0
250214194002,Braintree,1064.0,31.2,0.195,0.31,0.0,Yes,Minority,26.7,0.0,71000.0
250173672006,,808.0,31.2,0.0,0.144,0.644,No,,,,
250173384002,,1306.0,31.2,0.0,0.0,0.0,No,,,,
250173521011,Cambridge,1081.0,31.2,0.116,0.116,0.0,Yes,Minority,53.4,1.4,109861.0
250235107004,Brockton,1298.0,31.2,0.0,0.077,0.0,Yes,Minority,72.2,0.0,114875.0
250235081013,,862.0,31.1,0.0,0.047,0.362,No,,,,
250251707011,Revere,1181.0,31.1,0.0,0.0,0.0,Yes,Minority and income,55.9,7.4,34420.0
250173391021,,693.0,31.1,0.0,0.02,0.0,No,,,,
250092631001,,1639.0,31.1,0.0,0.045,0.613,No,,,,
250056515001,New Bedford,1018.0,31.1,0.0,0.0,0.0,Yes,Minority and income,46.7,1.8,52292.0
250214226003,,1377.0,31.0,0.015,0.015,0.0,No,,,,
250056314001,Attleboro,1603.0,31.0,0.0,0.0,0.0,Yes,Minority and income,54.7,9.0,45574.0
250173689014,,592.0,30.9,0.0,0.0,0.0,No,,,,
250092067004,Lynn,1323.0,30.9,0.0,0.03,0.0,Yes,"Minority, income and English isolation",60.7,32.0,25265.0
250250104033,Boston,834.0,30.9,0.0,0.358,0.0,Yes,Minority,41.0,6.0,115625.0
250250203041,Boston,1283.0,30.9,0.32,0.32,0.0,Yes,Minority,27.1,2.0,165833.0
250173424012,Everett,1398.0,30.9,0.022,0.022,0.0,Yes,"Minority, income and English isolation",72.0,30.7,33806.0
250251106012,,957.0,30.8,0.0,0.0,0.0,No,,,,
250092510001,Lawrence,1895.0,30.8,0.0,0.0,0.0,Yes,"Minority, income and English isolation",93.3,32.1,52353.0
250010113001,,620.0,30.8,0.0,0.097,0.0,No,,,,
250173826013,Natick,1011.0,30.8,0.0,0.0,0.0,Yes,Minority,49.1,11.9,98708.0
250010149003,,819.0,30.7,0.123,0.123,0.0,No,,,,
250173392005,,860.0,30.7,0.01,0.01,0.0,No,,,,
250039121001,,1131.0,30.7,0.139,0.139,0.027,No,,,,
250251204001,Boston,906.0,30.7,0.0,0.0,0.0,Yes,Minority,24.8,0.0,106619.0
250173418003,Malden,859.0,30.7,0.0,0.0,0.0,Yes,Minority,63.4,18.1,71767.0
250277231003,,996.0,30.6,0.0,0.0,1.0,No,,,,
250092111002,Danvers,921.0,30.6,0.0,0.093,0.011,Yes,Income,18.6,4.2,54125.0
250110401002,,1164.0,30.6,0.029,0.029,1.0,No,,,,
250158219042,,822.0,30.5,0.136,0.136,0.0,No,,,,
250251004001,Boston,1267.0,30.4,0.0,0.0,0.0,Yes,Minority,82.6,5.7,0.0
250277312042,Worcester,1061.0,30.4,0.0,0.0,0.0,Yes,Minority and income,73.9,10.1,31406.0
250010125024,Barnstable,915.0,30.4,0.0,0.154,0.0,Yes,Minority,47.5,10.4,70170.0
250010108003,,805.0,30.4,0.0,0.0,0.0,No,,,,
250277131003,,1188.0,30.3,0.0,0.012,0.619,No,,,,
250056425002,,3001.0,30.3,0.0,0.017,0.4,No,,,,
250056503004,,765.0,30.3,0.0,0.158,0.0,No,,,,
250214008004,Brookline,1095.0,30.3,0.0,0.0,0.0,Yes,Minority,33.2,21.1,66250.0
250251201052,Boston,1013.0,30.2,0.0,0.203,0.0,Yes,Minority,27.0,0.0,162500.0
250250002011,Boston,966.0,30.2,0.198,0.198,0.0,Yes,Minority,32.7,18.6,86719.0
250235001041,,1170.0,30.2,0.0,0.0,0.0,No,,,,
250251009003,Boston,1011.0,30.1,0.0,0.0,0.0,Yes,Minority,80.7,0.0,130150.0
250235111002,Brockton,1637.0,30.1,0.0,0.003,0.0,Yes,Minority,53.0,1.3,92250.0
250251004003,Boston,833.0,30.1,0.0,0.0,0.0,Yes,Minority,89.0,4.7,100913.0
250138129013,Westfield,526.0,30.1,0.0,0.0,0.0,Yes,Income,15.0,8.5,53183.0
250092683004,,619.0,30.0,0.0,0.0,0.0,No,,,,
250010126012,Barnstable,1134.0,30.0,0.0,0.0,0.191,Yes,Minority,35.4,2.5,82344.0
250056303022,,1498.0,29.9,0.029,0.029,0.0,No,,,,
250092651011,,759.0,29.9,0.0,0.0,0.0,No,,,,
250056501013,,2131.0,29.9,0.0,0.0,0.0,No,,,,
250010108002,Brewster,503.0,29.7,0.0,0.0,0.02,Yes,Income,7.0,0.0,47083.0
250173744003,,1035.0,29.7,0.0,0.0,0.0,No,,,,
250250918001,Boston,1570.0,29.7,0.0,0.328,0.0,Yes,Minority,93.8,8.5,0.0
250056425001,,1743.0,29.7,0.085,0.085,0.421,No,,,,
250092172024,,1108.0,29.7,0.0,0.0,0.0,No,,,,
250092544011,,1023.0,29.7,0.0,0.0,0.0,No,,,,
250092543021,,2502.0,29.7,0.0,0.077,0.012,No,,,,
250250606021,,331.0,29.6,0.0,0.031,0.0,No,,,,
250250913002,Boston,1170.0,29.5,0.0,0.0,0.0,Yes,Minority and income,93.9,14.2,40054.0
250173424011,Everett,2148.0,29.5,0.002,0.002,0.0,Yes,Minority,64.7,0.9,71250.0
250138130021,,819.0,29.5,0.0,0.0,1.0,No,,,,
250039251023,,613.0,29.5,0.0,0.0,0.122,No,,,,
250092066002,Lynn,869.0,29.5,0.0,0.0,0.0,Yes,Minority and income,41.1,2.0,47100.0
250173393003,Medford,1349.0,29.5,0.183,0.183,0.0,Yes,Minority,44.6,1.3,67308.0
250214228001,,1391.0,29.4,0.0,0.0,0.0,No,,,,
250010122002,,854.0,29.4,0.017,0.242,0.033,No,,,,
250173392003,,956.0,29.4,0.117,0.117,0.0,No,,,,
250173567014,Arlington,686.0,29.4,0.0,0.0,0.0,Yes,Minority,30.0,6.6,70183.0
250092505001,Lawrence,1627.0,29.4,0.0,0.0,0.0,Yes,Minority and income,96.8,17.1,41550.0
250092067003,Lynn,836.0,29.4,0.0,0.001,0.0,Yes,Minority,53.7,24.0,74583.0
250010110021,,733.0,29.4,0.0,0.0,0.554,No,,,,
250092504003,Lawrence,800.0,29.4,0.0,0.0,0.0,Yes,"Minority, income and English isolation",96.1,52.2,33500.0
250092504002,Lawrence,1878.0,29.4,0.0,0.0,0.0,Yes,"Minority, income and English isolation",93.2,40.3,43750.0
250092505002,Lawrence,908.0,29.4,0.0,0.0,0.0,Yes,"Minority, income and English isolation",98.8,47.6,41750.0
250092504001,Lawrence,1392.0,29.4,0.0,0.0,0.0,Yes,Minority and income,94.3,22.8,47478.0
250173423022,Everett,805.0,29.4,0.0,0.0,0.0,Yes,Minority,63.2,19.5,78013.0
250173567032,,854.0,29.3,0.044,0.088,0.0,No,,,,
250010146004,,1362.0,29.3,0.0,0.009,0.0,No,,,,
250110410002,,1309.0,29.3,0.0,0.0,0.27,No,,,,
250092069004,Lynn,800.0,29.3,0.0,0.0,0.0,Yes,Minority and English isolation,80.2,34.5,76076.0
250092067002,Lynn,858.0,29.3,0.0,0.0,0.0,Yes,Minority,31.1,13.2,58980.0
250214012012,Brookline,1319.0,29.3,0.0,0.0,0.0,Yes,Minority,28.6,1.2,244167.0
250173739012,,1280.0,29.3,0.0,0.0,0.0,No,,,,
250092671041,,2455.0,29.3,0.0,0.287,0.934,No,,,,
250092069002,Lynn,1380.0,29.3,0.0,0.0,0.0,Yes,Minority and income,63.6,11.5,40363.0
250158205007,,1026.0,29.3,0.0,0.0,0.0,No,,,,
250092066003,Lynn,1367.0,29.3,0.0,0.002,0.0,Yes,Minority,57.9,17.8,63929.0
250277022011,,1250.0,29.3,0.0,0.065,1.0,No,,,,
250010110022,,969.0,29.2,0.0,0.0,0.354,No,,,,
250110409001,,934.0,29.2,0.054,0.204,0.823,No,,,,
250251801013,Winthrop,766.0,29.2,0.0,0.0,0.0,Yes,Income,19.2,13.2,42485.0
250056442005,,813.0,29.2,0.005,0.005,0.0,No,,,,
250092505003,Lawrence,1822.0,29.2,0.0,0.0,0.0,Yes,"Minority, income and English isolation",97.4,29.4,51447.0
250092060001,Lynn,1630.0,29.2,0.0,0.0,0.0,Yes,"Minority, income and English isolation",81.8,32.2,34216.0
250251001006,Boston,868.0,29.2,0.0,0.0,0.0,Yes,Minority and income,98.5,2.6,25188.0
250250924002,Boston,1223.0,29.2,0.0,0.0,0.0,Yes,Minority and income,95.5,7.6,21595.0
250214113012,,1246.0,29.2,0.0,0.0,0.0,No,,,,
250173426002,Everett,1076.0,29.2,0.0,0.255,0.0,Yes,"Minority, income and English isolation",74.3,32.7,51108.0
250277108004,Fitchburg,1014.0,29.2,0.0,0.0,0.0,Yes,Minority and income,58.5,0.0,53686.0
250010122001,,1406.0,29.2,0.031,0.075,0.0,No,,,,
250056501021,New Bedford,1422.0,29.2,0.0,0.0,0.0,Yes,Minority and income,41.6,4.4,48446.0
250250505001,Boston,2174.0,29.2,0.248,0.248,0.0,Yes,Minority,57.1,20.8,86750.0
250251106072,Boston,1600.0,29.1,0.0,0.0,0.0,Yes,Minority,25.1,0.0,125347.0
250092525021,Methuen,1330.0,29.1,0.0,0.0,0.0,Yes,Minority,37.3,0.8,75893.0
250092543012,,1888.0,29.1,0.043,0.086,0.0,No,,,,
250250701041,Boston,890.0,29.1,0.0,0.0,0.0,Yes,Minority,30.1,5.4,129792.0
250173739023,,1307.0,29.1,0.0,0.0,0.0,No,,,,
250277329021,Worcester,3299.0,29.1,0.0,0.0,0.0,Yes,Minority,31.1,0.0,0.0
250010138003,,959.0,29.0,0.0,0.079,0.359,No,,,,
250214161011,,2162.0,29.0,0.0,0.22,0.153,No,,,,
250138129021,,557.0,29.0,0.0,0.0,0.0,No,,,,
250235202022,,2228.0,29.0,0.0,0.047,0.335,No,,,,
250250002021,Boston,828.0,28.9,0.0,0.0,0.0,Yes,Minority,29.5,7.6,97105.0
250277318023,Worcester,987.0,28.9,0.0,0.0,0.0,Yes,Minority,77.0,18.4,97885.0
250251001002,Boston,735.0,28.9,0.0,0.0,0.0,Yes,Minority and income,98.8,7.9,35424.0
250214007001,Brookline,1443.0,28.9,0.0,0.0,0.0,Yes,Minority,35.1,9.6,140192.0
250214224022,Weymouth,979.0,28.9,0.025,0.179,0.0,Yes,Income,14.3,0.0,47969.0
250277329014,Worcester,1454.0,28.9,0.0,0.0,0.0,Yes,Minority,39.5,5.4,64798.0
250039141001,,1191.0,28.9,0.0,0.027,0.583,No,,,,
250173566022,,837.0,28.9,0.102,0.102,0.0,No,,,,
250138133013,,1318.0,28.8,0.0,0.0,0.0,No,,,,
250173397002,Medford,1622.0,28.8,0.0,0.0,0.0,Yes,Minority,49.7,9.8,68169.0
250056140002,Taunton,1182.0,28.8,0.0,0.0,0.0,Yes,Minority,37.1,0.0,58843.0
250138132041,,764.0,28.8,0.0,0.0,0.5,No,,,,
250092515001,Lawrence,1210.0,28.8,0.0,0.006,0.0,Yes,Minority and English isolation,89.5,34.5,70547.0
250173344001,,1285.0,28.8,0.006,0.006,0.0,No,,,,
250173512042,Somerville,1604.0,28.8,0.0,0.268,0.0,Yes,Minority,30.9,0.0,116106.0
250214175024,Quincy,1634.0,28.8,0.0,0.0,0.0,Yes,Minority,51.7,8.3,86397.0
250251703012,Revere,1901.0,28.8,0.0,0.0,0.0,Yes,Minority,42.7,6.0,76080.0
250173143012,Dracut,609.0,28.7,0.0,0.0,0.0,Yes,Income,19.7,0.0,38864.0
250138133012,,2041.0,28.7,0.0,0.0,0.0,No,,,,
250039222001,,752.0,28.7,0.0,0.001,0.388,No,,,,
250138016031,Springfield,1488.0,28.7,0.0,0.0,0.0,Yes,Minority,64.7,0.0,82989.0
250056521001,New Bedford,711.0,28.7,0.0,0.0,0.0,Yes,Minority,34.3,0.0,98796.0
250173413013,Malden,791.0,28.6,0.0,0.0,0.0,Yes,Minority and income,67.3,19.1,53375.0
250214004011,Brookline,2414.0,28.6,0.0,0.042,0.0,Yes,Minority,28.6,8.3,102604.0
250250920002,Boston,1823.0,28.6,0.0,0.0,0.0,Yes,Minority,91.3,9.3,64211.0
250138136015,,2671.0,28.6,0.0,0.0,0.035,No,,,,
250092507002,Lawrence,1283.0,28.5,0.0,0.0,0.0,Yes,Minority and English isolation,92.8,26.5,65510.0
250277314002,Worcester,906.0,28.5,0.0,0.278,0.0,Yes,"Minority, income and English isolation",79.1,30.7,22778.0
250092541001,,1301.0,28.4,0.0,0.0,0.0,No,,,,
250173581003,,1593.0,28.4,0.0,0.0,0.0,No,,,,
250092507003,Lawrence,1793.0,28.4,0.0,0.0,0.0,Yes,Minority and English isolation,94.3,50.4,77946.0
250056523001,New Bedford,1037.0,28.4,0.0,0.131,0.0,Yes,"Minority, income and English isolation",31.1,42.3,31796.0
250173411011,Malden,1625.0,28.4,0.0,0.0,0.0,Yes,Minority,57.0,10.7,123784.0
250173852041,Ashland,3357.0,28.3,0.001,0.001,0.052,Yes,Minority,39.2,0.0,144833.0
250092081022,Saugus,963.0,28.3,0.0,0.0,0.026,Yes,Minority,29.8,1.0,140219.0
250092603021,,941.0,28.3,0.0,0.0,0.455,No,,,,
250092525013,Methuen,1151.0,28.3,0.0,0.0,0.0,Yes,Minority,61.8,5.1,69833.0
250173739022,,1638.0,28.2,0.0,0.037,0.0,No,,,,
250251001007,Boston,827.0,28.2,0.0,0.0,0.0,Yes,Minority,98.4,17.5,0.0
250250602002,,1332.0,28.2,0.0,0.0,0.0,No,,,,
250173413021,Malden,1372.0,28.2,0.0,0.0,0.0,Yes,Minority,66.5,14.2,124583.0
250039334003,,989.0,28.2,0.0,0.049,1.0,No,,,,
250039314001,,831.0,28.1,0.0,0.0,1.0,No,,,,
250138104031,Ludlow,1287.0,28.1,0.0,0.0,0.075,Yes,Income,21.0,4.3,53750.0
250092508001,Lawrence,1983.0,28.1,0.0,0.0,0.0,Yes,Minority and income,85.0,6.7,46625.0
250235451004,,1740.0,28.1,0.0,0.0,0.0,No,,,,
250056511003,New Bedford,1009.0,28.1,0.0,0.0,0.0,Yes,Minority,43.8,0.0,80000.0
250039323002,,1345.0,28.1,0.0,0.031,0.961,No,,,,
250250003021,Boston,1471.0,28.0,0.0,0.0,0.0,Yes,Minority,32.0,0.0,105230.0
250214224023,,1246.0,28.0,0.041,0.041,0.0,No,,,,
250092032004,,1973.0,27.9,0.0,0.0,0.0,No,,,,
250235051043,,1763.0,27.8,0.0,0.0,0.0,No,,,,
250138129011,,1784.0,27.7,0.0,0.0,0.0,No,,,,
250235304004,,1066.0,27.7,0.0,0.176,0.385,No,,,,
250138001022,Springfield,984.0,27.7,0.0,0.0,0.0,Yes,Minority and income,77.4,23.7,36944.0
250056533013,,1068.0,27.6,0.0,0.0,0.0,No,,,,
250251301016,,1078.0,27.6,0.0,0.0,0.0,No,,,,
250251302001,,648.0,27.6,0.0,0.0,0.0,No,,,,
250214182011,Quincy,2006.0,27.6,0.0,0.068,0.0,Yes,Minority and income,46.1,2.8,52000.0
250173141013,Dracut,3019.0,27.6,0.0,0.0,0.472,Yes,Minority,28.7,2.1,86729.0
250092506004,Lawrence,1708.0,27.6,0.0,0.0,0.0,Yes,Minority and English isolation,89.3,36.0,66625.0
250173564007,Arlington,860.0,27.6,0.0,0.0,0.0,Yes,Minority,29.2,0.0,138611.0
250214178022,Quincy,1490.0,27.6,0.0,0.315,0.0,Yes,"Minority, income and English isolation",67.8,29.0,22444.0
250277309022,Worcester,833.0,27.5,0.0,0.0,0.0,Yes,Minority,35.9,11.9,72667.0
250138003002,Springfield,1167.0,27.5,0.0,0.0,0.0,Yes,Minority and income,71.9,14.7,49148.0
250250603013,,1308.0,27.5,0.0,0.0,0.0,No,,,,
250214563023,,740.0,27.5,0.0,0.0,0.0,No,,,,
250251302002,,878.0,27.5,0.0,0.001,0.0,No,,,,
250056542002,Acushnet,1166.0,27.5,0.0,0.0,0.396,Yes,Income,8.3,1.0,55189.0
250173363006,,1458.0,27.4,0.017,0.017,0.0,No,,,,
250235051032,,1209.0,27.4,0.0,0.0,0.029,No,,,,
250251301014,,725.0,27.4,0.048,0.048,0.0,No,,,,
250235051041,,1204.0,27.4,0.0,0.0,0.0,No,,,,
250173565001,,900.0,27.4,0.0,0.0,0.0,No,,,,
250158205002,Amherst,1014.0,27.3,0.0,0.0,0.0,Yes,Minority,24.8,5.0,106190.0
250138018002,Springfield,1135.0,27.3,0.0,0.0,0.0,Yes,Minority and income,97.0,5.3,33812.0
250010113003,,743.0,27.3,0.0,0.028,0.0,No,,,,
250250709011,Boston,1165.0,27.3,0.0,0.0,0.0,Yes,"Minority, income and English isolation",75.0,46.7,36051.0
250010120023,,754.0,27.3,0.0,0.0,0.0,No,,,,
250138019011,Springfield,1163.0,27.2,0.0,0.0,0.0,Yes,Minority and income,89.3,3.2,20652.0
250173745001,,873.0,27.2,0.01,0.055,0.0,No,,,,
250214178012,,854.0,27.2,0.0,0.0,0.0,No,,,,
250039251024,Great Barrington,728.0,27.2,0.0,0.0,0.201,Yes,Income,18.4,0.0,38333.0
250250701022,Boston,2202.0,27.2,0.162,0.162,0.0,Yes,Minority,35.1,9.6,172917.0
250138001021,Springfield,2005.0,27.1,0.0,0.0,0.0,Yes,Minority,73.7,4.5,66250.0
250092506003,Lawrence,1524.0,27.1,0.0,0.0,0.0,Yes,"Minority, income and English isolation",93.6,54.2,40243.0
250251803011,,661.0,27.1,0.0,0.0,0.0,No,,,,
250235031013,,1686.0,27.1,0.002,0.002,0.0,No,,,,
250277326003,Worcester,1056.0,27.1,0.267,0.267,0.0,Yes,Minority,60.7,0.0,58958.0
250092701003,,1599.0,27.1,0.0,0.0,0.0,No,,,,
250092022001,,889.0,27.1,0.0,0.0,0.0,No,,,,
250250106003,Boston,625.0,27.1,0.0,0.252,0.0,Yes,Minority,36.3,14.7,87770.0
250277308011,,1048.0,27.1,0.0,0.0,0.0,No,,,,
250214005003,Brookline,836.0,27.1,0.0,0.0,0.0,Yes,Minority,30.6,0.0,149132.0
250214004012,Brookline,1476.0,27.1,0.0,0.0,0.0,Yes,Minority,29.3,5.4,73625.0
250214005004,Brookline,1586.0,27.1,0.0,0.0,0.0,Yes,Minority,25.3,6.9,104712.0
250039008002,,730.0,27.0,0.0,0.015,0.675,No,,,,
250092045001,Salem,1290.0,27.0,0.0,0.0,0.023,Yes,Minority,24.9,1.9,94205.0
250235221012,,845.0,26.9,0.0,0.0,0.0,No,,,,
250277581031,,2155.0,26.9,0.0,0.0,0.98,No,,,,
250250705022,Boston,2326.0,26.9,0.0,0.0,0.0,Yes,"Minority, income and English isolation",66.1,45.5,16046.0
250056502011,,1116.0,26.8,0.0,0.0,0.0,No,,,,
250277302003,Worcester,761.0,26.8,0.0,0.0,0.0,Yes,"Minority, income and English isolation",25.4,38.0,44681.0
250158224023,,914.0,26.8,0.0,0.047,0.235,No,,,,
250250004011,Boston,1521.0,26.7,0.0,0.235,0.0,Yes,Minority,32.7,0.0,74679.0
250092053002,Lynn,1054.0,26.7,0.0,0.0,0.0,Yes,Minority,42.0,11.5,93854.0
250235221023,,2470.0,26.6,0.005,0.005,0.0,No,,,,
250259811002,,6.0,26.6,0.0,0.055,0.0,No,,,,
250138122021,West Springfield,654.0,26.6,0.0,0.0,0.431,Yes,Minority,37.0,10.4,59609.0
250199502022,Nantucket,1120.0,26.5,0.0,0.0,0.642,Yes,Minority,37.9,0.0,144228.0
250039002003,Pittsfield,892.0,26.5,0.0,0.0,0.0,Yes,Minority and income,38.2,2.0,24948.0
250092521011,Methuen,1531.0,26.5,0.0,0.0,0.0,Yes,Minority,48.7,3.6,72708.0
250277032002,,1421.0,26.5,0.009,0.046,0.446,No,,,,
250251104035,Boston,936.0,26.5,0.0,0.0,0.0,Yes,Minority,46.0,6.3,109676.0
250235211012,,1045.0,26.5,0.0,0.0,0.087,No,,,,
250138132061,,1554.0,26.5,0.0,0.0,0.0,No,,,,
250235202013,,1701.0,26.4,0.0,0.0,0.257,No,,,,
250138134012,,1054.0,26.4,0.0,0.0,0.072,No,,,,
250010126011,Barnstable,2164.0,26.4,0.0,0.0,0.019,Yes,Minority,33.8,15.5,60919.0
250092056002,Lynn,1090.0,26.3,0.0,0.037,0.0,Yes,Minority,57.9,23.5,59286.0
250138001012,Springfield,1314.0,26.2,0.0,0.0,0.0,Yes,Minority and income,80.7,10.4,35385.0
250138013001,Springfield,1289.0,26.2,0.0,0.0,0.0,Yes,"Minority, income and English isolation",92.9,37.1,12356.0
250138119003,,1083.0,26.2,0.0,0.0,0.0,No,,,,
250039342002,,784.0,26.2,0.0,0.028,1.0,No,,,,
250158219033,Northampton,1832.0,26.2,0.0,0.267,0.0,Yes,Minority,24.7,5.1,63125.0
250251007002,Boston,1008.0,26.1,0.0,0.118,0.0,Yes,Income,17.7,0.0,31293.0
250173424022,Everett,1413.0,26.0,0.03,0.03,0.0,Yes,Minority,60.5,14.2,93850.0
250214181021,Quincy,1025.0,26.0,0.0,0.0,0.0,Yes,Minority and income,37.2,8.5,43199.0
250056303013,,1643.0,26.0,0.044,0.073,0.274,No,,,,
250251009002,Boston,578.0,26.0,0.0,0.0,0.0,Yes,Minority,72.8,8.5,92797.0
250235114003,Brockton,974.0,26.0,0.0,0.0,0.0,Yes,Minority,85.2,19.1,56136.0
250173394003,,772.0,25.9,0.222,0.222,0.0,No,,,,
250039131003,,869.0,25.9,0.005,0.005,0.628,No,,,,
250092051004,Lynn,1653.0,25.9,0.0,0.0,0.0,Yes,Minority,33.0,0.0,117625.0
250092523001,Methuen,1564.0,25.9,0.0,0.077,0.0,Yes,Minority,54.2,0.0,75000.0
250250106001,Boston,1330.0,25.9,0.0,0.243,0.0,Yes,Minority,30.6,2.1,132361.0
250056420001,Fall River,610.0,25.8,0.0,0.047,0.028,Yes,Minority,29.2,0.0,64306.0
250214193003,Braintree,731.0,25.8,0.18,0.18,0.0,Yes,Minority and income,53.4,9.0,27500.0
250214227002,,934.0,25.8,0.0,0.0,0.0,No,,,,
250056524001,New Bedford,1388.0,25.8,0.0,0.095,0.0,Yes,"Minority, income and English isolation",41.4,26.3,27471.0
250173521012,Cambridge,1810.0,25.8,0.0,0.0,0.0,Yes,Minority,50.6,1.3,86133.0
250173392001,,729.0,25.8,0.0,0.0,0.0,No,,,,
250173585003,Lexington,2214.0,25.8,0.0,0.0,0.0,Yes,Minority,47.2,4.2,227955.0
250235111003,Brockton,1482.0,25.8,0.0,0.13,0.0,Yes,Minority,66.1,0.0,105694.0
250158219011,,2439.0,25.7,0.003,0.003,0.0,No,,,,
250250002022,Boston,804.0,25.7,0.001,0.001,0.0,Yes,Minority,29.9,8.0,101450.0
250056318002,,1354.0,25.7,0.0,0.0,0.182,No,,,,
250277393002,Shrewsbury,2229.0,25.7,0.0,0.048,0.0,Yes,Minority,38.2,0.9,85625.0
250039003003,,1009.0,25.6,0.0,0.001,0.0,No,,,,
250158206001,Amherst,1641.0,25.6,0.0,0.0,0.018,Yes,Minority,52.4,0.0,0.0
250056322004,,1361.0,25.6,0.063,0.063,0.286,No,,,,
250214177022,Quincy,1054.0,25.6,0.0,0.285,0.0,Yes,Minority,36.9,10.8,65417.0
250235302002,,2408.0,25.6,0.0,0.0,0.0,No,,,,
250158210002,,960.0,25.5,0.0,0.0,0.0,No,,,,
250158210003,,771.0,25.5,0.0,0.0,0.0,No,,,,
250277328011,Worcester,2253.0,25.5,0.033,0.033,0.0,Yes,Minority,32.9,1.7,77821.0
250138116004,Holyoke,1139.0,25.5,0.0,0.0,0.0,Yes,"Minority, income and English isolation",93.8,46.5,18594.0
250092114024,,1114.0,25.5,0.0,0.007,0.0,No,,,,
250214228002,,853.0,25.5,0.0,0.0,0.0,No,,,,
250138116001,Holyoke,829.0,25.5,0.0,0.0,0.0,Yes,"Minority, income and English isolation",94.1,34.7,16000.0
250250510001,Boston,2134.0,25.5,0.019,0.019,0.0,Yes,Minority,55.2,15.9,66845.0
250173394002,Medford,666.0,25.4,0.173,0.173,0.0,Yes,Minority,29.9,0.0,127212.0
250056552002,,1144.0,25.4,0.0,0.209,0.0,No,,,,
250056451013,,809.0,25.4,0.0,0.0,0.0,No,,,,
250138025006,Springfield,1431.0,25.3,0.0,0.0,0.0,Yes,Minority,56.4,0.4,70268.0
250092525012,Methuen,1117.0,25.3,0.0,0.0,0.0,Yes,Minority,49.0,0.0,83929.0
250251401051,Boston,2353.0,25.3,0.0,0.064,0.0,Yes,Minority,56.0,6.0,77316.0
250092506001,Lawrence,1593.0,25.3,0.0,0.0,0.0,Yes,"Minority, income and English isolation",91.5,33.1,52257.0
250173411023,Malden,905.0,25.3,0.0,0.0,0.0,Yes,Minority,38.9,0.0,121830.0
250277301003,Worcester,2422.0,25.2,0.0,0.0,0.0,Yes,Minority,39.8,4.6,79926.0
250092506002,Lawrence,1425.0,25.2,0.0,0.0,0.0,Yes,Minority and income,92.9,23.8,46216.0
250251301013,,854.0,25.2,0.0,0.0,0.0,No,,,,
250010116003,,684.0,25.2,0.0,0.0,0.0,No,,,,
250235202021,,1245.0,25.2,0.0,0.003,0.318,No,,,,
250173143013,,2561.0,25.1,0.0,0.009,0.333,No,,,,
250277221003,,1904.0,25.1,0.012,0.065,0.949,No,,,,
250251008001,Boston,716.0,25.1,0.0,0.046,0.0,Yes,Minority,61.9,13.1,63514.0
250251705022,Revere,1424.0,25.1,0.0,0.0,0.0,Yes,Minority and income,34.4,8.8,28018.0
250277102004,Fitchburg,1117.0,25.0,0.001,0.001,0.0,Yes,Minority and income,53.7,4.2,40577.0
250173737002,,1207.0,25.0,0.0,0.0,0.0,No,,,,
250235111001,Brockton,2452.0,25.0,0.0,0.0,0.109,Yes,Minority,57.0,4.2,74812.0
250158203002,Amherst,1257.0,25.0,0.0,0.0,0.0,Yes,Minority and income,51.4,5.7,37500.0
250092684003,,1811.0,25.0,0.0,0.049,0.096,No,,,,
250138124012,,1634.0,24.9,0.0,0.0,0.047,No,,,,
250173507022,Somerville,1298.0,24.9,0.095,0.095,0.0,Yes,Minority and income,55.1,9.8,20713.0
250158203003,Amherst,1261.0,24.9,0.0,0.0,0.079,Yes,Minority,58.4,3.9,67778.0
250251704001,Revere,1398.0,24.8,0.0,0.095,0.0,Yes,Minority,53.2,2.1,72500.0
250214005002,Brookline,1463.0,24.8,0.0,0.0,0.0,Yes,Minority,28.6,0.0,87181.0
250158227001,,633.0,24.7,0.0,0.0,1.0,No,,,,
250173143014,,1571.0,24.6,0.0,0.0,0.0,No,,,,
250138121032,Holyoke,2657.0,24.6,0.0,0.0,0.092,Yes,Minority and income,54.2,15.8,48864.0
250092111003,,2161.0,24.6,0.0,0.0,0.0,No,,,,
250039011003,Pittsfield,2050.0,24.6,0.053,0.161,0.452,Yes,Income,15.0,0.9,33083.0
250251304061,Boston,2092.0,24.5,0.052,0.225,0.0,Yes,"Minority, income and English isolation",92.0,24.7,41696.0
250251001003,Boston,984.0,24.5,0.0,0.0,0.0,Yes,Minority and income,97.0,9.0,44615.0
250138013004,Springfield,935.0,24.5,0.0,0.0,0.0,Yes,Minority,81.3,8.4,72865.0
250092111001,Danvers,951.0,24.5,0.0,0.077,0.0,Yes,Income,14.5,1.1,47000.0
250056451021,,1136.0,24.4,0.0,0.0,0.121,No,,,,
250138015032,Springfield,2102.0,24.4,0.0,0.084,0.0,Yes,Minority and income,66.7,16.4,44506.0
250251705042,Revere,1052.0,24.4,0.0,0.0,0.0,Yes,Minority,58.1,5.9,76574.0
250138122013,West Springfield,1456.0,24.4,0.0,0.208,0.0,Yes,Minority and income,30.2,3.2,26858.0
250056322005,,1872.0,24.4,0.0,0.0,0.0,No,,,,
250010147002,Falmouth,1237.0,24.4,0.0,0.0,0.0,Yes,Income,14.0,0.0,55057.0
250235001013,,1341.0,24.4,0.0,0.0,0.0,No,,,,
250250102052,Boston,920.0,24.4,0.0,0.0,0.0,Yes,Minority,52.1,0.0,81020.0
250092081013,Saugus,1176.0,24.4,0.0,0.0,0.0,Yes,Minority,28.4,0.0,102411.0
250092543022,,1113.0,24.3,0.0,0.0,0.107,No,,,,
250138122022,West Springfield,1123.0,24.3,0.0,0.0,0.459,Yes,Income,23.0,6.1,36364.0
250235601005,,762.0,24.3,0.0,0.0,0.0,No,,,,
250138026015,Springfield,1270.0,24.2,0.0,0.0,0.0,Yes,Minority and income,71.3,0.0,47083.0
250010121022,,710.0,24.2,0.0,0.0,0.037,No,,,,
250259803001,Boston,113.0,24.1,0.0,0.0,0.0,Yes,Minority,62.8,0.0,0.0
250173511012,,1232.0,24.1,0.0,0.0,0.0,No,,,,
250138128002,,1821.0,24.1,0.008,0.155,0.0,No,,,,
250092525024,Methuen,1009.0,24.1,0.0,0.0,0.0,Yes,Minority and income,40.2,15.9,44449.0
250039002006,Pittsfield,619.0,24.1,0.0,0.001,0.0,Yes,Minority and income,41.0,0.0,36250.0
250173511021,Somerville,800.0,24.1,0.0,0.0,0.0,Yes,Minority,29.2,0.0,121250.0
250173511011,Somerville,1035.0,24.1,0.0,0.0,0.0,Yes,Minority,25.1,12.8,73707.0
250235106003,Brockton,1177.0,24.0,0.0,0.064,0.397,Yes,Minority,49.4,0.0,124391.0
250158211014,,1621.0,24.0,0.0,0.0,0.0,No,,,,
250250604004,,1224.0,24.0,0.0,0.0,0.0,No,,,,
250138108001,Chicopee,1770.0,24.0,0.0,0.0,0.0,Yes,Minority and income,42.7,4.1,35000.0
250277316014,Worcester,735.0,24.0,0.0,0.229,0.0,Yes,Minority and income,35.1,0.0,25772.0
250250924001,Boston,820.0,23.9,0.0,0.0,0.0,Yes,Minority,95.9,23.8,56172.0
250039002004,Pittsfield,657.0,23.9,0.0,0.0,0.0,Yes,Minority,40.8,0.0,70375.0
250173738003,,1541.0,23.8,0.0,0.0,0.0,No,,,,
250092508005,Lawrence,1270.0,23.8,0.0,0.0,0.0,Yes,"Minority, income and English isolation",74.7,46.0,52386.0
250056313003,Attleboro,1743.0,23.8,0.0,0.0,0.0,Yes,Minority,32.7,5.2,57885.0
250138113022,Chicopee,1475.0,23.7,0.006,0.006,0.117,Yes,Income,19.7,3.9,47232.0
250250003022,Boston,1601.0,23.6,0.0,0.0,0.0,Yes,Minority,36.2,10.1,99181.0
250092523003,Methuen,1356.0,23.6,0.0,0.211,0.0,Yes,Minority,60.5,3.2,94375.0
250277310022,Worcester,2272.0,23.6,0.0,0.0,0.0,Yes,Minority and income,57.9,10.1,41745.0
250277106021,Fitchburg,880.0,23.5,0.0,0.07,0.0,Yes,Minority and income,56.9,1.5,25920.0
250235011011,,1293.0,23.5,0.006,0.006,0.134,No,,,,
250235303002,Plymouth,1373.0,23.5,0.0,0.162,0.0,Yes,Income,14.7,4.5,46053.0
250138001011,Springfield,1308.0,23.5,0.059,0.238,0.0,Yes,Minority and income,57.6,5.5,44149.0
250251010023,Boston,2098.0,23.5,0.0,0.0,0.0,Yes,Minority,98.4,10.3,58219.0
250173141012,,2208.0,23.5,0.0,0.0,0.0,No,,,,
250277308021,,886.0,23.4,0.0,0.0,0.0,No,,,,
250173691001,Waltham,869.0,23.4,0.0,0.0,0.0,Yes,Minority,24.5,3.1,94583.0
250235305002,Plymouth,833.0,23.4,0.0,0.083,0.0,Yes,Income,15.4,11.4,54693.0
250039002005,Pittsfield,790.0,23.3,0.0,0.0,0.0,Yes,Minority and income,35.8,0.0,53125.0
250235308021,,699.0,23.3,0.0,0.0,0.0,No,,,,
250138112002,,1171.0,23.3,0.0,0.0,0.0,No,,,,
250251001004,Boston,1008.0,23.3,0.0,0.0,0.0,Yes,Minority and income,96.9,18.1,54949.0
250277326004,Worcester,771.0,23.3,0.239,0.239,0.0,Yes,Minority,64.1,2.6,60047.0
250138003003,Springfield,1143.0,23.2,0.0,0.0,0.0,Yes,Minority,75.2,8.6,85469.0
250092522011,Methuen,1324.0,23.2,0.0,0.039,0.0,Yes,Minority,27.1,13.8,81771.0
250138132082,Agawam,1430.0,23.2,0.0,0.0,0.054,Yes,Income,16.8,4.1,52054.0
250110415011,,1036.0,23.2,0.0,0.001,0.97,No,,,,
250251008005,Boston,907.0,23.2,0.0,0.0,0.0,Yes,Minority,48.8,3.5,70862.0
250173735002,,2376.0,23.2,0.157,0.157,0.0,No,,,,
250235305005,,2195.0,23.2,0.0,0.0,0.049,No,,,,
250173585002,Lexington,812.0,23.1,0.0,0.0,0.0,Yes,Minority,44.8,9.3,141328.0
250158204001,Amherst,13131.0,23.0,0.0,0.0,0.0,Yes,Minority and income,39.5,0.0,2500.0
250235022003,,2078.0,23.0,0.012,0.016,0.082,No,,,,
250138124032,West Springfield,1061.0,23.0,0.0,0.0,0.0,Yes,Minority and income,28.1,8.2,40356.0
250056542001,,926.0,23.0,0.0,0.0,0.265,No,,,,
250235202012,,1534.0,22.9,0.0,0.0,0.0,No,,,,
250251301012,,715.0,22.9,0.0,0.0,0.0,No,,,,
250092524002,Methuen,1900.0,22.8,0.0,0.0,0.0,Yes,Minority and income,90.8,18.8,53452.0
250173363003,,1430.0,22.8,0.0,0.0,0.0,No,,,,
250092542004,,2021.0,22.7,0.0,0.005,0.0,No,,,,
250250906002,Boston,1351.0,22.7,0.0,0.0,0.0,Yes,"Minority, income and English isolation",92.8,37.9,42917.0
250039131001,,600.0,22.7,0.046,0.046,0.705,No,,,,
250056315002,,1010.0,22.6,0.035,0.035,0.0,No,,,,
250235601001,,1370.0,22.6,0.0,0.0,0.719,No,,,,
250056509002,New Bedford,1430.0,22.6,0.0,0.0,0.0,Yes,Minority and income,48.0,16.3,48158.0
250173415004,Malden,903.0,22.5,0.0,0.0,0.0,Yes,Minority,71.1,18.3,93125.0
250138129012,,782.0,22.5,0.0,0.0,0.0,No,,,,
250277221001,,1780.0,22.5,0.0,0.018,0.944,No,,,,
250173415003,Malden,1241.0,22.5,0.0,0.0,0.0,Yes,Minority,73.2,22.1,76500.0
250214171004,Quincy,1046.0,22.4,0.0,0.054,0.0,Yes,Minority,29.2,13.5,128412.0
250110411003,,915.0,22.4,0.0,0.059,0.246,No,,,,
250277331021,Worcester,1051.0,22.4,0.0,0.076,0.0,Yes,Minority and income,57.3,8.3,43696.0
250056528001,,1133.0,22.4,0.0,0.0,0.0,No,,,,
250214172011,Quincy,1002.0,22.4,0.0,0.0,0.0,Yes,Minority,69.1,23.4,59472.0
250251203013,Boston,1527.0,22.3,0.0,0.0,0.0,Yes,Minority,48.7,10.2,104583.0
250277329012,Worcester,2763.0,22.3,0.024,0.024,0.0,Yes,Minority,51.8,7.6,63737.0
250199503071,,524.0,22.3,0.0,0.032,0.21,No,,,,
250092053004,Lynn,1114.0,22.3,0.023,0.023,0.069,Yes,Minority,35.0,0.0,75208.0
250173511022,,1172.0,22.2,0.0,0.051,0.0,No,,,,
250173102002,Lowell,1057.0,22.2,0.0,0.0,0.0,Yes,Minority,42.3,0.0,61488.0
250092174023,,1309.0,22.2,0.0,0.0,0.0,No,,,,
250092671022,,1654.0,22.2,0.0,0.0,0.583,No,,,,
250056314002,Attleboro,1286.0,22.2,0.0,0.0,0.0,Yes,Minority and income,28.3,0.0,37066.0
250235051042,,1060.0,22.1,0.0,0.0,0.008,No,,,,
250277322033,Worcester,1008.0,22.1,0.122,0.122,0.0,Yes,Minority and income,68.8,14.6,39732.0
250214004022,,857.0,22.1,0.0,0.0,0.0,No,,,,
250092022004,,793.0,22.1,0.0,0.0,0.0,No,,,,
250138024003,Springfield,1435.0,22.1,0.0,0.0,0.0,Yes,Minority,40.6,0.0,89076.0
250251003002,Boston,874.0,22.0,0.0,0.0,0.0,Yes,Minority and income,96.8,4.0,52171.0
250056502012,New Bedford,1167.0,22.0,0.023,0.072,0.0,Yes,Minority,24.9,1.9,102933.0
250092603012,,1847.0,22.0,0.002,0.002,0.0,No,,,,
250039352004,,654.0,21.9,0.0,0.0,0.0,No,,,,
250277101003,Fitchburg,752.0,21.9,0.0,0.031,0.0,Yes,Minority,57.7,0.0,63427.0
250277316011,Worcester,1375.0,21.8,0.0,0.183,0.0,Yes,Minority and income,48.4,9.9,17012.0
250138124034,,799.0,21.8,0.0,0.0,0.0,No,,,,
250214112003,Walpole,1861.0,21.8,0.056,0.056,0.0,Yes,Minority,34.7,0.0,179010.0
250251705031,Revere,1698.0,21.8,0.0,0.0,0.0,Yes,Minority,43.6,4.8,70197.0
250235001044,,1350.0,21.7,0.0,0.0,0.0,No,,,,
250138104041,,3611.0,21.7,0.0,0.058,0.108,No,,,,
250235091025,,754.0,21.7,0.098,0.098,0.084,No,,,,
250158219031,Northampton,1683.0,21.7,0.0,0.088,0.258,Yes,Minority and income,28.0,7.5,52000.0
250214007002,Brookline,1504.0,21.7,0.0,0.0,0.0,Yes,Minority,32.9,4.1,153529.0
250158219032,Northampton,124.0,21.6,0.0,0.0,0.0,Yes,Minority,56.5,0.0,0.0
250138016011,Springfield,2316.0,21.6,0.0,0.0,0.0,Yes,Minority,31.3,0.0,68750.0
250250801002,Boston,775.0,21.6,0.0,0.0,0.0,Yes,Minority and income,96.3,7.8,50272.0
250277323021,Worcester,2958.0,21.6,0.0,0.0,0.0,Yes,Minority and income,56.1,14.8,39207.0
250251010011,Boston,680.0,21.6,0.0,0.046,0.0,Yes,Minority,98.4,9.7,0.0
250138122023,West Springfield,450.0,21.5,0.0,0.0,0.62,Yes,Minority and income,55.6,0.0,31397.0
250173421024,Everett,1402.0,21.5,0.0,0.0,0.0,Yes,Minority,69.7,17.3,58264.0
250277310023,Worcester,2781.0,21.5,0.0,0.0,0.0,Yes,Minority and income,50.9,9.7,48705.0
250214227001,,1472.0,21.5,0.0,0.0,0.0,No,,,,
250092055002,Lynn,3109.0,21.5,0.006,0.006,0.0,Yes,Minority,82.0,19.6,60333.0
250158224011,,1816.0,21.4,0.0,0.0,0.512,No,,,,
250092651022,,1526.0,21.4,0.0,0.0,0.725,No,,,,
250092104012,Peabody,1181.0,21.3,0.0,0.216,0.195,Yes,Minority,34.4,0.0,68243.0
250138130012,,1686.0,21.3,0.0,0.0,0.884,No,,,,
250092051003,Lynn,1074.0,21.1,0.0,0.0,0.0,Yes,Minority and English isolation,58.3,34.3,98170.0
250158213001,,2190.0,21.1,0.0,0.0,0.45,No,,,,
250138025005,Springfield,1425.0,21.1,0.0,0.0,0.0,Yes,Minority and income,48.2,0.0,51840.0
250039333001,,869.0,21.1,0.0,0.003,0.983,No,,,,
250056442006,,866.0,21.1,0.0,0.0,0.324,No,,,,
250214181011,Quincy,1619.0,21.1,0.0,0.0,0.0,Yes,Minority,35.8,0.0,120000.0
250138132081,,1526.0,21.0,0.0,0.0,0.0,No,,,,
250214177033,Quincy,1320.0,21.0,0.0,0.037,0.0,Yes,"Minority, income and English isolation",42.3,33.3,18676.0
250092033014,,762.0,21.0,0.0,0.136,0.0,No,,,,
250092514001,Lawrence,2304.0,21.0,0.113,0.113,0.0,Yes,"Minority, income and English isolation",95.6,42.1,37682.0
250214178014,,718.0,20.9,0.0,0.0,0.0,No,,,,
250138134013,,2115.0,20.9,0.0,0.0,0.105,No,,,,
250056322003,,2023.0,20.9,0.012,0.012,0.248,No,,,,
250251004004,Boston,1698.0,20.9,0.0,0.0,0.0,Yes,Minority,93.8,9.9,69659.0
250092532024,North Andover,2264.0,20.8,0.0,0.0,0.0,Yes,Minority,26.4,7.9,64144.0
250251707022,Revere,1867.0,20.8,0.0,0.0,0.0,Yes,Minority and income,71.8,20.5,54911.0
250250920003,Boston,981.0,20.7,0.0,0.0,0.0,Yes,Minority,92.8,13.9,76905.0
250138133031,,2188.0,20.7,0.0,0.0,0.0,No,,,,
250039141006,,441.0,20.7,0.0,0.0,0.642,No,,,,
250092541005,,891.0,20.7,0.0,0.0,0.0,No,,,,
250277391011,,1286.0,20.6,0.0,0.036,0.097,No,,,,
250110415023,Buckland,892.0,20.6,0.0,0.0,0.464,Yes,Income,9.0,0.0,44063.0
250214134013,,1184.0,20.6,0.045,0.045,0.0,No,,,,
250277312033,Worcester,1675.0,20.6,0.0,0.0,0.0,Yes,"Minority, income and English isolation",67.4,29.4,39276.0
250158203005,Amherst,1609.0,20.4,0.0,0.0,0.433,Yes,Minority,45.1,4.9,61429.0
250092532023,North Andover,1013.0,20.4,0.0,0.0,0.0,Yes,Minority,30.8,0.0,120197.0
250250906001,Boston,1099.0,20.4,0.0,0.0,0.0,Yes,"Minority, income and English isolation",92.9,26.5,45714.0
250173411021,Malden,1490.0,20.4,0.0,0.0,0.0,Yes,Minority and English isolation,63.5,33.4,57917.0
250214193004,Braintree,1210.0,20.3,0.063,0.063,0.0,Yes,Minority,27.9,3.1,123884.0
250056510011,New Bedford,902.0,20.3,0.0,0.019,0.0,Yes,Minority,35.4,6.1,95962.0
250138106012,Chicopee,2343.0,20.3,0.0,0.0,0.0,Yes,Minority and income,31.2,13.8,44833.0
250138015011,Springfield,2208.0,20.3,0.0,0.2,0.0,Yes,Minority and income,71.5,1.5,32088.0
250214180021,Quincy,2026.0,20.3,0.0,0.0,0.0,Yes,Minority,52.7,2.0,92900.0
250056312001,,1432.0,20.2,0.0,0.0,0.0,No,,,,
250251204004,Boston,1923.0,20.2,0.0,0.0,0.0,Yes,Minority,29.4,3.9,111053.0
250250921015,Boston,2590.0,20.2,0.197,0.197,0.0,Yes,Minority,79.4,14.3,57285.0
250056521002,New Bedford,800.0,20.1,0.0,0.0,0.0,Yes,Minority,31.0,13.4,80500.0
250138026021,Springfield,2022.0,20.1,0.0,0.0,0.0,Yes,Minority,35.3,3.4,58947.0
250110402001,,1820.0,20.1,0.0,0.094,0.775,No,,,,
250092522022,,1309.0,20.0,0.0,0.0,0.011,No,,,,
250010128002,,1186.0,20.0,0.0,0.045,0.092,No,,,,
250173418002,Malden,1428.0,20.0,0.0,0.0,0.0,Yes,Minority and income,60.6,13.1,30481.0
250235021012,Rockland,1450.0,20.0,0.0,0.0,0.0,Yes,Minority,26.7,0.0,116979.0
250138118005,Holyoke,887.0,20.0,0.0,0.0,0.0,Yes,"Minority, income and English isolation",61.1,30.9,45343.0
250138132052,,927.0,20.0,0.0,0.0,0.0,No,,,,
250173399001,Medford,1577.0,20.0,0.0,0.0,0.0,Yes,Minority,35.9,6.6,91435.0
250277106012,Fitchburg,1913.0,19.9,0.0,0.044,0.0,Yes,Minority and income,58.8,0.0,44476.0
250092108003,Peabody,1026.0,19.8,0.055,0.055,0.0,Yes,Minority and English isolation,42.5,25.8,85404.0
250251001005,Boston,689.0,19.8,0.0,0.0,0.0,Yes,Minority and income,95.9,0.0,26331.0
250250101042,Boston,2503.0,19.8,0.0,0.182,0.0,Yes,Minority,39.9,2.3,95139.0
250138016041,Springfield,2692.0,19.8,0.0,0.0,0.0,Yes,Minority,36.3,0.0,76845.0
250251011013,Boston,1033.0,19.8,0.0,0.0,0.0,Yes,Minority and income,95.5,0.0,36033.0
250214163005,Milton,787.0,19.8,0.0,0.0,0.0,Yes,Minority and income,41.2,7.3,23301.0
250056512002,New Bedford,1610.0,19.7,0.0,0.0,0.0,Yes,Minority and income,53.1,21.6,42778.0
250056521003,New Bedford,1253.0,19.7,0.0,0.0,0.0,Yes,Minority,32.6,14.9,64875.0
250251704002,Revere,1266.0,19.7,0.0,0.001,0.0,Yes,Minority and income,49.1,21.6,27356.0
250173422022,Everett,1389.0,19.7,0.0,0.0,0.0,Yes,Minority,64.1,18.7,67639.0
250039343001,,486.0,19.7,0.0,0.037,1.0,No,,,,
250199502021,Nantucket,1876.0,19.7,0.0,0.008,0.0,Yes,Minority,45.5,0.0,62315.0
250173412002,Malden,1022.0,19.7,0.0,0.0,0.0,Yes,Minority and English isolation,60.5,42.5,58419.0
250138124031,West Springfield,947.0,19.6,0.0,0.0,0.0,Yes,Minority,26.8,0.0,76094.0
250250805002,Boston,2090.0,19.6,0.0,0.0,0.0,Yes,"Minority, income and English isolation",94.4,26.0,24094.0
250173564006,,1290.0,19.6,0.0,0.0,0.0,No,,,,
250214173001,Quincy,3660.0,19.5,0.0,0.0,0.0,Yes,Minority,27.3,8.7,104438.0
250277033002,,1638.0,19.5,0.0,0.0,0.919,No,,,,
250173422014,Everett,1593.0,19.5,0.0,0.0,0.0,Yes,Minority,66.8,20.4,95197.0
250158220001,Northampton,2152.0,19.5,0.0,0.0,0.0,Yes,Minority,41.9,0.0,70500.0
250138016042,Springfield,1031.0,19.4,0.0,0.0,0.0,Yes,Minority,31.2,0.0,59886.0
250173423023,Everett,1740.0,19.3,0.0,0.0,0.0,Yes,Minority,68.7,20.1,59542.0
250173578001,,949.0,19.3,0.0,0.0,0.0,No,,,,
250092691002,,2011.0,19.3,0.0,0.0,0.492,No,,,,
250277305003,Worcester,2051.0,19.3,0.0,0.0,0.0,Yes,Minority and income,41.8,6.1,44125.0
250173511013,Somerville,1508.0,19.3,0.0,0.0,0.0,Yes,Minority,28.8,16.2,126637.0
250250611012,Boston,2028.0,19.3,0.0,0.0,0.0,Yes,"Minority, income and English isolation",83.6,34.2,11870.0
250173835023,Framingham,2207.0,19.2,0.0,0.098,0.0,Yes,Minority,28.8,6.3,58281.0
250158211013,,2319.0,19.1,0.0,0.0,0.0,No,,,,
250138109024,Chicopee,850.0,19.1,0.0,0.0,0.0,Yes,Minority and income,64.5,0.0,42500.0
250056554001,,1336.0,19.1,0.0,0.0,0.0,No,,,,
250235212023,,2067.0,19.0,0.001,0.005,0.307,No,,,,
250277309013,,1302.0,19.0,0.0,0.0,0.0,No,,,,
250056503001,,679.0,19.0,0.0,0.0,0.0,No,,,,
250173506003,Somerville,743.0,18.9,0.0,0.0,0.0,Yes,Minority,34.3,2.3,67361.0
250138017003,Springfield,1294.0,18.9,0.0,0.0,0.0,Yes,Minority and income,91.3,18.4,35833.0
250173421011,Everett,1706.0,18.9,0.0,0.0,0.0,Yes,Minority and income,70.0,22.4,49299.0
250092011003,,1146.0,18.9,0.0,0.0,0.0,No,,,,
250010112004,,711.0,18.9,0.0,0.0,0.0,No,,,,
250173416001,Malden,805.0,18.9,0.0,0.0,0.0,Yes,Minority,44.7,21.4,0.0
250138015022,Springfield,804.0,18.8,0.0,0.157,0.0,Yes,Minority and income,73.3,0.0,48750.0
250199505002,,625.0,18.8,0.0,0.018,0.87,No,,,,
250235614003,,1193.0,18.8,0.004,0.004,0.0,No,,,,
250138132091,,1407.0,18.7,0.031,0.031,0.443,No,,,,
250138124033,,1150.0,18.7,0.0,0.0,0.0,No,,,,
250056507001,New Bedford,1250.0,18.6,0.0,0.125,0.0,Yes,Minority and income,71.8,13.8,24150.0
250138025001,Springfield,861.0,18.6,0.0,0.0,0.0,Yes,Minority,34.4,0.0,63194.0
250138020002,Springfield,1291.0,18.6,0.0,0.0,0.0,Yes,"Minority, income and English isolation",86.8,30.9,17019.0
250251005002,Boston,1007.0,18.5,0.0,0.0,0.0,Yes,Minority,58.4,4.3,105781.0
250277310024,Worcester,1034.0,18.5,0.0,0.0,0.0,Yes,Minority,60.5,7.6,0.0
250138124041,West Springfield,1869.0,18.5,0.0,0.0,0.057,Yes,Minority,25.8,7.1,82946.0
250173737004,,747.0,18.4,0.0,0.0,0.0,No,,,,
250092522012,Methuen,2198.0,18.4,0.0,0.002,0.0,Yes,Minority,34.6,0.0,59335.0
250173735003,,2563.0,18.4,0.005,0.005,0.0,No,,,,
250214024005,,1566.0,18.4,0.0,0.0,0.0,No,,,,
250138128004,,2094.0,18.4,0.0,0.001,0.301,No,,,,
250138132054,,2536.0,18.3,0.0,0.0,0.426,No,,,,
250110415012,,659.0,18.3,0.0,0.009,1.0,No,,,,
250235212021,,1025.0,18.2,0.0,0.0,0.356,No,,,,
250138113025,,1573.0,18.2,0.0,0.0,0.0,No,,,,
250214163003,Boston,862.0,18.1,0.0,0.0,0.0,Yes,Minority,31.4,0.0,186406.0
250138112001,,1636.0,18.1,0.0,0.0,0.046,No,,,,
250173837004,Framingham,1090.0,18.1,0.0,0.0,0.0,Yes,Minority,28.3,6.1,117639.0
250250924005,Boston,779.0,18.0,0.0,0.0,0.0,Yes,Minority and English isolation,95.6,27.5,0.0
250056517001,New Bedford,1007.0,18.0,0.0,0.0,0.0,Yes,Minority and income,78.0,7.2,22482.0
250056451011,,891.0,17.9,0.0,0.0,0.447,No,,,,
250138119001,,1275.0,17.9,0.0,0.0,0.256,No,,,,
250277106023,Fitchburg,1679.0,17.9,0.0,0.0,0.0,Yes,Minority,39.8,2.0,80455.0
250277106011,Fitchburg,1372.0,17.9,0.0,0.0,0.0,Yes,Minority,60.5,16.3,66032.0
250173412003,Malden,937.0,17.8,0.0,0.0,0.0,Yes,Minority,53.0,19.4,128319.0
250235021014,Rockland,1617.0,17.8,0.0,0.0,0.0,Yes,Minority,27.5,6.4,58725.0
250259811003,Boston,91.0,17.8,0.0,0.01,0.0,Yes,Minority and income,70.3,0.0,44423.0
250092031006,,707.0,17.8,0.0,0.0,0.0,No,,,,
250214192001,Braintree,2244.0,17.8,0.0,0.063,0.0,Yes,Minority,27.2,3.7,96688.0
250251401071,Boston,1976.0,17.7,0.097,0.097,0.0,Yes,Minority,72.2,14.3,78125.0
250277330002,Worcester,1762.0,17.7,0.0,0.0,0.0,Yes,Minority and income,64.7,6.7,41369.0
250250007014,Boston,1511.0,17.7,0.0,0.138,0.0,Yes,Minority,48.2,21.7,68333.0
250214181012,Quincy,832.0,17.7,0.0,0.0,0.0,Yes,Minority,45.9,0.0,71563.0
250092022006,,1053.0,17.7,0.0,0.0,0.0,No,,,,
250138122011,West Springfield,2144.0,17.7,0.0,0.0,0.0,Yes,Minority and income,28.3,12.6,52369.0
250235221022,,1263.0,17.5,0.0,0.0,0.0,No,,,,
250250102062,Boston,1275.0,17.5,0.0,0.09,0.0,Yes,Minority and income,59.9,11.0,13500.0
250056318001,,2786.0,17.5,0.0,0.0,0.066,No,,,,
250110415024,Shelburne,828.0,17.5,0.0,0.0,0.124,Yes,Income,9.4,4.8,49063.0
250214011002,Brookline,1187.0,17.5,0.0,0.0,0.0,Yes,Minority,30.2,0.0,203542.0
250138009001,Springfield,1526.0,17.4,0.0,0.0,0.0,Yes,"Minority, income and English isolation",91.7,36.0,12161.0
250056139022,Taunton,2089.0,17.4,0.119,0.119,0.052,Yes,Minority,30.0,10.6,57639.0
250250909012,Boston,2197.0,17.4,0.0,0.0,0.0,Yes,Minority and income,70.1,18.4,23403.0
250110412001,Greenfield,1270.0,17.4,0.0,0.0,0.0,Yes,Income,13.0,0.0,54432.0
250039121006,,1219.0,17.4,0.0,0.014,0.721,No,,,,
250092081024,Saugus,900.0,17.4,0.0,0.0,0.317,Yes,Minority,34.4,0.0,82063.0
250173507012,,1048.0,17.3,0.0,0.0,0.0,No,,,,
250173565005,,1249.0,17.3,0.0,0.0,0.0,No,,,,
250235307001,,1201.0,17.3,0.0,0.0,0.037,No,,,,
250173507011,,1109.0,17.3,0.0,0.0,0.0,No,,,,
250250611011,Boston,682.0,17.3,0.0,0.0,0.0,Yes,Minority and income,73.2,18.3,31786.0
250173507023,Somerville,866.0,17.3,0.0,0.0,0.0,Yes,Minority and English isolation,54.2,26.2,0.0
250250917003,Boston,767.0,17.3,0.0,0.0,0.0,Yes,"Minority, income and English isolation",95.0,30.8,51818.0
250138025004,Springfield,1092.0,17.3,0.0,0.0,0.0,Yes,Minority,42.2,0.0,105152.0
250250103001,Boston,1638.0,17.2,0.0,0.0,0.0,Yes,Minority and income,33.0,17.9,14271.0
250250808012,Boston,1898.0,17.2,0.0,0.0,0.0,Yes,Minority and income,96.1,14.4,33629.0
250250808011,Boston,2384.0,17.2,0.0,0.0,0.0,Yes,Minority and income,51.2,17.8,13325.0
250250803001,Boston,686.0,17.1,0.0,0.0,0.0,Yes,Minority and income,98.0,12.9,42617.0
250277106022,Fitchburg,1454.0,17.1,0.0,0.0,0.0,Yes,Minority,60.9,15.8,80230.0
250138025003,Springfield,1010.0,17.0,0.0,0.0,0.0,Yes,Minority and income,46.4,3.9,53174.0
250138004005,Springfield,1808.0,16.9,0.0,0.0,0.0,Yes,"Minority, income and English isolation",85.9,26.2,39402.0
250092541004,,1001.0,16.9,0.0,0.0,0.0,No,,,,
250235001043,,775.0,16.9,0.0,0.0,0.0,No,,,,
250173422011,Everett,1682.0,16.9,0.0,0.0,0.0,Yes,Minority and income,69.7,3.8,45885.0
250092543011,,2386.0,16.8,0.001,0.043,0.0,No,,,,
250092022005,,845.0,16.8,0.0,0.0,0.0,No,,,,
250173835021,Framingham,1181.0,16.8,0.0,0.007,0.0,Yes,Minority,36.2,7.4,61687.0
250138009002,Springfield,1377.0,16.8,0.0,0.0,0.0,Yes,"Minority, income and English isolation",88.9,40.6,16634.0
250214161014,Milton,1320.0,16.8,0.0,0.0,0.113,Yes,Income,18.4,0.0,51563.0
250214171005,Quincy,830.0,16.8,0.0,0.0,0.0,Yes,Minority,47.5,6.1,98750.0
250138002015,Springfield,1677.0,16.7,0.0,0.0,0.0,Yes,Minority and income,61.3,2.2,37516.0
250138023001,Springfield,763.0,16.7,0.0,0.0,0.0,Yes,Minority and income,82.0,12.6,36120.0
250214176022,Quincy,1884.0,16.6,0.0,0.172,0.0,Yes,Minority,59.3,14.7,96264.0
250138109012,Chicopee,849.0,16.6,0.0,0.0,0.0,Yes,Minority and income,66.7,7.4,29628.0
250173566012,,735.0,16.6,0.033,0.033,0.0,No,,,,
250138012001,Springfield,772.0,16.6,0.0,0.0,0.0,Yes,"Minority, income and English isolation",96.2,27.0,11731.0
250251001001,Boston,611.0,16.6,0.0,0.0,0.0,Yes,Minority,95.6,0.0,0.0
250251705041,Revere,2105.0,16.6,0.0,0.0,0.0,Yes,Minority,49.1,21.1,90540.0
250235201001,,1990.0,16.6,0.007,0.027,0.0,No,,,,
250056551002,,1979.0,16.6,0.0,0.0,0.05,No,,,,
250039002001,Pittsfield,660.0,16.6,0.0,0.0,0.0,Yes,Minority and income,27.1,0.0,32054.0
250092651023,,1657.0,16.5,0.0,0.0,0.565,No,,,,
250250920004,Boston,1022.0,16.5,0.0,0.0,0.0,Yes,Minority and income,95.8,11.4,48485.0
250277364002,,1542.0,16.4,0.0,0.0,0.0,No,,,,
250138008002,Springfield,768.0,16.4,0.0,0.0,0.0,Yes,"Minority, income and English isolation",96.1,28.3,14634.0
250173502021,Somerville,1361.0,16.4,0.0,0.0,0.0,Yes,Minority,26.0,5.5,116146.0
250138015014,Springfield,1162.0,16.4,0.0,0.0,0.0,Yes,Minority,76.2,7.8,58201.0
250173411022,Malden,2785.0,16.3,0.0,0.0,0.0,Yes,Minority,51.6,14.1,81139.0
250214193001,Braintree,1289.0,16.3,0.0,0.0,0.432,Yes,Minority,47.7,20.1,93514.0
250158208021,Amherst,579.0,16.3,0.0,0.0,0.0,Yes,Minority,32.8,0.0,0.0
250138016023,Springfield,1414.0,16.3,0.0,0.0,0.0,Yes,Minority,37.6,0.0,69250.0
250110410001,,1095.0,16.3,0.0,0.0,0.79,No,,,,
250092051005,Lynn,692.0,16.3,0.0,0.0,0.0,Yes,Minority,43.1,0.0,93964.0
250251705021,Revere,1122.0,16.2,0.0,0.0,0.0,Yes,Minority,29.1,5.6,122266.0
250138121012,,1226.0,16.2,0.0,0.0,0.06,No,,,,
250158215002,,836.0,16.0,0.075,0.075,0.889,No,,,,
250092011001,,906.0,15.9,0.0,0.0,0.0,No,,,,
250277394012,Shrewsbury,902.0,15.9,0.001,0.001,0.0,Yes,Minority,38.1,0.0,173566.0
250056517002,New Bedford,1194.0,15.8,0.0,0.0,0.0,Yes,Minority and income,50.8,0.0,48854.0
250173738001,,1979.0,15.8,0.0,0.0,0.0,No,,,,
250092523004,Methuen,787.0,15.7,0.0,0.106,0.0,Yes,Minority,51.5,0.0,131392.0
250214178013,,1292.0,15.7,0.0,0.0,0.0,No,,,,
250173832002,Framingham,1254.0,15.7,0.0,0.169,0.0,Yes,Minority,52.5,12.6,126379.0
250214179015,Quincy,1579.0,15.7,0.0,0.0,0.0,Yes,Minority and income,43.9,20.9,41221.0
250039008005,,753.0,15.7,0.0,0.0,0.0,No,,,,
250251008004,Boston,1033.0,15.7,0.0,0.0,0.0,Yes,Minority,31.8,7.5,79554.0
250092031004,,1147.0,15.6,0.0,0.0,0.0,No,,,,
250173395001,Medford,2982.0,15.6,0.0,0.0,0.0,Yes,Minority,38.9,1.8,105347.0
250277305001,Worcester,928.0,15.6,0.0,0.0,0.0,Yes,Minority and income,42.0,0.0,49046.0
250173833002,Framingham,1430.0,15.6,0.0,0.0,0.0,Yes,Minority,30.3,0.0,97060.0
250138016014,Springfield,950.0,15.5,0.0,0.0,0.0,Yes,Minority and income,62.5,0.0,45379.0
250010122004,,578.0,15.4,0.0,0.0,0.0,No,,,,
250138114002,Holyoke,1220.0,15.4,0.0,0.0,0.0,Yes,"Minority, income and English isolation",93.2,39.7,15536.0
250092524003,Methuen,1639.0,15.4,0.0,0.019,0.0,Yes,"Minority, income and English isolation",84.1,25.0,33875.0
250110415022,,924.0,15.4,0.0,0.038,0.995,No,,,,
250138021011,Springfield,1614.0,15.3,0.0,0.0,0.0,Yes,Minority and income,83.0,15.6,50638.0
250056528002,,1198.0,15.3,0.0,0.0,0.0,No,,,,
250277301002,Worcester,1390.0,15.2,0.0,0.004,0.0,Yes,Minority,34.7,0.0,76351.0
250277328023,Worcester,959.0,15.2,0.0,0.0,0.0,Yes,Minority,64.5,13.1,0.0
250158205001,Amherst,1050.0,15.2,0.0,0.0,0.41,Yes,Minority and income,28.9,0.0,54609.0
250173531023,Cambridge,2452.0,15.1,0.142,0.158,0.0,Yes,Minority and English isolation,68.1,50.0,0.0
250039261002,Sheffield,508.0,15.1,0.0,0.0,0.951,Yes,Income,8.3,0.0,49071.0
250173501071,Somerville,1355.0,15.0,0.0,0.008,0.0,Yes,Minority,51.1,1.2,107315.0
250173398024,Medford,2554.0,15.0,0.0,0.0,0.0,Yes,Minority,58.9,7.1,76656.0
250056551001,,2288.0,15.0,0.027,0.027,0.1,No,,,,
250214171006,Quincy,1541.0,14.9,0.0,0.0,0.0,Yes,Minority and income,30.7,13.2,52827.0
250173419041,Malden,1213.0,14.9,0.038,0.038,0.0,Yes,Minority,53.8,4.8,101250.0
250092081011,,940.0,14.9,0.0,0.0,0.0,No,,,,
250251003003,Boston,842.0,14.8,0.0,0.0,0.0,Yes,Minority,95.8,6.5,72232.0
250173125012,,699.0,14.8,0.0,0.0,0.0,No,,,,
250235021011,,1816.0,14.8,0.0,0.0,0.089,No,,,,
250056311013,Attleboro,1492.0,14.8,0.0,0.0,0.217,Yes,Income,22.1,2.7,30203.0
250138121013,,1591.0,14.8,0.0,0.0,0.0,No,,,,
250250702021,Boston,4325.0,14.7,0.0,0.0,0.0,Yes,"Minority, income and English isolation",64.4,37.3,37917.0
250250702022,Boston,1135.0,14.7,0.0,0.0,0.0,Yes,"Minority, income and English isolation",93.8,53.4,20900.0
250250702011,Boston,932.0,14.7,0.0,0.0,0.0,Yes,"Minority, income and English isolation",94.2,70.4,17132.0
250250702012,Boston,3058.0,14.7,0.0,0.0,0.0,Yes,Minority,28.8,19.9,171359.0
250250701023,Boston,588.0,14.7,0.0,0.0,0.0,Yes,Minority,43.9,0.0,136071.0
250250701031,Boston,751.0,14.7,0.0,0.0,0.0,Yes,Minority,68.6,7.7,58872.0
250251010021,Boston,1034.0,14.6,0.0,0.0,0.0,Yes,Minority and income,94.7,3.8,19460.0
250250809001,Boston,1330.0,14.5,0.0,0.0,0.0,Yes,Minority,67.7,4.0,58542.0
250214181013,Quincy,1423.0,14.5,0.0,0.0,0.0,Yes,Minority and income,33.1,14.8,31912.0
250250102053,Boston,1644.0,14.5,0.0,0.0,0.0,Yes,Minority and income,54.6,2.1,37719.0
250010147001,,667.0,14.4,0.0,0.076,0.0,No,,,,
250173514032,Somerville,928.0,14.4,0.0,0.0,0.0,Yes,Minority,48.4,17.2,79167.0
250251011011,Boston,1033.0,14.4,0.0,0.0,0.0,Yes,Minority and income,97.6,3.2,54141.0
250277310021,Worcester,994.0,14.4,0.0,0.0,0.0,Yes,Minority,47.9,5.5,63115.0
250173514033,Somerville,597.0,14.4,0.0,0.0,0.0,Yes,Minority,48.4,14.7,57875.0
250251002001,Boston,1059.0,14.3,0.0,0.0,0.0,Yes,Minority,97.7,16.6,66195.0
250173514034,Somerville,1121.0,14.3,0.0,0.0,0.0,Yes,Minority,51.7,9.5,86633.0
250110411001,Greenfield,805.0,14.3,0.0,0.0,0.429,Yes,Income,8.7,2.4,52315.0
250173125011,,1841.0,14.3,0.0,0.0,0.0,No,,,,
250235021023,Rockland,1886.0,14.3,0.0,0.0,0.0,Yes,Income,22.9,6.6,51763.0
250138122012,West Springfield,1190.0,14.2,0.0,0.0,0.0,Yes,Minority and income,46.7,1.9,39085.0
250214022001,Dedham,870.0,14.2,0.0,0.0,0.0,Yes,Minority,27.1,1.1,72361.0
250251705023,Revere,861.0,14.2,0.0,0.0,0.0,Yes,Minority and income,40.0,0.0,35515.0
250250924004,Boston,1434.0,14.1,0.0,0.0,0.0,Yes,Minority and income,99.3,8.2,22168.0
250158211011,,1490.0,14.1,0.0,0.0,0.0,No,,,,
250214177023,,1038.0,14.0,0.0,0.0,0.0,No,,,,
250138107001,Chicopee,1684.0,13.9,0.0,0.0,0.02,Yes,Minority and income,26.4,0.0,49843.0
250214009001,Brookline,1799.0,13.9,0.0,0.0,0.0,Yes,Minority,57.0,10.1,89375.0
250277306004,,2467.0,13.8,0.0,0.012,0.0,No,,,,
250173564005,,792.0,13.8,0.0,0.0,0.0,No,,,,
250039002002,Pittsfield,642.0,13.7,0.0,0.0,0.0,Yes,Minority and income,38.5,0.0,49773.0
250138132051,,2064.0,13.7,0.0,0.0,0.085,No,,,,
250056533012,Dartmouth,1358.0,13.6,0.0,0.0,0.0,Yes,Income,9.2,10.4,34306.0
250214181014,Quincy,1247.0,13.6,0.0,0.0,0.0,Yes,Minority,50.9,4.4,102313.0
250092231002,,1372.0,13.6,0.0,0.0,0.423,No,,,,
250056318003,,2500.0,13.6,0.034,0.034,0.0,No,,,,
250173398023,Medford,761.0,13.5,0.0,0.0,0.0,Yes,Minority,35.1,0.0,135469.0
250250003011,Boston,715.0,13.5,0.0,0.0,0.0,Yes,Minority,33.6,2.9,111875.0
250250004022,Boston,967.0,13.5,0.0,0.004,0.0,Yes,Minority,34.4,0.0,113015.0
250250703021,Boston,806.0,13.4,0.0,0.0,0.0,Yes,Minority,27.0,0.0,165426.0
250277322032,Worcester,1134.0,13.4,0.0,0.0,0.0,Yes,Minority and English isolation,51.8,33.4,68902.0
250250612011,,2013.0,13.3,0.003,0.003,0.0,No,,,,
250138113023,Chicopee,1021.0,13.3,0.0,0.0,0.207,Yes,Minority and income,40.7,3.1,47734.0
250138120022,Holyoke,754.0,13.3,0.0,0.0,0.493,Yes,Minority,30.0,0.0,77125.0
250173143021,,1648.0,13.3,0.06,0.06,0.796,No,,,,
250138111011,Chicopee,1380.0,13.2,0.0,0.0,0.0,Yes,Minority and income,64.7,0.0,24821.0
250214004021,Brookline,1188.0,13.2,0.0,0.0,0.0,Yes,Minority,33.1,0.0,128750.0
250235302001,Plymouth,1575.0,13.2,0.0,0.0,0.0,Yes,Income,18.9,6.5,49223.0
250138132071,,2365.0,13.2,0.0,0.0,0.0,No,,,,
250138121031,Holyoke,922.0,13.1,0.0,0.0,0.0,Yes,Minority and income,67.0,0.0,52154.0
250250002014,Boston,821.0,13.1,0.0,0.0,0.0,Yes,Minority,30.2,1.7,101818.0
250214011003,Brookline,1595.0,13.0,0.0,0.0,0.0,Yes,Minority,35.1,1.9,250000.0
250250002013,Boston,1303.0,13.0,0.0,0.0,0.0,Yes,Minority,33.6,19.4,91696.0
250039314002,,814.0,13.0,0.0,0.0,1.0,No,,,,
250250002012,Boston,863.0,13.0,0.0,0.0,0.0,Yes,Minority,27.7,10.9,121095.0
250214226005,,982.0,13.0,0.019,0.041,0.0,No,,,,
250138024001,Springfield,794.0,13.0,0.0,0.0,0.0,Yes,Minority,38.4,0.0,128750.0
250277324001,Worcester,1433.0,13.0,0.0,0.0,0.0,Yes,Minority,64.5,4.3,60851.0
250092031007,,730.0,12.9,0.0,0.0,0.0,No,,,,
250214176014,Quincy,1360.0,12.9,0.0,0.128,0.0,Yes,Minority and English isolation,63.6,31.7,60108.0
250251002003,Boston,1133.0,12.7,0.0,0.0,0.0,Yes,Minority,99.1,6.7,61181.0
250251005004,Boston,1502.0,12.7,0.0,0.0,0.0,Yes,Minority,96.5,8.9,63673.0
250251005005,Boston,1429.0,12.7,0.0,0.0,0.0,Yes,Minority and income,95.5,20.2,46312.0
250056552001,,1221.0,12.7,0.0,0.114,0.0,No,,,,
250250506001,Boston,1162.0,12.6,0.0,0.085,0.0,Yes,Minority and English isolation,68.7,38.6,73750.0
250251011021,Boston,841.0,12.6,0.0,0.0,0.0,Yes,"Minority, income and English isolation",99.2,24.9,54844.0
250173513003,Somerville,1032.0,12.6,0.044,0.044,0.0,Yes,Minority,39.0,4.5,140385.0
250214227004,Weymouth,638.0,12.6,0.042,0.063,0.0,Yes,Minority,26.0,0.0,87061.0
250277315004,Worcester,828.0,12.5,0.0,0.07,0.0,Yes,Minority,84.9,9.9,0.0
250251003001,Boston,1288.0,12.5,0.0,0.0,0.0,Yes,Minority,95.8,5.8,70351.0
250214162003,,1111.0,12.5,0.0,0.0,0.0,No,,,,
250277324006,Worcester,1699.0,12.5,0.0,0.0,0.0,Yes,Minority and income,73.0,8.7,35217.0
250138132093,,2733.0,12.5,0.0,0.0,0.0,No,,,,
250173565002,Arlington,1214.0,12.4,0.0,0.0,0.0,Yes,Minority,27.9,0.0,149519.0
250039352001,Pittsfield,1452.0,12.4,0.004,0.004,0.576,Yes,Income,17.4,4.7,54254.0
250110413011,Greenfield,855.0,12.4,0.0,0.0,0.0,Yes,Income,21.4,3.9,40204.0
250039261001,,1215.0,12.3,0.0,0.019,0.956,No,,,,
250277318024,Worcester,733.0,12.3,0.0,0.0,0.0,Yes,"Minority, income and English isolation",69.2,51.1,33203.0
250251003004,Boston,733.0,12.3,0.0,0.0,0.0,Yes,Minority and income,98.5,9.0,29954.0
250251002002,Boston,727.0,12.3,0.0,0.0,0.0,Yes,Minority and income,98.3,0.0,42232.0
250039121005,,547.0,12.3,0.0,0.02,0.165,No,,,,
250250923003,Boston,1071.0,12.3,0.0,0.0,0.0,Yes,Minority,96.5,3.0,55313.0
250214178021,Quincy,1727.0,12.2,0.0,0.116,0.0,Yes,Minority and income,50.6,13.8,53571.0
250056139012,Taunton,1615.0,12.2,0.0,0.0,0.0,Yes,Minority and income,34.8,10.8,33105.0
250138024002,Springfield,699.0,12.1,0.0,0.0,0.0,Yes,Minority,30.9,0.0,63882.0
250214172013,Quincy,1991.0,12.1,0.0,0.0,0.0,Yes,Minority and English isolation,67.7,24.6,79375.0
250158211012,South Hadley,1611.0,12.1,0.0,0.0,0.091,Yes,Income,22.5,0.0,54870.0
250251801012,,1292.0,12.1,0.0,0.0,0.0,No,,,,
250092031002,,967.0,12.0,0.0,0.0,0.0,No,,,,
250056509001,New Bedford,855.0,12.0,0.0,0.01,0.0,Yes,Minority and income,75.0,24.0,48404.0
250250803002,Boston,1550.0,11.9,0.0,0.0,0.0,Yes,Minority and income,91.5,4.0,43935.0
250092081023,Saugus,868.0,11.9,0.0,0.0,0.0,Yes,Minority,24.5,4.3,96750.0
250214175011,Quincy,797.0,11.8,0.0,0.0,0.0,Yes,Minority and English isolation,42.9,46.3,96667.0
250138016013,Springfield,1091.0,11.8,0.0,0.0,0.0,Yes,Minority and income,58.8,0.0,33843.0
250173391023,,1435.0,11.8,0.0,0.0,0.0,No,,,,
250250604001,,1139.0,11.7,0.0,0.0,0.0,No,,,,
250250923002,Boston,784.0,11.7,0.0,0.0,0.0,Yes,Minority,95.8,12.1,56250.0
250173412004,Malden,1737.0,11.7,0.0,0.0,0.0,Yes,Minority,55.2,20.9,72277.0
250277309021,Worcester,2321.0,11.6,0.0,0.0,0.0,Yes,Minority,26.4,0.0,98073.0
250277318021,Worcester,898.0,11.6,0.023,0.023,0.0,Yes,Minority and income,60.9,23.2,43583.0
250138116003,Holyoke,629.0,11.5,0.0,0.0,0.0,Yes,Minority and English isolation,88.4,27.9,68382.0
250138113024,,1491.0,11.5,0.0,0.0,0.0,No,,,,
250214175013,Quincy,1502.0,11.5,0.0,0.0,0.0,Yes,Minority,51.8,9.3,66795.0
250138021015,Springfield,953.0,11.5,0.0,0.0,0.0,Yes,Minority and income,66.2,13.8,51250.0
250250512001,Boston,833.0,11.5,0.064,0.064,0.0,Yes,Minority and English isolation,37.5,25.7,150313.0
250250705012,Boston,1074.0,11.4,0.043,0.043,0.0,Yes,Minority,31.7,14.0,185288.0
250173832004,Framingham,2117.0,11.4,0.0,0.032,0.0,Yes,Minority,56.7,4.2,91038.0
250056317002,,1605.0,11.4,0.0,0.043,0.0,No,,,,
250138120012,Holyoke,781.0,11.4,0.0,0.0,0.0,Yes,Minority and income,58.1,0.0,27153.0
250250919004,Boston,683.0,11.4,0.0,0.0,0.0,Yes,Minority and English isolation,97.4,28.0,64231.0
250250923004,Boston,665.0,11.4,0.0,0.0,0.0,Yes,Minority and English isolation,97.4,26.8,64107.0
250250923001,Boston,781.0,11.4,0.0,0.0,0.0,Yes,Minority,96.0,8.2,76786.0
250173564001,,636.0,11.3,0.0,0.107,0.0,No,,,,
250250503001,Boston,1475.0,11.3,0.0,0.069,0.0,Yes,Minority,55.2,9.9,66250.0
250250104052,Boston,2357.0,11.3,0.0,0.003,0.0,Yes,Minority and income,49.3,16.1,26023.0
250250603011,,1491.0,11.2,0.0,0.0,0.0,No,,,,
250251805003,Winthrop,1244.0,11.2,0.0,0.0,0.0,Yes,Minority,30.9,9.4,72292.0
250251802004,,1453.0,11.2,0.0,0.0,0.0,No,,,,
250250104051,Boston,4004.0,11.2,0.0,0.0,0.0,Yes,Minority,38.6,0.0,0.0
250251011012,Boston,1456.0,11.2,0.0,0.0,0.0,Yes,Minority and income,97.5,11.1,50441.0
250056510012,New Bedford,2122.0,11.1,0.0,0.0,0.0,Yes,Minority,25.7,1.4,59219.0
250251009004,Boston,1829.0,11.1,0.0,0.0,0.0,Yes,Minority,78.5,6.2,89205.0
250173736001,,1118.0,11.1,0.0,0.0,0.0,No,,,,
250214134023,Norwood,1235.0,11.1,0.0,0.0,0.0,Yes,Minority,27.3,5.8,111250.0
250138016021,Springfield,2715.0,11.1,0.0,0.0,0.0,Yes,Minority and income,65.5,6.0,31369.0
250250104081,Boston,1438.0,11.0,0.0,0.0,0.0,Yes,Minority,42.9,4.9,64714.0
250250102051,Boston,1260.0,11.0,0.0,0.0,0.0,Yes,Minority,51.0,15.3,68750.0
250251703011,Revere,2795.0,11.0,0.0,0.0,0.0,Yes,Minority,41.4,12.0,106756.0
250250102054,Boston,1082.0,11.0,0.0,0.0,0.0,Yes,"Minority, income and English isolation",50.4,33.2,37719.0
250250102061,Boston,879.0,11.0,0.0,0.0,0.0,Yes,Minority,39.8,6.6,110994.0
250251006032,Boston,689.0,11.0,0.001,0.001,0.0,Yes,Minority,36.4,2.9,87647.0
250056509003,New Bedford,855.0,11.0,0.0,0.0,0.0,Yes,Minority and income,77.0,16.3,24554.0
250250101043,Boston,1162.0,10.9,0.0,0.0,0.0,Yes,Minority and income,44.9,22.3,26463.0
250250922004,Boston,962.0,10.8,0.0,0.0,0.0,Yes,Minority and income,80.4,3.8,37933.0
250173737001,,807.0,10.8,0.0,0.0,0.0,No,,,,
250214164004,,890.0,10.8,0.0,0.0,0.0,No,,,,
250214172022,Quincy,944.0,10.7,0.0,0.099,0.0,Yes,Minority,65.5,6.7,64119.0
250138120023,Holyoke,722.0,10.7,0.0,0.0,0.0,Yes,Minority and income,61.6,10.4,45921.0
250235202011,,844.0,10.7,0.0,0.0,0.049,No,,,,
250138018003,Springfield,787.0,10.6,0.0,0.0,0.0,Yes,Minority and income,69.6,14.3,29659.0
250138003001,Springfield,1646.0,10.6,0.0,0.0,0.0,Yes,Minority,75.4,14.3,81908.0
250138024004,Springfield,701.0,10.6,0.0,0.0,0.0,Yes,Minority and income,48.5,0.0,41250.0
250173419011,Malden,793.0,10.6,0.0,0.0,0.0,Yes,Minority,58.9,8.1,105455.0
250110407011,Montague,998.0,10.6,0.0,0.048,0.117,Yes,Income,18.4,0.0,40491.0
250277327001,Worcester,1379.0,10.5,0.004,0.004,0.0,Yes,Minority and income,60.8,14.8,24044.0
250138016012,Springfield,602.0,10.5,0.0,0.0,0.0,Yes,Minority,53.2,3.8,72773.0
250138013003,Springfield,1440.0,10.5,0.0,0.0,0.0,Yes,Minority and income,83.3,18.6,36875.0
250250924003,Boston,1811.0,10.5,0.0,0.0,0.0,Yes,Minority and income,97.3,11.0,45843.0
250214010001,Brookline,1057.0,10.5,0.0,0.0,0.0,Yes,Minority,34.3,0.0,157188.0
250173423021,Everett,2003.0,10.5,0.0,0.0,0.0,Yes,Minority,61.5,10.4,66174.0
250138132073,,1883.0,10.4,0.0,0.0,0.115,No,,,,
250173736003,,1781.0,10.4,0.0,0.0,0.0,No,,,,
250173826012,Natick,691.0,10.3,0.0,0.0,1.0,Yes,Minority,38.8,2.9,84000.0
250250919003,Boston,1718.0,10.3,0.0,0.0,0.0,Yes,Minority and income,98.1,13.8,51806.0
250138123004,West Springfield,1165.0,10.3,0.0,0.0,0.0,Yes,Minority and income,42.7,0.0,47800.0
250092031008,,926.0,10.2,0.021,0.021,0.0,No,,,,
250039261003,,795.0,10.1,0.0,0.0,0.991,No,,,,
250173565006,Arlington,1002.0,10.1,0.0,0.0,0.0,Yes,Minority,26.8,7.5,147188.0
250173423011,Everett,1460.0,10.0,0.0,0.0,0.0,Yes,Minority,61.2,14.3,89250.0
250092683002,,1539.0,10.0,0.0,0.046,0.0,No,,,,
250235303004,,960.0,10.0,0.0,0.042,0.0,No,,,,
250250704022,Boston,1512.0,10.0,0.019,0.019,0.0,Yes,"Minority, income and English isolation",91.5,50.1,17582.0
250173502011,Somerville,602.0,9.9,0.0,0.0,0.0,Yes,Minority,47.3,0.0,105769.0
250173421021,Everett,1112.0,9.9,0.0,0.0,0.0,Yes,Minority,55.9,10.8,106250.0
250138113013,Chicopee,2219.0,9.9,0.0,0.0,0.01,Yes,Minority and income,29.0,1.4,44529.0
250092671021,,1444.0,9.9,0.0,0.0,0.595,No,,,,
250173392002,,866.0,9.8,0.0,0.0,0.0,No,,,,
250214007003,Brookline,1039.0,9.8,0.0,0.0,0.0,Yes,Minority,29.5,0.0,130729.0
250138015013,Springfield,1310.0,9.8,0.0,0.049,0.0,Yes,Minority,81.7,3.8,55833.0
250214005001,Brookline,1673.0,9.7,0.0,0.0,0.0,Yes,Minority,26.4,0.0,160509.0
250039261004,,809.0,9.7,0.0,0.0,1.0,No,,,,
250138001023,Springfield,1449.0,9.6,0.0,0.0,0.0,Yes,Minority and income,67.1,18.9,34622.0
250173419012,Malden,722.0,9.6,0.0,0.0,0.0,Yes,Minority,55.0,3.0,86500.0
250173395003,Medford,677.0,9.5,0.0,0.0,0.0,Yes,Minority,29.2,10.2,80455.0
250277318022,Worcester,1500.0,9.5,0.0,0.0,0.0,Yes,"Minority, income and English isolation",91.9,33.9,11543.0
250277324002,Worcester,1740.0,9.4,0.0,0.0,0.0,Yes,Minority,64.7,14.1,66250.0
250039003001,,1047.0,9.4,0.0,0.0,0.0,No,,,,
250138110001,Chicopee,900.0,9.4,0.0,0.0,0.0,Yes,Minority and income,25.8,12.1,41042.0
250092109003,,1854.0,9.4,0.0,0.0,0.0,No,,,,
250214162006,Milton,974.0,9.3,0.005,0.005,0.029,Yes,Minority,56.2,3.0,141454.0
250138017005,Springfield,1912.0,9.3,0.0,0.0,0.0,Yes,Minority and income,25.1,0.0,44028.0
250250006031,Boston,1757.0,9.3,0.0,0.0,0.0,Yes,"Minority, income and English isolation",77.2,28.5,25039.0
250056553003,,1026.0,9.3,0.0,0.0,0.0,No,,,,
250056141014,,1966.0,9.3,0.001,0.001,0.155,No,,,,
250138132063,,1543.0,9.2,0.0,0.0,0.0,No,,,,
250173826014,Natick,1388.0,9.2,0.0,0.0,0.0,Yes,Minority,59.9,9.4,98724.0
250092609001,,914.0,9.2,0.001,0.001,0.0,No,,,,
250092671031,,643.0,9.2,0.0,0.0,0.0,No,,,,
250173514042,Somerville,1295.0,9.2,0.0,0.0,0.0,Yes,Minority and income,58.5,4.2,41782.0
250092671032,,1087.0,9.2,0.0,0.0,0.461,No,,,,
250138002014,Springfield,1252.0,9.1,0.0,0.0,0.0,Yes,Minority and income,64.9,0.0,40234.0
250250005024,,2656.0,9.1,0.0,0.0,0.0,No,,,,
250138123002,West Springfield,1585.0,9.1,0.0,0.0,0.0,Yes,Minority and income,41.6,10.4,36818.0
250214162004,,721.0,9.0,0.0,0.0,0.0,No,,,,
250214175014,Quincy,1568.0,8.9,0.0,0.0,0.0,Yes,Minority and English isolation,72.4,31.7,109063.0
250138116002,Holyoke,904.0,8.9,0.0,0.0,0.0,Yes,"Minority, income and English isolation",88.2,42.6,31284.0
250214175012,Quincy,1424.0,8.9,0.0,0.0,0.0,Yes,Minority,49.6,16.7,114500.0
250138016022,Springfield,895.0,8.9,0.0,0.0,0.0,Yes,Minority,47.2,2.3,86406.0
250214006001,Brookline,1588.0,8.8,0.0,0.085,0.0,Yes,Minority,32.0,1.6,98603.0
250072003001,,253.0,8.8,0.0,0.0,1.0,No,,,,
250056510022,New Bedford,1903.0,8.8,0.0,0.0,0.0,Yes,Minority,57.3,11.2,70417.0
250251605015,Chelsea,878.0,8.8,0.0,0.0,0.0,Yes,Minority and income,87.1,0.0,49464.0
250056510021,,1963.0,8.8,0.0,0.0,0.0,No,,,,
250277324003,Worcester,1234.0,8.8,0.056,0.056,0.0,Yes,"Minority, income and English isolation",76.3,29.2,37964.0
250138015012,Springfield,843.0,8.8,0.0,0.037,0.0,Yes,Minority,67.7,0.0,62492.0
250250919002,Boston,918.0,8.8,0.0,0.0,0.0,Yes,Minority and income,93.7,9.7,40900.0
250056554002,,882.0,8.7,0.0,0.0,0.0,No,,,,
250235221013,,2028.0,8.7,0.0,0.0,0.0,No,,,,
250173513001,Somerville,1890.0,8.6,0.0,0.0,0.0,Yes,Minority,30.3,7.2,101667.0
250039008003,,767.0,8.6,0.0,0.0,0.43,No,,,,
250214162001,Milton,1132.0,8.6,0.0,0.0,0.0,Yes,Minority,73.9,0.0,126184.0
250214162007,Milton,1291.0,8.6,0.0,0.0,0.0,Yes,Minority,70.8,6.8,106890.0
250173513002,Somerville,1484.0,8.6,0.0,0.0,0.0,Yes,Minority,36.0,13.4,57339.0
250138123003,West Springfield,804.0,8.6,0.0,0.0,0.137,Yes,Minority and income,37.4,5.8,47883.0
250251201053,,713.0,8.6,0.0,0.03,0.0,No,,,,
250056512001,New Bedford,849.0,8.6,0.0,0.0,0.0,Yes,"Minority, income and English isolation",74.0,35.6,27214.0
250056554003,,726.0,8.6,0.001,0.001,0.0,No,,,,
250214022002,,1347.0,8.5,0.0,0.0,0.0,No,,,,
250277314003,Worcester,1184.0,8.5,0.0,0.015,0.0,Yes,Minority and income,74.8,17.2,47419.0
250138016032,Springfield,2634.0,8.5,0.0,0.0,0.0,Yes,Minority,38.1,2.0,56354.0
250138118003,Holyoke,1039.0,8.4,0.0,0.0,0.0,Yes,Minority and income,62.0,3.9,43850.0
250250703022,,615.0,8.4,0.0,0.0,0.0,No,,,,
250056139021,Taunton,2022.0,8.4,0.0,0.006,0.478,Yes,Minority,26.5,5.9,75833.0
250138120013,Holyoke,811.0,8.3,0.0,0.0,0.0,Yes,"Minority, income and English isolation",69.7,27.1,22670.0
250251401023,Boston,1050.0,8.3,0.004,0.004,0.0,Yes,Minority,53.4,9.1,109444.0
250173391012,,872.0,8.3,0.0,0.0,0.0,No,,,,
250250809002,Boston,1780.0,8.3,0.0,0.0,0.0,Yes,Minority,40.4,0.0,66552.0
250138020003,Springfield,714.0,8.2,0.0,0.0,0.0,Yes,"Minority, income and English isolation",90.6,25.4,19627.0
250250007011,Boston,616.0,8.2,0.0,0.001,0.0,Yes,Minority,34.1,9.6,89044.0
250277316015,Worcester,495.0,8.2,0.0,0.0,0.0,Yes,Minority and income,41.8,19.9,44145.0
250277316021,Worcester,1014.0,8.2,0.0,0.0,0.0,Yes,Minority and income,34.7,0.0,45135.0
250214134021,Norwood,1435.0,8.2,0.0,0.0,0.01,Yes,Minority,28.2,10.6,76250.0
250277316022,Worcester,2253.0,8.1,0.0,0.0,0.0,Yes,"Minority, income and English isolation",34.4,25.2,25921.0
250250007013,Boston,1521.0,8.1,0.0,0.0,0.0,Yes,Minority,39.9,2.3,88625.0
250250810014,Boston,1896.0,8.1,0.0,0.0,0.0,Yes,"Minority, income and English isolation",79.5,32.1,16648.0
250250005051,Boston,809.0,8.1,0.0,0.0,0.0,Yes,Minority,37.2,0.0,100451.0
250250005053,Boston,499.0,8.1,0.0,0.0,0.0,Yes,Minority,32.5,10.7,73333.0
250250005052,Boston,888.0,8.1,0.0,0.0,0.0,Yes,Minority and income,39.4,9.7,40758.0
250250007012,Boston,869.0,8.1,0.0,0.0,0.0,Yes,Minority,37.7,19.1,66518.0
250173738002,,1844.0,8.0,0.0,0.0,0.0,No,,,,
250092104011,Peabody,2054.0,7.9,0.0,0.0,0.0,Yes,Minority and income,34.1,2.0,47452.0
250250914001,Boston,1748.0,7.8,0.0,0.0,0.0,Yes,Minority and income,93.7,20.7,46042.0
250214226006,,1533.0,7.8,0.005,0.005,0.0,No,,,,
250250901005,Boston,775.0,7.8,0.0,0.0,0.0,Yes,Minority and income,95.9,7.2,52763.0
250250901004,Boston,1285.0,7.8,0.0,0.0,0.0,Yes,Minority and income,97.3,14.0,23914.0
250214161022,,941.0,7.8,0.0,0.005,0.166,No,,,,
250092032003,,1083.0,7.8,0.005,0.005,0.0,No,,,,
250173102004,Lowell,1258.0,7.8,0.0,0.0,0.0,Yes,Minority and income,59.5,10.3,32228.0
250138119002,,1106.0,7.8,0.0,0.0,0.0,No,,,,
250250707002,Boston,1291.0,7.7,0.0,0.0,0.0,Yes,Minority,36.5,1.0,132500.0
250250703012,Boston,1165.0,7.7,0.0,0.0,0.0,Yes,Minority,25.2,0.0,189815.0
250138018001,Springfield,828.0,7.7,0.0,0.0,0.0,Yes,Minority and income,94.1,14.2,11948.0
250173564004,,728.0,7.7,0.0,0.0,0.0,No,,,,
250250705021,Boston,1067.0,7.7,0.0,0.0,0.0,Yes,Minority,29.2,6.7,176063.0
250250706001,,1161.0,7.7,0.0,0.0,0.0,No,,,,
250250707001,Boston,1236.0,7.7,0.0,0.0,0.0,Yes,Minority and income,55.3,10.2,37404.0
250250703011,,1048.0,7.7,0.0,0.0,0.0,No,,,,
250250705011,,1149.0,7.7,0.0,0.0,0.0,No,,,,
250173419043,Malden,658.0,7.6,0.0,0.0,0.0,Yes,Minority and income,53.6,0.0,43165.0
250092031001,,1153.0,7.6,0.009,0.009,0.0,No,,,,
250250910013,,748.0,7.6,0.0,0.0,0.0,No,,,,
250251011023,Boston,777.0,7.6,0.0,0.0,0.0,Yes,Minority and income,99.0,3.8,53207.0
250214023001,,851.0,7.6,0.0,0.0,0.0,No,,,,
250251011022,Boston,1579.0,7.6,0.0,0.0,0.0,Yes,Minority,98.7,9.0,56250.0
250173391022,,1314.0,7.5,0.0,0.0,0.0,No,,,,
250277314005,Worcester,830.0,7.5,0.0,0.0,0.0,Yes,Minority and income,77.7,0.0,27981.0
250092032002,,832.0,7.5,0.0,0.0,0.0,No,,,,
250250901003,Boston,856.0,7.4,0.0,0.0,0.0,Yes,Minority,96.0,16.2,59432.0
250250706002,,1126.0,7.4,0.0,0.0,0.0,No,,,,
250138132062,,883.0,7.4,0.0,0.0,0.0,No,,,,
250173421023,Everett,1143.0,7.4,0.0,0.0,0.0,Yes,Minority,54.9,15.6,69219.0
250250901002,Boston,645.0,7.4,0.0,0.0,0.0,Yes,Minority and income,96.3,21.5,46042.0
250250904004,Boston,820.0,7.3,0.0,0.0,0.0,Yes,Minority,96.3,10.8,73889.0
250173502013,Somerville,769.0,7.3,0.0,0.0,0.0,Yes,Minority,44.5,17.6,79167.0
250277314004,Worcester,1379.0,7.3,0.0,0.0,0.0,Yes,Minority and income,85.4,0.0,46908.0
250250408013,,2081.0,7.2,0.0,0.0,0.0,No,,,,
250251606021,Chelsea,1415.0,7.2,0.0,0.0,0.0,Yes,Minority,78.7,20.7,62708.0
250277311013,Worcester,995.0,7.2,0.0,0.0,0.0,Yes,Minority and income,33.8,1.5,50568.0
250056140003,Taunton,1279.0,7.1,0.0,0.0,0.0,Yes,Minority and income,35.5,13.0,36908.0
250250703023,Boston,669.0,7.1,0.0,0.0,0.0,Yes,Minority,49.2,22.0,0.0
250277306002,Worcester,1019.0,7.1,0.0,0.0,0.0,Yes,Income,21.7,0.0,17179.0
250251606014,Chelsea,1150.0,7.1,0.0,0.0,0.0,Yes,Minority,75.1,19.2,111932.0
250214161021,,3064.0,7.0,0.0,0.011,0.228,No,,,,
250250901001,Boston,1610.0,6.9,0.0,0.0,0.0,Yes,Minority and income,99.5,22.8,24052.0
250259818001,,23.0,6.9,0.0,0.0,0.0,No,,,,
250138121041,Holyoke,1313.0,6.8,0.0,0.0,0.0,Yes,Minority and income,60.8,10.2,31208.0
250251005003,Boston,1418.0,6.8,0.0,0.0,0.0,Yes,Minority and English isolation,86.7,29.9,0.0
250138002013,Springfield,639.0,6.8,0.0,0.0,0.0,Yes,Minority,70.3,8.5,58693.0
250250104031,Boston,1347.0,6.7,0.0,0.012,0.0,Yes,Minority and income,57.7,19.2,25000.0
250235001011,,1501.0,6.7,0.0,0.0,0.074,No,,,,
250214164005,,815.0,6.7,0.0,0.0,0.231,No,,,,
250250105002,Boston,1208.0,6.6,0.0,0.068,0.0,Yes,"Minority, income and English isolation",57.3,55.1,46008.0
250277315005,Worcester,1330.0,6.6,0.0,0.0,0.0,Yes,Minority,62.6,14.9,0.0
250056554004,,878.0,6.5,0.0,0.0,0.0,No,,,,
250250806011,Boston,4013.0,6.5,0.0,0.0,0.0,Yes,Minority and income,58.9,15.2,25721.0
250214164007,,662.0,6.5,0.0,0.0,0.0,No,,,,
250277313002,Worcester,1409.0,6.5,0.0,0.063,0.0,Yes,"Minority, income and English isolation",88.6,42.6,37548.0
250173739021,Newton,931.0,6.5,0.0,0.0,0.0,Yes,Minority,42.5,2.4,106250.0
250138014021,Springfield,1066.0,6.5,0.0,0.0,0.0,Yes,Minority and income,85.0,2.6,48385.0
250250612041,,937.0,6.4,0.0,0.0,0.0,No,,,,
250250102042,Boston,1344.0,6.4,0.0,0.0,0.0,Yes,Minority,46.4,2.5,82000.0
250056442002,,1018.0,6.3,0.0,0.0,0.0,No,,,,
250214172024,Quincy,1155.0,6.3,0.0,0.0,0.0,Yes,Minority and English isolation,40.1,24.7,60304.0
250138013002,Springfield,1195.0,6.2,0.0,0.0,0.0,Yes,Minority and income,93.6,15.6,20595.0
250250903003,Boston,1081.0,6.1,0.0,0.0,0.0,Yes,Minority and income,98.5,0.0,27050.0
250214164001,,887.0,6.1,0.0,0.0,0.007,No,,,,
250250904003,Boston,898.0,6.1,0.0,0.0,0.0,Yes,Minority and income,95.2,9.6,28529.0
250250904001,Boston,921.0,6.1,0.0,0.0,0.0,Yes,Minority,97.2,0.0,56250.0
250250904002,Boston,1462.0,6.1,0.0,0.0,0.0,Yes,Minority,95.3,18.9,0.0
250138023004,Springfield,873.0,6.1,0.0,0.0,0.0,Yes,Minority and income,88.8,18.0,31188.0
250138023005,Springfield,1182.0,6.1,0.0,0.0,0.0,Yes,Minority and income,87.1,0.0,31509.0
250250821002,Boston,1543.0,6.1,0.0,0.0,0.0,Yes,Minority,97.3,13.8,0.0
250250914002,Boston,1138.0,6.1,0.0,0.0,0.0,Yes,Minority and income,92.0,10.8,44545.0
250214161012,,1965.0,5.9,0.0,0.0,0.093,No,,,,
250251203012,Boston,1016.0,5.9,0.0,0.0,0.0,Yes,Minority,65.6,10.0,65758.0
250092031003,,613.0,5.9,0.0,0.0,0.0,No,,,,
250250820001,Boston,1498.0,5.9,0.0,0.0,0.0,Yes,Minority,95.0,7.2,90673.0
250250820002,Boston,747.0,5.9,0.0,0.0,0.0,Yes,Minority and income,97.3,12.0,48693.0
250250821001,Boston,1323.0,5.9,0.0,0.0,0.0,Yes,"Minority, income and English isolation",98.1,49.1,21848.0
250214162002,Milton,860.0,5.9,0.0,0.0,0.0,Yes,Minority,47.6,0.0,163750.0
250250820003,Boston,950.0,5.8,0.0,0.0,0.0,Yes,Minority and income,96.4,21.2,39926.0
250138120021,Holyoke,2129.0,5.8,0.0,0.0,0.453,Yes,Minority and income,63.6,9.1,51806.0
250138113012,,848.0,5.8,0.0,0.0,0.0,No,,,,
250250902002,Boston,716.0,5.8,0.0,0.0,0.0,Yes,"Minority, income and English isolation",95.7,28.8,30478.0
250250503002,Boston,777.0,5.8,0.0,0.0,0.0,Yes,Minority and income,79.0,24.3,44464.0
250250503003,Boston,1006.0,5.8,0.0,0.0,0.0,Yes,"Minority, income and English isolation",57.6,24.6,12013.0
250250903001,Boston,1033.0,5.8,0.0,0.0,0.0,Yes,"Minority, income and English isolation",95.8,24.9,32022.0
250250506002,Boston,912.0,5.8,0.0,0.0,0.0,Yes,Minority,63.0,19.1,106071.0
250173421022,Everett,1061.0,5.8,0.0,0.0,0.0,Yes,Minority,64.6,23.1,93125.0
250250903002,Boston,1681.0,5.8,0.0,0.0,0.0,Yes,"Minority, income and English isolation",98.6,33.1,50855.0
250250504002,Boston,1769.0,5.8,0.0,0.0,0.0,Yes,Minority,47.6,20.0,80268.0
250250504001,Boston,603.0,5.8,0.0,0.0,0.0,Yes,Minority,73.0,3.3,65441.0
250138108002,Chicopee,1230.0,5.8,0.0,0.0,0.0,Yes,Minority and income,56.3,9.8,33474.0
250138108003,Chicopee,1080.0,5.8,0.0,0.0,0.153,Yes,Minority,25.3,2.2,61118.0
250250902003,Boston,984.0,5.7,0.0,0.0,0.0,Yes,Minority and income,96.7,17.9,30000.0
250277309012,Worcester,1538.0,5.7,0.0,0.0,0.0,Yes,Minority,28.9,15.5,69306.0
250251803014,,858.0,5.7,0.0,0.0,0.0,No,,,,
250251010022,Boston,2580.0,5.7,0.0,0.0,0.0,Yes,Minority and income,95.9,9.8,43100.0
250250922003,Boston,812.0,5.7,0.0,0.0,0.0,Yes,Minority,78.3,11.4,64293.0
250250902001,Boston,712.0,5.6,0.0,0.0,0.0,Yes,"Minority, income and English isolation",94.1,36.0,27330.0
250039352002,,1051.0,5.6,0.0,0.0,0.563,No,,,,
250250918002,Boston,1096.0,5.6,0.0,0.0,0.0,Yes,Minority and income,96.8,23.0,40966.0
250250918003,Boston,1052.0,5.6,0.0,0.0,0.0,Yes,Minority,94.1,10.9,60938.0
250173531022,Cambridge,2140.0,5.6,0.0,0.062,0.0,Yes,Minority,65.1,0.0,90833.0
250250919001,Boston,959.0,5.6,0.0,0.0,0.0,Yes,Minority and income,96.4,11.2,26713.0
250250821003,Boston,2358.0,5.6,0.0,0.0,0.0,Yes,Minority and income,95.8,23.3,24092.0
250277312034,Worcester,1006.0,5.5,0.0,0.0,0.0,Yes,Minority and income,66.9,0.0,41058.0
250138022003,Springfield,1175.0,5.4,0.0,0.0,0.0,Yes,Minority and income,85.7,17.4,28700.0
250214176021,Quincy,1358.0,5.4,0.0,0.009,0.0,Yes,Minority,26.7,0.0,95938.0
250173421012,Everett,1227.0,5.4,0.0,0.0,0.0,Yes,Minority,62.3,2.4,135781.0
250214134022,Norwood,2231.0,5.4,0.0,0.0,0.0,Yes,Minority,64.5,9.9,95741.0
250173426001,Everett,1368.0,5.4,0.0,0.0,0.0,Yes,Minority,74.5,6.1,80603.0
250092513003,Lawrence,801.0,5.4,0.0,0.02,0.0,Yes,Minority and income,91.3,23.6,53125.0
250173421014,Everett,1052.0,5.4,0.0,0.0,0.0,Yes,Minority and English isolation,60.6,24.7,99181.0
250110414001,Greenfield,1513.0,5.2,0.0,0.0,0.21,Yes,Minority and income,39.9,2.9,24688.0
250277308013,,852.0,5.2,0.0,0.0,0.0,No,,,,
250138023003,Springfield,2409.0,5.2,0.0,0.0,0.0,Yes,"Minority, income and English isolation",90.0,30.9,21089.0
250251606022,Chelsea,968.0,5.2,0.0,0.0,0.0,Yes,Minority,68.5,9.1,78182.0
250251204005,Boston,1551.0,5.1,0.0,0.0,0.0,Yes,Minority,31.2,5.9,87333.0
250092031005,,989.0,5.1,0.0,0.0,0.0,No,,,,
250173395004,Medford,789.0,5.1,0.0,0.0,0.0,Yes,Minority,28.8,0.0,104625.0
250250603012,,810.0,5.1,0.0,0.0,0.0,No,,,,
250250604003,,1014.0,5.1,0.0,0.0,0.0,No,,,,
250250604002,,1152.0,5.1,0.0,0.0,0.0,No,,,,
250214011001,Brookline,2045.0,5.1,0.0,0.0,0.0,Yes,Minority,30.4,4.0,141136.0
250056553002,,876.0,5.1,0.0,0.0,0.0,No,,,,
250138107002,Chicopee,902.0,5.0,0.0,0.0,0.0,Yes,Minority,27.6,0.0,82549.0
250173421013,Everett,1043.0,5.0,0.0,0.0,0.0,Yes,"Minority, income and English isolation",53.7,31.2,45625.0
250214006002,Brookline,811.0,4.9,0.0,0.0,0.0,Yes,Minority,33.9,4.9,250000.0
250235021013,,1313.0,4.9,0.0,0.0,0.0,No,,,,
250138005003,Springfield,1061.0,4.8,0.0,0.0,0.0,Yes,Minority,56.0,0.0,85550.0
250251005001,Boston,1220.0,4.8,0.0,0.0,0.0,Yes,Minority,82.9,9.0,0.0
250173502022,Somerville,1379.0,4.8,0.0,0.0,0.0,Yes,Minority,37.6,10.3,130478.0
250056552005,,661.0,4.8,0.0,0.0,0.0,No,,,,
250138109021,Chicopee,1602.0,4.7,0.0,0.0,0.0,Yes,Minority,27.2,10.6,70170.0
250138018005,Springfield,876.0,4.7,0.0,0.0,0.0,Yes,Minority and income,93.5,0.0,30195.0
250138021016,Springfield,1239.0,4.7,0.0,0.0,0.0,Yes,Minority and income,64.6,0.0,44020.0
250173502012,Somerville,1328.0,4.6,0.0,0.0,0.0,Yes,Minority,43.9,2.3,112105.0
250214178015,,1585.0,4.6,0.0,0.0,0.0,No,,,,
250138012002,Springfield,1335.0,4.6,0.0,0.0,0.0,Yes,Minority and income,75.7,23.2,20465.0
250138106011,,831.0,4.5,0.032,0.032,0.44,No,,,,
250138121042,Holyoke,1288.0,4.5,0.0,0.0,0.0,Yes,Minority,59.6,3.0,58000.0
250138132072,Agawam,1054.0,4.5,0.0,0.0,0.0,Yes,Income,22.7,4.9,54118.0
250214006004,Brookline,1616.0,4.4,0.0,0.0,0.0,Yes,Minority,28.2,0.0,146042.0
250235021021,,1693.0,4.4,0.0,0.0,0.12,No,,,,
250173412005,Malden,1076.0,4.4,0.0,0.0,0.0,Yes,Minority,63.6,12.9,110163.0
250251401024,Boston,1519.0,4.3,0.001,0.004,0.0,Yes,Minority,72.5,3.4,108155.0
250251011024,Boston,1569.0,4.3,0.0,0.0,0.0,Yes,Minority and income,98.5,20.8,28333.0
250251706011,Revere,1747.0,4.2,0.0,0.0,0.0,Yes,Minority,57.7,23.8,56875.0
250173125022,,743.0,4.2,0.0,0.0,0.0,No,,,,
250250818002,Boston,1006.0,4.2,0.0,0.0,0.0,Yes,Minority,92.2,12.6,58833.0
250138022001,Springfield,1286.0,4.2,0.0,0.0,0.0,Yes,Minority and income,87.6,13.1,39750.0
250173422021,Everett,1444.0,4.1,0.0,0.0,0.0,Yes,Minority and income,60.4,5.3,48438.0
250250511013,Boston,1727.0,4.1,0.0,0.0,0.0,Yes,Minority,53.0,0.0,121875.0
250138014022,Springfield,1079.0,4.0,0.0,0.0,0.0,Yes,Minority and income,77.8,21.0,36607.0
250250819003,Boston,816.0,4.0,0.0,0.0,0.0,Yes,Minority,92.9,15.6,0.0
250277308022,Worcester,1336.0,4.0,0.0,0.0,0.0,Yes,Minority,29.3,7.9,80300.0
250277326001,Worcester,1355.0,4.0,0.002,0.002,0.0,Yes,"Minority, income and English isolation",72.9,33.5,22578.0
250214163001,,1561.0,4.0,0.0,0.0,0.0,No,,,,
250250101032,Boston,1200.0,4.0,0.0,0.0,0.0,Yes,Minority,47.8,0.0,0.0
250214163004,,905.0,3.9,0.0,0.0,0.0,No,,,,
250251006013,Boston,1320.0,3.9,0.0,0.018,0.0,Yes,Minority,72.0,0.0,76287.0
250250819004,Boston,1121.0,3.8,0.0,0.0,0.0,Yes,"Minority, income and English isolation",98.7,24.5,31116.0
250173418005,Malden,1565.0,3.8,0.0,0.0,0.0,Yes,"Minority, income and English isolation",72.8,31.7,41419.0
250250806012,Boston,158.0,3.8,0.0,0.0,0.0,Yes,Minority and income,92.4,18.7,14234.0
250138120014,Holyoke,775.0,3.7,0.0,0.0,0.0,Yes,Minority,35.9,4.2,86932.0
250250818003,Boston,1248.0,3.7,0.0,0.0,0.0,Yes,Minority and income,95.8,11.8,22135.0
250277326002,Worcester,1365.0,3.7,0.0,0.0,0.0,Yes,Minority and income,71.4,19.1,51458.0
250138012003,Springfield,619.0,3.7,0.0,0.0,0.0,Yes,Minority and income,76.3,4.6,30149.0
250092513002,Lawrence,1068.0,3.7,0.0,0.0,0.0,Yes,Minority and income,96.8,20.6,37468.0
250214172023,Quincy,1069.0,3.7,0.0,0.0,0.0,Yes,Minority,58.1,11.5,110591.0
250173414002,Malden,1045.0,3.7,0.0,0.0,0.0,Yes,Minority and English isolation,71.0,34.2,59783.0
250173414003,Malden,2032.0,3.7,0.0,0.0,0.0,Yes,Minority,61.3,22.0,77126.0
250277309011,,888.0,3.6,0.0,0.0,0.0,No,,,,
250277308012,,1923.0,3.6,0.0,0.0,0.0,No,,,,
250250819002,Boston,644.0,3.6,0.0,0.0,0.0,Yes,Minority and income,97.0,13.3,16419.0
250138014012,Springfield,2259.0,3.6,0.0,0.0,0.0,Yes,"Minority, income and English isolation",89.5,35.9,39559.0
250259812022,,6.0,3.6,0.0,0.001,0.0,No,,,,
250173502023,Somerville,1120.0,3.5,0.0,0.0,0.0,Yes,Minority,29.6,9.3,87014.0
250138107004,Chicopee,926.0,3.5,0.0,0.0,0.0,Yes,Minority and income,24.7,0.0,55117.0
250214174002,,808.0,3.5,0.0,0.0,0.0,No,,,,
250173501091,Somerville,2176.0,3.5,0.0,0.0,0.0,Yes,Minority,53.8,21.0,72241.0
250250813021,Boston,1121.0,3.5,0.0,0.0,0.0,Yes,Minority and income,96.4,24.1,22524.0
250138110005,,1138.0,3.5,0.0,0.0,0.0,No,,,,
250250813011,Boston,767.0,3.5,0.0,0.0,0.0,Yes,"Minority, income and English isolation",87.6,39.2,17391.0
250138132092,,1712.0,3.5,0.0,0.0,0.0,No,,,,
250173736002,,3233.0,3.5,0.0,0.0,0.0,No,,,,
250173501082,Somerville,1519.0,3.5,0.0,0.0,0.0,Yes,Minority,37.7,12.4,98583.0
250214163002,Milton,890.0,3.4,0.0,0.0,0.0,Yes,Minority,44.3,1.5,150268.0
250214172012,Quincy,655.0,3.4,0.0,0.0,0.0,Yes,Minority and English isolation,64.4,24.7,0.0
250214006003,Brookline,1477.0,3.4,0.0,0.015,0.0,Yes,Minority,28.2,0.0,132941.0
250250815002,Boston,1364.0,3.4,0.0,0.0,0.0,Yes,Minority,91.3,14.3,55662.0
250251706013,Revere,1609.0,3.4,0.0,0.0,0.0,Yes,Minority,60.0,12.6,79224.0
250251203011,Boston,1212.0,3.4,0.0,0.0,0.0,Yes,Minority,61.2,6.0,138365.0
250250909011,Boston,1403.0,3.4,0.0,0.0,0.0,Yes,"Minority, income and English isolation",75.1,28.9,26827.0
250214010002,Brookline,775.0,3.4,0.0,0.0,0.0,Yes,Minority,27.4,0.0,198125.0
250214176013,Quincy,1232.0,3.3,0.0,0.0,0.0,Yes,"Minority, income and English isolation",57.5,32.5,49255.0
250173422023,Everett,1375.0,3.3,0.0,0.0,0.0,Yes,Minority,72.1,3.7,72031.0
250214176012,Quincy,1884.0,3.3,0.0,0.0,0.0,Yes,Minority,44.9,3.1,117143.0
250250814004,Boston,544.0,3.2,0.0,0.0,0.0,Yes,Minority and income,63.1,0.0,37656.0
250277311021,Worcester,925.0,3.2,0.0,0.0,0.0,Yes,Minority,26.4,0.0,118594.0
250214164006,,1122.0,3.2,0.0,0.0,0.406,No,,,,
250214164003,,1007.0,3.2,0.0,0.0,0.0,No,,,,
250214172021,Quincy,891.0,3.2,0.0,0.0,0.0,Yes,Minority,74.7,12.2,105688.0
250173414005,Malden,781.0,3.2,0.0,0.0,0.0,Yes,Minority,60.1,20.7,0.0
250138121044,Holyoke,1052.0,3.2,0.0,0.0,0.0,Yes,Minority,41.5,7.8,59688.0
250173501081,Somerville,2655.0,3.1,0.0,0.0,0.0,Yes,Minority and income,66.6,19.2,53135.0
250173672005,,686.0,3.0,0.0,0.0,0.0,No,,,,
250138017006,Springfield,1338.0,3.0,0.0,0.0,0.0,Yes,Minority and income,75.1,6.4,40114.0
250138123005,West Springfield,1346.0,3.0,0.0,0.0,0.0,Yes,Minority and income,49.9,9.1,39211.0
250214176011,Quincy,773.0,3.0,0.0,0.0,0.0,Yes,Minority,35.3,2.2,99054.0
250250818001,Boston,1313.0,3.0,0.0,0.0,0.0,Yes,Minority and income,90.5,23.8,20500.0
250138123001,West Springfield,1233.0,2.9,0.0,0.0,0.0,Yes,Minority and income,51.5,0.0,31656.0
250214164002,,1071.0,2.9,0.0,0.0,0.0,No,,,,
250251401021,Boston,1201.0,2.9,0.006,0.006,0.0,Yes,Minority,85.3,7.9,120491.0
250277326005,Worcester,901.0,2.9,0.0,0.0,0.0,Yes,"Minority, income and English isolation",71.9,43.5,37839.0
250250104043,Boston,1403.0,2.9,0.0,0.0,0.0,Yes,Minority and income,51.1,12.5,19583.0
250138114001,Holyoke,1070.0,2.9,0.0,0.0,0.0,Yes,"Minority, income and English isolation",88.0,40.1,21761.0
250138107003,Chicopee,1377.0,2.9,0.0,0.0,0.0,Yes,Minority and income,46.0,0.0,49956.0
250277330003,Worcester,1684.0,2.8,0.0,0.018,0.0,Yes,Minority and income,81.2,14.5,33799.0
250138021013,Springfield,758.0,2.8,0.0,0.0,0.0,Yes,Minority,66.1,4.9,0.0
250173735001,,1298.0,2.7,0.0,0.0,0.0,No,,,,
250251701024,Revere,1702.0,2.7,0.0,0.0,0.0,Yes,Minority and income,69.7,18.4,39107.0
250277306003,,1262.0,2.7,0.0,0.0,0.0,No,,,,
250250804012,Boston,1481.0,2.6,0.0,0.0,0.0,Yes,"Minority, income and English isolation",94.3,36.3,16339.0
250250806013,Boston,561.0,2.6,0.0,0.0,0.0,Yes,"Minority, income and English isolation",84.5,27.1,8531.0
250250203051,Boston,1378.0,2.6,0.004,0.004,0.0,Yes,Minority,37.4,0.0,154357.0
250214162005,Milton,824.0,2.5,0.0,0.0,0.0,Yes,Minority,53.2,9.0,118500.0
250250922002,Boston,856.0,2.4,0.0,0.0,0.0,Yes,Minority,76.6,2.8,119531.0
250251006014,Boston,2050.0,2.4,0.0,0.0,0.0,Yes,Minority,80.9,10.7,93487.0
250251707012,Revere,1521.0,2.4,0.0,0.0,0.0,Yes,Minority,55.4,17.7,63688.0
250173501061,Somerville,1660.0,2.4,0.0,0.0,0.0,Yes,Minority,43.7,8.9,109234.0
250251708002,Revere,1572.0,2.3,0.0,0.0,0.0,Yes,Minority and income,55.2,4.6,53420.0
250250813012,Boston,1627.0,2.3,0.0,0.0,0.0,Yes,"Minority, income and English isolation",85.2,40.4,13811.0
250277311022,Worcester,1032.0,2.3,0.0,0.0,0.0,Yes,Minority and income,50.7,9.6,46964.0
250251707024,Revere,1282.0,2.3,0.0,0.0,0.0,Yes,Minority and English isolation,74.6,32.5,65802.0
250251401072,Boston,802.0,2.3,0.0,0.0,0.0,Yes,Minority,75.3,9.2,78047.0
250250101031,Boston,2126.0,2.2,0.0,0.0,0.0,Yes,"Minority, income and English isolation",44.7,34.3,32572.0
250251701013,Revere,856.0,2.2,0.0,0.0,0.0,Yes,Minority,57.6,0.0,135898.0
250250104044,Boston,739.0,2.1,0.0,0.0,0.0,Yes,Minority and income,32.7,7.9,39250.0
250251708003,Revere,1184.0,2.1,0.0,0.0,0.0,Yes,Minority and income,53.1,20.9,44250.0
250250817005,Boston,691.0,2.1,0.0,0.0,0.0,Yes,Minority and income,88.1,0.0,43241.0
250251707021,Revere,1242.0,2.1,0.0,0.0,0.0,Yes,"Minority, income and English isolation",80.1,30.9,27083.0
250251707025,Revere,1589.0,2.1,0.0,0.0,0.0,Yes,Minority,70.2,20.7,60271.0
250251708004,Revere,1043.0,2.1,0.0,0.0,0.0,Yes,Minority,53.3,22.8,76974.0
250277311023,Worcester,900.0,2.0,0.0,0.0,0.0,Yes,Minority,36.2,0.0,118750.0
250251701012,Revere,1258.0,2.0,0.0,0.0,0.0,Yes,Minority,54.5,12.2,103036.0
250251701011,Revere,1909.0,2.0,0.0,0.0,0.0,Yes,Minority,56.4,19.1,65642.0
250250819001,Boston,1090.0,2.0,0.0,0.0,0.0,Yes,Minority and income,96.8,8.2,36071.0
250235001012,,775.0,2.0,0.0,0.0,0.0,No,,,,
250138107005,Chicopee,1358.0,1.9,0.0,0.0,0.0,Yes,Minority,37.2,2.2,60078.0
250138019021,Springfield,1759.0,1.9,0.0,0.0,0.0,Yes,"Minority, income and English isolation",84.0,43.7,21304.0
250056511004,New Bedford,916.0,1.9,0.0,0.0,0.0,Yes,Minority and income,37.9,4.3,27404.0
250250813022,Boston,1959.0,1.8,0.0,0.0,0.0,Yes,Minority,89.0,13.8,0.0
250251708001,Revere,1974.0,1.8,0.0,0.0,0.009,Yes,Minority,52.5,19.7,65455.0
250250102043,Boston,968.0,1.8,0.0,0.0,0.0,Yes,Minority and income,44.7,11.5,34167.0
250138110003,Chicopee,910.0,1.8,0.0,0.0,0.066,Yes,Income,14.7,5.7,52330.0
250250809003,Boston,1266.0,1.8,0.0,0.0,0.0,Yes,Minority,44.5,0.0,91250.0
250251803013,,812.0,1.7,0.0,0.0,0.0,No,,,,
250251702004,Revere,1572.0,1.7,0.0,0.0,0.0,Yes,Minority and income,41.7,1.4,45139.0
250251702002,Revere,1593.0,1.7,0.0,0.0,0.0,Yes,"Minority, income and English isolation",52.7,26.6,53393.0
250259816001,,2.0,1.7,0.0,0.0,0.0,No,,,,
250250817002,Boston,995.0,1.6,0.0,0.0,0.0,Yes,Minority and income,95.7,23.7,24058.0
250138011011,Springfield,1993.0,1.6,0.0,0.0,0.0,Yes,"Minority, income and English isolation",84.5,38.8,13877.0
250250817001,Boston,623.0,1.6,0.0,0.0,0.0,Yes,Minority and income,99.0,13.4,21193.0
250250817004,Boston,950.0,1.6,0.0,0.0,0.0,Yes,Minority and income,93.9,17.7,38802.0
250250805001,Boston,1198.0,1.6,0.0,0.0,0.0,Yes,Minority,84.0,7.8,56250.0
250251702001,Revere,1336.0,1.6,0.0,0.0,0.0,Yes,Minority and income,40.6,6.2,21378.0
250250817003,Boston,882.0,1.6,0.0,0.0,0.0,Yes,Minority and income,92.6,0.0,28641.0
250251606012,Chelsea,1101.0,1.4,0.009,0.009,0.0,Yes,Minority,69.0,20.6,61417.0
250138110004,Chicopee,1143.0,1.4,0.0,0.0,0.0,Yes,Income,23.4,3.5,44500.0
250251703014,Revere,846.0,1.3,0.0,0.0,0.0,Yes,Minority,35.8,0.0,91563.0
250251606023,Chelsea,1125.0,1.3,0.0,0.0,0.0,Yes,Minority,65.3,21.1,91990.0
250138017004,Springfield,947.0,1.3,0.0,0.0,0.0,Yes,Minority and income,93.3,24.1,39483.0
250214010003,Brookline,1702.0,1.3,0.0,0.0,0.0,Yes,Minority,44.1,9.9,81591.0
250251207002,Boston,1139.0,1.2,0.0,0.0,0.0,Yes,Minority,35.0,3.1,104000.0
250173531021,Cambridge,1646.0,1.2,0.0,0.0,0.0,Yes,Minority,58.0,3.7,79167.0
250138121043,Holyoke,700.0,1.2,0.0,0.0,0.0,Yes,Minority,37.9,5.0,74844.0
250251702003,Revere,804.0,1.1,0.0,0.0,0.0,Yes,Minority and income,57.5,22.6,49320.0
250250814001,Boston,820.0,1.1,0.0,0.0,0.0,Yes,Minority and income,74.8,0.0,49205.0
250251206003,Boston,806.0,1.1,0.0,0.0,0.0,Yes,Minority,25.2,0.0,169125.0
250250811012,Boston,1112.0,1.1,0.0,0.0,0.0,Yes,Minority,45.5,9.3,83472.0
250138002011,Springfield,1409.0,1.1,0.0,0.0,0.0,Yes,Minority and income,82.3,9.2,14594.0
250250104041,Boston,1744.0,1.1,0.0,0.0,0.0,Yes,Minority,41.3,12.8,58393.0
250251701021,Revere,950.0,1.1,0.0,0.0,0.0,Yes,Minority and English isolation,59.1,25.3,104186.0
250251606025,Chelsea,1108.0,1.1,0.0,0.0,0.0,Yes,Minority,69.2,8.7,72938.0
250250708022,Boston,1133.0,1.1,0.0,0.0,0.0,Yes,Minority,27.2,0.0,96250.0
250138021014,Springfield,824.0,1.1,0.0,0.0,0.0,Yes,Minority,41.6,9.9,90200.0
250277313001,Worcester,1376.0,1.1,0.0,0.0,0.0,Yes,Minority and income,80.8,12.1,16719.0
250250104042,Boston,1861.0,1.1,0.0,0.0,0.0,Yes,Minority and income,41.7,22.7,28250.0
250251205002,Boston,758.0,1.0,0.0,0.0,0.0,Yes,Minority and English isolation,53.7,46.4,212813.0
250250812001,Boston,1393.0,1.0,0.0,0.0,0.0,Yes,Minority,63.6,17.7,70956.0
250251206002,Boston,850.0,1.0,0.0,0.0,0.0,Yes,Minority,26.6,0.0,110000.0
250251205003,Boston,742.0,1.0,0.0,0.0,0.0,Yes,Minority,64.3,14.7,72344.0
250250108012,,967.0,1.0,0.0,0.0,0.0,No,,,,
250250201011,,804.0,1.0,0.0,0.0,0.0,No,,,,
250250107023,,978.0,1.0,0.0,0.0,0.0,No,,,,
250250108011,Boston,740.0,1.0,0.0,0.0,0.0,Yes,Minority,33.0,0.0,100735.0
250251206001,Boston,910.0,1.0,0.0,0.0,0.0,Yes,Minority,31.3,0.0,145568.0
250251207001,Boston,1000.0,1.0,0.0,0.0,0.0,Yes,Minority,46.9,5.5,100000.0
250251205001,Boston,923.0,1.0,0.0,0.0,0.0,Yes,Minority,66.7,16.6,81583.0
250250201012,,935.0,1.0,0.0,0.0,0.0,No,,,,
250251701022,Revere,1423.0,0.9,0.0,0.0,0.0,Yes,Minority,58.8,0.0,84567.0
250250105003,Boston,852.0,0.9,0.0,0.0,0.0,Yes,Minority,39.6,12.5,64827.0
250138113011,Chicopee,1352.0,0.9,0.0,0.0,0.0,Yes,Minority,26.3,11.7,85101.0
250250708021,Boston,1552.0,0.9,0.0,0.0,0.0,Yes,Minority,43.5,15.8,0.0
250138021012,Springfield,788.0,0.9,0.0,0.0,0.0,Yes,Minority,59.9,6.3,0.0
250138022002,Springfield,1133.0,0.9,0.0,0.0,0.0,Yes,"Minority, income and English isolation",86.1,36.1,34219.0
250138019012,Springfield,2791.0,0.9,0.0,0.0,0.0,Yes,Minority and income,92.1,13.2,26827.0
250250708011,Boston,1056.0,0.9,0.0,0.0,0.0,Yes,Minority,45.9,8.5,100592.0
250250104053,Boston,492.0,0.9,0.0,0.0,0.0,Yes,"Minority, income and English isolation",71.7,56.5,16471.0
250250814003,Boston,1401.0,0.8,0.0,0.0,0.0,Yes,Minority and income,74.2,20.8,43151.0
250138109023,Chicopee,1500.0,0.8,0.0,0.0,0.012,Yes,Minority and income,41.9,0.0,46111.0
250251805002,,628.0,0.8,0.0,0.0,0.0,No,,,,
250250811011,Boston,372.0,0.8,0.0,0.0,0.0,Yes,Minority,46.2,17.2,77702.0
250250811022,Boston,1593.0,0.8,0.0,0.0,0.0,Yes,Minority and English isolation,63.9,37.2,74295.0
250250810013,Boston,744.0,0.8,0.0,0.0,0.0,Yes,"Minority, income and English isolation",84.3,52.1,22730.0
250250810012,Boston,1445.0,0.8,0.0,0.0,0.0,Yes,Minority and income,55.0,6.7,45395.0
250250810011,Boston,1062.0,0.7,0.0,0.0,0.0,Yes,Minority,32.9,0.0,72609.0
250214177021,,734.0,0.7,0.0,0.0,0.0,No,,,,
250138117001,Holyoke,473.0,0.7,0.0,0.0,0.0,Yes,"Minority, income and English isolation",87.3,63.5,14385.0
250138113014,Chicopee,1159.0,0.7,0.0,0.0,0.0,Yes,Minority and income,28.1,0.0,44135.0
250251701023,Revere,940.0,0.7,0.0,0.0,0.0,Yes,Minority,58.7,0.0,75548.0
250250812003,Boston,621.0,0.7,0.0,0.0,0.0,Yes,Minority and income,98.2,16.1,13462.0
250138120024,Holyoke,833.0,0.7,0.0,0.0,0.0,Yes,Minority,36.0,2.5,70795.0
250138111012,Chicopee,1577.0,0.7,0.0,0.0,0.0,Yes,Minority and income,52.8,1.7,25268.0
250250811021,Boston,1572.0,0.7,0.0,0.0,0.0,Yes,Minority and income,57.2,21.0,41591.0
250138014011,Springfield,2010.0,0.7,0.0,0.0,0.0,Yes,Minority and income,96.5,11.9,20542.0
250138117002,Holyoke,1577.0,0.6,0.0,0.0,0.0,Yes,"Minority, income and English isolation",81.4,41.4,32548.0
250251606013,Chelsea,1784.0,0.6,0.0,0.0,0.0,Yes,Minority,79.9,16.5,75664.0
250138106013,Chicopee,985.0,0.6,0.0,0.0,0.0,Yes,Minority,30.7,0.0,62172.0
250138003004,Springfield,965.0,0.6,0.0,0.0,0.0,Yes,Minority and income,60.5,12.2,40833.0
250173501051,Somerville,1181.0,0.6,0.0,0.0,0.0,Yes,Minority,30.9,16.8,104750.0
250250102041,Boston,1131.0,0.6,0.0,0.0,0.0,Yes,Minority and income,61.5,13.4,33657.0
250250101033,Boston,1371.0,0.6,0.0,0.0,0.0,Yes,Minority,37.4,9.4,0.0
250214001004,Brookline,649.0,0.6,0.0,0.0,0.0,Yes,Minority,44.7,0.0,123359.0
250251606024,Chelsea,877.0,0.5,0.0,0.0,0.0,Yes,"Minority, income and English isolation",87.9,44.8,22455.0
250138111023,,1510.0,0.5,0.0,0.0,0.005,No,,,,
250251606011,Chelsea,296.0,0.4,0.0,0.0,0.0,Yes,Minority and income,26.0,0.0,53200.0
250138007001,Springfield,1611.0,0.4,0.0,0.0,0.0,Yes,"Minority, income and English isolation",96.5,35.8,12044.0
250138118002,Holyoke,689.0,0.4,0.0,0.0,0.0,Yes,"Minority, income and English isolation",79.0,31.8,19063.0
250138118001,Holyoke,727.0,0.4,0.0,0.0,0.0,Yes,Minority and income,78.8,4.7,38103.0
250138120011,Holyoke,1083.0,0.4,0.0,0.0,0.0,Yes,"Minority, income and English isolation",78.5,50.1,14229.0
250138019023,Springfield,667.0,0.3,0.0,0.0,0.0,Yes,"Minority, income and English isolation",91.2,31.0,21331.0
250138111013,Chicopee,1423.0,0.3,0.0,0.0,0.0,Yes,Minority and income,31.4,3.8,54560.0
250277330001,Worcester,827.0,0.3,0.0,0.0,0.0,Yes,Minority and income,77.9,0.0,41667.0
250138018004,Springfield,725.0,0.3,0.0,0.0,0.0,Yes,"Minority, income and English isolation",95.4,35.3,14484.0
250138019022,Springfield,1130.0,0.2,0.0,0.0,0.0,Yes,Minority and income,82.7,19.6,24037.0
250138005001,Springfield,1351.0,0.2,0.0,0.0,0.0,Yes,"Minority, income and English isolation",81.1,33.5,31023.0
250138004003,Springfield,1622.0,0.2,0.0,0.0,0.0,Yes,Minority,65.7,0.0,81563.0
250138111024,Chicopee,1118.0,0.2,0.0,0.0,0.0,Yes,Minority,42.4,5.5,58579.0
250250812002,Boston,1492.0,0.2,0.0,0.0,0.0,Yes,Minority and income,96.0,18.2,25240.0
250250815001,Boston,1085.0,0.2,0.0,0.0,0.0,Yes,Minority and income,73.5,0.0,45179.0
250138109022,Chicopee,649.0,0.2,0.0,0.0,0.0,Yes,Minority,33.9,0.0,66875.0
250251805004,,940.0,0.2,0.0,0.0,0.0,No,,,,
250138111022,Chicopee,1938.0,0.2,0.0,0.0,0.088,Yes,"Minority, income and English isolation",58.7,24.6,36424.0
250138020001,Springfield,731.0,0.1,0.0,0.0,0.0,Yes,"Minority, income and English isolation",95.2,26.9,23533.0
250138004002,Springfield,707.0,0.1,0.0,0.0,0.0,Yes,"Minority, income and English isolation",82.5,35.4,33707.0
250138004001,Springfield,1378.0,0.1,0.0,0.0,0.0,Yes,"Minority, income and English isolation",68.9,28.4,37583.0
250138007002,Springfield,2291.0,0.1,0.0,0.0,0.0,Yes,"Minority, income and English isolation",96.9,38.7,32550.0
250138011021,Springfield,783.0,0.1,0.0,0.0,0.0,Yes,Minority and income,65.6,13.9,44205.0
250138011022,Springfield,372.0,0.1,0.0,0.0,0.0,Yes,"Minority, income and English isolation",73.9,59.2,13250.0
250250814002,Boston,1009.0,0.1,0.0,0.0,0.0,Yes,Minority,60.2,0.0,97250.0
250138111021,Chicopee,1428.0,0.1,0.0,0.0,0.0,Yes,Minority and income,60.4,8.7,36316.0
250138112004,Chicopee,920.0,0.1,0.0,0.0,0.0,Yes,Minority,25.5,11.2,65871.0
250138111014,Chicopee,770.0,0.0,0.0,0.0,0.0,Yes,Minority and income,42.5,0.0,45729.0
