block_group,town,population,share_public_water,water_systems,pfas6_current_ng_l,pfas6_peak_ng_l,share_private_wells,private_well_p_over20,ej,ej_criteria,pct_minority,pct_limited_english_households,median_household_income
250010101001,Provincetown,992.0,0.753,PROVINCETOWN WATER DEPARTMENT,0.0,0.0,0.247,0.107,No,,,,
250010101002,Provincetown,637.0,0.521,PROVINCETOWN WATER DEPARTMENT,0.0,0.0,0.479,0.102,No,,,,
250010101003,Provincetown,642.0,0.785,PROVINCETOWN WATER DEPARTMENT,0.0,0.0,0.215,0.112,No,,,,
250010101004,Provincetown,729.0,1.0,PROVINCETOWN WATER DEPARTMENT,0.0,0.0,0.0,,No,,,,
250010101005,Provincetown,664.0,1.0,PROVINCETOWN WATER DEPARTMENT,0.0,0.0,0.0,,Yes,Income,17.9,12.2,54688.0
250010102061,Wellfleet,926.0,0.036,MASSASOIT HILLS TRAILER PARK,4.4,5.7,0.964,0.102,No,,,,
250010102062,Wellfleet,1113.0,0.208,HARBORSIDE VILLAGE; WELLFLEET MUNICIPAL WATER SYSTEM,0.0,0.0,0.792,0.153,No,,,,
250010102063,Wellfleet,1527.0,0.037,PLEASANT WATER; WELLFLEET MUNICIPAL WATER SYSTEM,0.0,0.8,0.963,0.123,No,,,,
250010102081,Truro,892.0,0.019,PROVINCETOWN WATER DEPARTMENT,0.0,0.0,0.981,0.138,Yes,Income,8.0,0.0,47554.0
250010102082,Truro,768.0,0.493,PROVINCETOWN WATER DEPARTMENT,0.0,0.0,0.507,0.142,No,,,,
250010102083,Truro,794.0,0.0,,,,1.0,0.103,No,,,,
250010103041,Eastham,1153.0,0.393,TOWN OF EASTHAM,0.0,0.0,0.607,0.276,No,,,,
250010103042,Eastham,889.0,0.372,TOWN OF EASTHAM,0.0,0.0,0.628,0.277,Yes,Income,14.8,0.0,46806.0
250010103043,Eastham,630.0,0.306,TOWN OF EASTHAM,0.0,0.0,0.694,0.273,Yes,Income,7.5,0.0,37168.0
250010103061,Eastham,1115.0,0.171,TOWN OF EASTHAM,0.0,0.0,0.829,0.306,No,,,,
250010103062,Eastham,1125.0,0.834,TOWN OF EASTHAM,0.0,0.0,0.166,0.291,No,,,,
250010103063,Eastham,840.0,0.398,TOWN OF EASTHAM,0.0,0.0,0.602,0.245,No,,,,
250010104001,Orleans,825.0,0.833,ORLEANS WATER DEPARTMENT,0.6,0.6,0.167,0.074,No,,,,
250010104002,Orleans,872.0,1.0,ORLEANS WATER DEPARTMENT,0.6,0.6,0.0,,Yes,Income,11.9,0.0,40833.0
250010104003,Orleans,669.0,0.897,ORLEANS WATER DEPARTMENT,0.6,0.6,0.103,0.068,No,,,,
250010104004,Orleans,979.0,0.988,ORLEANS WATER DEPARTMENT,0.6,0.6,0.012,0.051,No,,,,
250010105001,Orleans,1217.0,1.0,ORLEANS WATER DEPARTMENT,0.6,0.6,0.0,,No,,,,
250010105002,Orleans,877.0,0.82,ORLEANS WATER DEPARTMENT,0.6,0.6,0.18,0.062,No,,,,
250010105003,Orleans,868.0,1.0,ORLEANS WATER DEPARTMENT,0.6,0.6,0.0,,No,,,,
250010106001,Chatham,632.0,0.886,CHATHAM WATER DEPARTMENT,2.8,14.6,0.114,0.176,No,,,,
250010106002,Chatham,834.0,0.898,CHATHAM WATER DEPARTMENT,2.8,14.6,0.102,0.237,No,,,,
250010106003,Chatham,1180.0,1.0,CHATHAM WATER DEPARTMENT,2.8,14.6,0.0,,No,,,,
250010106004,Chatham,488.0,1.0,CHATHAM WATER DEPARTMENT,2.8,14.6,0.0,,No,,,,
250010107001,Chatham,968.0,1.0,CHATHAM WATER DEPARTMENT,2.8,14.6,0.0,,No,,,,
250010107002,Chatham,1000.0,0.784,CHATHAM WATER DEPARTMENT,2.8,14.6,0.216,0.155,No,,,,
250010107003,Chatham,896.0,0.975,CHATHAM WATER DEPARTMENT,2.8,14.6,0.025,0.155,No,,,,
250010107004,Chatham,596.0,0.646,CHATHAM WATER DEPARTMENT,2.8,14.6,0.354,0.146,Yes,Income,8.1,0.0,43558.0
250010108001,Brewster,944.0,0.702,BREWSTER WATER DEPARTMENT,0.0,0.0,0.298,0.124,No,,,,
250010108002,Brewster,503.0,0.98,BREWSTER WATER DEPARTMENT,0.0,0.0,0.02,0.069,Yes,Income,7.0,0.0,47083.0
250010108003,Brewster,805.0,1.0,BREWSTER WATER DEPARTMENT,0.0,0.0,0.0,,No,,,,
250010108004,Brewster,706.0,1.0,BREWSTER WATER DEPARTMENT,0.0,0.0,0.0,,No,,,,
250010108005,Brewster,1961.0,0.469,BREWSTER WATER DEPARTMENT,0.0,0.0,0.531,0.1,No,,,,
250010109001,Brewster,1863.0,0.687,BREWSTER WATER DEPARTMENT,0.0,0.0,0.313,0.077,No,,,,
250010109002,Brewster,1152.0,0.628,BREWSTER WATER DEPARTMENT,0.0,0.0,0.372,0.178,No,,,,
250010109003,Brewster,1550.0,0.894,BREWSTER WATER DEPARTMENT,0.0,0.0,0.106,0.104,No,,,,
250010109004,Brewster,834.0,1.0,BREWSTER WATER DEPARTMENT,0.0,0.0,0.0,,No,,,,
250010110021,Harwich,733.0,0.446,HARWICH WATER DEPARTMENT,0.0,0.0,0.554,0.122,No,,,,
250010110022,Harwich,969.0,0.646,HARWICH WATER DEPARTMENT,0.0,0.0,0.354,0.095,No,,,,
250010110023,Harwich,596.0,0.896,HARWICH WATER DEPARTMENT,0.0,0.0,0.104,0.095,No,,,,
250010110024,Harwich,2306.0,0.475,HARWICH WATER DEPARTMENT,0.0,0.0,0.525,0.128,No,,,,
250010111001,Harwich,986.0,0.836,HARWICH WATER DEPARTMENT,0.0,0.0,0.164,0.21,No,,,,
250010111002,Harwich,1202.0,0.708,HARWICH WATER DEPARTMENT,0.0,0.0,0.292,0.222,No,,,,
250010111003,Harwich,1705.0,0.645,HARWICH WATER DEPARTMENT,0.0,0.0,0.355,0.167,No,,,,
250010111004,Harwich,1182.0,0.748,HARWICH WATER DEPARTMENT,0.0,0.0,0.252,0.185,No,,,,
250010112001,Harwich,1292.0,0.941,HARWICH WATER DEPARTMENT,0.0,0.0,0.059,0.17,No,,,,
250010112002,Harwich,1193.0,0.778,HARWICH WATER DEPARTMENT,0.0,0.0,0.222,0.189,No,,,,
250010112003,Harwich,565.0,0.508,HARWICH WATER DEPARTMENT,0.0,0.0,0.492,0.198,Yes,Income,9.7,0.0,54375.0
250010112004,Harwich,711.0,1.0,HARWICH WATER DEPARTMENT,0.0,0.0,0.0,,No,,,,
250010113001,Dennis,620.0,1.0,DENNIS WATER DISTRICT,0.1,2.0,0.0,,No,,,,
250010113002,Dennis,1206.0,1.0,DENNIS WATER DISTRICT,0.1,2.0,0.0,,No,,,,
250010113003,Dennis,743.0,1.0,DENNIS WATER DISTRICT,0.1,2.0,0.0,,No,,,,
250010114001,Dennis,784.0,1.0,DENNIS WATER DISTRICT,0.1,2.0,0.0,,No,,,,
250010114002,Dennis,995.0,1.0,DENNIS WATER DISTRICT,0.1,2.0,0.0,,No,,,,
250010114003,Dennis,439.0,1.0,DENNIS WATER DISTRICT,0.1,2.0,0.0,,No,,,,
250010114004,Dennis,834.0,1.0,DENNIS WATER DISTRICT,0.1,2.0,0.0,,Yes,Income,10.9,9.8,49598.0
250010115001,Dennis,712.0,1.0,DENNIS WATER DISTRICT,0.1,2.0,0.0,,No,,,,
250010115002,Dennis,983.0,1.0,DENNIS WATER DISTRICT,0.1,2.0,0.0,,No,,,,
250010115003,Dennis,680.0,1.0,DENNIS WATER DISTRICT,0.1,2.0,0.0,,No,,,,
250010115004,Dennis,939.0,1.0,DENNIS WATER DISTRICT,0.1,2.0,0.0,,No,,,,
250010115005,Dennis,818.0,1.0,DENNIS WATER DISTRICT,0.1,2.0,0.0,,No,,,,
250010116001,Dennis,1630.0,1.0,DENNIS WATER DISTRICT,0.1,2.0,0.0,,Yes,Minority and income,28.2,2.9,46015.0
250010116002,Dennis,689.0,1.0,DENNIS WATER DISTRICT,0.1,2.0,0.0,,Yes,Income,18.3,0.0,52826.0
250010116003,Dennis,684.0,1.0,DENNIS WATER DISTRICT,0.1,2.0,0.0,,No,,,,
250010117001,Dennis,630.0,0.848,DENNIS WATER DISTRICT,0.1,2.0,0.152,0.15,No,,,,
250010117002,Dennis,520.0,1.0,DENNIS WATER DISTRICT,0.1,2.0,0.0,,No,,,,
250010117003,Dennis,768.0,1.0,DENNIS WATER DISTRICT,0.1,2.0,0.0,,Yes,Income,16.8,0.0,50714.0
250010118011,Yarmouth,1472.0,0.559,YARMOUTH WATER DEPARTMENT,1.4,5.9,0.441,0.171,No,,,,
250010118012,Yarmouth,971.0,0.769,YARMOUTH WATER DEPARTMENT,1.4,5.9,0.231,0.112,No,,,,
250010118021,Yarmouth,844.0,0.902,YARMOUTH WATER DEPARTMENT,1.4,5.9,0.098,0.146,No,,,,
250010118022,Yarmouth,919.0,0.881,BARNSTABLE FIRE DISTRICT; YARMOUTH WATER DEPARTMENT,1.4,6.8,0.119,0.152,No,,,,
250010118023,Yarmouth,1520.0,0.715,YARMOUTH WATER DEPARTMENT,1.4,5.9,0.285,0.189,No,,,,
250010118024,Yarmouth,1177.0,1.0,YARMOUTH WATER DEPARTMENT,1.4,5.9,0.0,,No,,,,
250010120011,Yarmouth,1630.0,0.902,YARMOUTH WATER DEPARTMENT,1.4,5.9,0.098,0.169,No,,,,
250010120012,Yarmouth,1590.0,1.0,YARMOUTH WATER DEPARTMENT,1.4,5.9,0.0,,No,,,,
250010120013,Yarmouth,1336.0,1.0,YARMOUTH WATER DEPARTMENT,1.4,5.9,0.0,,No,,,,
250010120014,Yarmouth,1422.0,1.0,YARMOUTH WATER DEPARTMENT,1.4,5.9,0.0,,No,,,,
250010120021,Yarmouth,1224.0,0.716,YARMOUTH WATER DEPARTMENT,1.4,5.9,0.284,0.304,Yes,Minority,26.8,7.7,55880.0
250010120022,Yarmouth,1287.0,0.922,YARMOUTH WATER DEPARTMENT,1.4,5.9,0.078,0.257,No,,,,
250010120023,Yarmouth,754.0,1.0,YARMOUTH WATER DEPARTMENT,1.4,5.9,0.0,,No,,,,
250010121011,Yarmouth,1624.0,0.801,YARMOUTH WATER DEPARTMENT,1.4,5.9,0.199,0.214,No,,,,
250010121012,Yarmouth,1116.0,0.969,YARMOUTH WATER DEPARTMENT,1.4,5.9,0.031,0.106,Yes,Minority,30.9,0.0,98664.0
250010121013,Yarmouth,970.0,0.768,YARMOUTH WATER DEPARTMENT,1.4,5.9,0.232,0.312,No,,,,
250010121014,Yarmouth,820.0,0.943,YARMOUTH WATER DEPARTMENT,1.4,5.9,0.057,0.264,Yes,Minority,32.2,0.0,56101.0
250010121015,Yarmouth,1078.0,1.0,YARMOUTH WATER DEPARTMENT,1.4,5.9,0.0,,No,,,,
250010121021,Yarmouth,799.0,0.82,YARMOUTH WATER DEPARTMENT,1.4,5.9,0.18,0.248,Yes,Income,23.9,2.7,39141.0
250010121022,Yarmouth,710.0,0.963,YARMOUTH WATER DEPARTMENT,1.4,5.9,0.037,0.024,No,,,,
250010121023,Yarmouth,605.0,1.0,YARMOUTH WATER DEPARTMENT,1.4,5.9,0.0,,Yes,Income,19.3,0.0,47963.0
250010121024,Yarmouth,1155.0,0.985,YARMOUTH WATER DEPARTMENT,1.4,5.9,0.015,0.273,Yes,Minority,33.7,0.0,62438.0
250010122001,Barnstable,1406.0,1.0,BARNSTABLE FIRE DISTRICT,1.2,15.8,0.0,,No,,,,
250010122002,Barnstable,854.0,0.967,BARNSTABLE FIRE DISTRICT,1.2,15.8,0.033,0.049,No,,,,
250010122003,Barnstable,2217.0,0.0,,,,1.0,0.112,No,,,,
250010122004,Barnstable,578.0,1.0,BARNSTABLE FIRE DISTRICT,1.2,15.8,0.0,,No,,,,
250010125021,Barnstable,807.0,0.875,"HYANNIS WATER SYSTEM, TOWN OF BARNSTABLE",0.0,14.9,0.125,0.251,No,,,,
250010125022,Barnstable,947.0,1.0,"HYANNIS WATER SYSTEM, TOWN OF BARNSTABLE",0.0,14.9,0.0,,Yes,Minority and income,39.7,1.6,35023.0
250010125023,Barnstable,1040.0,1.0,"HYANNIS WATER SYSTEM, TOWN OF BARNSTABLE",0.0,14.9,0.0,,Yes,Minority and English isolation,34.3,25.5,64286.0
250010125024,Barnstable,915.0,1.0,"HYANNIS WATER SYSTEM, TOWN OF BARNSTABLE",0.0,14.9,0.0,,Yes,Minority,47.5,10.4,70170.0
250010126011,Barnstable,2164.0,0.981,"HYANNIS WATER SYSTEM, TOWN OF BARNSTABLE",0.0,14.9,0.019,0.389,Yes,Minority,33.8,15.5,60919.0
250010126012,Barnstable,1134.0,0.809,"CENTERVILLE OSTERVILLE MARSTONS MILLS WD; HYANNIS WATER SYSTEM, TOWN OF BARNSTABLE",2.8,6.7,0.191,0.397,Yes,Minority,35.4,2.5,82344.0
250010126021,Barnstable,1480.0,1.0,"HYANNIS WATER SYSTEM, TOWN OF BARNSTABLE",0.0,14.9,0.0,,Yes,Minority and income,46.6,0.0,38125.0
250010126022,Barnstable,1765.0,1.0,"HYANNIS WATER SYSTEM, TOWN OF BARNSTABLE",0.0,14.9,0.0,,Yes,"Minority, income and English isolation",58.5,35.2,51214.0
250010126023,Barnstable,1284.0,1.0,"HYANNIS WATER SYSTEM, TOWN OF BARNSTABLE",0.0,14.9,0.0,,Yes,Minority,50.1,4.6,58631.0
250010126024,Barnstable,1139.0,1.0,"HYANNIS WATER SYSTEM, TOWN OF BARNSTABLE",0.0,14.9,0.0,,Yes,Minority and income,49.4,8.8,52757.0
250010127001,Barnstable,1405.0,1.0,CENTERVILLE OSTERVILLE MARSTONS MILLS WD,3.4,4.9,0.0,,No,,,,
250010127002,Barnstable,1010.0,1.0,"CENTERVILLE OSTERVILLE MARSTONS MILLS WD; HYANNIS WATER SYSTEM, TOWN OF BARNSTABLE",2.7,6.9,0.0,,No,,,,
250010127003,Barnstable,834.0,0.983,CENTERVILLE OSTERVILLE MARSTONS MILLS WD,3.4,4.9,0.017,0.226,No,,,,
250010127004,Barnstable,1393.0,0.981,"CENTERVILLE OSTERVILLE MARSTONS MILLS WD; HYANNIS WATER SYSTEM, TOWN OF BARNSTABLE",1.5,10.6,0.019,0.346,No,,,,
250010128001,Barnstable,1011.0,1.0,CENTERVILLE OSTERVILLE MARSTONS MILLS WD,3.4,4.9,0.0,,No,,,,
250010128002,Barnstable,1186.0,0.908,"BARNSTABLE FIRE DISTRICT; CENTERVILLE OSTERVILLE MARSTONS MILLS WD; HYANNIS WATER SYSTEM, TOWN OF BARNSTABLE",1.8,9.7,0.092,0.202,No,,,,
250010128003,Barnstable,1923.0,0.867,CENTERVILLE OSTERVILLE MARSTONS MILLS WD,3.4,4.9,0.133,0.206,No,,,,
250010129001,Barnstable,1165.0,1.0,CENTERVILLE OSTERVILLE MARSTONS MILLS WD,3.4,4.9,0.0,,No,,,,
250010129002,Barnstable,1501.0,1.0,CENTERVILLE OSTERVILLE MARSTONS MILLS WD,3.4,4.9,0.0,,No,,,,
250010129003,Barnstable,1707.0,1.0,CENTERVILLE OSTERVILLE MARSTONS MILLS WD,3.4,4.9,0.0,,No,,,,
250010130021,Barnstable,559.0,0.766,CENTERVILLE OSTERVILLE MARSTONS MILLS WD,3.4,4.9,0.234,0.165,No,,,,
250010130022,Barnstable,451.0,0.922,CENTERVILLE OSTERVILLE MARSTONS MILLS WD,3.4,4.9,0.078,0.238,No,,,,
250010130023,Barnstable,880.0,1.0,CENTERVILLE OSTERVILLE MARSTONS MILLS WD,3.4,4.9,0.0,,No,,,,
250010130024,Barnstable,1098.0,1.0,CENTERVILLE OSTERVILLE MARSTONS MILLS WD,3.4,4.9,0.0,,No,,,,
250010131001,Barnstable,1319.0,1.0,CENTERVILLE OSTERVILLE MARSTONS MILLS WD,3.4,4.9,0.0,,No,,,,
250010131002,Barnstable,2343.0,1.0,CENTERVILLE OSTERVILLE MARSTONS MILLS WD,3.4,4.9,0.0,,No,,,,
250010131003,Barnstable,694.0,0.102,CENTERVILLE OSTERVILLE MARSTONS MILLS WD,3.4,4.9,0.898,0.174,No,,,,
250010131004,Barnstable,1613.0,0.896,CENTERVILLE OSTERVILLE MARSTONS MILLS WD,3.4,4.9,0.104,0.264,No,,,,
250010132001,Barnstable,1264.0,1.0,COTUIT FIRE DISTRICT  WATER DEPARTMENT,1.9,2.4,0.0,,No,,,,
250010132002,Barnstable,2693.0,0.745,CENTERVILLE OSTERVILLE MARSTONS MILLS WD; COTUIT FIRE DISTRICT  WATER DEPARTMENT,2.5,3.4,0.255,0.212,No,,,,
250010132003,Barnstable,1180.0,0.564,CENTERVILLE OSTERVILLE MARSTONS MILLS WD; COTUIT FIRE DISTRICT  WATER DEPARTMENT,2.7,3.7,0.436,0.168,No,,,,
250010133001,Sandwich,866.0,0.696,NORTH SAGAMORE WATER DISTRICT; SANDWICH WATER DISTRICT,1.0,2.2,0.304,0.207,No,,,,
250010133002,Sandwich,1019.0,1.0,SANDWICH WATER DISTRICT,0.9,2.2,0.0,,No,,,,
250010133003,Sandwich,1390.0,1.0,SANDWICH WATER DISTRICT,0.9,2.2,0.0,,No,,,,
250010134001,Sandwich,764.0,1.0,SANDWICH WATER DISTRICT,0.9,2.2,0.0,,No,,,,
250010134002,Sandwich,803.0,1.0,SANDWICH WATER DISTRICT,0.9,2.2,0.0,,No,,,,
250010134003,Sandwich,1490.0,0.304,SANDWICH WATER DISTRICT,0.9,2.2,0.696,0.122,No,,,,
250010134004,Sandwich,836.0,0.0,,,,1.0,0.116,No,,,,
250010135001,Sandwich,1721.0,0.512,SANDWICH WATER DISTRICT,0.9,2.2,0.488,0.136,No,,,,
250010135002,Sandwich,1322.0,1.0,SANDWICH WATER DISTRICT,0.9,2.2,0.0,,No,,,,
250010135003,Sandwich,2826.0,0.683,MASHPEE WATER DISTRICT; SANDWICH WATER DISTRICT,0.9,2.4,0.317,0.246,No,,,,
250010135004,Sandwich,1015.0,0.5,SANDWICH WATER DISTRICT,0.9,2.2,0.5,0.201,No,,,,
250010136001,Sandwich,2628.0,1.0,SANDWICH WATER DISTRICT,0.9,2.2,0.0,,No,,,,
250010136002,Sandwich,2461.0,1.0,SANDWICH WATER DISTRICT,0.9,2.2,0.0,,No,,,,
250010136003,Sandwich,1114.0,1.0,SANDWICH WATER DISTRICT,0.9,2.2,0.0,,No,,,,
250010137001,Bourne,1576.0,0.31,BUZZARDS BAY WATER DISTRICT; NORTH SAGAMORE WATER DISTRICT,0.0,0.5,0.69,0.108,No,,,,
250010137002,Bourne,731.0,0.714,BUZZARDS BAY WATER DISTRICT,0.0,0.5,0.286,0.124,No,,,,
250010137003,Bourne,986.0,1.0,BUZZARDS BAY WATER DISTRICT,0.0,0.5,0.0,,No,,,,
250010137004,Bourne,2142.0,0.877,BUZZARDS BAY WATER DISTRICT,0.0,0.5,0.123,0.163,No,,,,
250010138001,Bourne,2609.0,0.615,NORTH SAGAMORE WATER DISTRICT,2.6,2.9,0.385,0.155,No,,,,
250010138002,Bourne,1486.0,0.962,NORTH SAGAMORE WATER DISTRICT,2.6,2.9,0.038,0.174,No,,,,
250010138003,Bourne,959.0,0.641,BOURNE WATER DISTRICT,0.0,2.2,0.359,0.099,No,,,,
250010139001,Bourne,596.0,0.987,BOURNE WATER DISTRICT,0.0,2.2,0.013,0.081,Yes,Income,4.7,0.0,42569.0
250010139002,Bourne,1279.0,0.922,BOURNE WATER DISTRICT,0.0,2.2,0.078,0.108,No,,,,
250010139003,Bourne,1807.0,0.786,BOURNE WATER DISTRICT,0.0,2.2,0.214,0.123,No,,,,
250010139004,Bourne,1208.0,0.698,BOURNE WATER DISTRICT; SCHOONER PASS TRUSTEES CONDOMINIUMS,0.0,2.2,0.302,0.113,No,,,,
250010140021,Bourne,1057.0,0.764,BOURNE WATER DISTRICT,0.0,2.2,0.236,0.105,No,,,,
250010140022,Bourne,1855.0,0.769,BOURNE WATER DISTRICT,0.0,2.2,0.231,0.111,No,,,,
250010140023,Bourne,713.0,0.362,BOURNE WATER DISTRICT,0.0,2.2,0.638,0.13,Yes,Income,4.5,0.0,31266.0
250010140024,Bourne,659.0,0.886,BOURNE WATER DISTRICT,0.0,2.2,0.114,0.139,No,,,,
250010141001,Bourne,797.0,0.787,BARNSTABLE COUNTY JAIL; OTIS AIR NATIONAL GUARD BASE,1.7,3.1,0.213,0.141,Yes,Minority and income,32.5,0.0,53108.0
250010143001,Falmouth,891.0,0.982,FALMOUTH WATER DEPT,0.3,58.0,0.018,0.165,No,,,,
250010143002,Falmouth,824.0,0.987,FALMOUTH WATER DEPT,0.3,58.0,0.013,0.182,No,,,,
250010143003,Falmouth,693.0,0.988,FALMOUTH WATER DEPT,0.3,58.0,0.012,0.072,No,,,,
250010143004,Falmouth,1133.0,1.0,FALMOUTH WATER DEPT,0.3,58.0,0.0,,No,,,,
250010143005,Falmouth,1052.0,0.971,FALMOUTH WATER DEPT,0.3,58.0,0.029,0.113,No,,,,
250010144021,Falmouth,2253.0,0.948,FALMOUTH WATER DEPT,0.3,58.0,0.052,0.073,No,,,,
250010144022,Falmouth,2322.0,0.859,FALMOUTH WATER DEPT,0.3,58.0,0.141,0.154,No,,,,
250010144023,Falmouth,2626.0,1.0,FALMOUTH WATER DEPT,0.3,58.0,0.0,,No,,,,
250010145001,Falmouth,1645.0,0.851,FALMOUTH WATER DEPT,0.3,58.0,0.149,0.262,No,,,,
250010145002,Falmouth,2500.0,0.888,FALMOUTH WATER DEPT,0.3,58.0,0.112,0.315,No,,,,
250010145003,Falmouth,1336.0,1.0,FALMOUTH WATER DEPT,0.3,58.0,0.0,,Yes,Income,12.0,0.0,49643.0
250010146001,Falmouth,1120.0,1.0,FALMOUTH WATER DEPT,0.3,58.0,0.0,,No,,,,
250010146002,Falmouth,1299.0,1.0,FALMOUTH WATER DEPT,0.3,58.0,0.0,,Yes,Income,18.4,0.0,53571.0
250010146003,Falmouth,597.0,0.724,FALMOUTH WATER DEPT,0.3,58.0,0.276,0.096,No,,,,
250010146004,Falmouth,1362.0,1.0,FALMOUTH WATER DEPT,0.3,58.0,0.0,,No,,,,
250010147001,Falmouth,667.0,1.0,FALMOUTH WATER DEPT,0.3,58.0,0.0,,No,,,,
250010147002,Falmouth,1237.0,1.0,FALMOUTH WATER DEPT,0.3,58.0,0.0,,Yes,Income,14.0,0.0,55057.0
250010147003,Falmouth,1742.0,1.0,FALMOUTH WATER DEPT,0.3,58.0,0.0,,No,,,,
250010148001,Falmouth,861.0,1.0,FALMOUTH WATER DEPT,0.3,58.0,0.0,,Yes,Income,13.5,0.0,29583.0
250010148002,Falmouth,882.0,1.0,FALMOUTH WATER DEPT,0.3,58.0,0.0,,No,,,,
250010148003,Falmouth,1128.0,1.0,FALMOUTH WATER DEPT,0.3,58.0,0.0,,Yes,Income,12.9,1.0,27396.0
250010148004,Falmouth,720.0,1.0,FALMOUTH WATER DEPT,0.3,58.0,0.0,,No,,,,
250010149001,Falmouth,586.0,0.8,FALMOUTH WATER DEPT,0.3,58.0,0.2,0.063,No,,,,
250010149002,Falmouth,904.0,0.978,FALMOUTH WATER DEPT,0.3,58.0,0.022,0.065,No,,,,
250010149003,Falmouth,819.0,1.0,FALMOUTH WATER DEPT,0.3,58.0,0.0,,No,,,,
250010149004,Falmouth,1318.0,1.0,FALMOUTH WATER DEPT,0.3,58.0,0.0,,No,,,,
250010150011,Mashpee,2266.0,0.78,MASHPEE WATER DISTRICT,0.6,6.6,0.22,0.181,No,,,,
250010150012,Mashpee,2183.0,1.0,MASHPEE WATER DISTRICT,0.6,6.6,0.0,,No,,,,
250010150021,Mashpee,2835.0,0.986,MASHPEE WATER DISTRICT,0.6,6.6,0.014,0.188,No,,,,
250010150022,Mashpee,1312.0,1.0,MASHPEE WATER DISTRICT,0.6,6.6,0.0,,Yes,Minority,25.6,0.0,70129.0
250010151001,Mashpee,2053.0,0.984,MASHPEE WATER DISTRICT,0.6,6.6,0.016,0.25,No,,,,
250010151002,Mashpee,2140.0,0.986,MASHPEE WATER DISTRICT,0.6,6.6,0.014,0.38,No,,,,
250010152001,Mashpee,1156.0,0.937,MASHPEE WATER DISTRICT,0.6,6.6,0.063,0.062,No,,,,
250010152002,Mashpee,1111.0,0.994,MASHPEE WATER DISTRICT,0.6,6.6,0.006,0.155,No,,,,
250010153001,Barnstable,1113.0,0.984,"BARNSTABLE FIRE DISTRICT; HYANNIS WATER SYSTEM, TOWN OF BARNSTABLE",0.4,15.3,0.016,0.117,Yes,Minority and income,53.5,15.0,54000.0
250010153002,Barnstable,1350.0,0.992,"HYANNIS WATER SYSTEM, TOWN OF BARNSTABLE",0.0,14.9,0.008,0.284,Yes,Minority and income,42.1,11.5,26339.0
250010153003,Barnstable,1494.0,1.0,"HYANNIS WATER SYSTEM, TOWN OF BARNSTABLE",0.0,14.9,0.0,,Yes,Minority and income,53.1,17.9,43750.0
250039001001,Pittsfield,982.0,1.0,PITTSFIELD DPU WATER DEPT,0.0,0.0,0.0,,Yes,Minority and income,33.1,2.7,28929.0
250039001002,Pittsfield,842.0,1.0,PITTSFIELD DPU WATER DEPT,0.0,0.0,0.0,,Yes,Minority and income,41.8,3.3,28094.0
250039001003,Pittsfield,1582.0,1.0,PITTSFIELD DPU WATER DEPT,0.0,0.0,0.0,,Yes,Minority and income,28.7,2.0,20833.0
250039002001,Pittsfield,660.0,1.0,PITTSFIELD DPU WATER DEPT,0.0,0.0,0.0,,Yes,Minority and income,27.1,0.0,32054.0
250039002002,Pittsfield,642.0,1.0,PITTSFIELD DPU WATER DEPT,0.0,0.0,0.0,,Yes,Minority and income,38.5,0.0,49773.0
250039002003,Pittsfield,892.0,1.0,PITTSFIELD DPU WATER DEPT,0.0,0.0,0.0,,Yes,Minority and income,38.2,2.0,24948.0
250039002004,Pittsfield,657.0,1.0,PITTSFIELD DPU WATER DEPT,0.0,0.0,0.0,,Yes,Minority,40.8,0.0,70375.0
250039002005,Pittsfield,790.0,1.0,PITTSFIELD DPU WATER DEPT,0.0,0.0,0.0,,Yes,Minority and income,35.8,0.0,53125.0
250039002006,Pittsfield,619.0,1.0,PITTSFIELD DPU WATER DEPT,0.0,0.0,0.0,,Yes,Minority and income,41.0,0.0,36250.0
250039003001,Pittsfield,1047.0,1.0,PITTSFIELD DPU WATER DEPT,0.0,0.0,0.0,,No,,,,
250039003002,Pittsfield,792.0,1.0,PITTSFIELD DPU WATER DEPT,0.0,0.0,0.0,,Yes,Minority,34.8,0.0,59129.0
250039003003,Pittsfield,1009.0,1.0,PITTSFIELD DPU WATER DEPT,0.0,0.0,0.0,,No,,,,
250039004001,Pittsfield,1237.0,0.322,PITTSFIELD DPU WATER DEPT,0.0,0.0,0.678,0.101,No,,,,
250039004002,Pittsfield,1117.0,1.0,PITTSFIELD DPU WATER DEPT,0.0,0.0,0.0,,Yes,Minority and income,27.7,0.0,50208.0
250039004003,Pittsfield,1193.0,0.437,PITTSFIELD DPU WATER DEPT,0.0,0.0,0.563,0.081,No,,,,
250039004004,Pittsfield,1195.0,0.76,PITTSFIELD DPU WATER DEPT,0.0,0.0,0.24,0.105,No,,,,
250039005001,Pittsfield,1143.0,1.0,PITTSFIELD DPU WATER DEPT,0.0,0.0,0.0,,No,,,,
250039005002,Pittsfield,2123.0,0.717,PITTSFIELD DPU WATER DEPT,0.0,0.0,0.283,0.059,No,,,,
250039006001,Pittsfield,647.0,1.0,PITTSFIELD DPU WATER DEPT,0.0,0.0,0.0,,Yes,Minority,26.3,0.0,70774.0
250039006002,Pittsfield,664.0,1.0,PITTSFIELD DPU WATER DEPT,0.0,0.0,0.0,,Yes,Minority and income,44.3,1.9,29137.0
250039006003,Pittsfield,603.0,1.0,PITTSFIELD DPU WATER DEPT,0.0,0.0,0.0,,Yes,Minority and income,32.7,3.4,20451.0
250039006004,Pittsfield,1160.0,1.0,PITTSFIELD DPU WATER DEPT,0.0,0.0,0.0,,Yes,Minority and income,40.2,3.3,23990.0
250039006005,Pittsfield,1116.0,1.0,PITTSFIELD DPU WATER DEPT,0.0,0.0,0.0,,Yes,Minority and income,47.4,0.0,21033.0
250039007001,Pittsfield,601.0,1.0,PITTSFIELD DPU WATER DEPT,0.0,0.0,0.0,,Yes,Income,14.0,0.0,41250.0
250039007002,Pittsfield,647.0,1.0,PITTSFIELD DPU WATER DEPT,0.0,0.0,0.0,,No,,,,
250039007003,Pittsfield,720.0,0.825,PITTSFIELD DPU WATER DEPT,0.0,0.0,0.175,0.107,No,,,,
250039007004,Pittsfield,852.0,0.938,PITTSFIELD DPU WATER DEPT,0.0,0.0,0.062,0.082,No,,,,
250039008001,Pittsfield,1069.0,0.616,PITTSFIELD DPU WATER DEPT,0.0,0.0,0.384,0.095,No,,,,
250039008002,Pittsfield,730.0,0.325,PITTSFIELD DPU WATER DEPT,0.0,0.0,0.675,0.075,No,,,,
250039008003,Pittsfield,767.0,0.57,PITTSFIELD DPU WATER DEPT,0.0,0.0,0.43,0.087,No,,,,
250039008004,Pittsfield,1462.0,1.0,PITTSFIELD DPU WATER DEPT,0.0,0.0,0.0,,Yes,Income,13.7,2.3,49856.0
250039008005,Pittsfield,753.0,1.0,PITTSFIELD DPU WATER DEPT,0.0,0.0,0.0,,No,,,,
250039009001,Pittsfield,853.0,1.0,PITTSFIELD DPU WATER DEPT,0.0,0.0,0.0,,No,,,,
250039009002,Pittsfield,1083.0,1.0,PITTSFIELD DPU WATER DEPT,0.0,0.0,0.0,,Yes,Minority and income,30.3,0.0,41400.0
250039009003,Pittsfield,962.0,1.0,PITTSFIELD DPU WATER DEPT,0.0,0.0,0.0,,Yes,Minority and income,24.9,0.0,47596.0
250039009004,Pittsfield,1644.0,1.0,PITTSFIELD DPU WATER DEPT,0.0,0.0,0.0,,No,,,,
250039009005,Pittsfield,589.0,0.856,PITTSFIELD DPU WATER DEPT,0.0,0.0,0.144,0.137,No,,,,
250039011001,Pittsfield,664.0,1.0,PITTSFIELD DPU WATER DEPT,0.0,0.0,0.0,,No,,,,
250039011002,Pittsfield,819.0,1.0,PITTSFIELD DPU WATER DEPT,0.0,0.0,0.0,,No,,,,
250039011003,Pittsfield,2050.0,0.548,PITTSFIELD DPU WATER DEPT,0.0,0.0,0.452,0.096,Yes,Income,15.0,0.9,33083.0
250039111001,Lanesborough,1413.0,0.11,LANESBOROUGH FIRE AND WATER DISTRICT,4.0,128.6,0.89,0.059,No,,,,
250039111002,Lanesborough,866.0,0.632,LANESBOROUGH FIRE AND WATER DISTRICT,4.0,128.6,0.368,0.082,No,,,,
250039111003,Lanesborough,759.0,0.304,LANESBOROUGH FIRE AND WATER DISTRICT,4.0,128.6,0.696,0.069,No,,,,
250039121001,Dalton,1131.0,0.973,DALTON FIRE DISTRICT,0.0,0.0,0.027,0.078,No,,,,
250039121002,Dalton,853.0,1.0,DALTON FIRE DISTRICT,0.0,0.0,0.0,,Yes,Income,8.9,0.0,48564.0
250039121003,Dalton,582.0,1.0,DALTON FIRE DISTRICT,0.0,0.0,0.0,,Yes,Income,10.0,9.3,49167.0
250039121004,Dalton,819.0,1.0,DALTON FIRE DISTRICT,0.0,0.0,0.0,,Yes,Income,6.7,0.0,50667.0
250039121005,Dalton,547.0,0.835,DALTON FIRE DISTRICT,0.0,0.0,0.165,0.088,No,,,,
250039121006,Dalton,1219.0,0.279,DALTON FIRE DISTRICT,0.0,0.0,0.721,0.065,No,,,,
250039121007,Dalton,1179.0,0.286,DALTON FIRE DISTRICT,0.0,0.0,0.714,0.075,No,,,,
250039131001,Lenox,600.0,0.295,LENOX DPW WATER DIVISION,0.0,0.0,0.705,0.075,No,,,,
250039131002,Lenox,755.0,0.22,LENOX DPW WATER DIVISION,0.0,0.0,0.78,0.083,No,,,,
250039131003,Lenox,869.0,0.372,LENOX DPW WATER DIVISION,0.0,0.0,0.628,0.096,No,,,,
250039131004,Lenox,473.0,0.605,LENOX DPW WATER DIVISION,0.0,0.0,0.395,0.163,Yes,Income,8.0,0.0,36875.0
250039131005,Lenox,1045.0,0.967,LENOX DPW WATER DIVISION,0.0,0.0,0.033,0.146,Yes,Income,4.7,0.0,48182.0
250039131006,Lenox,600.0,0.64,LENOX DPW WATER DIVISION,0.0,0.0,0.36,0.163,No,,,,
250039131007,Lenox,753.0,1.0,LENOX DPW WATER DIVISION,0.0,0.0,0.0,,No,,,,
250039141001,Lee,1191.0,0.417,HIGH LAWN FARM; LEE WATER DEPT,0.0,0.0,0.583,0.128,No,,,,
250039141002,Lee,924.0,1.0,LEE WATER DEPT,0.0,0.0,0.0,,No,,,,
250039141003,Lee,956.0,1.0,LEE WATER DEPT,0.0,0.0,0.0,,Yes,Income,15.8,0.0,55144.0
250039141004,Lee,1191.0,0.712,LEE WATER DEPT,0.0,0.0,0.288,0.063,No,,,,
250039141005,Lee,1085.0,0.571,LEE WATER DEPT,0.0,0.0,0.429,0.056,No,,,,
250039141006,Lee,441.0,0.358,LEE WATER DEPT,0.0,0.0,0.642,0.052,No,,,,
250039201011,Williamstown,732.0,0.689,WILLIAMSTOWN WATER DEPT,0.0,0.0,0.311,0.056,No,,,,
250039201012,Williamstown,1333.0,0.68,WILLIAMSTOWN WATER DEPT,0.0,0.0,0.32,0.072,No,,,,
250039201013,Williamstown,1815.0,1.0,WILLIAMSTOWN WATER DEPT,0.0,0.0,0.0,,Yes,Minority,32.9,0.0,101833.0
250039201014,Williamstown,621.0,0.915,WILLIAMSTOWN WATER DEPT,0.0,0.0,0.085,0.109,No,,,,
250039201021,Williamstown,897.0,0.084,WAUBEEKA SPRINGS; WILLIAMSTOWN WATER DEPT,0.0,0.0,0.916,0.053,No,,,,
250039201022,Williamstown,2115.0,0.754,WILLIAMSTOWN WATER DEPT,0.0,0.0,0.246,0.1,No,,,,
250039213001,North Adams,1252.0,0.669,NORTH ADAMS WATER DEPT,0.0,0.0,0.331,0.091,No,,,,
250039213002,North Adams,2145.0,0.862,NORTH ADAMS WATER DEPT,0.0,0.0,0.138,0.081,Yes,Income,14.7,4.1,42461.0
250039213003,North Adams,1439.0,1.0,NORTH ADAMS WATER DEPT,0.0,0.0,0.0,,Yes,Income,22.3,0.0,29922.0
250039214001,North Adams,698.0,0.252,NORTH ADAMS WATER DEPT,0.0,0.0,0.748,0.062,Yes,Income,11.9,0.0,34000.0
250039214002,North Adams,764.0,0.462,NORTH ADAMS WATER DEPT,0.0,0.0,0.538,0.096,Yes,Income,14.1,3.1,46349.0
250039215001,North Adams,915.0,0.717,NORTH ADAMS WATER DEPT,0.0,0.0,0.283,0.097,Yes,Income,10.8,0.0,51746.0
250039215002,North Adams,2020.0,0.685,NORTH ADAMS WATER DEPT,0.0,0.0,0.315,0.089,Yes,Income,13.2,0.0,45347.0
250039221001,Adams,653.0,1.0,ADAMS FIRE DISTRICT,0.0,0.0,0.0,,No,,,,
250039221002,Adams,717.0,1.0,ADAMS FIRE DISTRICT,0.0,0.0,0.0,,Yes,Income,9.3,0.0,35000.0
250039221003,Adams,1259.0,1.0,ADAMS FIRE DISTRICT,0.0,0.0,0.0,,Yes,Income,13.3,2.8,38409.0
250039222001,Adams,752.0,0.612,ADAMS FIRE DISTRICT,0.0,0.0,0.388,0.053,No,,,,
250039222002,Adams,995.0,1.0,ADAMS FIRE DISTRICT,0.0,0.0,0.0,,Yes,Income,9.1,0.0,44487.0
250039222003,Adams,1768.0,0.782,ADAMS FIRE DISTRICT,0.0,0.0,0.218,0.087,Yes,Income,10.1,0.7,44457.0
250039223001,Adams,983.0,0.625,ADAMS FIRE DISTRICT,0.0,0.0,0.375,0.086,Yes,Income,12.0,0.0,54680.0
250039223002,Adams,1039.0,0.397,ADAMS FIRE DISTRICT,0.0,0.0,0.603,0.083,Yes,Income,8.3,3.9,53060.0
250039231001,Cheshire,894.0,0.833,CHESHIRE WATER DEPT,0.0,0.0,0.167,0.084,No,,,,
250039231002,Cheshire,1108.0,0.122,HUTCHINSON WATER LLC,0.0,0.0,0.878,0.064,No,,,,
250039231003,Cheshire,1256.0,0.184,ADAMS FIRE DISTRICT; BERKSHIRE ESTATES; CHESHIRE WATER DEPT,0.0,0.0,0.816,0.053,No,,,,
250039241001,Stockbridge,627.0,0.128,HIGH LAWN FARM; STOCKBRIDGE WATER DEPT; WHITE PINES CONDOMINIUMS,0.0,1.5,0.872,0.081,No,,,,
250039241002,Stockbridge,842.0,0.381,HERON POND AT STOCKBRIDGE; STOCKBRIDGE WATER DEPT,0.1,2.5,0.619,0.07,Yes,Income,8.8,0.0,31875.0
250039241003,Stockbridge,549.0,0.39,STOCKBRIDGE WATER DEPT,0.0,2.4,0.61,0.045,No,,,,
250039251011,Great Barrington,647.0,0.935,HOUSATONIC WATER WORKS,0.0,0.0,0.065,0.093,Yes,Income,14.5,0.0,53654.0
250039251012,Great Barrington,1027.0,0.514,HOUSATONIC WATER WORKS,0.0,0.0,0.486,0.065,No,,,,
250039251021,Great Barrington,2158.0,0.263,BARD COLLEGE AT SIMONS ROCK; GREAT BARRINGTON FIRE DIST; HOUSATONIC WATER WORKS,0.0,0.0,0.737,0.117,No,,,,
250039251022,Great Barrington,738.0,0.709,GREAT BARRINGTON FIRE DIST,0.0,0.0,0.291,0.158,Yes,Minority,25.1,0.0,60625.0
250039251023,Great Barrington,613.0,0.878,GREAT BARRINGTON FIRE DIST,0.0,0.0,0.122,0.097,No,,,,
250039251024,Great Barrington,728.0,0.799,GREAT BARRINGTON FIRE DIST,0.0,0.0,0.201,0.08,Yes,Income,18.4,0.0,38333.0
250039251025,Great Barrington,1261.0,0.111,GREAT BARRINGTON FIRE DIST,0.0,0.0,0.889,0.058,No,,,,
250039261001,Sheffield,1215.0,0.044,AQUARION WATER COMPANY,0.0,0.0,0.956,0.041,No,,,,
250039261002,Sheffield,508.0,0.049,AQUARION WATER COMPANY,0.0,0.0,0.951,0.054,Yes,Income,8.3,0.0,49071.0
250039261003,Sheffield,795.0,0.009,AQUARION WATER COMPANY,0.0,0.0,0.991,0.05,No,,,,
250039261004,Sheffield,809.0,0.0,,,,1.0,0.057,No,,,,
250039311001,Clarksburg,668.0,0.144,NORTH ADAMS WATER DEPT,0.0,0.0,0.856,0.096,No,,,,
250039311002,Clarksburg,989.0,0.013,BRIGGSVILLE WATER DISTRICT,0.0,0.0,0.987,0.068,No,,,,
250039313001,Florida,694.0,0.0,,,,1.0,0.042,No,,,,
250039313002,Savoy,645.0,0.0,,,,1.0,0.074,Yes,Income,8.2,0.0,47200.0
250039314001,Windsor,831.0,0.0,,,,1.0,0.042,No,,,,
250039314002,Peru,814.0,0.0,,,,1.0,0.043,No,,,,
250039322001,Washington,494.0,0.0,,,,1.0,0.039,No,,,,
250039322002,Becket,1199.0,0.0,,,,1.0,0.081,Yes,Income,7.9,0.3,50270.0
250039322003,Becket,732.0,0.0,,,,1.0,0.062,No,,,,
250039323001,Hinsdale,574.0,0.441,HINSDALE WATER DEPT,0.0,0.0,0.559,0.078,Yes,Income,4.2,0.0,54241.0
250039323002,Hinsdale,1345.0,0.039,ASHMERE WATER SERVICE; HINSDALE WATER DEPT,0.0,0.0,0.961,0.052,No,,,,
250039332001,Tyringham,427.0,0.0,,,,1.0,0.038,No,,,,
250039332002,Monterey,1095.0,0.089,GOULD FARM,0.0,0.0,0.911,0.047,No,,,,
250039333001,New Marlborough,869.0,0.017,MILL RIVER WATER TAKERS ASSOCIATION,2.4,3.9,0.983,0.044,No,,,,
250039333002,New Marlborough,659.0,0.0,,,,1.0,0.04,No,,,,
250039334001,Otis,753.0,0.0,,,,1.0,0.075,No,,,,
250039334002,Otis,881.0,0.0,,,,1.0,0.067,No,,,,
250039334003,Sandisfield,989.0,0.0,,,,1.0,0.042,No,,,,
250039342001,West Stockbridge,559.0,0.233,WEST STOCKBRIDGE WATER DEPT,0.0,0.0,0.767,0.077,No,,,,
250039342002,West Stockbridge,784.0,0.0,,,,1.0,0.049,No,,,,
250039343001,Alford,486.0,0.0,,,,1.0,0.059,No,,,,
250039343002,Mount Washington,1532.0,0.027,EGREMONT WATER DEPT,0.0,0.0,0.973,0.092,No,,,,
250039351001,New Ashford,250.0,0.0,,,,1.0,0.044,No,,,,
250039351002,Hancock,757.0,0.021,BEAVER POND MEADOWS; JIMINY PEAK RESORT,0.0,0.0,0.979,0.064,No,,,,
250039351003,Richmond,829.0,0.021,VIEW DRIVE WATER ASSOCIATION,0.0,0.0,0.979,0.079,No,,,,
250039351004,Richmond,578.0,0.0,,,,1.0,0.08,No,,,,
250039352001,Pittsfield,1452.0,0.424,PITTSFIELD DPU WATER DEPT,0.0,0.0,0.576,0.123,Yes,Income,17.4,4.7,54254.0
250039352002,Pittsfield,1051.0,0.437,PITTSFIELD DPU WATER DEPT,0.0,0.0,0.563,0.116,No,,,,
250039352003,Pittsfield,968.0,1.0,PITTSFIELD DPU WATER DEPT,0.0,0.0,0.0,,No,,,,
250039352004,Pittsfield,654.0,1.0,PITTSFIELD DPU WATER DEPT,0.0,0.0,0.0,,No,,,,
250039352005,Pittsfield,825.0,0.674,PITTSFIELD DPU WATER DEPT,0.0,0.0,0.326,0.12,No,,,,
250039353001,North Adams,981.0,0.726,NORTH ADAMS WATER DEPT,0.0,0.0,0.274,0.089,No,,,,
250039353002,North Adams,1008.0,0.55,NORTH ADAMS WATER DEPT,0.0,0.0,0.45,0.141,Yes,Income,14.3,0.0,55139.0
250039353003,North Adams,1739.0,0.927,NORTH ADAMS WATER DEPT,0.0,0.0,0.073,0.144,Yes,Income,13.6,0.0,38656.0
250056001001,Easton,2306.0,1.0,EASTON WATER DIV,3.5,24.1,0.0,,No,,,,
250056001002,Easton,1724.0,1.0,EASTON WATER DIV,3.5,24.1,0.0,,No,,,,
250056002021,Easton,2914.0,1.0,EASTON WATER DIV,3.5,24.1,0.0,,No,,,,
250056002022,Easton,908.0,1.0,EASTON WATER DIV,3.5,24.1,0.0,,No,,,,
250056002023,Easton,992.0,0.597,EASTON WATER DIV,3.5,24.1,0.403,0.212,No,,,,
250056002031,Easton,1855.0,1.0,EASTON WATER DIV,3.5,24.1,0.0,,No,,,,
250056002032,Easton,992.0,0.721,EASTON WATER DIV,3.5,24.1,0.279,0.163,No,,,,
250056002033,Easton,1380.0,1.0,EASTON WATER DIV,3.5,24.1,0.0,,No,,,,
250056002034,Easton,2159.0,0.981,EASTON WATER DIV,3.5,24.1,0.019,0.226,No,,,,
250056002041,Easton,1899.0,1.0,EASTON WATER DIV,3.5,24.1,0.0,,No,,,,
250056002042,Easton,2196.0,0.731,EASTON WATER DIV,3.5,24.1,0.269,0.208,No,,,,
250056101001,Mansfield,1933.0,1.0,MANSFIELD WATER DIVISION,1.0,14.6,0.0,,No,,,,
250056101002,Mansfield,2188.0,1.0,MANSFIELD WATER DIVISION,1.0,14.6,0.0,,No,,,,
250056101003,Mansfield,1238.0,1.0,MANSFIELD WATER DIVISION,1.0,14.6,0.0,,No,,,,
250056102021,Mansfield,1972.0,0.938,MANSFIELD WATER DIVISION,1.0,14.6,0.062,0.282,No,,,,
250056102022,Mansfield,1190.0,1.0,MANSFIELD WATER DIVISION,1.0,14.6,0.0,,No,,,,
250056102023,Mansfield,1514.0,0.826,ATTLEBORO WATER DEPT; MANSFIELD WATER DIVISION,1.0,14.6,0.174,0.19,No,,,,
250056102024,Mansfield,984.0,0.921,MANSFIELD WATER DIVISION,1.0,14.6,0.079,0.104,No,,,,
250056102031,Mansfield,1032.0,0.96,MANSFIELD WATER DIVISION,1.0,14.6,0.04,0.11,No,,,,
250056102032,Mansfield,775.0,1.0,MANSFIELD WATER DIVISION,1.0,14.6,0.0,,No,,,,
250056102033,Mansfield,2175.0,1.0,MANSFIELD WATER DIVISION,1.0,14.6,0.0,,No,,,,
250056102034,Mansfield,1332.0,1.0,MANSFIELD WATER DIVISION,1.0,14.6,0.0,,No,,,,
250056102035,Mansfield,1504.0,1.0,MANSFIELD WATER DIVISION,1.0,14.6,0.0,,No,,,,
250056102041,Mansfield,1985.0,0.65,MANSFIELD WATER DIVISION,1.0,14.6,0.35,0.288,No,,,,
250056102042,Mansfield,2023.0,1.0,MANSFIELD WATER DIVISION,1.0,14.6,0.0,,Yes,Minority,24.8,0.0,73080.0
250056102043,Mansfield,2015.0,0.973,MANSFIELD WATER DIVISION,1.0,14.6,0.027,0.308,Yes,Minority,34.8,0.0,73859.0
250056111011,Norton,3312.0,0.837,NORTON WATER DEPARTMENT,17.0,17.1,0.163,0.226,No,,,,
250056111012,Norton,1800.0,0.772,NORTON WATER DEPARTMENT,17.0,17.1,0.228,0.193,No,,,,
250056111021,Norton,2785.0,1.0,NORTON WATER DEPARTMENT,17.0,17.1,0.0,,No,,,,
250056111022,Norton,2192.0,0.952,NORTON WATER DEPARTMENT,17.0,17.1,0.048,0.189,No,,,,
250056112011,Norton,832.0,1.0,NORTON WATER DEPARTMENT,17.0,17.1,0.0,,No,,,,
250056112012,Norton,2157.0,0.769,NORTON WATER DEPARTMENT,17.0,17.1,0.231,0.111,No,,,,
250056112021,Norton,2822.0,0.651,NORTON WATER DEPARTMENT,17.0,17.1,0.349,0.173,No,,,,
250056112022,Norton,1721.0,1.0,NORTON WATER DEPARTMENT,17.0,17.1,0.0,,No,,,,
250056112023,Norton,1581.0,1.0,NORTON WATER DEPARTMENT,17.0,17.1,0.0,,No,,,,
250056121001,Raynham,1215.0,0.855,NORTH RAYNHAM WATER DISTRICT,0.6,6.6,0.145,0.291,No,,,,
250056121002,Raynham,2375.0,0.867,NORTH RAYNHAM WATER DISTRICT; RAYNHAM CENTER WATER DISTRICT,0.9,7.1,0.133,0.286,No,,,,
250056121003,Raynham,1126.0,1.0,NORTH RAYNHAM WATER DISTRICT,0.6,6.6,0.0,,No,,,,
250056122011,Raynham,2568.0,0.597,RAYNHAM CENTER WATER DISTRICT,5.9,15.1,0.403,0.316,No,,,,
250056122012,Raynham,1318.0,0.763,RAYNHAM CENTER WATER DISTRICT,5.9,15.1,0.237,0.273,No,,,,
250056122021,Raynham,986.0,0.406,RAYNHAM CENTER WATER DISTRICT; TAUNTON WATER DIVISION,3.1,7.5,0.594,0.278,No,,,,
250056122022,Raynham,2982.0,0.641,RAYNHAM CENTER WATER DISTRICT,5.9,15.1,0.359,0.279,No,,,,
250056122023,Raynham,2572.0,0.567,RAYNHAM CENTER WATER DISTRICT,5.9,15.1,0.433,0.285,No,,,,
250056131001,Taunton,1791.0,0.82,TAUNTON WATER DIVISION,1.0,2.1,0.18,0.325,Yes,Minority,25.7,0.0,55284.0
250056131002,Taunton,1933.0,0.668,TAUNTON WATER DIVISION,1.0,2.1,0.332,0.288,No,,,,
250056131003,Taunton,1730.0,0.331,TAUNTON WATER DIVISION,1.0,2.1,0.669,0.254,No,,,,
250056131004,Taunton,1258.0,0.371,TAUNTON WATER DIVISION,1.0,2.1,0.629,0.265,No,,,,
250056133001,Taunton,1941.0,0.686,TAUNTON WATER DIVISION,1.0,2.1,0.314,0.266,No,,,,
250056133002,Taunton,1831.0,0.333,TAUNTON WATER DIVISION,1.0,2.1,0.667,0.279,No,,,,
250056133003,Taunton,2008.0,0.076,TAUNTON WATER DIVISION,1.0,2.1,0.924,0.182,No,,,,
250056133004,Taunton,1775.0,1.0,TAUNTON WATER DIVISION,1.0,2.1,0.0,,No,,,,
250056134001,Taunton,2289.0,0.329,TAUNTON WATER DIVISION,1.0,2.1,0.671,0.207,No,,,,
250056134002,Taunton,1584.0,1.0,TAUNTON WATER DIVISION,1.0,2.1,0.0,,Yes,Minority,31.2,6.4,63734.0
250056136001,Taunton,1839.0,0.782,TAUNTON WATER DIVISION,1.0,2.1,0.218,0.424,Yes,Minority and income,34.7,4.8,54531.0
250056136002,Taunton,770.0,1.0,TAUNTON WATER DIVISION,1.0,2.1,0.0,,Yes,Minority,39.1,0.0,78750.0
250056136003,Taunton,1569.0,1.0,TAUNTON WATER DIVISION,1.0,2.1,0.0,,Yes,Minority and income,35.5,19.8,34078.0
250056137001,Taunton,2453.0,0.724,TAUNTON WATER DIVISION,1.0,2.1,0.276,0.324,No,,,,
250056137002,Taunton,2113.0,1.0,TAUNTON WATER DIVISION,1.0,2.1,0.0,,Yes,Minority and income,34.5,11.8,49038.0
250056138001,Taunton,1284.0,1.0,TAUNTON WATER DIVISION,1.0,2.1,0.0,,Yes,Minority and income,37.1,10.2,19327.0
250056138002,Taunton,1277.0,1.0,TAUNTON WATER DIVISION,1.0,2.1,0.0,,Yes,Minority,47.0,0.0,56618.0
250056138003,Taunton,742.0,1.0,TAUNTON WATER DIVISION,1.0,2.1,0.0,,Yes,Minority,39.4,3.9,74057.0
250056138004,Taunton,1590.0,1.0,TAUNTON WATER DIVISION,1.0,2.1,0.0,,Yes,Minority and income,43.5,8.6,26529.0
250056139011,Taunton,1310.0,1.0,TAUNTON WATER DIVISION,1.0,2.1,0.0,,Yes,Minority,35.9,4.8,93005.0
250056139012,Taunton,1615.0,1.0,TAUNTON WATER DIVISION,1.0,2.1,0.0,,Yes,Minority and income,34.8,10.8,33105.0
250056139021,Taunton,2022.0,0.522,TAUNTON WATER DIVISION,1.0,2.1,0.478,0.177,Yes,Minority,26.5,5.9,75833.0
250056139022,Taunton,2089.0,0.948,TAUNTON WATER DIVISION,1.0,2.1,0.052,0.239,Yes,Minority,30.0,10.6,57639.0
250056139023,Taunton,1652.0,0.671,TAUNTON WATER DIVISION,1.0,2.1,0.329,0.192,No,,,,
250056140001,Taunton,2151.0,1.0,TAUNTON WATER DIVISION,1.0,2.1,0.0,,Yes,Minority and income,54.7,16.1,27472.0
250056140002,Taunton,1182.0,1.0,TAUNTON WATER DIVISION,1.0,2.1,0.0,,Yes,Minority,37.1,0.0,58843.0
250056140003,Taunton,1279.0,1.0,TAUNTON WATER DIVISION,1.0,2.1,0.0,,Yes,Minority and income,35.5,13.0,36908.0
250056141011,Taunton,1817.0,0.511,TAUNTON WATER DIVISION,1.0,2.1,0.489,0.281,Yes,Minority,27.4,2.5,56304.0
250056141012,Taunton,2299.0,0.056,TAUNTON WATER DIVISION,1.0,2.1,0.944,0.206,Yes,Minority and income,40.6,3.0,36455.0
250056141013,Taunton,1011.0,0.642,TAUNTON WATER DIVISION,1.0,2.1,0.358,0.313,No,,,,
250056141014,Taunton,1966.0,0.845,TAUNTON WATER DIVISION,1.0,2.1,0.155,0.37,No,,,,
250056141021,Taunton,2502.0,0.51,TAUNTON WATER DIVISION,1.0,2.1,0.49,0.297,No,,,,
250056141022,Taunton,2564.0,0.363,TAUNTON WATER DIVISION,1.0,2.1,0.637,0.305,No,,,,
250056141023,Taunton,2172.0,0.316,TAUNTON WATER DIVISION,1.0,2.1,0.684,0.189,No,,,,
250056151001,Dighton,1065.0,0.943,NORTH DIGHTON FIRE DISTRICT,1.0,2.1,0.057,0.201,No,,,,
250056151002,Dighton,1782.0,0.176,DIGHTON WATER DISTRICT,9.7,9.3,0.824,0.174,No,,,,
250056151003,Dighton,1491.0,0.318,DIGHTON WATER DISTRICT,9.7,9.3,0.682,0.183,No,,,,
250056151004,Dighton,956.0,0.147,DIGHTON WATER DISTRICT,9.7,9.3,0.853,0.161,No,,,,
250056151005,Dighton,2807.0,0.229,DIGHTON WATER DISTRICT,9.7,9.3,0.771,0.192,No,,,,
250056161001,Berkley,1966.0,0.0,,,,1.0,0.148,No,,,,
250056161002,Berkley,2904.0,0.0,,,,1.0,0.155,No,,,,
250056161003,Berkley,1894.0,0.0,,,,1.0,0.202,No,,,,
250056171011,Freetown,2391.0,0.003,FREETOWN WATER COMMISSION,4.1,4.4,0.997,0.23,No,,,,
250056171012,Freetown,2519.0,0.242,FALL RIVER WATER DEPARTMENT; FREETOWN WATER COMMISSION,4.2,4.4,0.758,0.223,No,,,,
250056171021,Freetown,1901.0,0.025,FREETOWN WATER COMMISSION,4.1,4.4,0.975,0.19,No,,,,
250056171022,Freetown,2395.0,0.009,FREETOWN WATER COMMISSION,4.1,4.4,0.991,0.191,No,,,,
250056301011,North Attleborough,993.0,1.0,NORTH ATTLEBORO WATER DEPT,6.6,19.5,0.0,,Yes,Minority,28.3,8.9,80618.0
250056301012,North Attleborough,2263.0,1.0,NORTH ATTLEBORO WATER DEPT,6.6,19.5,0.0,,Yes,Income,21.4,2.7,53056.0
250056301021,North Attleborough,1027.0,1.0,NORTH ATTLEBORO WATER DEPT,6.6,19.5,0.0,,No,,,,
250056301022,North Attleborough,1001.0,1.0,NORTH ATTLEBORO WATER DEPT,6.6,19.5,0.0,,Yes,Income,15.7,0.0,50903.0
250056301023,North Attleborough,1379.0,1.0,NORTH ATTLEBORO WATER DEPT,6.6,19.5,0.0,,No,,,,
250056301024,North Attleborough,1259.0,1.0,NORTH ATTLEBORO WATER DEPT,6.6,19.5,0.0,,Yes,Income,21.0,3.0,53625.0
250056302011,North Attleborough,1047.0,1.0,ATTLEBORO WATER DEPT; NORTH ATTLEBORO WATER DEPT,6.2,19.1,0.0,,No,,,,
250056302012,North Attleborough,2001.0,1.0,ATTLEBORO WATER DEPT; NORTH ATTLEBORO WATER DEPT,4.3,16.7,0.0,,No,,,,
250056302021,North Attleborough,1141.0,1.0,NORTH ATTLEBORO WATER DEPT,6.6,19.5,0.0,,No,,,,
250056302022,North Attleborough,958.0,1.0,NORTH ATTLEBORO WATER DEPT,6.6,19.5,0.0,,No,,,,
250056302023,North Attleborough,869.0,1.0,NORTH ATTLEBORO WATER DEPT,6.6,19.5,0.0,,No,,,,
250056302024,North Attleborough,2368.0,0.959,NORTH ATTLEBORO WATER DEPT,6.6,19.5,0.041,0.288,No,,,,
250056303011,North Attleborough,2412.0,0.836,NORTH ATTLEBORO WATER DEPT,6.6,19.5,0.164,0.277,No,,,,
250056303012,North Attleborough,2237.0,0.927,NORTH ATTLEBORO WATER DEPT,6.6,19.5,0.073,0.242,No,,,,
250056303013,North Attleborough,1643.0,0.726,NORTH ATTLEBORO WATER DEPT,6.6,19.5,0.274,0.154,No,,,,
250056303021,North Attleborough,1368.0,1.0,NORTH ATTLEBORO WATER DEPT,6.6,19.5,0.0,,No,,,,
250056303022,North Attleborough,1498.0,1.0,NORTH ATTLEBORO WATER DEPT,6.6,19.5,0.0,,No,,,,
250056304001,North Attleborough,1571.0,1.0,NORTH ATTLEBORO WATER DEPT,6.6,19.5,0.0,,No,,,,
250056304002,North Attleborough,1837.0,1.0,NORTH ATTLEBORO WATER DEPT,6.6,19.5,0.0,,No,,,,
250056304003,North Attleborough,1962.0,1.0,NORTH ATTLEBORO WATER DEPT,6.6,19.5,0.0,,Yes,Minority,30.6,0.0,80625.0
250056311011,Attleboro,990.0,1.0,ATTLEBORO WATER DEPT,3.9,16.3,0.0,,No,,,,
250056311012,Attleboro,664.0,1.0,ATTLEBORO WATER DEPT,3.9,16.3,0.0,,No,,,,
250056311013,Attleboro,1492.0,0.783,ATTLEBORO WATER DEPT,3.9,16.3,0.217,0.304,Yes,Income,22.1,2.7,30203.0
250056311021,Attleboro,1276.0,1.0,ATTLEBORO WATER DEPT,3.9,16.3,0.0,,No,,,,
250056311022,Attleboro,1157.0,1.0,ATTLEBORO WATER DEPT,3.9,16.3,0.0,,Yes,Income,18.4,4.5,52409.0
250056311023,Attleboro,1880.0,1.0,ATTLEBORO WATER DEPT,3.9,16.3,0.0,,No,,,,
250056311024,Attleboro,1086.0,1.0,ATTLEBORO WATER DEPT,3.9,16.3,0.0,,Yes,Minority,26.1,20.9,55769.0
250056312001,Attleboro,1432.0,1.0,ATTLEBORO WATER DEPT,3.9,16.3,0.0,,No,,,,
250056312002,Attleboro,808.0,0.459,ATTLEBORO WATER DEPT,3.9,16.3,0.541,0.266,No,,,,
250056312003,Attleboro,1629.0,1.0,ATTLEBORO WATER DEPT,3.9,16.3,0.0,,Yes,Income,24.0,2.2,39435.0
250056312004,Attleboro,1618.0,0.926,ATTLEBORO WATER DEPT,3.9,16.3,0.074,0.284,No,,,,
250056312005,Attleboro,2065.0,1.0,ATTLEBORO WATER DEPT,3.9,16.3,0.0,,No,,,,
250056313001,Attleboro,1883.0,0.783,ATTLEBORO WATER DEPT,3.9,16.3,0.217,0.201,No,,,,
250056313002,Attleboro,1931.0,1.0,ATTLEBORO WATER DEPT,3.9,16.3,0.0,,No,,,,
250056313003,Attleboro,1743.0,1.0,ATTLEBORO WATER DEPT,3.9,16.3,0.0,,Yes,Minority,32.7,5.2,57885.0
250056314001,Attleboro,1603.0,1.0,ATTLEBORO WATER DEPT,3.9,16.3,0.0,,Yes,Minority and income,54.7,9.0,45574.0
250056314002,Attleboro,1286.0,1.0,ATTLEBORO WATER DEPT,3.9,16.3,0.0,,Yes,Minority and income,28.3,0.0,37066.0
250056315001,Attleboro,1878.0,1.0,ATTLEBORO WATER DEPT,3.9,16.3,0.0,,Yes,Minority,29.8,1.1,71429.0
250056315002,Attleboro,1010.0,1.0,ATTLEBORO WATER DEPT,3.9,16.3,0.0,,No,,,,
250056316001,Attleboro,1563.0,1.0,ATTLEBORO WATER DEPT,3.9,16.3,0.0,,Yes,Minority and income,49.1,11.9,44133.0
250056316002,Attleboro,958.0,1.0,ATTLEBORO WATER DEPT,3.9,16.3,0.0,,Yes,Minority,45.4,2.6,59667.0
250056316003,Attleboro,1523.0,1.0,ATTLEBORO WATER DEPT,3.9,16.3,0.0,,Yes,Minority and income,34.7,0.0,46071.0
250056317001,Attleboro,1248.0,0.803,ATTLEBORO WATER DEPT,3.9,16.3,0.197,0.169,No,,,,
250056317002,Attleboro,1605.0,1.0,ATTLEBORO WATER DEPT,3.9,16.3,0.0,,No,,,,
250056317003,Attleboro,2085.0,0.804,ATTLEBORO WATER DEPT,3.9,16.3,0.196,0.119,No,,,,
250056317004,Attleboro,2034.0,0.27,ATTLEBORO WATER DEPT,3.9,16.3,0.73,0.107,No,,,,
250056318001,Attleboro,2786.0,0.934,ATTLEBORO WATER DEPT,3.9,16.3,0.066,0.11,No,,,,
250056318002,Attleboro,1354.0,0.818,ATTLEBORO WATER DEPT,3.9,16.3,0.182,0.257,No,,,,
250056318003,Attleboro,2500.0,1.0,ATTLEBORO WATER DEPT,3.9,16.3,0.0,,No,,,,
250056318004,Attleboro,1374.0,1.0,ATTLEBORO WATER DEPT,3.9,16.3,0.0,,Yes,Minority,26.2,0.0,81711.0
250056321001,Seekonk,1367.0,0.257,SEEKONK WATER DISTRICT,10.8,11.6,0.743,0.199,No,,,,
250056321002,Seekonk,775.0,0.419,SEEKONK WATER DISTRICT,10.8,11.6,0.581,0.097,No,,,,
250056321003,Seekonk,977.0,0.655,SEEKONK WATER DISTRICT,10.8,11.6,0.345,0.179,No,,,,
250056321004,Seekonk,1754.0,0.765,SEEKONK WATER DISTRICT,10.8,11.6,0.235,0.206,No,,,,
250056321005,Seekonk,1207.0,1.0,SEEKONK WATER DISTRICT,10.8,11.6,0.0,,No,,,,
250056321006,Seekonk,774.0,0.961,SEEKONK WATER DISTRICT,10.8,11.6,0.039,0.335,No,,,,
250056322001,Seekonk,1407.0,0.858,SEEKONK WATER DISTRICT,10.8,11.6,0.142,0.094,No,,,,
250056322002,Seekonk,2014.0,0.749,SEEKONK WATER DISTRICT,10.8,11.6,0.251,0.247,No,,,,
250056322003,Seekonk,2023.0,0.752,SEEKONK WATER DISTRICT,10.8,11.6,0.248,0.185,No,,,,
250056322004,Seekonk,1361.0,0.714,SEEKONK WATER DISTRICT,10.8,11.6,0.286,0.08,No,,,,
250056322005,Seekonk,1872.0,1.0,SEEKONK WATER DISTRICT,10.8,11.6,0.0,,No,,,,
250056331001,Rehoboth,2635.0,0.0,,,,1.0,0.179,No,,,,
250056331002,Rehoboth,1667.0,0.0,,,,1.0,0.098,No,,,,
250056331003,Rehoboth,1578.0,0.0,,,,1.0,0.106,No,,,,
250056332001,Rehoboth,1624.0,0.0,,,,1.0,0.188,No,,,,
250056332002,Rehoboth,1357.0,0.0,,,,1.0,0.192,No,,,,
250056332003,Rehoboth,2377.0,0.013,"HORTON ESTATES CONDOMINIUM TRUST, INC.; THE RESERVE AT SPRING HILL",0.0,0.0,0.987,0.168,No,,,,
250056332004,Rehoboth,1264.0,0.0,,,,1.0,0.199,No,,,,
250056401001,Fall River,1171.0,1.0,FALL RIVER WATER DEPARTMENT,4.7,5.3,0.0,,Yes,Minority,32.1,2.3,58750.0
250056401002,Fall River,882.0,1.0,FALL RIVER WATER DEPARTMENT,4.7,5.3,0.0,,Yes,Minority and income,44.9,9.7,33281.0
250056401003,Fall River,732.0,1.0,FALL RIVER WATER DEPARTMENT,4.7,5.3,0.0,,Yes,Minority,25.4,17.6,81893.0
250056401004,Fall River,1487.0,0.929,FALL RIVER WATER DEPARTMENT,4.7,5.3,0.071,0.45,Yes,Minority,25.6,7.5,64056.0
250056401005,Fall River,1616.0,0.926,FALL RIVER WATER DEPARTMENT,4.7,5.3,0.074,0.265,Yes,Income,13.3,13.5,47125.0
250056402011,Fall River,1155.0,1.0,FALL RIVER WATER DEPARTMENT,4.7,5.3,0.0,,Yes,Minority and income,25.0,4.2,37154.0
250056402012,Fall River,1476.0,1.0,FALL RIVER WATER DEPARTMENT,4.7,5.3,0.0,,Yes,Minority and income,40.8,7.9,48512.0
250056402021,Fall River,736.0,1.0,FALL RIVER WATER DEPARTMENT,4.7,5.3,0.0,,Yes,Minority and income,33.6,16.6,27540.0
250056402022,Fall River,1156.0,1.0,FALL RIVER WATER DEPARTMENT,4.7,5.3,0.0,,Yes,Minority and income,30.4,12.0,21970.0
250056402023,Fall River,1952.0,1.0,FALL RIVER WATER DEPARTMENT,4.7,5.3,0.0,,Yes,Minority and income,27.3,11.4,29035.0
250056403001,Fall River,1700.0,0.985,FALL RIVER WATER DEPARTMENT,4.7,5.3,0.015,0.136,Yes,Minority and income,54.4,13.2,24811.0
250056403002,Fall River,1060.0,1.0,FALL RIVER WATER DEPARTMENT,4.7,5.3,0.0,,Yes,Income,17.5,1.6,51071.0
250056403003,Fall River,1290.0,1.0,FALL RIVER WATER DEPARTMENT,4.7,5.3,0.0,,Yes,Minority and income,29.2,5.4,51513.0
250056404001,Fall River,715.0,1.0,FALL RIVER WATER DEPARTMENT,4.7,5.3,0.0,,Yes,"Minority, income and English isolation",26.6,31.7,41442.0
250056404002,Fall River,935.0,1.0,FALL RIVER WATER DEPARTMENT,4.7,5.3,0.0,,Yes,Income,24.1,21.9,26951.0
250056404003,Fall River,1239.0,0.856,FALL RIVER WATER DEPARTMENT,4.7,5.3,0.144,0.185,No,,,,
250056405001,Fall River,920.0,1.0,FALL RIVER WATER DEPARTMENT,4.7,5.3,0.0,,Yes,Minority and income,33.7,0.0,23594.0
250056405002,Fall River,723.0,1.0,FALL RIVER WATER DEPARTMENT,4.7,5.3,0.0,,Yes,Minority and income,24.6,23.4,35909.0
250056405003,Fall River,973.0,1.0,FALL RIVER WATER DEPARTMENT,4.7,5.3,0.0,,Yes,Minority and income,29.3,8.7,50667.0
250056405004,Fall River,1148.0,0.794,FALL RIVER WATER DEPARTMENT,4.7,5.3,0.206,0.151,No,,,,
250056405005,Fall River,1690.0,1.0,FALL RIVER WATER DEPARTMENT,4.7,5.3,0.0,,Yes,Minority and income,26.4,16.2,50703.0
250056406001,Fall River,1039.0,1.0,FALL RIVER WATER DEPARTMENT,4.7,5.3,0.0,,Yes,Minority and income,43.8,21.5,21250.0
250056406002,Fall River,1134.0,1.0,FALL RIVER WATER DEPARTMENT,4.7,5.3,0.0,,Yes,Minority and income,32.3,7.5,44306.0
250056406003,Fall River,1688.0,1.0,FALL RIVER WATER DEPARTMENT,4.7,5.3,0.0,,Yes,Minority,33.6,22.0,62536.0
250056406004,Fall River,1030.0,1.0,FALL RIVER WATER DEPARTMENT,4.7,5.3,0.0,,Yes,Minority and income,27.8,2.7,43799.0
250056407001,Fall River,1528.0,1.0,FALL RIVER WATER DEPARTMENT,4.7,5.3,0.0,,No,,,,
250056407002,Fall River,754.0,1.0,FALL RIVER WATER DEPARTMENT,4.7,5.3,0.0,,No,,,,
250056407003,Fall River,632.0,1.0,FALL RIVER WATER DEPARTMENT,4.7,5.3,0.0,,No,,,,
250056408001,Fall River,1208.0,1.0,FALL RIVER WATER DEPARTMENT,4.7,5.3,0.0,,Yes,Minority,51.7,10.9,59821.0
250056408002,Fall River,1255.0,0.929,FALL RIVER WATER DEPARTMENT,4.7,5.3,0.071,0.458,Yes,Minority and income,34.1,20.0,45586.0
250056408003,Fall River,1377.0,1.0,FALL RIVER WATER DEPARTMENT,4.7,5.3,0.0,,No,,,,
250056409011,Fall River,541.0,1.0,FALL RIVER WATER DEPARTMENT,4.7,5.3,0.0,,Yes,Minority and income,36.2,0.0,44096.0
250056409012,Fall River,1631.0,1.0,FALL RIVER WATER DEPARTMENT,4.7,5.3,0.0,,Yes,Minority and income,34.5,7.8,36000.0
250056409013,Fall River,1328.0,1.0,FALL RIVER WATER DEPARTMENT,4.7,5.3,0.0,,Yes,Minority and income,50.5,18.1,47278.0
250056409014,Fall River,1318.0,1.0,FALL RIVER WATER DEPARTMENT,4.7,5.3,0.0,,Yes,Minority and English isolation,35.4,26.8,74226.0
250056409015,Fall River,654.0,1.0,FALL RIVER WATER DEPARTMENT,4.7,5.3,0.0,,Yes,Minority and income,36.5,0.0,34261.0
250056410001,Fall River,781.0,1.0,FALL RIVER WATER DEPARTMENT,4.7,5.3,0.0,,Yes,Minority and income,28.2,5.5,18475.0
250056410002,Fall River,767.0,1.0,FALL RIVER WATER DEPARTMENT,4.7,5.3,0.0,,Yes,"Minority, income and English isolation",30.1,39.0,40402.0
250056410003,Fall River,859.0,1.0,FALL RIVER WATER DEPARTMENT,4.7,5.3,0.0,,Yes,"Minority, income and English isolation",32.0,28.1,29174.0
250056411011,Fall River,1222.0,1.0,FALL RIVER WATER DEPARTMENT,4.7,5.3,0.0,,Yes,Minority and income,43.8,18.3,20990.0
250056411012,Fall River,681.0,1.0,FALL RIVER WATER DEPARTMENT,4.7,5.3,0.0,,Yes,Minority and income,38.6,17.1,14583.0
250056412001,Fall River,1816.0,1.0,FALL RIVER WATER DEPARTMENT,4.7,5.3,0.0,,Yes,Minority and income,36.9,14.5,33036.0
250056412002,Fall River,1162.0,1.0,FALL RIVER WATER DEPARTMENT,4.7,5.3,0.0,,Yes,Minority and income,30.7,17.0,32150.0
250056413001,Fall River,824.0,1.0,FALL RIVER WATER DEPARTMENT,4.7,5.3,0.0,,Yes,"Minority, income and English isolation",67.4,52.1,25649.0
250056413002,Fall River,1356.0,1.0,FALL RIVER WATER DEPARTMENT,4.7,5.3,0.0,,Yes,Minority and income,31.0,11.4,51750.0
250056413003,Fall River,959.0,1.0,FALL RIVER WATER DEPARTMENT,4.7,5.3,0.0,,Yes,Minority and income,50.2,20.5,42784.0
250056413004,Fall River,1414.0,1.0,FALL RIVER WATER DEPARTMENT,4.7,5.3,0.0,,Yes,Minority,43.9,9.0,68183.0
250056413005,Fall River,991.0,1.0,FALL RIVER WATER DEPARTMENT,4.7,5.3,0.0,,Yes,Minority and income,35.8,7.4,26985.0
250056414001,Fall River,730.0,1.0,FALL RIVER WATER DEPARTMENT,4.7,5.3,0.0,,Yes,"Minority, income and English isolation",58.5,34.4,47738.0
250056414002,Fall River,940.0,1.0,FALL RIVER WATER DEPARTMENT,4.7,5.3,0.0,,Yes,Minority and income,43.6,10.2,27805.0
250056414003,Fall River,1661.0,0.673,FALL RIVER WATER DEPARTMENT,4.7,5.3,0.327,0.479,Yes,Minority and income,26.9,20.8,16964.0
250056415001,Fall River,1311.0,1.0,FALL RIVER WATER DEPARTMENT,4.7,5.3,0.0,,Yes,Income and English isolation,23.7,26.4,52868.0
250056415002,Fall River,1152.0,1.0,FALL RIVER WATER DEPARTMENT,4.7,5.3,0.0,,Yes,Minority and income,25.1,0.0,47115.0
250056416001,Fall River,1090.0,1.0,FALL RIVER WATER DEPARTMENT,4.7,5.3,0.0,,Yes,Income,17.9,1.4,49891.0
250056416002,Fall River,1246.0,1.0,FALL RIVER WATER DEPARTMENT,4.7,5.3,0.0,,Yes,Income,19.3,8.5,43063.0
250056417001,Fall River,612.0,1.0,FALL RIVER WATER DEPARTMENT,4.7,5.3,0.0,,Yes,Income,6.9,15.8,45424.0
250056417002,Fall River,1429.0,1.0,FALL RIVER WATER DEPARTMENT,4.7,5.3,0.0,,No,,,,
250056417003,Fall River,1096.0,1.0,FALL RIVER WATER DEPARTMENT,4.7,5.3,0.0,,No,,,,
250056417004,Fall River,2093.0,1.0,FALL RIVER WATER DEPARTMENT,4.7,5.3,0.0,,Yes,Income,21.2,5.8,32054.0
250056418001,Fall River,506.0,1.0,FALL RIVER WATER DEPARTMENT,4.7,5.3,0.0,,Yes,Minority and income,28.9,4.5,47879.0
250056418002,Fall River,1566.0,1.0,FALL RIVER WATER DEPARTMENT,4.7,5.3,0.0,,Yes,Income,22.0,11.6,54402.0
250056419001,Fall River,956.0,1.0,FALL RIVER WATER DEPARTMENT,4.7,5.3,0.0,,Yes,Minority and income,28.5,2.1,52986.0
250056419002,Fall River,1475.0,1.0,FALL RIVER WATER DEPARTMENT,4.7,5.3,0.0,,Yes,Minority and income,29.8,10.9,47663.0
250056420001,Fall River,610.0,0.972,FALL RIVER WATER DEPARTMENT,4.7,5.3,0.028,0.174,Yes,Minority,29.2,0.0,64306.0
250056420002,Fall River,1111.0,1.0,FALL RIVER WATER DEPARTMENT,4.7,5.3,0.0,,Yes,Income and English isolation,24.5,25.7,44444.0
250056420003,Fall River,1763.0,1.0,FALL RIVER WATER DEPARTMENT,4.7,5.3,0.0,,Yes,Minority and income,45.9,7.4,38537.0
250056421001,Fall River,2673.0,0.735,FALL RIVER WATER DEPARTMENT,4.7,5.3,0.265,0.156,Yes,Minority,26.2,0.0,58151.0
250056421002,Fall River,1678.0,0.952,FALL RIVER WATER DEPARTMENT,4.7,5.3,0.048,0.133,Yes,Minority and income,24.9,8.1,43784.0
250056422001,Fall River,1040.0,1.0,FALL RIVER WATER DEPARTMENT,4.7,5.3,0.0,,Yes,Income,17.0,0.0,54095.0
250056422002,Fall River,1008.0,1.0,FALL RIVER WATER DEPARTMENT,4.7,5.3,0.0,,Yes,Minority and income,46.4,4.0,48848.0
250056422003,Fall River,1048.0,1.0,FALL RIVER WATER DEPARTMENT,4.7,5.3,0.0,,Yes,Income,20.9,11.2,36971.0
250056422004,Fall River,762.0,1.0,FALL RIVER WATER DEPARTMENT,4.7,5.3,0.0,,Yes,Minority,26.0,7.1,65335.0
250056423001,Fall River,1064.0,1.0,FALL RIVER WATER DEPARTMENT,4.7,5.3,0.0,,No,,,,
250056423002,Fall River,1053.0,1.0,FALL RIVER WATER DEPARTMENT,4.7,5.3,0.0,,No,,,,
250056424001,Fall River,1030.0,1.0,FALL RIVER WATER DEPARTMENT,4.7,5.3,0.0,,Yes,Income,21.2,10.5,39853.0
250056424002,Fall River,836.0,1.0,FALL RIVER WATER DEPARTMENT,4.7,5.3,0.0,,No,,,,
250056424003,Fall River,1012.0,1.0,FALL RIVER WATER DEPARTMENT,4.7,5.3,0.0,,No,,,,
250056425001,Fall River,1743.0,0.579,FALL RIVER WATER DEPARTMENT,4.7,5.3,0.421,0.134,No,,,,
250056425002,Fall River,3001.0,0.6,FALL RIVER WATER DEPARTMENT,4.7,5.3,0.4,0.1,No,,,,
250056441011,Somerset,1764.0,1.0,SOMERSET WATER DEPARTMENT,3.3,4.6,0.0,,No,,,,
250056441012,Somerset,1541.0,1.0,SOMERSET WATER DEPARTMENT,3.3,4.6,0.0,,No,,,,
250056441013,Somerset,848.0,1.0,SOMERSET WATER DEPARTMENT,3.3,4.6,0.0,,No,,,,
250056441014,Somerset,1846.0,1.0,SOMERSET WATER DEPARTMENT,3.3,4.6,0.0,,No,,,,
250056441021,Somerset,2628.0,0.948,SOMERSET WATER DEPARTMENT,3.3,4.6,0.052,0.182,No,,,,
250056441022,Somerset,2404.0,0.975,SOMERSET WATER DEPARTMENT,3.3,4.6,0.025,0.109,No,,,,
250056442001,Somerset,1291.0,1.0,SOMERSET WATER DEPARTMENT,3.3,4.6,0.0,,No,,,,
250056442002,Somerset,1018.0,1.0,SOMERSET WATER DEPARTMENT,3.3,4.6,0.0,,No,,,,
250056442003,Somerset,2026.0,0.608,SOMERSET WATER DEPARTMENT,3.3,4.6,0.392,0.11,No,,,,
250056442004,Somerset,1258.0,0.606,SOMERSET WATER DEPARTMENT,3.3,4.6,0.394,0.104,No,,,,
250056442005,Somerset,813.0,1.0,SOMERSET WATER DEPARTMENT,3.3,4.6,0.0,,No,,,,
250056442006,Somerset,866.0,0.676,SOMERSET WATER DEPARTMENT,3.3,4.6,0.324,0.123,No,,,,
250056451011,Swansea,891.0,0.553,SWANSEA WATER DISTRICT,3.4,5.6,0.447,0.206,No,,,,
250056451012,Swansea,1560.0,1.0,SWANSEA WATER DISTRICT,3.4,5.6,0.0,,No,,,,
250056451013,Swansea,809.0,1.0,SWANSEA WATER DISTRICT,3.4,5.6,0.0,,No,,,,
250056451014,Swansea,1864.0,1.0,SWANSEA WATER DISTRICT,3.4,5.6,0.0,,No,,,,
250056451021,Swansea,1136.0,0.879,SWANSEA WATER DISTRICT,3.4,5.6,0.121,0.117,No,,,,
250056451022,Swansea,1177.0,0.692,SWANSEA WATER DISTRICT,3.4,5.6,0.308,0.239,No,,,,
250056451023,Swansea,1144.0,0.214,SWANSEA WATER DISTRICT,3.4,5.6,0.786,0.11,No,,,,
250056451024,Swansea,2600.0,0.138,SWANSEA WATER DISTRICT,3.4,5.6,0.862,0.2,No,,,,
250056451031,Swansea,2248.0,0.41,SWANSEA WATER DISTRICT,3.4,5.5,0.59,0.203,No,,,,
250056451032,Swansea,2831.0,0.842,SWANSEA WATER DISTRICT,3.4,5.6,0.158,0.247,No,,,,
250056451033,Swansea,884.0,0.788,SWANSEA WATER DISTRICT,3.4,5.6,0.212,0.226,No,,,,
250056461011,Westport,1140.0,0.07,TOWN OF WESTPORT,4.7,5.3,0.93,0.231,No,,,,
250056461012,Westport,2674.0,0.01,MAYNARD STATE LLC,30.9,34.1,0.99,0.267,No,,,,
250056461013,Westport,1320.0,0.0,,,,1.0,0.265,Yes,Income,4.4,1.9,50434.0
250056461014,Westport,2703.0,0.0,,,,1.0,0.288,No,,,,
250056461031,Westport,2428.0,0.0,,,,1.0,0.146,No,,,,
250056461032,Westport,2064.0,0.0,,,,1.0,0.192,No,,,,
250056461033,Westport,1337.0,0.04,WESTPORT SENIOR VILLAGE,0.5,1.5,0.96,0.086,No,,,,
250056461041,Westport,816.0,0.0,,,,1.0,0.074,No,,,,
250056461042,Westport,667.0,0.0,,,,1.0,0.094,No,,,,
250056461043,Westport,1190.0,0.0,,,,1.0,0.093,No,,,,
250056501011,New Bedford,1772.0,1.0,CITY OF NEW BEDFORD DPI,3.6,3.6,0.0,,No,,,,
250056501012,New Bedford,1636.0,1.0,CITY OF NEW BEDFORD DPI,3.6,3.6,0.0,,No,,,,
250056501013,New Bedford,2131.0,1.0,CITY OF NEW BEDFORD DPI,3.6,3.6,0.0,,No,,,,
250056501021,New Bedford,1422.0,1.0,CITY OF NEW BEDFORD DPI,3.6,3.6,0.0,,Yes,Minority and income,41.6,4.4,48446.0
250056501022,New Bedford,2055.0,1.0,CITY OF NEW BEDFORD DPI,3.6,3.6,0.0,,No,,,,
250056501023,New Bedford,1643.0,1.0,CITY OF NEW BEDFORD DPI,3.6,3.6,0.0,,Yes,Minority,33.4,10.6,74653.0
250056502011,New Bedford,1116.0,1.0,CITY OF NEW BEDFORD DPI,3.6,3.6,0.0,,No,,,,
250056502012,New Bedford,1167.0,1.0,CITY OF NEW BEDFORD DPI,3.6,3.6,0.0,,Yes,Minority,24.9,1.9,102933.0
250056502013,New Bedford,886.0,1.0,CITY OF NEW BEDFORD DPI,3.6,3.6,0.0,,Yes,Minority,30.5,9.0,102904.0
250056502021,New Bedford,2187.0,1.0,CITY OF NEW BEDFORD DPI,3.6,3.6,0.0,,No,,,,
250056503001,New Bedford,679.0,1.0,CITY OF NEW BEDFORD DPI,3.6,3.6,0.0,,No,,,,
250056503002,New Bedford,893.0,1.0,CITY OF NEW BEDFORD DPI,3.6,3.6,0.0,,Yes,Minority,29.8,0.0,57539.0
250056503003,New Bedford,1124.0,1.0,CITY OF NEW BEDFORD DPI,3.6,3.6,0.0,,Yes,Minority and income,27.0,12.7,41905.0
250056503004,New Bedford,765.0,1.0,CITY OF NEW BEDFORD DPI,3.6,3.6,0.0,,No,,,,
250056504001,New Bedford,1137.0,1.0,CITY OF NEW BEDFORD DPI,3.6,3.6,0.0,,Yes,Minority,35.0,4.0,72014.0
250056504002,New Bedford,1419.0,1.0,CITY OF NEW BEDFORD DPI,3.6,3.6,0.0,,Yes,Minority and income,38.1,6.6,48750.0
250056504003,New Bedford,1028.0,1.0,CITY OF NEW BEDFORD DPI,3.6,3.6,0.0,,Yes,Minority and income,48.7,4.4,40987.0
250056504004,New Bedford,697.0,1.0,CITY OF NEW BEDFORD DPI,3.6,3.6,0.0,,Yes,Minority,31.0,10.7,58517.0
250056505001,New Bedford,665.0,1.0,CITY OF NEW BEDFORD DPI,3.6,3.6,0.0,,Yes,Minority and income,27.1,5.3,53964.0
250056505002,New Bedford,1265.0,1.0,CITY OF NEW BEDFORD DPI,3.6,3.6,0.0,,Yes,Minority and income,31.2,17.0,30789.0
250056505003,New Bedford,1475.0,1.0,CITY OF NEW BEDFORD DPI,3.6,3.6,0.0,,Yes,Minority and income,36.2,10.7,47112.0
250056506001,New Bedford,1600.0,1.0,CITY OF NEW BEDFORD DPI,3.6,3.6,0.0,,Yes,Minority and income,45.1,11.4,36513.0
250056506002,New Bedford,800.0,1.0,CITY OF NEW BEDFORD DPI,3.6,3.6,0.0,,Yes,"Minority, income and English isolation",48.6,28.0,14057.0
250056506003,New Bedford,773.0,1.0,CITY OF NEW BEDFORD DPI,3.6,3.6,0.0,,Yes,Minority and income,40.1,10.4,50769.0
250056507001,New Bedford,1250.0,1.0,CITY OF NEW BEDFORD DPI,3.6,3.6,0.0,,Yes,Minority and income,71.8,13.8,24150.0
250056507002,New Bedford,1784.0,1.0,CITY OF NEW BEDFORD DPI,3.6,3.6,0.0,,Yes,"Minority, income and English isolation",80.0,38.2,25625.0
250056508001,New Bedford,931.0,1.0,CITY OF NEW BEDFORD DPI,3.6,3.6,0.0,,Yes,Minority,41.1,19.9,69243.0
250056508002,New Bedford,836.0,1.0,CITY OF NEW BEDFORD DPI,3.6,3.6,0.0,,Yes,Minority and income,49.3,9.7,16809.0
250056508003,New Bedford,1046.0,1.0,CITY OF NEW BEDFORD DPI,3.6,3.6,0.0,,Yes,"Minority, income and English isolation",68.3,36.5,33571.0
250056508004,New Bedford,998.0,1.0,CITY OF NEW BEDFORD DPI,3.6,3.6,0.0,,Yes,"Minority, income and English isolation",59.5,26.7,35304.0
250056509001,New Bedford,855.0,1.0,CITY OF NEW BEDFORD DPI,3.6,3.6,0.0,,Yes,Minority and income,75.0,24.0,48404.0
250056509002,New Bedford,1430.0,1.0,CITY OF NEW BEDFORD DPI,3.6,3.6,0.0,,Yes,Minority and income,48.0,16.3,48158.0
250056509003,New Bedford,855.0,1.0,CITY OF NEW BEDFORD DPI,3.6,3.6,0.0,,Yes,Minority and income,77.0,16.3,24554.0
250056510011,New Bedford,902.0,1.0,CITY OF NEW BEDFORD DPI,3.6,3.6,0.0,,Yes,Minority,35.4,6.1,95962.0
250056510012,New Bedford,2122.0,1.0,CITY OF NEW BEDFORD DPI,3.6,3.6,0.0,,Yes,Minority,25.7,1.4,59219.0
250056510021,New Bedford,1963.0,1.0,CITY OF NEW BEDFORD DPI,3.6,3.6,0.0,,No,,,,
250056510022,New Bedford,1903.0,1.0,CITY OF NEW BEDFORD DPI,3.6,3.6,0.0,,Yes,Minority,57.3,11.2,70417.0
250056511001,New Bedford,1199.0,1.0,CITY OF NEW BEDFORD DPI,3.6,3.6,0.0,,Yes,"Minority, income and English isolation",70.5,29.5,26444.0
250056511002,New Bedford,1398.0,1.0,CITY OF NEW BEDFORD DPI,3.6,3.6,0.0,,Yes,Minority and income,64.2,10.6,39979.0
250056511003,New Bedford,1009.0,1.0,CITY OF NEW BEDFORD DPI,3.6,3.6,0.0,,Yes,Minority,43.8,0.0,80000.0
250056511004,New Bedford,916.0,1.0,CITY OF NEW BEDFORD DPI,3.6,3.6,0.0,,Yes,Minority and income,37.9,4.3,27404.0
250056512001,New Bedford,849.0,1.0,CITY OF NEW BEDFORD DPI,3.6,3.6,0.0,,Yes,"Minority, income and English isolation",74.0,35.6,27214.0
250056512002,New Bedford,1610.0,1.0,CITY OF NEW BEDFORD DPI,3.6,3.6,0.0,,Yes,Minority and income,53.1,21.6,42778.0
250056513001,New Bedford,1152.0,1.0,CITY OF NEW BEDFORD DPI,3.6,3.6,0.0,,Yes,Minority and income,54.3,16.2,23625.0
250056513002,New Bedford,1034.0,1.0,CITY OF NEW BEDFORD DPI,3.6,3.6,0.0,,Yes,Minority and income,40.8,0.9,33587.0
250056514001,New Bedford,1153.0,1.0,CITY OF NEW BEDFORD DPI,3.6,3.6,0.0,,Yes,"Minority, income and English isolation",43.0,28.4,48871.0
250056514002,New Bedford,799.0,1.0,CITY OF NEW BEDFORD DPI,3.6,3.6,0.0,,Yes,Minority,53.6,4.3,107742.0
250056514003,New Bedford,712.0,1.0,CITY OF NEW BEDFORD DPI,3.6,3.6,0.0,,Yes,Minority and income,53.5,9.4,41131.0
250056514004,New Bedford,703.0,1.0,CITY OF NEW BEDFORD DPI,3.6,3.6,0.0,,Yes,Minority,57.9,6.6,0.0
250056515001,New Bedford,1018.0,1.0,CITY OF NEW BEDFORD DPI,3.6,3.6,0.0,,Yes,Minority and income,46.7,1.8,52292.0
250056515002,New Bedford,1077.0,1.0,CITY OF NEW BEDFORD DPI,3.6,3.6,0.0,,Yes,Minority,72.7,4.2,82292.0
250056515003,New Bedford,1185.0,1.0,CITY OF NEW BEDFORD DPI,3.6,3.6,0.0,,Yes,Minority and income,58.3,0.4,52321.0
250056516001,New Bedford,796.0,1.0,CITY OF NEW BEDFORD DPI,3.6,3.6,0.0,,Yes,Minority and income,67.8,0.0,52708.0
250056516002,New Bedford,986.0,1.0,CITY OF NEW BEDFORD DPI,3.6,3.6,0.0,,Yes,Minority,43.6,0.0,62344.0
250056516003,New Bedford,1001.0,1.0,CITY OF NEW BEDFORD DPI,3.6,3.6,0.0,,Yes,Minority,34.4,2.2,62083.0
250056516004,New Bedford,1153.0,1.0,CITY OF NEW BEDFORD DPI,3.6,3.6,0.0,,Yes,Minority and income,45.3,7.5,45592.0
250056517001,New Bedford,1007.0,1.0,CITY OF NEW BEDFORD DPI,3.6,3.6,0.0,,Yes,Minority and income,78.0,7.2,22482.0
250056517002,New Bedford,1194.0,1.0,CITY OF NEW BEDFORD DPI,3.6,3.6,0.0,,Yes,Minority and income,50.8,0.0,48854.0
250056518001,New Bedford,1321.0,1.0,CITY OF NEW BEDFORD DPI,3.6,3.6,0.0,,Yes,Minority and income,41.8,14.2,12981.0
250056518002,New Bedford,744.0,1.0,CITY OF NEW BEDFORD DPI,3.6,3.6,0.0,,Yes,Minority and income,56.0,3.8,11911.0
250056519001,New Bedford,743.0,1.0,CITY OF NEW BEDFORD DPI,3.6,3.6,0.0,,Yes,Minority and income,68.4,20.8,16563.0
250056519002,New Bedford,1424.0,1.0,CITY OF NEW BEDFORD DPI,3.6,3.6,0.0,,Yes,"Minority, income and English isolation",82.5,31.1,37250.0
250056520001,New Bedford,738.0,1.0,CITY OF NEW BEDFORD DPI,3.6,3.6,0.0,,Yes,Minority and income,45.5,3.3,48889.0
250056520002,New Bedford,950.0,1.0,CITY OF NEW BEDFORD DPI,3.6,3.6,0.0,,Yes,Minority and income,47.6,20.4,44340.0
250056520003,New Bedford,1180.0,1.0,CITY OF NEW BEDFORD DPI,3.6,3.6,0.0,,Yes,Minority and income,47.9,9.2,48750.0
250056521001,New Bedford,711.0,1.0,CITY OF NEW BEDFORD DPI,3.6,3.6,0.0,,Yes,Minority,34.3,0.0,98796.0
250056521002,New Bedford,800.0,1.0,CITY OF NEW BEDFORD DPI,3.6,3.6,0.0,,Yes,Minority,31.0,13.4,80500.0
250056521003,New Bedford,1253.0,1.0,CITY OF NEW BEDFORD DPI,3.6,3.6,0.0,,Yes,Minority,32.6,14.9,64875.0
250056522001,New Bedford,1056.0,1.0,CITY OF NEW BEDFORD DPI,3.6,3.6,0.0,,No,,,,
250056522002,New Bedford,1037.0,1.0,CITY OF NEW BEDFORD DPI,3.6,3.6,0.0,,No,,,,
250056522003,New Bedford,824.0,1.0,CITY OF NEW BEDFORD DPI,3.6,3.6,0.0,,No,,,,
250056523001,New Bedford,1037.0,1.0,CITY OF NEW BEDFORD DPI,3.6,3.6,0.0,,Yes,"Minority, income and English isolation",31.1,42.3,31796.0
250056523002,New Bedford,1079.0,1.0,CITY OF NEW BEDFORD DPI,3.6,3.6,0.0,,Yes,Minority and income,51.6,16.6,27941.0
250056523003,New Bedford,814.0,1.0,CITY OF NEW BEDFORD DPI,3.6,3.6,0.0,,No,,,,
250056524001,New Bedford,1388.0,1.0,CITY OF NEW BEDFORD DPI,3.6,3.6,0.0,,Yes,"Minority, income and English isolation",41.4,26.3,27471.0
250056524002,New Bedford,1357.0,1.0,CITY OF NEW BEDFORD DPI,3.6,3.6,0.0,,Yes,"Minority, income and English isolation",29.3,25.6,44107.0
250056525001,New Bedford,1511.0,1.0,CITY OF NEW BEDFORD DPI,3.6,3.6,0.0,,Yes,Minority,54.8,13.0,62167.0
250056525002,New Bedford,1500.0,1.0,CITY OF NEW BEDFORD DPI,3.6,3.6,0.0,,Yes,Minority and income,56.5,19.2,37123.0
250056526001,New Bedford,1406.0,1.0,CITY OF NEW BEDFORD DPI,3.6,3.6,0.0,,Yes,Minority and income,54.0,21.1,45982.0
250056526002,New Bedford,1803.0,1.0,CITY OF NEW BEDFORD DPI,3.6,3.6,0.0,,Yes,Minority and income,73.2,20.2,29939.0
250056527001,New Bedford,881.0,1.0,CITY OF NEW BEDFORD DPI,3.6,3.6,0.0,,Yes,Minority and income,65.6,8.4,36615.0
250056527002,New Bedford,1049.0,1.0,CITY OF NEW BEDFORD DPI,3.6,3.6,0.0,,Yes,"Minority, income and English isolation",53.0,38.2,17000.0
250056527003,New Bedford,1182.0,1.0,CITY OF NEW BEDFORD DPI,3.6,3.6,0.0,,Yes,Minority and income,38.7,4.2,49453.0
250056527004,New Bedford,815.0,1.0,CITY OF NEW BEDFORD DPI,3.6,3.6,0.0,,Yes,Minority and income,56.8,12.7,20625.0
250056528001,New Bedford,1133.0,1.0,CITY OF NEW BEDFORD DPI,3.6,3.6,0.0,,No,,,,
250056528002,New Bedford,1198.0,1.0,CITY OF NEW BEDFORD DPI,3.6,3.6,0.0,,No,,,,
250056528003,New Bedford,984.0,1.0,CITY OF NEW BEDFORD DPI,3.6,3.6,0.0,,No,,,,
250056531011,Dartmouth,1146.0,0.826,DARTMOUTH WATER DIVISION,3.3,5.2,0.174,0.21,Yes,Income,11.8,0.0,44306.0
250056531012,Dartmouth,1473.0,1.0,DARTMOUTH WATER DIVISION,3.3,5.2,0.0,,No,,,,
250056531013,Dartmouth,3064.0,0.349,DARTMOUTH WATER DIVISION,3.3,5.2,0.651,0.182,No,,,,
250056531014,Dartmouth,1448.0,1.0,DARTMOUTH WATER DIVISION,3.3,5.2,0.0,,No,,,,
250056531021,Dartmouth,2116.0,0.0,,,,1.0,0.217,No,,,,
250056531022,Dartmouth,1406.0,0.582,DARTMOUTH WATER DIVISION,3.3,5.2,0.418,0.109,Yes,Minority,33.0,9.3,57159.0
250056531023,Dartmouth,1728.0,0.0,,,,1.0,0.066,No,,,,
250056532031,Dartmouth,1315.0,1.0,DARTMOUTH WATER DIVISION,3.3,5.2,0.0,,No,,,,
250056532032,Dartmouth,1435.0,0.89,DARTMOUTH WATER DIVISION,3.3,5.2,0.11,0.279,No,,,,
250056532033,Dartmouth,1503.0,1.0,DARTMOUTH WATER DIVISION,3.3,5.2,0.0,,No,,,,
250056532034,Dartmouth,843.0,0.496,DARTMOUTH WATER DIVISION,3.3,5.2,0.504,0.282,No,,,,
250056532041,Dartmouth,1138.0,0.065,DARTMOUTH WATER DIVISION,3.3,5.2,0.935,0.195,No,,,,
250056532042,Dartmouth,2235.0,1.0,DARTMOUTH WATER DIVISION,3.3,5.2,0.0,,No,,,,
250056533011,Dartmouth,1383.0,0.647,DARTMOUTH WATER DIVISION,3.3,5.2,0.353,0.197,No,,,,
250056533012,Dartmouth,1358.0,1.0,DARTMOUTH WATER DIVISION,3.3,5.2,0.0,,Yes,Income,9.2,10.4,34306.0
250056533013,Dartmouth,1068.0,1.0,DARTMOUTH WATER DIVISION,3.3,5.2,0.0,,No,,,,
250056533014,Dartmouth,1368.0,0.885,DARTMOUTH WATER DIVISION,3.3,5.2,0.115,0.108,No,,,,
250056533041,Dartmouth,1045.0,0.0,,,,1.0,0.119,No,,,,
250056533042,Dartmouth,2236.0,0.354,DARTMOUTH WATER DIVISION,3.3,5.2,0.646,0.122,No,,,,
250056541001,Acushnet,1833.0,0.59,ACUSHNET WATER DEPARTMENT,3.6,3.6,0.41,0.085,No,,,,
250056541002,Acushnet,2873.0,0.193,ACUSHNET MANUFACTURED HOMES; ACUSHNET WATER DEPARTMENT,3.5,3.9,0.807,0.105,No,,,,
250056541003,Acushnet,2501.0,0.343,ACUSHNET WATER DEPARTMENT,3.6,3.6,0.657,0.085,No,,,,
250056542001,Acushnet,926.0,0.735,ACUSHNET WATER DEPARTMENT,3.6,3.6,0.265,0.134,No,,,,
250056542002,Acushnet,1166.0,0.604,ACUSHNET WATER DEPARTMENT,3.6,3.6,0.396,0.119,Yes,Income,8.3,1.0,55189.0
250056542003,Acushnet,1260.0,0.991,ACUSHNET WATER DEPARTMENT,3.6,3.6,0.009,0.126,No,,,,
250056551001,Fairhaven,2288.0,0.9,FAIRHAVEN WATER DEPT,0.3,1.0,0.1,0.061,No,,,,
250056551002,Fairhaven,1979.0,0.95,FAIRHAVEN WATER DEPT,0.3,1.0,0.05,0.077,No,,,,
250056552001,Fairhaven,1221.0,1.0,FAIRHAVEN WATER DEPT,0.3,1.0,0.0,,No,,,,
250056552002,Fairhaven,1144.0,1.0,FAIRHAVEN WATER DEPT,0.3,1.0,0.0,,No,,,,
250056552003,Fairhaven,706.0,1.0,FAIRHAVEN WATER DEPT,0.3,1.0,0.0,,Yes,Income,13.0,0.0,29917.0
250056552004,Fairhaven,756.0,1.0,FAIRHAVEN WATER DEPT,0.3,1.0,0.0,,Yes,Income,8.6,0.0,40256.0
250056552005,Fairhaven,661.0,1.0,FAIRHAVEN WATER DEPT,0.3,1.0,0.0,,No,,,,
250056553001,Fairhaven,1439.0,1.0,FAIRHAVEN WATER DEPT,0.3,1.0,0.0,,No,,,,
250056553002,Fairhaven,876.0,1.0,FAIRHAVEN WATER DEPT,0.3,1.0,0.0,,No,,,,
250056553003,Fairhaven,1026.0,1.0,FAIRHAVEN WATER DEPT,0.3,1.0,0.0,,No,,,,
250056554001,Fairhaven,1336.0,1.0,FAIRHAVEN WATER DEPT,0.3,1.0,0.0,,No,,,,
250056554002,Fairhaven,882.0,1.0,FAIRHAVEN WATER DEPT,0.3,1.0,0.0,,No,,,,
250056554003,Fairhaven,726.0,1.0,FAIRHAVEN WATER DEPT,0.3,1.0,0.0,,No,,,,
250056554004,Fairhaven,884.0,1.0,FAIRHAVEN WATER DEPT,0.3,1.0,0.0,,No,,,,
250059855001,Dartmouth,2854.0,0.606,DARTMOUTH WATER DIVISION,3.3,5.2,0.394,0.182,Yes,Minority,27.9,2.9,100625.0
250059855002,Dartmouth,1621.0,1.0,DARTMOUTH WATER DIVISION,3.3,5.2,0.0,,Yes,Minority,50.4,0.0,102794.0
250059856001,Easton,1777.0,0.743,EASTON WATER DIV,3.5,24.1,0.257,0.249,No,,,,
250059856002,Easton,1357.0,0.807,EASTON WATER DIV,3.5,24.1,0.193,0.319,No,,,,
250059856003,Easton,2599.0,0.998,EASTON WATER DIV,3.5,24.1,0.002,0.423,No,,,,
250072001001,Tisbury,944.0,1.0,TISBURY WATER WORKS,0.0,0.0,0.0,,Yes,Income,21.3,0.0,45607.0
250072001002,Tisbury,1651.0,1.0,TISBURY WATER WORKS,0.0,0.0,0.0,,Yes,Minority,28.9,0.0,55993.0
250072001003,Tisbury,672.0,1.0,TISBURY WATER WORKS,0.0,0.0,0.0,,No,,,,
250072001004,Tisbury,1117.0,1.0,TISBURY WATER WORKS,0.0,0.0,0.0,,Yes,Minority and income,29.5,15.4,48382.0
250072001005,Tisbury,431.0,0.0,,,,1.0,0.075,No,,,,
250072002001,Oak Bluffs,723.0,0.891,OAK BLUFFS WATER DISTRICT,2.6,7.0,0.109,0.11,No,,,,
250072002002,Oak Bluffs,483.0,0.986,OAK BLUFFS WATER DISTRICT,2.6,7.0,0.014,0.083,Yes,Minority,26.7,0.0,83304.0
250072002003,Oak Bluffs,2098.0,0.612,OAK BLUFFS WATER DISTRICT; TISBURY WATER WORKS,2.6,6.9,0.388,0.09,No,,,,
250072002004,Oak Bluffs,907.0,1.0,OAK BLUFFS WATER DISTRICT,2.6,7.0,0.0,,Yes,Minority and income,31.4,17.8,38083.0
250072002005,Oak Bluffs,1130.0,1.0,OAK BLUFFS WATER DISTRICT,2.6,7.0,0.0,,Yes,Minority,30.3,0.0,105703.0
250072003001,Edgartown,253.0,0.0,,,,1.0,0.039,No,,,,
250072003002,Edgartown,607.0,0.82,EDGARTOWN WATER DEPARTMENT,0.0,0.0,0.18,0.056,No,,,,
250072003003,Edgartown,1794.0,0.638,EDGARTOWN WATER DEPARTMENT,0.0,0.0,0.362,0.063,No,,,,
250072003004,Edgartown,2514.0,0.634,EDGARTOWN WATER DEPARTMENT,0.0,0.0,0.366,0.089,No,,,,
250072004001,West Tisbury,1038.0,0.0,,,,1.0,0.073,No,,,,
250072004002,West Tisbury,2517.0,0.0,,,,1.0,0.09,No,,,,
250072004003,Chilmark,587.0,0.0,,,,1.0,0.062,No,,,,
250072004004,Chilmark,625.0,0.0,,,,1.0,0.06,No,,,,
250072004005,Aquinnah,439.0,0.0,,,,1.0,0.113,Yes,Minority,37.4,0.0,98182.0
250072004006,Gosnold,70.0,0.514,GOSNOLD WATER DEPT,0.0,0.0,0.486,0.027,No,,,,
250092011001,Nahant,906.0,1.0,NAHANT WATER DEPT. (MWRA),0.0,0.0,0.0,,No,,,,
250092011002,Nahant,1243.0,1.0,NAHANT WATER DEPT. (MWRA),0.0,0.0,0.0,,No,,,,
250092011003,Nahant,1185.0,1.0,NAHANT WATER DEPT. (MWRA),0.0,0.0,0.0,,No,,,,
250092021011,Swampscott,786.0,0.99,SWAMPSCOTT WATER DEPT. (MWRA),0.0,0.0,0.01,0.156,No,,,,
250092021012,Swampscott,714.0,1.0,SWAMPSCOTT WATER DEPT. (MWRA),0.0,0.0,0.0,,No,,,,
250092021013,Swampscott,755.0,1.0,SWAMPSCOTT WATER DEPT. (MWRA),0.0,0.0,0.0,,No,,,,
250092021031,Swampscott,1735.0,1.0,SWAMPSCOTT WATER DEPT. (MWRA),0.0,0.0,0.0,,No,,,,
250092021041,Swampscott,1027.0,1.0,SWAMPSCOTT WATER DEPT. (MWRA),0.0,0.0,0.0,,No,,,,
250092021042,Swampscott,853.0,1.0,SWAMPSCOTT WATER DEPT. (MWRA),0.0,0.0,0.0,,No,,,,
250092021043,Swampscott,732.0,1.0,SWAMPSCOTT WATER DEPT. (MWRA),0.0,0.0,0.0,,No,,,,
250092021044,Swampscott,535.0,1.0,SWAMPSCOTT WATER DEPT. (MWRA),0.0,0.0,0.0,,Yes,Income and English isolation,16.1,24.6,49088.0
250092021045,Swampscott,1794.0,1.0,SWAMPSCOTT WATER DEPT. (MWRA),0.0,0.0,0.0,,Yes,English isolation,17.9,31.8,71875.0
250092022001,Swampscott,889.0,1.0,SWAMPSCOTT WATER DEPT. (MWRA),0.0,0.0,0.0,,No,,,,
250092022002,Swampscott,1582.0,1.0,SWAMPSCOTT WATER DEPT. (MWRA),0.0,0.0,0.0,,No,,,,
250092022003,Swampscott,1026.0,1.0,SWAMPSCOTT WATER DEPT. (MWRA),0.0,0.0,0.0,,No,,,,
250092022004,Swampscott,793.0,1.0,SWAMPSCOTT WATER DEPT. (MWRA),0.0,0.0,0.0,,No,,,,
250092022005,Swampscott,845.0,1.0,SWAMPSCOTT WATER DEPT. (MWRA),0.0,0.0,0.0,,No,,,,
250092022006,Swampscott,1053.0,1.0,SWAMPSCOTT WATER DEPT. (MWRA),0.0,0.0,0.0,,No,,,,
250092031001,Marblehead,1153.0,1.0,MARBLEHEAD WATER DEPT. (MWRA),0.0,0.0,0.0,,No,,,,
250092031002,Marblehead,967.0,1.0,MARBLEHEAD WATER DEPT. (MWRA),0.0,0.0,0.0,,No,,,,
250092031003,Marblehead,613.0,1.0,MARBLEHEAD WATER DEPT. (MWRA),0.0,0.0,0.0,,No,,,,
250092031004,Marblehead,1147.0,1.0,MARBLEHEAD WATER DEPT. (MWRA),0.0,0.0,0.0,,No,,,,
250092031005,Marblehead,989.0,1.0,MARBLEHEAD WATER DEPT. (MWRA),0.0,0.0,0.0,,No,,,,
250092031006,Marblehead,707.0,1.0,MARBLEHEAD WATER DEPT. (MWRA),0.0,0.0,0.0,,No,,,,
250092031007,Marblehead,730.0,1.0,MARBLEHEAD WATER DEPT. (MWRA),0.0,0.0,0.0,,No,,,,
250092031008,Marblehead,926.0,1.0,MARBLEHEAD WATER DEPT. (MWRA),0.0,0.0,0.0,,No,,,,
250092032001,Marblehead,780.0,1.0,MARBLEHEAD WATER DEPT. (MWRA),0.0,0.0,0.0,,Yes,Income,12.2,0.0,51694.0
250092032002,Marblehead,832.0,1.0,MARBLEHEAD WATER DEPT. (MWRA),0.0,0.0,0.0,,No,,,,
250092032003,Marblehead,1083.0,1.0,MARBLEHEAD WATER DEPT. (MWRA),0.0,0.0,0.0,,No,,,,
250092032004,Marblehead,1973.0,1.0,MARBLEHEAD WATER DEPT. (MWRA),0.0,0.0,0.0,,No,,,,
250092033011,Marblehead,761.0,1.0,MARBLEHEAD WATER DEPT. (MWRA),0.0,0.0,0.0,,No,,,,
250092033012,Marblehead,1997.0,1.0,MARBLEHEAD WATER DEPT. (MWRA),0.0,0.0,0.0,,No,,,,
250092033013,Marblehead,578.0,1.0,MARBLEHEAD WATER DEPT. (MWRA),0.0,0.0,0.0,,Yes,Income,16.4,0.0,48750.0
250092033014,Marblehead,762.0,1.0,MARBLEHEAD WATER DEPT. (MWRA),0.0,0.0,0.0,,No,,,,
250092033021,Marblehead,1268.0,1.0,MARBLEHEAD WATER DEPT. (MWRA),0.0,0.0,0.0,,No,,,,
250092033022,Marblehead,870.0,1.0,MARBLEHEAD WATER DEPT. (MWRA),0.0,0.0,0.0,,No,,,,
250092033023,Marblehead,1236.0,1.0,MARBLEHEAD WATER DEPT. (MWRA),0.0,0.0,0.0,,No,,,,
250092033024,Marblehead,1069.0,1.0,MARBLEHEAD WATER DEPT. (MWRA),0.0,0.0,0.0,,No,,,,
250092041011,Salem,1148.0,1.0,SALEM WATER DEPARTMENT,6.0,8.6,0.0,,No,,,,
250092041012,Salem,1675.0,1.0,SALEM WATER DEPARTMENT,6.0,8.6,0.0,,Yes,Minority,45.4,9.1,62589.0
250092041013,Salem,1244.0,1.0,SALEM WATER DEPARTMENT,6.0,8.6,0.0,,Yes,Minority,26.0,0.0,78828.0
250092041014,Salem,597.0,1.0,SALEM WATER DEPARTMENT,6.0,8.6,0.0,,No,,,,
250092041021,Salem,3457.0,1.0,SALEM WATER DEPARTMENT,6.0,8.6,0.0,,No,,,,
250092041022,Salem,2251.0,0.628,SALEM WATER DEPARTMENT,6.0,8.6,0.372,0.156,Yes,Minority,29.2,2.9,64375.0
250092042001,Salem,1246.0,1.0,SALEM WATER DEPARTMENT,6.0,8.6,0.0,,Yes,Minority and income,38.3,1.8,25587.0
250092042002,Salem,812.0,1.0,SALEM WATER DEPARTMENT,6.0,8.6,0.0,,Yes,Minority,53.3,8.4,0.0
250092042003,Salem,1323.0,1.0,SALEM WATER DEPARTMENT,6.0,8.6,0.0,,Yes,Minority,25.2,0.0,69688.0
250092042004,Salem,822.0,1.0,SALEM WATER DEPARTMENT,6.0,8.6,0.0,,Yes,Minority,27.7,0.0,59324.0
250092042005,Salem,1033.0,1.0,SALEM WATER DEPARTMENT,6.0,8.6,0.0,,Yes,Income,16.9,0.0,54219.0
250092043001,Salem,1408.0,0.989,SALEM WATER DEPARTMENT,6.0,8.6,0.011,0.216,Yes,Income,19.1,0.0,44095.0
250092043002,Salem,1475.0,1.0,SALEM WATER DEPARTMENT,6.0,8.6,0.0,,Yes,Minority and income,76.7,20.0,18693.0
250092043003,Salem,1193.0,1.0,SALEM WATER DEPARTMENT,6.0,8.6,0.0,,Yes,"Minority, income and English isolation",79.6,41.3,40750.0
250092044001,Salem,1135.0,1.0,SALEM WATER DEPARTMENT,6.0,8.6,0.0,,No,,,,
250092044002,Salem,696.0,1.0,SALEM WATER DEPARTMENT,6.0,8.6,0.0,,No,,,,
250092044003,Salem,910.0,1.0,SALEM WATER DEPARTMENT,6.0,8.6,0.0,,Yes,English isolation,14.9,36.7,98214.0
250092044004,Salem,748.0,0.914,SALEM WATER DEPARTMENT,6.0,8.6,0.086,0.157,No,,,,
250092045001,Salem,1290.0,0.977,SALEM WATER DEPARTMENT,6.0,8.6,0.023,0.14,Yes,Minority,24.9,1.9,94205.0
250092045002,Salem,1332.0,0.727,SALEM WATER DEPARTMENT,6.0,8.6,0.273,0.225,Yes,Income,20.2,1.1,45655.0
250092045003,Salem,915.0,1.0,SALEM WATER DEPARTMENT,6.0,8.6,0.0,,No,,,,
250092046001,Salem,1211.0,0.861,SALEM WATER DEPARTMENT,6.0,8.6,0.139,0.155,No,,,,
250092046002,Salem,1335.0,0.978,SALEM WATER DEPARTMENT,6.0,8.6,0.022,0.197,Yes,Minority,25.5,0.0,101655.0
250092046003,Salem,791.0,0.831,SALEM WATER DEPARTMENT,6.0,8.6,0.169,0.119,No,,,,
250092046004,Salem,1116.0,1.0,SALEM WATER DEPARTMENT,6.0,8.6,0.0,,Yes,Minority,24.6,3.8,106090.0
250092046005,Salem,916.0,1.0,SALEM WATER DEPARTMENT,6.0,8.6,0.0,,No,,,,
250092047011,Salem,1014.0,0.531,SALEM WATER DEPARTMENT,6.0,8.6,0.469,0.125,Yes,Minority,25.3,3.1,150577.0
250092047012,Salem,1352.0,0.825,SALEM WATER DEPARTMENT,6.0,8.6,0.175,0.125,Yes,Minority,62.9,5.6,71389.0
250092047013,Salem,1775.0,1.0,SALEM WATER DEPARTMENT,6.0,8.6,0.0,,Yes,Minority and English isolation,52.5,45.0,76852.0
250092047014,Salem,2044.0,0.646,SALEM WATER DEPARTMENT,6.0,8.6,0.354,0.133,No,,,,
250092047021,Salem,1082.0,0.969,SALEM WATER DEPARTMENT,6.0,8.6,0.031,0.22,Yes,Minority and income,34.7,0.0,54602.0
250092047022,Salem,915.0,1.0,SALEM WATER DEPARTMENT,6.0,8.6,0.0,,Yes,Minority,29.8,0.0,96250.0
250092047023,Salem,1125.0,1.0,SALEM WATER DEPARTMENT,6.0,8.6,0.0,,Yes,Minority,37.9,13.2,62162.0
250092047024,Salem,3086.0,1.0,SALEM WATER DEPARTMENT,6.0,8.6,0.0,,Yes,Minority,34.6,7.2,76279.0
250092051001,Lynn,1434.0,1.0,LYNN WATER AND SEWER COMM,6.8,7.4,0.0,,Yes,Minority,42.3,0.0,58616.0
250092051002,Lynn,1275.0,1.0,LYNN WATER AND SEWER COMM,6.8,7.4,0.0,,Yes,Minority,57.6,8.9,75653.0
250092051003,Lynn,1074.0,1.0,LYNN WATER AND SEWER COMM,6.8,7.4,0.0,,Yes,Minority and English isolation,58.3,34.3,98170.0
250092051004,Lynn,1653.0,1.0,LYNN WATER AND SEWER COMM,6.8,7.4,0.0,,Yes,Minority,33.0,0.0,117625.0
250092051005,Lynn,692.0,1.0,LYNN WATER AND SEWER COMM,6.8,7.4,0.0,,Yes,Minority,43.1,0.0,93964.0
250092052001,Lynn,869.0,1.0,LYNN WATER AND SEWER COMM,6.8,7.4,0.0,,Yes,Minority,41.8,3.8,57500.0
250092052002,Lynn,805.0,1.0,LYNN WATER AND SEWER COMM,6.8,7.4,0.0,,Yes,Minority,42.7,3.9,83646.0
250092052003,Lynn,1607.0,1.0,LYNN WATER AND SEWER COMM,6.8,7.4,0.0,,Yes,Minority,73.9,21.8,87827.0
250092052004,Lynn,1603.0,1.0,LYNN WATER AND SEWER COMM,6.8,7.4,0.0,,Yes,Minority,71.4,18.6,79907.0
250092052005,Lynn,1041.0,1.0,LYNN WATER AND SEWER COMM,6.8,7.4,0.0,,Yes,Minority and English isolation,50.5,33.0,70179.0
250092053001,Lynn,1674.0,0.91,LYNN WATER AND SEWER COMM,6.8,7.4,0.09,0.18,Yes,Minority,32.0,3.9,119519.0
250092053002,Lynn,1054.0,1.0,LYNN WATER AND SEWER COMM,6.8,7.4,0.0,,Yes,Minority,42.0,11.5,93854.0
250092053003,Lynn,965.0,1.0,LYNN WATER AND SEWER COMM,6.8,7.4,0.0,,No,,,,
250092053004,Lynn,1114.0,0.931,LYNN WATER AND SEWER COMM,6.8,7.4,0.069,0.166,Yes,Minority,35.0,0.0,75208.0
250092054001,Lynn,1677.0,0.779,LYNN WATER AND SEWER COMM,6.8,7.4,0.221,0.131,No,,,,
250092054002,Lynn,1645.0,1.0,LYNN WATER AND SEWER COMM,6.8,7.4,0.0,,No,,,,
250092054003,Lynn,1552.0,1.0,LYNN WATER AND SEWER COMM,6.8,7.4,0.0,,Yes,Minority,25.3,0.0,130357.0
250092055001,Lynn,2391.0,1.0,LYNN WATER AND SEWER COMM,6.8,7.4,0.0,,Yes,Minority,65.2,4.4,65388.0
250092055002,Lynn,3109.0,1.0,LYNN WATER AND SEWER COMM,6.8,7.4,0.0,,Yes,Minority,82.0,19.6,60333.0
250092056001,Lynn,1237.0,1.0,LYNN WATER AND SEWER COMM,6.8,7.4,0.0,,Yes,Minority and income,66.9,10.5,26571.0
250092056002,Lynn,1090.0,1.0,LYNN WATER AND SEWER COMM,6.8,7.4,0.0,,Yes,Minority,57.9,23.5,59286.0
250092056003,Lynn,1400.0,1.0,LYNN WATER AND SEWER COMM,6.8,7.4,0.0,,Yes,Minority,51.4,5.1,71875.0
250092056004,Lynn,695.0,1.0,LYNN WATER AND SEWER COMM,6.8,7.4,0.0,,Yes,Minority,37.1,0.0,85341.0
250092057001,Lynn,804.0,1.0,LYNN WATER AND SEWER COMM,6.8,7.4,0.0,,Yes,Minority,38.3,7.1,114688.0
250092057002,Lynn,1060.0,1.0,LYNN WATER AND SEWER COMM,6.8,7.4,0.0,,Yes,Minority,47.8,0.0,88224.0
250092057003,Lynn,1171.0,1.0,LYNN WATER AND SEWER COMM,6.8,7.4,0.0,,Yes,Minority and income,61.1,0.0,53043.0
250092057004,Lynn,903.0,1.0,LYNN WATER AND SEWER COMM,6.8,7.4,0.0,,Yes,Minority,59.2,6.0,81354.0
250092057005,Lynn,1134.0,1.0,LYNN WATER AND SEWER COMM,6.8,7.4,0.0,,Yes,Minority,58.2,20.6,110045.0
250092058001,Lynn,1124.0,1.0,LYNN WATER AND SEWER COMM,6.8,7.4,0.0,,Yes,Minority,77.3,15.5,62656.0
250092058002,Lynn,1220.0,1.0,LYNN WATER AND SEWER COMM,6.8,7.4,0.0,,Yes,"Minority, income and English isolation",84.2,34.6,46417.0
250092058003,Lynn,1381.0,1.0,LYNN WATER AND SEWER COMM,6.8,7.4,0.0,,Yes,Minority and English isolation,75.2,27.8,58989.0
250092059001,Lynn,1952.0,1.0,LYNN WATER AND SEWER COMM,6.8,7.4,0.0,,Yes,Minority,72.2,6.2,80660.0
250092059002,Lynn,1398.0,1.0,LYNN WATER AND SEWER COMM,6.8,7.4,0.0,,Yes,Minority,76.0,0.0,82837.0
250092059003,Lynn,1448.0,1.0,LYNN WATER AND SEWER COMM,6.8,7.4,0.0,,Yes,Minority,62.5,16.3,76328.0
250092060001,Lynn,1630.0,1.0,LYNN WATER AND SEWER COMM,6.8,7.4,0.0,,Yes,"Minority, income and English isolation",81.8,32.2,34216.0
250092060002,Lynn,2074.0,1.0,LYNN WATER AND SEWER COMM,6.8,7.4,0.0,,Yes,Minority and English isolation,85.6,29.0,61250.0
250092061001,Lynn,1998.0,1.0,LYNN WATER AND SEWER COMM,6.8,7.4,0.0,,Yes,"Minority, income and English isolation",82.7,40.3,16715.0
250092061002,Lynn,2201.0,1.0,LYNN WATER AND SEWER COMM,6.8,7.4,0.0,,Yes,Minority and English isolation,88.4,44.8,58397.0
250092062001,Lynn,1352.0,1.0,LYNN WATER AND SEWER COMM,6.8,7.4,0.0,,Yes,Minority and English isolation,86.7,26.1,91705.0
250092062002,Lynn,2507.0,1.0,LYNN WATER AND SEWER COMM,6.8,7.4,0.0,,Yes,Minority,85.1,14.5,63737.0
250092062003,Lynn,2020.0,1.0,LYNN WATER AND SEWER COMM,6.8,7.4,0.0,,Yes,Minority,87.4,13.6,68750.0
250092063001,Lynn,1220.0,1.0,LYNN WATER AND SEWER COMM,6.8,7.4,0.0,,Yes,Minority,88.4,10.1,98438.0
250092063002,Lynn,1137.0,1.0,LYNN WATER AND SEWER COMM,6.8,7.4,0.0,,Yes,Minority,77.9,3.9,75542.0
250092063003,Lynn,1018.0,1.0,LYNN WATER AND SEWER COMM,6.8,7.4,0.0,,Yes,Minority,83.9,16.2,64938.0
250092063004,Lynn,839.0,1.0,LYNN WATER AND SEWER COMM,6.8,7.4,0.0,,Yes,Minority,73.8,0.0,71937.0
250092064001,Lynn,1228.0,1.0,LYNN WATER AND SEWER COMM,6.8,7.4,0.0,,Yes,"Minority, income and English isolation",84.3,32.4,46591.0
250092064002,Lynn,1979.0,1.0,LYNN WATER AND SEWER COMM,6.8,7.4,0.0,,Yes,Minority,53.5,4.0,98807.0
250092064003,Lynn,1275.0,1.0,LYNN WATER AND SEWER COMM,6.8,7.4,0.0,,Yes,Minority,67.9,17.9,72000.0
250092064004,Lynn,1578.0,1.0,LYNN WATER AND SEWER COMM,6.8,7.4,0.0,,Yes,Minority,65.1,9.5,67171.0
250092065001,Lynn,1091.0,1.0,LYNN WATER AND SEWER COMM,6.8,7.4,0.0,,Yes,Minority and income,71.1,0.0,46118.0
250092065002,Lynn,1473.0,1.0,LYNN WATER AND SEWER COMM,6.8,7.4,0.0,,Yes,"Minority, income and English isolation",84.5,40.0,44063.0
250092065003,Lynn,1183.0,1.0,LYNN WATER AND SEWER COMM,6.8,7.4,0.0,,Yes,Minority and income,86.8,9.6,38045.0
250092066001,Lynn,1001.0,1.0,LYNN WATER AND SEWER COMM,6.8,7.4,0.0,,Yes,Minority,46.5,4.8,83500.0
250092066002,Lynn,869.0,1.0,LYNN WATER AND SEWER COMM,6.8,7.4,0.0,,Yes,Minority and income,41.1,2.0,47100.0
250092066003,Lynn,1367.0,1.0,LYNN WATER AND SEWER COMM,6.8,7.4,0.0,,Yes,Minority,57.9,17.8,63929.0
250092066004,Lynn,1879.0,1.0,LYNN WATER AND SEWER COMM,6.8,7.4,0.0,,Yes,Minority,74.1,19.5,59563.0
250092067001,Lynn,1547.0,1.0,LYNN WATER AND SEWER COMM,6.8,7.4,0.0,,Yes,Minority,80.0,17.4,60060.0
250092067002,Lynn,858.0,1.0,LYNN WATER AND SEWER COMM,6.8,7.4,0.0,,Yes,Minority,31.1,13.2,58980.0
250092067003,Lynn,836.0,1.0,LYNN WATER AND SEWER COMM,6.8,7.4,0.0,,Yes,Minority,53.7,24.0,74583.0
250092067004,Lynn,1323.0,1.0,LYNN WATER AND SEWER COMM,6.8,7.4,0.0,,Yes,"Minority, income and English isolation",60.7,32.0,25265.0
250092068001,Lynn,1982.0,1.0,LYNN WATER AND SEWER COMM,6.8,7.4,0.0,,Yes,Minority and English isolation,85.2,39.9,62500.0
250092068002,Lynn,2443.0,1.0,LYNN WATER AND SEWER COMM,6.8,7.4,0.0,,Yes,"Minority, income and English isolation",69.1,33.4,23704.0
250092069001,Lynn,1006.0,1.0,LYNN WATER AND SEWER COMM,6.8,7.4,0.0,,Yes,"Minority, income and English isolation",51.5,61.4,12615.0
250092069002,Lynn,1380.0,1.0,LYNN WATER AND SEWER COMM,6.8,7.4,0.0,,Yes,Minority and income,63.6,11.5,40363.0
250092069003,Lynn,1809.0,1.0,LYNN WATER AND SEWER COMM,6.8,7.4,0.0,,Yes,"Minority, income and English isolation",65.9,25.9,18333.0
250092069004,Lynn,800.0,1.0,LYNN WATER AND SEWER COMM,6.8,7.4,0.0,,Yes,Minority and English isolation,80.2,34.5,76076.0
250092070001,Lynn,966.0,1.0,LYNN WATER AND SEWER COMM,6.8,7.4,0.0,,Yes,"Minority, income and English isolation",58.4,26.6,14855.0
250092070002,Lynn,1323.0,1.0,LYNN WATER AND SEWER COMM,6.8,7.4,0.0,,Yes,"Minority, income and English isolation",86.1,26.3,33000.0
250092071001,Lynn,1581.0,1.0,LYNN WATER AND SEWER COMM,6.8,7.4,0.0,,Yes,"Minority, income and English isolation",88.6,35.4,47781.0
250092071002,Lynn,1176.0,1.0,LYNN WATER AND SEWER COMM,6.8,7.4,0.0,,Yes,Minority and English isolation,90.2,28.6,65156.0
250092071003,Lynn,1050.0,1.0,LYNN WATER AND SEWER COMM,6.8,7.4,0.0,,Yes,Minority,87.7,11.6,114018.0
250092072001,Lynn,1443.0,0.983,LYNN WATER AND SEWER COMM,6.8,7.4,0.017,0.122,Yes,Minority and income,81.5,11.7,44500.0
250092072002,Lynn,1560.0,1.0,LYNN WATER AND SEWER COMM,6.8,7.4,0.0,,Yes,"Minority, income and English isolation",78.7,27.4,14588.0
250092081011,Saugus,940.0,1.0,SAUGUS WATER DEPT. (MWRA),0.0,0.0,0.0,,No,,,,
250092081012,Saugus,1892.0,1.0,SAUGUS WATER DEPT. (MWRA),0.0,0.0,0.0,,Yes,Minority,36.2,0.0,68906.0
250092081013,Saugus,1176.0,1.0,SAUGUS WATER DEPT. (MWRA),0.0,0.0,0.0,,Yes,Minority,28.4,0.0,102411.0
250092081014,Saugus,1394.0,1.0,SAUGUS WATER DEPT. (MWRA),0.0,0.0,0.0,,Yes,Minority,25.7,0.0,112976.0
250092081021,Saugus,811.0,0.843,SAUGUS WATER DEPT. (MWRA),0.0,0.0,0.157,0.172,Yes,Minority,33.5,0.0,77188.0
250092081022,Saugus,963.0,0.974,SAUGUS WATER DEPT. (MWRA),0.0,0.0,0.026,0.18,Yes,Minority,29.8,1.0,140219.0
250092081023,Saugus,868.0,1.0,SAUGUS WATER DEPT. (MWRA),0.0,0.0,0.0,,Yes,Minority,24.5,4.3,96750.0
250092081024,Saugus,900.0,0.683,SAUGUS WATER DEPT. (MWRA),0.0,0.0,0.317,0.108,Yes,Minority,34.4,0.0,82063.0
250092082001,Saugus,1276.0,1.0,SAUGUS WATER DEPT. (MWRA),0.0,0.0,0.0,,No,,,,
250092082002,Saugus,937.0,1.0,SAUGUS WATER DEPT. (MWRA),0.0,0.0,0.0,,No,,,,
250092082003,Saugus,2019.0,1.0,SAUGUS WATER DEPT. (MWRA),0.0,0.0,0.0,,Yes,Income,20.8,8.4,29567.0
250092082004,Saugus,1298.0,1.0,SAUGUS WATER DEPT. (MWRA),0.0,0.0,0.0,,No,,,,
250092083011,Saugus,1891.0,0.479,SAUGUS WATER DEPT. (MWRA),0.0,0.0,0.521,0.144,Yes,Income,22.9,4.0,46250.0
250092083012,Saugus,787.0,1.0,SAUGUS WATER DEPT. (MWRA),0.0,0.0,0.0,,No,,,,
250092083021,Saugus,1201.0,0.687,SAUGUS WATER DEPT. (MWRA),0.0,0.0,0.313,0.096,Yes,English isolation,21.1,27.3,78984.0
250092083022,Saugus,2443.0,1.0,SAUGUS WATER DEPT. (MWRA),0.0,0.0,0.0,,No,,,,
250092083023,Saugus,1341.0,1.0,SAUGUS WATER DEPT. (MWRA),0.0,0.0,0.0,,No,,,,
250092084011,Saugus,1320.0,1.0,SAUGUS WATER DEPT. (MWRA),0.0,0.0,0.0,,Yes,Minority,25.2,0.0,130682.0
250092084012,Saugus,1648.0,0.359,SAUGUS WATER DEPT. (MWRA),0.0,0.0,0.641,0.101,No,,,,
250092084021,Saugus,1321.0,0.977,SAUGUS WATER DEPT. (MWRA),0.0,0.0,0.023,0.154,No,,,,
250092084022,Saugus,2193.0,0.913,SAUGUS WATER DEPT. (MWRA),0.0,0.0,0.087,0.134,Yes,Minority,30.6,7.9,92056.0
250092091001,Lynnfield,1417.0,1.0,LYNNFIELD CENTER WATER DISTRICT; LYNNFIELD WATER DIST. (MWRA),0.8,2.5,0.0,,No,,,,
250092091002,Lynnfield,703.0,1.0,LYNNFIELD WATER DIST. (MWRA),0.0,0.0,0.0,,No,,,,
250092091003,Lynnfield,1745.0,1.0,LYNNFIELD CENTER WATER DISTRICT; LYNNFIELD WATER DIST. (MWRA),4.0,12.0,0.0,,No,,,,
250092091004,Lynnfield,1082.0,1.0,LYNNFIELD CENTER WATER DISTRICT,5.2,15.5,0.0,,No,,,,
250092091005,Lynnfield,2229.0,1.0,LYNNFIELD CENTER WATER DISTRICT; LYNNFIELD WATER DIST. (MWRA),1.3,3.9,0.0,,No,,,,
250092092001,Lynnfield,1249.0,1.0,LYNNFIELD CENTER WATER DISTRICT,5.2,15.5,0.0,,No,,,,
250092092002,Lynnfield,1379.0,1.0,LYNNFIELD CENTER WATER DISTRICT,5.2,15.5,0.0,,No,,,,
250092092003,Lynnfield,1449.0,1.0,LYNNFIELD CENTER WATER DISTRICT,5.2,15.5,0.0,,No,,,,
250092092004,Lynnfield,1747.0,0.885,LYNNFIELD CENTER WATER DISTRICT,5.2,15.5,0.115,0.321,No,,,,
250092101001,Peabody,2633.0,0.995,PEABODY WATER DEPT.,11.5,11.4,0.005,0.365,No,,,,
250092101002,Peabody,1417.0,0.788,PEABODY WATER DEPT.,11.5,11.4,0.212,0.382,No,,,,
250092101003,Peabody,1510.0,1.0,PEABODY WATER DEPT.,11.5,11.4,0.0,,No,,,,
250092101004,Peabody,1320.0,1.0,PEABODY WATER DEPT.,11.5,11.4,0.0,,No,,,,
250092102001,Peabody,1374.0,1.0,PEABODY WATER DEPT.,11.5,11.4,0.0,,No,,,,
250092102002,Peabody,1823.0,0.854,PEABODY WATER DEPT.,11.5,11.4,0.146,0.345,No,,,,
250092102003,Peabody,2111.0,1.0,PEABODY WATER DEPT.,11.5,11.4,0.0,,No,,,,
250092103011,Peabody,2968.0,1.0,PEABODY WATER DEPT.,11.5,11.4,0.0,,No,,,,
250092103012,Peabody,2208.0,1.0,PEABODY WATER DEPT.,11.5,11.4,0.0,,Yes,Income,9.4,1.9,53450.0
250092103021,Peabody,1066.0,0.989,PEABODY WATER DEPT.,11.5,11.4,0.011,0.37,Yes,Minority,26.9,0.0,117931.0
250092103022,Peabody,2004.0,1.0,PEABODY WATER DEPT.,11.5,11.4,0.0,,No,,,,
250092103024,Peabody,1848.0,1.0,PEABODY WATER DEPT.,11.5,11.4,0.0,,Yes,Minority,33.5,0.0,84100.0
250092104011,Peabody,2054.0,1.0,PEABODY WATER DEPT.,11.5,11.4,0.0,,Yes,Minority and income,34.1,2.0,47452.0
250092104012,Peabody,1181.0,0.805,PEABODY WATER DEPT.,11.5,11.4,0.195,0.163,Yes,Minority,34.4,0.0,68243.0
250092104021,Peabody,2442.0,1.0,PEABODY WATER DEPT.,11.5,11.4,0.0,,No,,,,
250092104022,Peabody,1691.0,0.848,PEABODY WATER DEPT.,11.5,11.4,0.152,0.139,No,,,,
250092105001,Peabody,1232.0,1.0,PEABODY WATER DEPT.,11.5,11.4,0.0,,No,,,,
250092105002,Peabody,2532.0,1.0,PEABODY WATER DEPT.,11.5,11.4,0.0,,No,,,,
250092105003,Peabody,1824.0,0.436,PEABODY WATER DEPT.,11.5,11.4,0.564,0.174,No,,,,
250092105004,Peabody,1358.0,1.0,PEABODY WATER DEPT.,11.5,11.4,0.0,,No,,,,
250092106001,Peabody,1809.0,0.585,PEABODY WATER DEPT.,11.5,11.4,0.415,0.174,Yes,Minority,30.6,7.1,55540.0
250092106002,Peabody,2615.0,0.733,PEABODY WATER DEPT.,11.5,11.4,0.267,0.16,No,,,,
250092107001,Peabody,1326.0,1.0,PEABODY WATER DEPT.,11.5,11.4,0.0,,Yes,Minority,47.1,13.0,58295.0
250092107002,Peabody,1062.0,1.0,PEABODY WATER DEPT.,11.5,11.4,0.0,,Yes,Minority and income,54.6,11.1,34028.0
250092107003,Peabody,1271.0,1.0,PEABODY WATER DEPT.,11.5,11.4,0.0,,Yes,Minority and income,38.8,16.4,46587.0
250092107004,Peabody,787.0,0.948,PEABODY WATER DEPT.,11.5,11.4,0.052,0.196,Yes,Minority,33.2,1.1,79643.0
250092108001,Peabody,1338.0,1.0,PEABODY WATER DEPT.,11.5,11.4,0.0,,Yes,Minority,45.1,7.8,58997.0
250092108002,Peabody,1327.0,1.0,PEABODY WATER DEPT.,11.5,11.4,0.0,,Yes,Minority and income,49.7,3.8,50761.0
250092108003,Peabody,1026.0,1.0,PEABODY WATER DEPT.,11.5,11.4,0.0,,Yes,Minority and English isolation,42.5,25.8,85404.0
250092108004,Peabody,1260.0,1.0,PEABODY WATER DEPT.,11.5,11.4,0.0,,Yes,Minority and income,43.1,16.9,31833.0
250092109001,Peabody,1270.0,0.833,PEABODY WATER DEPT.,11.5,11.4,0.167,0.182,Yes,Minority,29.5,9.8,96232.0
250092109002,Peabody,940.0,1.0,PEABODY WATER DEPT.,11.5,11.4,0.0,,No,,,,
250092109003,Peabody,1854.0,1.0,PEABODY WATER DEPT.,11.5,11.4,0.0,,No,,,,
250092111001,Danvers,951.0,1.0,DANVERS WATER DEPT.,1.4,23.1,0.0,,Yes,Income,14.5,1.1,47000.0
250092111002,Danvers,921.0,0.989,DANVERS WATER DEPT.,1.4,23.1,0.011,0.135,Yes,Income,18.6,4.2,54125.0
250092111003,Danvers,2161.0,1.0,DANVERS WATER DEPT.,1.4,23.1,0.0,,No,,,,
250092112011,Danvers,1120.0,1.0,DANVERS WATER DEPT.,1.4,23.1,0.0,,No,,,,
250092112012,Danvers,1485.0,1.0,DANVERS WATER DEPT.,1.4,23.1,0.0,,No,,,,
250092112021,Danvers,1778.0,1.0,DANVERS WATER DEPT.,1.4,23.1,0.0,,No,,,,
250092112022,Danvers,2052.0,1.0,DANVERS WATER DEPT.,1.4,23.1,0.0,,No,,,,
250092113001,Danvers,2137.0,1.0,DANVERS WATER DEPT.,1.4,23.1,0.0,,No,,,,
250092113002,Danvers,1557.0,1.0,DANVERS WATER DEPT.,1.4,23.1,0.0,,No,,,,
250092113003,Danvers,2132.0,1.0,DANVERS WATER DEPT.,1.4,23.1,0.0,,No,,,,
250092113004,Danvers,1090.0,1.0,DANVERS WATER DEPT.,1.4,23.1,0.0,,No,,,,
250092114011,Danvers,1961.0,1.0,DANVERS WATER DEPT.,1.4,23.1,0.0,,No,,,,
250092114012,Danvers,1319.0,1.0,DANVERS WATER DEPT.,1.4,23.1,0.0,,No,,,,
250092114013,Danvers,981.0,1.0,DANVERS WATER DEPT.,1.4,23.1,0.0,,Yes,Minority and income,25.0,1.6,49531.0
250092114021,Danvers,1286.0,1.0,DANVERS WATER DEPT.,1.4,23.1,0.0,,No,,,,
250092114022,Danvers,1857.0,1.0,DANVERS WATER DEPT.,1.4,23.1,0.0,,No,,,,
250092114023,Danvers,2185.0,1.0,DANVERS WATER DEPT.,1.4,23.1,0.0,,No,,,,
250092114024,Danvers,1114.0,1.0,DANVERS WATER DEPT.,1.4,23.1,0.0,,No,,,,
250092121011,Middleton,1520.0,0.116,MIDDLETON WATER DEPT.,1.4,23.1,0.884,0.128,No,,,,
250092121012,Middleton,2126.0,0.29,MIDDLETON WATER DEPT.,1.4,23.1,0.71,0.325,No,,,,
250092121013,Middleton,1401.0,0.298,MIDDLETON WATER DEPT.,1.4,23.1,0.702,0.297,No,,,,
250092121021,Middleton,2453.0,0.254,MIDDLETON WATER DEPT.,1.4,23.1,0.746,0.287,No,,,,
250092121022,Middleton,2279.0,0.799,MIDDLETON WATER DEPT.,1.4,23.1,0.201,0.292,No,,,,
250092131001,Boxford,1759.0,0.0,,,,1.0,0.218,No,,,,
250092131002,Boxford,772.0,0.035,"ANDREWS FARM WATER CO.,INC.; TOPSFIELD WATER DEPARTMENT",15.4,28.3,0.965,0.248,No,,,,
250092131003,Boxford,1540.0,0.0,,,,1.0,0.18,No,,,,
250092131004,Boxford,1821.0,0.023,WILLOWS AT BOXFORD,0.0,0.0,0.977,0.12,No,,,,
250092131005,Boxford,2311.0,0.0,,,,1.0,0.209,No,,,,
250092141001,Topsfield,1675.0,0.728,TOPSFIELD WATER DEPARTMENT,12.7,21.5,0.272,0.21,No,,,,
250092141002,Topsfield,1648.0,0.839,TOPSFIELD WATER DEPARTMENT,12.7,21.5,0.161,0.243,No,,,,
250092141003,Topsfield,2263.0,0.756,TOPSFIELD WATER DEPARTMENT,12.7,21.5,0.244,0.245,No,,,,
250092141004,Topsfield,983.0,0.866,TOPSFIELD WATER DEPARTMENT,12.7,21.5,0.134,0.209,No,,,,
250092151011,Hamilton,2073.0,0.66,HAMILTON WATER DEPT,22.4,27.9,0.34,0.102,No,,,,
250092151012,Hamilton,1169.0,0.619,HAMILTON WATER DEPT,22.4,27.9,0.381,0.184,No,,,,
250092151013,Hamilton,892.0,0.86,HAMILTON WATER DEPT,22.4,27.9,0.14,0.228,No,,,,
250092151014,Hamilton,488.0,1.0,HAMILTON WATER DEPT,22.4,27.9,0.0,,Yes,Minority,49.2,21.9,129063.0
250092151021,Hamilton,609.0,0.45,HAMILTON WATER DEPT,22.4,27.9,0.55,0.217,No,,,,
250092151022,Hamilton,767.0,1.0,HAMILTON WATER DEPT,22.4,27.9,0.0,,No,,,,
250092151023,Hamilton,900.0,0.25,HAMILTON WATER DEPT,22.4,27.9,0.75,0.228,No,,,,
250092151024,Hamilton,663.0,1.0,HAMILTON WATER DEPT,22.4,27.9,0.0,,Yes,Income,9.8,0.0,41579.0
250092161001,Wenham,1048.0,0.748,WENHAM WATER DEPT.,14.5,14.4,0.252,0.222,No,,,,
250092161002,Wenham,1854.0,0.312,WENHAM WATER DEPT.,14.5,14.4,0.688,0.236,No,,,,
250092161003,Wenham,2077.0,0.099,WENHAM WATER DEPT.,14.5,14.4,0.901,0.125,No,,,,
250092171011,Beverly,2631.0,1.0,BEVERLY WATER DEPT,6.0,8.6,0.0,,No,,,,
250092171012,Beverly,2166.0,1.0,BEVERLY WATER DEPT,6.0,8.6,0.0,,Yes,Income,21.4,0.0,50993.0
250092171021,Beverly,904.0,1.0,BEVERLY WATER DEPT,6.0,8.6,0.0,,Yes,Income,12.8,4.9,44554.0
250092171022,Beverly,2125.0,1.0,BEVERLY WATER DEPT,6.0,8.6,0.0,,No,,,,
250092172011,Beverly,1055.0,1.0,BEVERLY WATER DEPT,6.0,8.6,0.0,,No,,,,
250092172012,Beverly,3182.0,1.0,BEVERLY WATER DEPT,6.0,8.6,0.0,,No,,,,
250092172021,Beverly,991.0,1.0,BEVERLY WATER DEPT,6.0,8.6,0.0,,No,,,,
250092172022,Beverly,809.0,1.0,BEVERLY WATER DEPT,6.0,8.6,0.0,,No,,,,
250092172023,Beverly,678.0,1.0,BEVERLY WATER DEPT,6.0,8.6,0.0,,No,,,,
250092172024,Beverly,1108.0,1.0,BEVERLY WATER DEPT,6.0,8.6,0.0,,No,,,,
250092173001,Beverly,1097.0,1.0,BEVERLY WATER DEPT,6.0,8.6,0.0,,Yes,Minority,41.3,9.3,70278.0
250092173002,Beverly,1063.0,1.0,BEVERLY WATER DEPT,6.0,8.6,0.0,,No,,,,
250092173003,Beverly,1473.0,1.0,BEVERLY WATER DEPT,6.0,8.6,0.0,,Yes,Minority,27.6,7.2,63313.0
250092173004,Beverly,683.0,1.0,BEVERLY WATER DEPT,6.0,8.6,0.0,,No,,,,
250092173005,Beverly,965.0,1.0,BEVERLY WATER DEPT,6.0,8.6,0.0,,Yes,Minority,34.7,13.6,80595.0
250092174011,Beverly,821.0,1.0,BEVERLY WATER DEPT,6.0,8.6,0.0,,No,,,,
250092174012,Beverly,857.0,1.0,BEVERLY WATER DEPT,6.0,8.6,0.0,,Yes,Income,18.9,14.2,33289.0
250092174013,Beverly,745.0,1.0,BEVERLY WATER DEPT,6.0,8.6,0.0,,Yes,Income,23.0,7.9,53913.0
250092174021,Beverly,645.0,1.0,BEVERLY WATER DEPT,6.0,8.6,0.0,,Yes,Minority and income,27.6,0.0,40476.0
250092174022,Beverly,1455.0,1.0,BEVERLY WATER DEPT,6.0,8.6,0.0,,Yes,Income,16.4,1.1,45676.0
250092174023,Beverly,1309.0,1.0,BEVERLY WATER DEPT,6.0,8.6,0.0,,No,,,,
250092175001,Beverly,972.0,1.0,BEVERLY WATER DEPT,6.0,8.6,0.0,,No,,,,
250092175002,Beverly,1000.0,1.0,BEVERLY WATER DEPT,6.0,8.6,0.0,,No,,,,
250092175003,Beverly,1024.0,1.0,BEVERLY WATER DEPT,6.0,8.6,0.0,,No,,,,
250092175004,Beverly,1394.0,1.0,BEVERLY WATER DEPT,6.0,8.6,0.0,,No,,,,
250092175005,Beverly,2030.0,1.0,BEVERLY WATER DEPT,6.0,8.6,0.0,,No,,,,
250092176011,Beverly,2654.0,1.0,BEVERLY WATER DEPT,6.0,8.6,0.0,,No,,,,
250092176012,Beverly,2078.0,1.0,BEVERLY WATER DEPT,6.0,8.6,0.0,,Yes,Income,9.0,6.0,39107.0
250092176021,Beverly,685.0,1.0,BEVERLY WATER DEPT,6.0,8.6,0.0,,No,,,,
250092176022,Beverly,975.0,1.0,BEVERLY WATER DEPT,6.0,8.6,0.0,,No,,,,
250092176023,Beverly,3096.0,1.0,BEVERLY WATER DEPT,6.0,8.6,0.0,,No,,,,
250092181001,Manchester-By-The-Sea,1252.0,0.233,MANCHESTER BY THE SEA DPW,10.5,18.6,0.767,0.099,No,,,,
250092181002,Manchester-By-The-Sea,724.0,0.822,MANCHESTER BY THE SEA DPW,10.5,18.6,0.178,0.1,No,,,,
250092181003,Manchester-By-The-Sea,933.0,0.921,MANCHESTER BY THE SEA DPW,10.5,18.6,0.079,0.123,No,,,,
250092181004,Manchester-By-The-Sea,2486.0,0.38,MANCHESTER BY THE SEA DPW,10.5,18.6,0.62,0.113,No,,,,
250092201011,Rockport,760.0,0.933,ROCKPORT WATER DEPT,2.8,3.5,0.067,0.075,No,,,,
250092201012,Rockport,1253.0,0.409,ROCKPORT WATER DEPT,2.8,3.5,0.591,0.083,No,,,,
250092201013,Rockport,828.0,0.861,ROCKPORT WATER DEPT,2.8,3.5,0.139,0.127,Yes,Income,6.5,0.0,47644.0
250092201014,Rockport,1173.0,1.0,ROCKPORT WATER DEPT,2.8,3.5,0.0,,No,,,,
250092201021,Rockport,1868.0,0.724,ROCKPORT WATER DEPT,2.8,3.5,0.276,0.094,No,,,,
250092201022,Rockport,1110.0,0.751,ROCKPORT WATER DEPT,2.8,3.5,0.249,0.095,No,,,,
250092211001,Gloucester,1294.0,0.815,GLOUCESTER PUBLIC UTILITY DIVISION,0.0,0.0,0.185,0.102,No,,,,
250092211002,Gloucester,1573.0,0.879,GLOUCESTER PUBLIC UTILITY DIVISION,0.0,0.0,0.121,0.093,No,,,,
250092211003,Gloucester,1481.0,0.222,GLOUCESTER PUBLIC UTILITY DIVISION,0.0,0.0,0.778,0.089,No,,,,
250092213001,Gloucester,1489.0,0.736,GLOUCESTER PUBLIC UTILITY DIVISION,0.0,0.0,0.264,0.114,No,,,,
250092213002,Gloucester,933.0,0.988,GLOUCESTER PUBLIC UTILITY DIVISION,0.0,0.0,0.012,0.069,No,,,,
250092213003,Gloucester,1984.0,0.978,GLOUCESTER PUBLIC UTILITY DIVISION,0.0,0.0,0.022,0.084,No,,,,
250092214001,Gloucester,1014.0,1.0,GLOUCESTER PUBLIC UTILITY DIVISION,0.0,0.0,0.0,,Yes,Income,19.7,0.0,55000.0
250092214002,Gloucester,1785.0,1.0,GLOUCESTER PUBLIC UTILITY DIVISION,0.0,0.0,0.0,,Yes,Income,15.2,5.5,54808.0
250092214003,Gloucester,616.0,1.0,GLOUCESTER PUBLIC UTILITY DIVISION,0.0,0.0,0.0,,Yes,Income,12.5,4.0,48750.0
250092215001,Gloucester,1509.0,1.0,GLOUCESTER PUBLIC UTILITY DIVISION,0.0,0.0,0.0,,Yes,Income,22.7,0.0,41314.0
250092215002,Gloucester,1608.0,1.0,GLOUCESTER PUBLIC UTILITY DIVISION,0.0,0.0,0.0,,No,,,,
250092216001,Gloucester,839.0,0.963,GLOUCESTER PUBLIC UTILITY DIVISION,0.0,0.0,0.037,0.131,Yes,Minority,28.4,3.4,59853.0
250092216002,Gloucester,970.0,1.0,GLOUCESTER PUBLIC UTILITY DIVISION,0.0,0.0,0.0,,No,,,,
250092216003,Gloucester,832.0,1.0,GLOUCESTER PUBLIC UTILITY DIVISION,0.0,0.0,0.0,,Yes,Income,18.3,0.0,40179.0
250092217001,Gloucester,1042.0,1.0,GLOUCESTER PUBLIC UTILITY DIVISION,0.0,0.0,0.0,,Yes,Income,14.7,0.0,44427.0
250092217002,Gloucester,1836.0,1.0,GLOUCESTER PUBLIC UTILITY DIVISION,0.0,0.0,0.0,,No,,,,
250092218001,Gloucester,879.0,1.0,GLOUCESTER PUBLIC UTILITY DIVISION,0.0,0.0,0.0,,No,,,,
250092218002,Gloucester,894.0,1.0,GLOUCESTER PUBLIC UTILITY DIVISION,0.0,0.0,0.0,,No,,,,
250092219011,Gloucester,921.0,0.989,GLOUCESTER PUBLIC UTILITY DIVISION,0.0,0.0,0.011,0.097,No,,,,
250092219012,Gloucester,1173.0,0.435,GLOUCESTER PUBLIC UTILITY DIVISION,0.0,0.0,0.565,0.131,No,,,,
250092219013,Gloucester,1396.0,0.337,GLOUCESTER PUBLIC UTILITY DIVISION,0.0,0.0,0.663,0.077,No,,,,
250092219021,Gloucester,1619.0,0.545,GLOUCESTER PUBLIC UTILITY DIVISION,0.0,0.0,0.455,0.187,No,,,,
250092219022,Gloucester,931.0,0.144,GLOUCESTER PUBLIC UTILITY DIVISION,0.0,0.0,0.856,0.202,No,,,,
250092219023,Gloucester,1111.0,0.368,GLOUCESTER PUBLIC UTILITY DIVISION,0.0,0.0,0.632,0.202,No,,,,
250092221001,Essex,1200.0,0.036,ESSEX WATER DEPT.,0.4,0.8,0.964,0.178,No,,,,
250092221002,Essex,958.0,0.154,ESSEX WATER DEPT.; HAMILTON WATER DEPT,8.9,11.2,0.846,0.199,No,,,,
250092221003,Essex,1517.0,0.612,ESSEX WATER DEPT.,0.4,0.8,0.388,0.232,No,,,,
250092231001,Ipswich,1902.0,0.17,IPSWICH DPU  WATER DEPT,2.2,10.4,0.83,0.222,No,,,,
250092231002,Ipswich,1372.0,0.577,IPSWICH DPU  WATER DEPT,2.2,10.4,0.423,0.235,No,,,,
250092231003,Ipswich,875.0,0.406,IPSWICH DPU  WATER DEPT,2.2,10.4,0.594,0.194,No,,,,
250092232001,Ipswich,1308.0,1.0,IPSWICH DPU  WATER DEPT,2.2,10.4,0.0,,No,,,,
250092232002,Ipswich,1514.0,1.0,IPSWICH DPU  WATER DEPT,2.2,10.4,0.0,,No,,,,
250092232003,Ipswich,925.0,0.759,IPSWICH DPU  WATER DEPT,2.2,10.4,0.241,0.212,No,,,,
250092233001,Ipswich,2158.0,0.267,IPSWICH DPU  WATER DEPT,2.2,10.4,0.733,0.228,No,,,,
250092233002,Ipswich,2938.0,0.233,IPSWICH DPU  WATER DEPT,2.2,10.4,0.767,0.22,No,,,,
250092233003,Ipswich,793.0,0.459,IPSWICH DPU  WATER DEPT,2.2,10.4,0.541,0.237,No,,,,
250092501001,Lawrence,959.0,1.0,LAWRENCE WATER WORKS,5.1,6.2,0.0,,Yes,"Minority, income and English isolation",88.7,40.1,12156.0
250092501002,Lawrence,2794.0,1.0,LAWRENCE WATER WORKS,5.1,6.2,0.0,,Yes,"Minority, income and English isolation",82.2,40.5,35327.0
250092502001,Lawrence,2762.0,1.0,LAWRENCE WATER WORKS,5.1,6.2,0.0,,Yes,Minority,87.4,13.8,65227.0
250092502002,Lawrence,1587.0,1.0,LAWRENCE WATER WORKS,5.1,6.2,0.0,,Yes,Minority and income,92.6,13.6,41765.0
250092502003,Lawrence,2415.0,1.0,LAWRENCE WATER WORKS,5.1,6.2,0.0,,Yes,Minority,84.7,8.9,67813.0
250092503001,Lawrence,1931.0,1.0,LAWRENCE WATER WORKS,5.1,6.2,0.0,,Yes,"Minority, income and English isolation",95.9,37.2,41172.0
250092503002,Lawrence,974.0,1.0,LAWRENCE WATER WORKS,5.1,6.2,0.0,,Yes,Minority and English isolation,96.1,28.7,87895.0
250092504001,Lawrence,1392.0,1.0,LAWRENCE WATER WORKS,5.1,6.2,0.0,,Yes,Minority and income,94.3,22.8,47478.0
250092504002,Lawrence,1878.0,1.0,LAWRENCE WATER WORKS,5.1,6.2,0.0,,Yes,"Minority, income and English isolation",93.2,40.3,43750.0
250092504003,Lawrence,800.0,1.0,LAWRENCE WATER WORKS,5.1,6.2,0.0,,Yes,"Minority, income and English isolation",96.1,52.2,33500.0
250092505001,Lawrence,1627.0,1.0,LAWRENCE WATER WORKS,5.1,6.2,0.0,,Yes,Minority and income,96.8,17.1,41550.0
250092505002,Lawrence,908.0,1.0,LAWRENCE WATER WORKS,5.1,6.2,0.0,,Yes,"Minority, income and English isolation",98.8,47.6,41750.0
250092505003,Lawrence,1822.0,1.0,LAWRENCE WATER WORKS,5.1,6.2,0.0,,Yes,"Minority, income and English isolation",97.4,29.4,51447.0
250092506001,Lawrence,1593.0,1.0,LAWRENCE WATER WORKS,5.1,6.2,0.0,,Yes,"Minority, income and English isolation",91.5,33.1,52257.0
250092506002,Lawrence,1425.0,1.0,LAWRENCE WATER WORKS,5.1,6.2,0.0,,Yes,Minority and income,92.9,23.8,46216.0
250092506003,Lawrence,1524.0,1.0,LAWRENCE WATER WORKS,5.1,6.2,0.0,,Yes,"Minority, income and English isolation",93.6,54.2,40243.0
250092506004,Lawrence,1708.0,1.0,LAWRENCE WATER WORKS,5.1,6.2,0.0,,Yes,Minority and English isolation,89.3,36.0,66625.0
250092507001,Lawrence,2498.0,1.0,LAWRENCE WATER WORKS,5.1,6.2,0.0,,Yes,Minority and income,93.0,23.4,48936.0
250092507002,Lawrence,1283.0,1.0,LAWRENCE WATER WORKS,5.1,6.2,0.0,,Yes,Minority and English isolation,92.8,26.5,65510.0
250092507003,Lawrence,1793.0,1.0,LAWRENCE WATER WORKS,5.1,6.2,0.0,,Yes,Minority and English isolation,94.3,50.4,77946.0
250092508001,Lawrence,1983.0,1.0,LAWRENCE WATER WORKS,5.1,6.2,0.0,,Yes,Minority and income,85.0,6.7,46625.0
250092508002,Lawrence,2020.0,1.0,LAWRENCE WATER WORKS,5.1,6.2,0.0,,Yes,Minority,87.9,14.1,59259.0
250092508003,Lawrence,2559.0,1.0,LAWRENCE WATER WORKS,5.1,6.2,0.0,,Yes,Minority and income,78.5,13.8,44302.0
250092508004,Lawrence,1237.0,1.0,LAWRENCE WATER WORKS,5.1,6.2,0.0,,Yes,Minority and income,87.2,6.4,46700.0
250092508005,Lawrence,1270.0,1.0,LAWRENCE WATER WORKS,5.1,6.2,0.0,,Yes,"Minority, income and English isolation",74.7,46.0,52386.0
250092509001,Lawrence,1150.0,1.0,LAWRENCE WATER WORKS,5.1,6.2,0.0,,Yes,"Minority, income and English isolation",97.9,47.6,34375.0
250092509002,Lawrence,1105.0,1.0,LAWRENCE WATER WORKS,5.1,6.2,0.0,,Yes,"Minority, income and English isolation",97.1,46.1,14810.0
250092510001,Lawrence,1895.0,1.0,LAWRENCE WATER WORKS,5.1,6.2,0.0,,Yes,"Minority, income and English isolation",93.3,32.1,52353.0
250092511001,Lawrence,1381.0,1.0,LAWRENCE WATER WORKS,5.1,6.2,0.0,,Yes,"Minority, income and English isolation",73.2,42.6,13363.0
250092511002,Lawrence,1061.0,1.0,LAWRENCE WATER WORKS,5.1,6.2,0.0,,Yes,"Minority, income and English isolation",95.2,26.3,28587.0
250092511003,Lawrence,576.0,1.0,LAWRENCE WATER WORKS,5.1,6.2,0.0,,Yes,Minority and English isolation,98.3,61.5,76402.0
250092512001,Lawrence,1474.0,1.0,LAWRENCE WATER WORKS,5.1,6.2,0.0,,Yes,"Minority, income and English isolation",92.7,55.1,20643.0
250092513001,Lawrence,2024.0,1.0,LAWRENCE WATER WORKS,5.1,6.2,0.0,,Yes,"Minority, income and English isolation",95.5,44.7,37946.0
250092513002,Lawrence,1068.0,1.0,LAWRENCE WATER WORKS,5.1,6.2,0.0,,Yes,Minority and income,96.8,20.6,37468.0
250092513003,Lawrence,801.0,1.0,LAWRENCE WATER WORKS,5.1,6.2,0.0,,Yes,Minority and income,91.3,23.6,53125.0
250092514001,Lawrence,2304.0,1.0,LAWRENCE WATER WORKS,5.1,6.2,0.0,,Yes,"Minority, income and English isolation",95.6,42.1,37682.0
250092514002,Lawrence,911.0,1.0,LAWRENCE WATER WORKS,5.1,6.2,0.0,,Yes,Minority,88.7,19.3,62955.0
250092514003,Lawrence,1019.0,1.0,LAWRENCE WATER WORKS,5.1,6.2,0.0,,Yes,"Minority, income and English isolation",92.6,30.7,50431.0
250092514004,Lawrence,1286.0,1.0,LAWRENCE WATER WORKS,5.1,6.2,0.0,,Yes,Minority,81.8,0.0,59063.0
250092515001,Lawrence,1210.0,1.0,LAWRENCE WATER WORKS,5.1,6.2,0.0,,Yes,Minority and English isolation,89.5,34.5,70547.0
250092515002,Lawrence,1374.0,1.0,LAWRENCE WATER WORKS,5.1,6.2,0.0,,Yes,"Minority, income and English isolation",87.8,26.6,34681.0
250092515003,Lawrence,1782.0,1.0,LAWRENCE WATER WORKS,5.1,6.2,0.0,,Yes,Minority and income,88.9,15.7,44005.0
250092515004,Lawrence,1280.0,1.0,LAWRENCE WATER WORKS,5.1,6.2,0.0,,Yes,Minority,84.5,0.0,72083.0
250092515005,Lawrence,1629.0,1.0,LAWRENCE WATER WORKS,5.1,6.2,0.0,,Yes,"Minority, income and English isolation",91.3,34.5,47045.0
250092516001,Lawrence,1508.0,0.836,LAWRENCE WATER WORKS,5.1,6.2,0.164,0.214,Yes,Minority,74.4,11.9,68594.0
250092516002,Lawrence,2301.0,1.0,LAWRENCE WATER WORKS,5.1,6.2,0.0,,Yes,Minority and English isolation,94.1,27.8,71513.0
250092516003,Lawrence,2108.0,1.0,LAWRENCE WATER WORKS,5.1,6.2,0.0,,Yes,"Minority, income and English isolation",91.9,48.5,30500.0
250092516004,Lawrence,1247.0,1.0,LAWRENCE WATER WORKS,5.1,6.2,0.0,,Yes,"Minority, income and English isolation",93.1,43.1,41390.0
250092517001,Lawrence,1614.0,0.809,LAWRENCE WATER WORKS,5.1,6.2,0.191,0.128,Yes,Minority,60.5,3.4,100147.0
250092517002,Lawrence,1442.0,1.0,LAWRENCE WATER WORKS,5.1,6.2,0.0,,Yes,Minority and English isolation,96.2,40.3,97941.0
250092517003,Lawrence,1756.0,1.0,LAWRENCE WATER WORKS,5.1,6.2,0.0,,Yes,"Minority, income and English isolation",94.2,48.6,52188.0
250092517004,Lawrence,997.0,1.0,LAWRENCE WATER WORKS,5.1,6.2,0.0,,Yes,"Minority, income and English isolation",88.1,26.7,53021.0
250092518001,Lawrence,1598.0,1.0,LAWRENCE WATER WORKS,5.1,6.2,0.0,,Yes,Minority,70.8,1.8,63735.0
250092518002,Lawrence,1814.0,1.0,LAWRENCE WATER WORKS,5.1,6.2,0.0,,Yes,Minority and income,81.5,17.7,43438.0
250092518003,Lawrence,2621.0,1.0,LAWRENCE WATER WORKS,5.1,6.2,0.0,,Yes,Minority,63.6,14.7,69423.0
250092518004,Lawrence,2065.0,1.0,LAWRENCE WATER WORKS,5.1,6.2,0.0,,Yes,Minority,55.6,2.4,107708.0
250092521011,Methuen,1531.0,1.0,LAWRENCE WATER WORKS; METHUEN WATER DEPT,1.3,2.6,0.0,,Yes,Minority,48.7,3.6,72708.0
250092521012,Methuen,876.0,1.0,LAWRENCE WATER WORKS; METHUEN WATER DEPT,1.3,2.6,0.0,,Yes,Minority,61.1,0.0,63788.0
250092521013,Methuen,1707.0,1.0,METHUEN WATER DEPT,1.2,2.5,0.0,,Yes,Minority,34.6,3.1,58542.0
250092521021,Methuen,1472.0,1.0,METHUEN WATER DEPT,1.2,2.5,0.0,,No,,,,
250092521022,Methuen,1510.0,0.98,METHUEN WATER DEPT,1.2,2.5,0.02,0.104,No,,,,
250092521023,Methuen,1436.0,0.985,METHUEN WATER DEPT,1.2,2.5,0.015,0.097,Yes,Minority,24.9,0.9,90766.0
250092522011,Methuen,1324.0,1.0,METHUEN WATER DEPT,1.2,2.5,0.0,,Yes,Minority,27.1,13.8,81771.0
250092522012,Methuen,2198.0,1.0,METHUEN WATER DEPT,1.2,2.5,0.0,,Yes,Minority,34.6,0.0,59335.0
250092522021,Methuen,1971.0,1.0,METHUEN WATER DEPT,1.2,2.5,0.0,,No,,,,
250092522022,Methuen,1309.0,0.989,METHUEN WATER DEPT,1.2,2.5,0.011,0.106,No,,,,
250092523001,Methuen,1564.0,1.0,METHUEN WATER DEPT,1.2,2.5,0.0,,Yes,Minority,54.2,0.0,75000.0
250092523002,Methuen,1214.0,1.0,METHUEN WATER DEPT,1.2,2.5,0.0,,Yes,Minority and income,60.0,4.9,51547.0
250092523003,Methuen,1356.0,1.0,LAWRENCE WATER WORKS; METHUEN WATER DEPT,1.9,3.2,0.0,,Yes,Minority,60.5,3.2,94375.0
250092523004,Methuen,787.0,1.0,METHUEN WATER DEPT,1.2,2.5,0.0,,Yes,Minority,51.5,0.0,131392.0
250092523005,Methuen,1586.0,1.0,METHUEN WATER DEPT,1.2,2.5,0.0,,Yes,"Minority, income and English isolation",48.3,26.2,27692.0
250092523006,Methuen,989.0,1.0,METHUEN WATER DEPT,1.2,2.5,0.0,,Yes,Minority,42.8,9.9,76607.0
250092524001,Methuen,1315.0,1.0,METHUEN WATER DEPT,1.2,2.5,0.0,,Yes,Minority,69.9,11.4,58631.0
250092524002,Methuen,1900.0,1.0,METHUEN WATER DEPT,1.2,2.5,0.0,,Yes,Minority and income,90.8,18.8,53452.0
250092524003,Methuen,1639.0,1.0,LAWRENCE WATER WORKS; METHUEN WATER DEPT,1.8,3.0,0.0,,Yes,"Minority, income and English isolation",84.1,25.0,33875.0
250092525011,Methuen,2051.0,1.0,METHUEN WATER DEPT,1.2,2.5,0.0,,Yes,Minority,57.3,3.6,70234.0
250092525012,Methuen,1117.0,1.0,LAWRENCE WATER WORKS; METHUEN WATER DEPT,1.4,2.6,0.0,,Yes,Minority,49.0,0.0,83929.0
250092525013,Methuen,1151.0,1.0,LAWRENCE WATER WORKS; METHUEN WATER DEPT,1.5,2.8,0.0,,Yes,Minority,61.8,5.1,69833.0
250092525021,Methuen,1330.0,1.0,METHUEN WATER DEPT,1.2,2.5,0.0,,Yes,Minority,37.3,0.8,75893.0
250092525022,Methuen,1782.0,1.0,METHUEN WATER DEPT,1.2,2.5,0.0,,Yes,Minority,32.0,1.8,69740.0
250092525023,Methuen,925.0,1.0,METHUEN WATER DEPT,1.2,2.5,0.0,,Yes,Minority,31.2,1.3,133795.0
250092525024,Methuen,1009.0,1.0,METHUEN WATER DEPT,1.2,2.5,0.0,,Yes,Minority and income,40.2,15.9,44449.0
250092526011,Methuen,2118.0,1.0,METHUEN WATER DEPT,1.2,2.5,0.0,,Yes,Minority,32.1,10.9,67013.0
250092526012,Methuen,1399.0,1.0,METHUEN WATER DEPT,1.2,2.5,0.0,,Yes,Minority,28.4,0.0,99826.0
250092526013,Methuen,2397.0,1.0,METHUEN WATER DEPT,1.2,2.5,0.0,,Yes,Minority,40.8,4.7,95200.0
250092526014,Methuen,1486.0,0.847,METHUEN WATER DEPT,1.2,2.5,0.153,0.147,Yes,Minority,29.7,1.3,90000.0
250092526021,Methuen,1361.0,1.0,METHUEN WATER DEPT,1.2,2.5,0.0,,No,,,,
250092526022,Methuen,2151.0,1.0,METHUEN WATER DEPT,1.2,2.5,0.0,,No,,,,
250092526023,Methuen,1957.0,1.0,METHUEN WATER DEPT,1.2,2.5,0.0,,Yes,Minority,35.4,2.0,115451.0
250092526031,Methuen,787.0,1.0,METHUEN WATER DEPT,1.2,2.5,0.0,,Yes,Minority,31.4,0.0,111506.0
250092526032,Methuen,2354.0,1.0,METHUEN WATER DEPT,1.2,2.5,0.0,,Yes,Minority,31.2,4.2,106964.0
250092531001,North Andover,1012.0,1.0,NORTH ANDOVER WATER DEPT,1.1,2.4,0.0,,No,,,,
250092531002,North Andover,1069.0,1.0,NORTH ANDOVER WATER DEPT,1.1,2.4,0.0,,No,,,,
250092531003,North Andover,1233.0,1.0,NORTH ANDOVER WATER DEPT,1.1,2.4,0.0,,No,,,,
250092531004,North Andover,1907.0,1.0,NORTH ANDOVER WATER DEPT,1.1,2.4,0.0,,Yes,Minority,25.5,2.2,93942.0
250092531005,North Andover,780.0,1.0,NORTH ANDOVER WATER DEPT,1.1,2.4,0.0,,Yes,Minority,31.8,0.0,102729.0
250092532011,North Andover,1020.0,1.0,NORTH ANDOVER WATER DEPT,1.1,2.4,0.0,,No,,,,
250092532012,North Andover,1806.0,1.0,NORTH ANDOVER WATER DEPT,1.1,2.4,0.0,,No,,,,
250092532013,North Andover,328.0,0.918,NORTH ANDOVER WATER DEPT,1.1,2.4,0.082,0.133,No,,,,
250092532021,North Andover,729.0,1.0,NORTH ANDOVER WATER DEPT,1.1,2.4,0.0,,No,,,,
250092532022,North Andover,2855.0,1.0,ANDOVER WATER DEPT; NORTH ANDOVER WATER DEPT,1.4,2.7,0.0,,Yes,Minority,33.3,5.5,82421.0
250092532023,North Andover,1013.0,1.0,NORTH ANDOVER WATER DEPT,1.1,2.4,0.0,,Yes,Minority,30.8,0.0,120197.0
250092532024,North Andover,2264.0,1.0,NORTH ANDOVER WATER DEPT,1.1,2.4,0.0,,Yes,Minority,26.4,7.9,64144.0
250092532031,North Andover,956.0,1.0,NORTH ANDOVER WATER DEPT,1.1,2.4,0.0,,No,,,,
250092532032,North Andover,1628.0,1.0,NORTH ANDOVER WATER DEPT,1.1,2.4,0.0,,No,,,,
250092532033,North Andover,1582.0,1.0,NORTH ANDOVER WATER DEPT,1.1,2.4,0.0,,No,,,,
250092532041,North Andover,1332.0,0.224,NORTH ANDOVER WATER DEPT,1.1,2.4,0.776,0.081,Yes,Minority,30.0,0.8,112222.0
250092532042,North Andover,992.0,0.777,ANDOVER WATER DEPT; NORTH ANDOVER WATER DEPT,1.1,2.5,0.223,0.068,Yes,Minority,33.5,0.0,150217.0
250092532043,North Andover,1477.0,1.0,NORTH ANDOVER WATER DEPT,1.1,2.4,0.0,,No,,,,
250092532044,North Andover,2578.0,0.815,NORTH ANDOVER WATER DEPT,1.1,2.4,0.185,0.067,No,,,,
250092532051,North Andover,2673.0,0.911,NORTH ANDOVER WATER DEPT,1.1,2.4,0.089,0.212,No,,,,
250092532052,North Andover,1681.0,0.331,NORTH ANDOVER WATER DEPT,1.1,2.4,0.669,0.144,No,,,,
250092541001,Andover,1301.0,1.0,ANDOVER WATER DEPT,2.2,3.4,0.0,,No,,,,
250092541002,Andover,1318.0,1.0,ANDOVER WATER DEPT,2.2,3.4,0.0,,No,,,,
250092541003,Andover,2091.0,1.0,ANDOVER WATER DEPT,2.2,3.4,0.0,,No,,,,
250092541004,Andover,1001.0,1.0,ANDOVER WATER DEPT,2.2,3.4,0.0,,No,,,,
250092541005,Andover,891.0,1.0,ANDOVER WATER DEPT,2.2,3.4,0.0,,No,,,,
250092542001,Andover,1199.0,1.0,ANDOVER WATER DEPT,2.2,3.4,0.0,,No,,,,
250092542002,Andover,1209.0,1.0,ANDOVER WATER DEPT,2.2,3.4,0.0,,No,,,,
250092542003,Andover,1046.0,1.0,ANDOVER WATER DEPT,2.2,3.4,0.0,,No,,,,
250092542004,Andover,2021.0,1.0,ANDOVER WATER DEPT,2.2,3.4,0.0,,No,,,,
250092543011,Andover,2386.0,1.0,ANDOVER WATER DEPT,2.2,3.4,0.0,,No,,,,
250092543012,Andover,1888.0,1.0,ANDOVER WATER DEPT,2.2,3.4,0.0,,No,,,,
250092543021,Andover,2502.0,0.988,ANDOVER WATER DEPT,2.2,3.4,0.012,0.088,No,,,,
250092543022,Andover,1113.0,0.893,ANDOVER WATER DEPT,2.2,3.4,0.107,0.085,No,,,,
250092543023,Andover,1046.0,1.0,ANDOVER WATER DEPT,2.2,3.4,0.0,,No,,,,
250092544011,Andover,1023.0,1.0,ANDOVER WATER DEPT,2.2,3.4,0.0,,No,,,,
250092544012,Andover,2651.0,1.0,ANDOVER WATER DEPT,2.2,3.4,0.0,,No,,,,
250092544021,Andover,1609.0,1.0,ANDOVER WATER DEPT,2.2,3.4,0.0,,No,,,,
250092544022,Andover,2856.0,1.0,ANDOVER WATER DEPT,2.2,3.4,0.0,,No,,,,
250092544023,Andover,1514.0,0.987,ANDOVER WATER DEPT,2.2,3.4,0.013,0.052,No,,,,
250092544024,Andover,2013.0,1.0,ANDOVER WATER DEPT; LAWRENCE WATER WORKS,2.2,3.4,0.0,,Yes,Minority,49.3,20.9,181458.0
250092544031,Andover,2666.0,1.0,ANDOVER WATER DEPT,2.2,3.4,0.0,,No,,,,
250092544032,Andover,1225.0,1.0,ANDOVER WATER DEPT,2.2,3.4,0.0,,No,,,,
250092601001,Haverhill,2284.0,1.0,HAVERHILL WATER DEPT,3.8,4.1,0.0,,Yes,Minority and income,65.0,14.2,38224.0
250092601002,Haverhill,1425.0,1.0,HAVERHILL WATER DEPT,3.8,4.1,0.0,,Yes,Minority and income,50.8,12.6,17601.0
250092601003,Haverhill,1261.0,1.0,HAVERHILL WATER DEPT,3.8,4.1,0.0,,Yes,"Minority, income and English isolation",58.6,25.1,45625.0
250092601004,Haverhill,1179.0,1.0,HAVERHILL WATER DEPT,3.8,4.1,0.0,,Yes,Minority,41.6,0.0,70347.0
250092602001,Haverhill,1873.0,1.0,HAVERHILL WATER DEPT,3.8,4.1,0.0,,Yes,Minority and income,41.0,6.6,47254.0
250092602002,Haverhill,1750.0,1.0,HAVERHILL WATER DEPT,3.8,4.1,0.0,,Yes,Minority and income,37.4,6.0,28594.0
250092603011,Haverhill,1785.0,1.0,HAVERHILL WATER DEPT,3.8,4.1,0.0,,No,,,,
250092603012,Haverhill,1847.0,1.0,HAVERHILL WATER DEPT,3.8,4.1,0.0,,No,,,,
250092603013,Haverhill,1090.0,1.0,HAVERHILL WATER DEPT,3.8,4.1,0.0,,No,,,,
250092603021,Haverhill,941.0,0.545,HAVERHILL WATER DEPT,3.8,4.1,0.455,0.129,No,,,,
250092603022,Haverhill,2313.0,0.707,HAVERHILL WATER DEPT,3.8,4.1,0.293,0.216,No,,,,
250092604011,Haverhill,736.0,1.0,HAVERHILL WATER DEPT,3.8,4.1,0.0,,No,,,,
250092604012,Haverhill,1126.0,1.0,HAVERHILL WATER DEPT,3.8,4.1,0.0,,No,,,,
250092604013,Haverhill,822.0,1.0,HAVERHILL WATER DEPT,3.8,4.1,0.0,,No,,,,
250092604014,Haverhill,1485.0,1.0,HAVERHILL WATER DEPT,3.8,4.1,0.0,,No,,,,
250092604021,Haverhill,2973.0,0.665,HAVERHILL WATER DEPT,3.8,4.1,0.335,0.081,No,,,,
250092604022,Haverhill,1333.0,0.929,HAVERHILL WATER DEPT,3.8,4.1,0.071,0.098,Yes,Minority,31.0,0.0,116818.0
250092604023,Haverhill,831.0,1.0,HAVERHILL WATER DEPT,3.8,4.1,0.0,,Yes,Minority,56.6,0.0,77647.0
250092604024,Haverhill,1863.0,1.0,HAVERHILL WATER DEPT,3.8,4.1,0.0,,No,,,,
250092605001,Haverhill,1830.0,1.0,HAVERHILL WATER DEPT,3.8,4.1,0.0,,No,,,,
250092605002,Haverhill,1015.0,1.0,HAVERHILL WATER DEPT,3.8,4.1,0.0,,No,,,,
250092605003,Haverhill,1297.0,1.0,HAVERHILL WATER DEPT,3.8,4.1,0.0,,Yes,Minority,27.4,0.0,62885.0
250092606001,Haverhill,1124.0,1.0,HAVERHILL WATER DEPT,3.8,4.1,0.0,,Yes,Minority,29.8,0.0,91964.0
250092606002,Haverhill,1173.0,1.0,HAVERHILL WATER DEPT,3.8,4.1,0.0,,Yes,Minority,47.1,1.7,81406.0
250092606003,Haverhill,1405.0,1.0,HAVERHILL WATER DEPT,3.8,4.1,0.0,,Yes,Minority,67.1,6.3,57474.0
250092607001,Haverhill,2420.0,1.0,HAVERHILL WATER DEPT,3.8,4.1,0.0,,Yes,Minority,47.8,4.1,58843.0
250092607002,Haverhill,2462.0,1.0,HAVERHILL WATER DEPT,3.8,4.1,0.0,,Yes,Minority,35.0,6.0,106369.0
250092608001,Haverhill,3078.0,1.0,HAVERHILL WATER DEPT,3.8,4.1,0.0,,Yes,Minority and income,64.4,11.0,45000.0
250092608002,Haverhill,3054.0,1.0,HAVERHILL WATER DEPT,3.8,4.1,0.0,,Yes,Minority,65.3,1.0,56417.0
250092609001,Haverhill,914.0,1.0,HAVERHILL WATER DEPT,3.8,4.1,0.0,,No,,,,
250092609002,Haverhill,1341.0,1.0,HAVERHILL WATER DEPT,3.8,4.1,0.0,,Yes,Minority and income,53.6,0.0,35257.0
250092609003,Haverhill,1116.0,1.0,HAVERHILL WATER DEPT,3.8,4.1,0.0,,Yes,Minority and income,57.2,0.0,34493.0
250092609004,Haverhill,2063.0,1.0,HAVERHILL WATER DEPT,3.8,4.1,0.0,,Yes,Minority and income,38.8,4.1,45230.0
250092610001,Haverhill,1096.0,1.0,HAVERHILL WATER DEPT,3.8,4.1,0.0,,Yes,Minority and income,25.5,9.7,43750.0
250092610002,Haverhill,2070.0,1.0,HAVERHILL WATER DEPT,3.8,4.1,0.0,,Yes,Minority,35.1,2.5,75682.0
250092610003,Haverhill,1234.0,1.0,HAVERHILL WATER DEPT,3.8,4.1,0.0,,No,,,,
250092611011,Haverhill,1654.0,1.0,HAVERHILL WATER DEPT,3.8,4.1,0.0,,No,,,,
250092611012,Haverhill,1392.0,1.0,HAVERHILL WATER DEPT,3.8,4.1,0.0,,No,,,,
250092611013,Haverhill,1982.0,0.901,HAVERHILL WATER DEPT,3.8,4.1,0.099,0.16,No,,,,
250092611021,Haverhill,2832.0,1.0,HAVERHILL WATER DEPT,3.8,4.1,0.0,,Yes,Minority,29.6,5.7,83162.0
250092611022,Haverhill,2318.0,0.661,HAVERHILL WATER DEPT,3.8,4.1,0.339,0.161,No,,,,
250092621001,Merrimac,1007.0,1.0,MERRIMAC WATER DEPARTMENT,0.0,1.6,0.0,,No,,,,
250092621002,Merrimac,2601.0,0.372,MERRIMAC WATER DEPARTMENT,0.0,1.6,0.628,0.128,No,,,,
250092621003,Merrimac,1278.0,0.703,MERRIMAC WATER DEPARTMENT,0.0,1.6,0.297,0.18,Yes,Income,7.8,0.0,49583.0
250092621004,Merrimac,1837.0,0.618,MERRIMAC WATER DEPARTMENT,0.0,1.6,0.382,0.138,No,,,,
250092631001,West Newbury,1639.0,0.387,WEST NEWBURY WATER DEPARTMENT,0.0,3.4,0.613,0.13,No,,,,
250092631002,West Newbury,1002.0,0.0,,,,1.0,0.131,No,,,,
250092631003,West Newbury,1859.0,0.75,WEST NEWBURY WATER DEPARTMENT,0.0,3.4,0.25,0.19,No,,,,
250092641001,Groveland,2097.0,0.585,GROVELAND WATER DEPARTMENT,9.6,12.0,0.415,0.297,No,,,,
250092641002,Groveland,2011.0,0.778,GROVELAND WATER DEPARTMENT; HAVERHILL WATER DEPT,9.2,11.6,0.222,0.244,No,,,,
250092641003,Groveland,2644.0,0.501,GROVELAND WATER DEPARTMENT,9.6,12.0,0.499,0.203,No,,,,
250092651011,Georgetown,759.0,1.0,GEORGETOWN WATER DEPARTMENT,0.0,2.2,0.0,,No,,,,
250092651012,Georgetown,890.0,0.631,GEORGETOWN WATER DEPARTMENT,0.0,2.2,0.369,0.173,No,,,,
250092651013,Georgetown,978.0,1.0,GEORGETOWN WATER DEPARTMENT,0.0,2.2,0.0,,No,,,,
250092651014,Georgetown,1221.0,0.233,GEORGETOWN WATER DEPARTMENT,0.0,2.2,0.767,0.2,No,,,,
250092651021,Georgetown,1439.0,0.498,GEORGETOWN WATER DEPARTMENT,0.0,2.2,0.502,0.189,No,,,,
250092651022,Georgetown,1526.0,0.275,GEORGETOWN WATER DEPARTMENT,0.0,2.2,0.725,0.207,No,,,,
250092651023,Georgetown,1657.0,0.435,GEORGETOWN WATER DEPARTMENT,0.0,2.2,0.565,0.236,No,,,,
250092661001,Amesbury,762.0,0.768,AMESBURY DPW  WATER DIV.,0.0,0.6,0.232,0.187,No,,,,
250092661002,Amesbury,873.0,0.027,AMESBURY DPW  WATER DIV.,0.0,0.6,0.973,0.168,No,,,,
250092661003,Amesbury,896.0,1.0,AMESBURY DPW  WATER DIV.,0.0,0.6,0.0,,No,,,,
250092661004,Amesbury,933.0,0.788,AMESBURY DPW  WATER DIV.,0.0,0.6,0.212,0.126,No,,,,
250092661005,Amesbury,1278.0,0.375,AMESBURY DPW  WATER DIV.,0.0,0.6,0.625,0.213,No,,,,
250092662001,Amesbury,2248.0,0.422,AMESBURY DPW  WATER DIV.,0.0,0.6,0.578,0.228,No,,,,
250092662002,Amesbury,1911.0,0.972,AMESBURY DPW  WATER DIV.,0.0,0.6,0.028,0.322,No,,,,
250092662003,Amesbury,1310.0,0.501,AMESBURY DPW  WATER DIV.,0.0,0.6,0.499,0.245,No,,,,
250092663001,Amesbury,1766.0,0.614,AMESBURY DPW  WATER DIV.,0.0,0.6,0.386,0.385,Yes,Income,10.6,8.5,45250.0
250092663002,Amesbury,2014.0,0.718,AMESBURY DPW  WATER DIV.; NEWBURYPORT WATER DEPARTMENT,0.1,0.7,0.282,0.266,No,,,,
250092664001,Amesbury,850.0,0.845,AMESBURY DPW  WATER DIV.,0.0,0.6,0.155,0.213,No,,,,
250092664002,Amesbury,935.0,1.0,AMESBURY DPW  WATER DIV.,0.0,0.6,0.0,,Yes,Income,8.4,0.0,40326.0
250092664003,Amesbury,792.0,1.0,AMESBURY DPW  WATER DIV.,0.0,0.6,0.0,,No,,,,
250092664004,Amesbury,798.0,0.505,AMESBURY DPW  WATER DIV.,0.0,0.6,0.495,0.304,No,,,,
250092671021,Salisbury,1444.0,0.405,RINGS ISLAND WATER DISTRICT; SALISBURY WATER DIVISION,3.8,6.1,0.595,0.233,No,,,,
250092671022,Salisbury,1668.0,0.422,SALISBURY WATER DIVISION,3.8,6.1,0.578,0.197,No,,,,
250092671023,Salisbury,1214.0,0.122,SALISBURY WATER DIVISION,3.8,6.1,0.878,0.221,No,,,,
250092671024,Salisbury,725.0,0.309,SALISBURY WATER DIVISION,3.8,6.1,0.691,0.192,No,,,,
250092671031,Salisbury,643.0,1.0,SALISBURY WATER DIVISION,3.8,6.1,0.0,,No,,,,
250092671032,Salisbury,1087.0,0.539,SALISBURY WATER DIVISION,3.8,6.1,0.461,0.088,No,,,,
250092671041,Salisbury,2455.0,0.066,RINGS ISLAND WATER DISTRICT; SALISBURY WATER DIVISION,3.8,6.1,0.934,0.104,No,,,,
250092681001,Newburyport,762.0,0.619,NEWBURYPORT WATER DEPARTMENT,7.6,7.2,0.381,0.26,No,,,,
250092681002,Newburyport,1840.0,0.964,NEWBURYPORT WATER DEPARTMENT,7.6,7.2,0.036,0.244,No,,,,
250092682001,Newburyport,1384.0,1.0,NEWBURYPORT WATER DEPARTMENT,7.6,7.2,0.0,,No,,,,
250092682002,Newburyport,1083.0,1.0,NEWBURYPORT WATER DEPARTMENT,7.6,7.2,0.0,,No,,,,
250092682003,Newburyport,2016.0,1.0,NEWBURYPORT WATER DEPARTMENT,7.6,7.2,0.0,,No,,,,
250092682004,Newburyport,38.0,1.0,NEWBURYPORT WATER DEPARTMENT,7.6,7.2,0.0,,No,,,,
250092682005,Newburyport,2419.0,0.998,NEWBURYPORT WATER DEPARTMENT,7.6,7.2,0.002,0.137,No,,,,
250092683001,Newburyport,1353.0,1.0,NEWBURYPORT WATER DEPARTMENT,7.6,7.2,0.0,,Yes,Income,12.7,0.0,48269.0
250092683002,Newburyport,1539.0,1.0,NEWBURYPORT WATER DEPARTMENT,7.6,7.2,0.0,,No,,,,
250092683003,Newburyport,860.0,1.0,NEWBURYPORT WATER DEPARTMENT,7.6,7.2,0.0,,Yes,Income,4.4,0.0,54000.0
250092683004,Newburyport,619.0,1.0,NEWBURYPORT WATER DEPARTMENT,7.6,7.2,0.0,,No,,,,
250092684001,Newburyport,1106.0,1.0,NEWBURYPORT WATER DEPARTMENT,7.6,7.2,0.0,,No,,,,
250092684002,Newburyport,1459.0,1.0,NEWBURYPORT WATER DEPARTMENT,7.6,7.2,0.0,,No,,,,
250092684003,Newburyport,1811.0,0.904,NEWBURYPORT WATER DEPARTMENT,7.6,7.2,0.096,0.109,No,,,,
250092691001,Newbury,1162.0,0.33,NEWBURYPORT WATER DEPARTMENT,7.6,7.2,0.67,0.218,No,,,,
250092691002,Newbury,2011.0,0.508,NEWBURYPORT WATER DEPARTMENT,7.6,7.2,0.492,0.189,No,,,,
250092691003,Newbury,1087.0,0.746,BYFIELD WATER DISTRICT,3.0,4.7,0.254,0.194,No,,,,
250092691004,Newbury,998.0,0.723,BYFIELD WATER DISTRICT,3.0,4.7,0.277,0.121,No,,,,
250092691005,Newbury,1458.0,0.312,BYFIELD WATER DISTRICT,3.0,4.7,0.688,0.162,No,,,,
250092701001,Rowley,2953.0,0.703,ROWLEY WATER DEPARTMENT,1.8,12.1,0.297,0.178,No,,,,
250092701002,Rowley,1609.0,0.789,ROWLEY WATER DEPARTMENT,1.8,12.1,0.211,0.15,No,,,,
250092701003,Rowley,1599.0,1.0,ROWLEY WATER DEPARTMENT,1.8,12.1,0.0,,No,,,,
250110401001,Rowe,1147.0,0.024,MONROE WATER DISTRICT; WOODLAND MHP LLC,0.0,1.1,0.976,0.041,Yes,Income,11.9,0.6,52727.0
250110401002,Colrain,1164.0,0.0,,,,1.0,0.036,No,,,,
250110401003,Colrain,1165.0,0.054,GRISWOLDVILLE WATER DISTRICT; SHELBURNE FALLS FIRE DISTRICT,0.0,0.0,0.946,0.042,No,,,,
250110401004,Hawley,933.0,0.0,,,,1.0,0.041,Yes,Income,9.6,0.0,53229.0
250110402001,Leyden,1820.0,0.225,BERNARDSTON FIRE  WATER DIST,0.0,0.0,0.775,0.048,No,,,,
250110402002,Bernardston,1016.0,0.289,BERNARDSTON FIRE  WATER DIST,0.0,0.0,0.711,0.064,No,,,,
250110402003,Gill,1551.0,0.246,NORTHFIELD MT HERMON SCHOOL; RIVERSIDE WATER DISTRICT,0.0,10.4,0.754,0.095,No,,,,
250110403001,Northfield,1264.0,0.294,EAST NORTHFIELD WATER CO,0.0,0.0,0.706,0.059,No,,,,
250110403002,Northfield,1602.0,0.02,EAST NORTHFIELD WATER CO; NORTHFIELD WATER DISTRICT,0.0,0.0,0.98,0.111,No,,,,
250110404001,Warwick,978.0,0.0,,,,1.0,0.038,No,,,,
250110404002,Erving,1467.0,0.226,ERVING WATER DEPT,0.0,1.6,0.774,0.082,No,,,,
250110404003,Wendell,924.0,0.0,,,,1.0,0.106,No,,,,
250110405011,Orange,670.0,0.248,ORANGE WATER DEPT,0.0,0.0,0.752,0.062,No,,,,
250110405012,Orange,1092.0,0.632,ORANGE WATER DEPT,0.0,0.0,0.368,0.111,No,,,,
250110405013,Orange,778.0,1.0,ORANGE WATER DEPT,0.0,0.0,0.0,,No,,,,
250110405014,Orange,1359.0,0.598,ORANGE WATER DEPT,0.0,0.0,0.402,0.082,Yes,Income,12.8,0.0,53929.0
250110405021,Orange,867.0,0.039,ORANGE WATER DEPT,0.0,0.0,0.961,0.079,No,,,,
250110405022,Orange,1459.0,0.021,ORANGE WATER DEPT,0.0,0.0,0.979,0.102,No,,,,
250110405023,Orange,1344.0,0.676,ORANGE WATER DEPT,0.0,0.0,0.324,0.082,Yes,Income,12.7,0.0,28000.0
250110406001,Leverett,1865.0,0.005,AMHERST DPW  WATER DIVISION,0.0,0.0,0.995,0.11,No,,,,
250110406002,Shutesbury,1717.0,0.0,,,,1.0,0.082,No,,,,
250110406003,New Salem,983.0,0.0,,,,1.0,0.101,No,,,,
250110407011,Montague,998.0,0.883,TURNERS FALLS WATER DEPT,0.0,0.0,0.117,0.123,Yes,Income,18.4,0.0,40491.0
250110407012,Montague,1282.0,1.0,TURNERS FALLS WATER DEPT,0.0,0.0,0.0,,Yes,Income,23.1,1.5,25339.0
250110407013,Montague,1135.0,1.0,TURNERS FALLS WATER DEPT,0.0,0.0,0.0,,No,,,,
250110407014,Montague,871.0,1.0,TURNERS FALLS WATER DEPT,0.0,0.0,0.0,,Yes,Income,15.7,0.0,54696.0
250110407021,Montague,885.0,1.0,TURNERS FALLS WATER DEPT,0.0,0.0,0.0,,Yes,Income,6.9,1.9,40000.0
250110407022,Montague,1310.0,0.106,TURNERS FALLS WATER DEPT,0.0,0.0,0.894,0.092,No,,,,
250110407023,Montague,706.0,0.523,TURNERS FALLS WATER DEPT,0.0,0.0,0.477,0.084,No,,,,
250110407024,Montague,1393.0,0.151,MONTAGUE CENTER WATER DISTRICT,4.0,6.1,0.849,0.124,No,,,,
250110408001,Whately,1607.0,0.25,SOUTH DEERFIELD WATER SUPPLY DISTRICT; WHATELY WATER DEPARTMENT,1.1,2.3,0.75,0.046,No,,,,
250110408002,Sunderland,770.0,0.274,SUNDERLAND WATER DISTRICT,0.0,0.5,0.726,0.1,Yes,Income,23.1,5.7,47614.0
250110408003,Sunderland,1472.0,0.144,SUNDERLAND WATER DISTRICT,0.0,0.5,0.856,0.08,Yes,Minority,29.2,6.6,95230.0
250110408004,Sunderland,1421.0,0.352,CLIFFSIDE APARTMENTS; SUNDERLAND WATER DISTRICT,0.5,1.0,0.648,0.1,Yes,Minority and income,24.8,2.3,41845.0
250110409001,Deerfield,934.0,0.177,DEERFIELD FIRE DISTRICT; PAN AM SOUTHERN RAILROAD,0.0,1.9,0.823,0.058,No,,,,
250110409002,Deerfield,2263.0,0.175,DEERFIELD FIRE DISTRICT; EAGLEBROOK SCHOOL; SOUTH DEERFIELD WATER SUPPLY DISTRICT,0.0,0.4,0.825,0.074,No,,,,
250110409003,Deerfield,1225.0,0.227,SOUTH DEERFIELD WATER SUPPLY DISTRICT,0.0,0.0,0.773,0.096,No,,,,
250110409004,Deerfield,668.0,1.0,SOUTH DEERFIELD WATER SUPPLY DISTRICT,0.0,0.0,0.0,,No,,,,
250110410001,Greenfield,1095.0,0.21,GREENFIELD WATER DEPARTMENT,0.0,0.0,0.79,0.083,No,,,,
250110410002,Greenfield,1309.0,0.73,GREENFIELD WATER DEPARTMENT,0.0,0.0,0.27,0.071,No,,,,
250110410003,Greenfield,1079.0,0.519,GREENFIELD WATER DEPARTMENT,0.0,0.0,0.481,0.069,No,,,,
250110411001,Greenfield,805.0,0.571,GREENFIELD WATER DEPARTMENT,0.0,0.0,0.429,0.13,Yes,Income,8.7,2.4,52315.0
250110411002,Greenfield,1044.0,0.32,GREENFIELD WATER DEPARTMENT,0.0,0.0,0.68,0.082,No,,,,
250110411003,Greenfield,915.0,0.754,GREENFIELD WATER DEPARTMENT,0.0,0.0,0.246,0.125,No,,,,
250110411004,Greenfield,959.0,0.791,GREENFIELD WATER DEPARTMENT,0.0,0.0,0.209,0.123,No,,,,
250110412001,Greenfield,1270.0,1.0,GREENFIELD WATER DEPARTMENT,0.0,0.0,0.0,,Yes,Income,13.0,0.0,54432.0
250110412002,Greenfield,788.0,1.0,GREENFIELD WATER DEPARTMENT,0.0,0.0,0.0,,No,,,,
250110412003,Greenfield,959.0,1.0,GREENFIELD WATER DEPARTMENT,0.0,0.0,0.0,,Yes,Income,12.1,5.3,51435.0
250110413011,Greenfield,855.0,1.0,GREENFIELD WATER DEPARTMENT,0.0,0.0,0.0,,Yes,Income,21.4,3.9,40204.0
250110413012,Greenfield,915.0,1.0,GREENFIELD WATER DEPARTMENT,0.0,0.0,0.0,,Yes,Income,20.4,4.1,44091.0
250110413013,Greenfield,817.0,1.0,GREENFIELD WATER DEPARTMENT,0.0,0.0,0.0,,Yes,Income,17.5,0.0,43472.0
250110413021,Greenfield,963.0,1.0,GREENFIELD WATER DEPARTMENT,0.0,0.0,0.0,,Yes,Income,14.5,0.0,21792.0
250110413022,Greenfield,1053.0,1.0,GREENFIELD WATER DEPARTMENT,0.0,0.0,0.0,,Yes,Income,15.8,2.5,41146.0
250110414001,Greenfield,1513.0,0.79,GREENFIELD WATER DEPARTMENT,0.0,0.0,0.21,0.167,Yes,Minority and income,39.9,2.9,24688.0
250110414002,Greenfield,1429.0,0.444,GREENFIELD WATER DEPARTMENT,0.0,0.0,0.556,0.104,Yes,Minority and income,24.8,9.0,47404.0
250110415011,Ashfield,1036.0,0.03,ASHFIELD WATER DISTRICT,0.0,0.0,0.97,0.045,No,,,,
250110415012,Ashfield,659.0,0.0,,,,1.0,0.037,No,,,,
250110415013,Conway,1761.0,0.0,,,,1.0,0.047,No,,,,
250110415021,Shelburne,1056.0,0.009,SHELBURNE FALLS FIRE DISTRICT,0.0,0.0,0.991,0.041,No,,,,
250110415022,Buckland,924.0,0.005,SHELBURNE FALLS FIRE DISTRICT,0.0,0.0,0.995,0.043,No,,,,
250110415023,Buckland,892.0,0.536,SHELBURNE FALLS FIRE DISTRICT,0.0,0.0,0.464,0.078,Yes,Income,9.0,0.0,44063.0
250110415024,Shelburne,828.0,0.876,SHELBURNE FALLS FIRE DISTRICT,0.0,0.0,0.124,0.099,Yes,Income,9.4,4.8,49063.0
250138001011,Springfield,1308.0,1.0,SPRINGFIELD WATER AND SEWER COMMISSION,0.0,0.0,0.0,,Yes,Minority and income,57.6,5.5,44149.0
250138001012,Springfield,1314.0,1.0,SPRINGFIELD WATER AND SEWER COMMISSION,0.0,0.0,0.0,,Yes,Minority and income,80.7,10.4,35385.0
250138001013,Springfield,1467.0,1.0,SPRINGFIELD WATER AND SEWER COMMISSION,0.0,0.0,0.0,,Yes,Minority and income,55.6,1.7,53238.0
250138001021,Springfield,2005.0,1.0,SPRINGFIELD WATER AND SEWER COMMISSION,0.0,0.0,0.0,,Yes,Minority,73.7,4.5,66250.0
250138001022,Springfield,984.0,1.0,SPRINGFIELD WATER AND SEWER COMMISSION,0.0,0.0,0.0,,Yes,Minority and income,77.4,23.7,36944.0
250138001023,Springfield,1449.0,1.0,SPRINGFIELD WATER AND SEWER COMMISSION,0.0,0.0,0.0,,Yes,Minority and income,67.1,18.9,34622.0
250138002011,Springfield,1409.0,1.0,SPRINGFIELD WATER AND SEWER COMMISSION,0.0,0.0,0.0,,Yes,Minority and income,82.3,9.2,14594.0
250138002012,Springfield,1600.0,1.0,SPRINGFIELD WATER AND SEWER COMMISSION,0.0,0.0,0.0,,Yes,Minority,54.6,0.0,68180.0
250138002013,Springfield,639.0,1.0,SPRINGFIELD WATER AND SEWER COMMISSION,0.0,0.0,0.0,,Yes,Minority,70.3,8.5,58693.0
250138002014,Springfield,1252.0,1.0,SPRINGFIELD WATER AND SEWER COMMISSION,0.0,0.0,0.0,,Yes,Minority and income,64.9,0.0,40234.0
250138002015,Springfield,1677.0,1.0,SPRINGFIELD WATER AND SEWER COMMISSION,0.0,0.0,0.0,,Yes,Minority and income,61.3,2.2,37516.0
250138002021,Springfield,1435.0,1.0,SPRINGFIELD WATER AND SEWER COMMISSION,0.0,0.0,0.0,,Yes,Minority and income,57.8,6.8,50000.0
250138003001,Springfield,1646.0,1.0,SPRINGFIELD WATER AND SEWER COMMISSION,0.0,0.0,0.0,,Yes,Minority,75.4,14.3,81908.0
250138003002,Springfield,1167.0,1.0,SPRINGFIELD WATER AND SEWER COMMISSION,0.0,0.0,0.0,,Yes,Minority and income,71.9,14.7,49148.0
250138003003,Springfield,1143.0,1.0,SPRINGFIELD WATER AND SEWER COMMISSION,0.0,0.0,0.0,,Yes,Minority,75.2,8.6,85469.0
250138003004,Springfield,965.0,1.0,SPRINGFIELD WATER AND SEWER COMMISSION,0.0,0.0,0.0,,Yes,Minority and income,60.5,12.2,40833.0
250138004001,Springfield,1378.0,1.0,SPRINGFIELD WATER AND SEWER COMMISSION,0.0,0.0,0.0,,Yes,"Minority, income and English isolation",68.9,28.4,37583.0
250138004002,Springfield,707.0,1.0,SPRINGFIELD WATER AND SEWER COMMISSION,0.0,0.0,0.0,,Yes,"Minority, income and English isolation",82.5,35.4,33707.0
250138004003,Springfield,1622.0,1.0,SPRINGFIELD WATER AND SEWER COMMISSION,0.0,0.0,0.0,,Yes,Minority,65.7,0.0,81563.0
250138004004,Springfield,1117.0,1.0,SPRINGFIELD WATER AND SEWER COMMISSION,0.0,0.0,0.0,,Yes,Minority and income,76.5,8.5,50730.0
250138004005,Springfield,1808.0,1.0,SPRINGFIELD WATER AND SEWER COMMISSION,0.0,0.0,0.0,,Yes,"Minority, income and English isolation",85.9,26.2,39402.0
250138005001,Springfield,1351.0,1.0,SPRINGFIELD WATER AND SEWER COMMISSION,0.0,0.0,0.0,,Yes,"Minority, income and English isolation",81.1,33.5,31023.0
250138005002,Springfield,1129.0,1.0,SPRINGFIELD WATER AND SEWER COMMISSION,0.0,0.0,0.0,,Yes,Minority,95.0,18.7,61214.0
250138005003,Springfield,1061.0,1.0,SPRINGFIELD WATER AND SEWER COMMISSION,0.0,0.0,0.0,,Yes,Minority,56.0,0.0,85550.0
250138006001,Springfield,788.0,1.0,SPRINGFIELD WATER AND SEWER COMMISSION,0.0,0.0,0.0,,Yes,"Minority, income and English isolation",92.6,38.6,16667.0
250138006002,Springfield,1008.0,1.0,SPRINGFIELD WATER AND SEWER COMMISSION,0.0,0.0,0.0,,Yes,"Minority, income and English isolation",96.7,25.6,16818.0
250138006003,Springfield,479.0,1.0,SPRINGFIELD WATER AND SEWER COMMISSION,0.0,0.0,0.0,,Yes,"Minority, income and English isolation",95.6,46.1,14189.0
250138007001,Springfield,1611.0,1.0,SPRINGFIELD WATER AND SEWER COMMISSION,0.0,0.0,0.0,,Yes,"Minority, income and English isolation",96.5,35.8,12044.0
250138007002,Springfield,2291.0,1.0,SPRINGFIELD WATER AND SEWER COMMISSION,0.0,0.0,0.0,,Yes,"Minority, income and English isolation",96.9,38.7,32550.0
250138008001,Springfield,1214.0,1.0,SPRINGFIELD WATER AND SEWER COMMISSION,0.0,0.0,0.0,,Yes,"Minority, income and English isolation",90.4,35.3,14391.0
250138008002,Springfield,768.0,1.0,SPRINGFIELD WATER AND SEWER COMMISSION,0.0,0.0,0.0,,Yes,"Minority, income and English isolation",96.1,28.3,14634.0
250138009001,Springfield,1526.0,1.0,SPRINGFIELD WATER AND SEWER COMMISSION,0.0,0.0,0.0,,Yes,"Minority, income and English isolation",91.7,36.0,12161.0
250138009002,Springfield,1377.0,1.0,SPRINGFIELD WATER AND SEWER COMMISSION,0.0,0.0,0.0,,Yes,"Minority, income and English isolation",88.9,40.6,16634.0
250138009003,Springfield,1322.0,1.0,SPRINGFIELD WATER AND SEWER COMMISSION,0.0,0.0,0.0,,Yes,Minority and income,96.2,5.3,41364.0
250138011011,Springfield,1993.0,1.0,SPRINGFIELD WATER AND SEWER COMMISSION,0.0,0.0,0.0,,Yes,"Minority, income and English isolation",84.5,38.8,13877.0
250138011021,Springfield,783.0,1.0,SPRINGFIELD WATER AND SEWER COMMISSION,0.0,0.0,0.0,,Yes,Minority and income,65.6,13.9,44205.0
250138011022,Springfield,372.0,1.0,SPRINGFIELD WATER AND SEWER COMMISSION,0.0,0.0,0.0,,Yes,"Minority, income and English isolation",73.9,59.2,13250.0
250138012001,Springfield,772.0,1.0,SPRINGFIELD WATER AND SEWER COMMISSION,0.0,0.0,0.0,,Yes,"Minority, income and English isolation",96.2,27.0,11731.0
250138012002,Springfield,1335.0,1.0,SPRINGFIELD WATER AND SEWER COMMISSION,0.0,0.0,0.0,,Yes,Minority and income,75.7,23.2,20465.0
250138012003,Springfield,619.0,1.0,SPRINGFIELD WATER AND SEWER COMMISSION,0.0,0.0,0.0,,Yes,Minority and income,76.3,4.6,30149.0
250138013001,Springfield,1289.0,1.0,SPRINGFIELD WATER AND SEWER COMMISSION,0.0,0.0,0.0,,Yes,"Minority, income and English isolation",92.9,37.1,12356.0
250138013002,Springfield,1195.0,1.0,SPRINGFIELD WATER AND SEWER COMMISSION,0.0,0.0,0.0,,Yes,Minority and income,93.6,15.6,20595.0
250138013003,Springfield,1440.0,1.0,SPRINGFIELD WATER AND SEWER COMMISSION,0.0,0.0,0.0,,Yes,Minority and income,83.3,18.6,36875.0
250138013004,Springfield,935.0,1.0,SPRINGFIELD WATER AND SEWER COMMISSION,0.0,0.0,0.0,,Yes,Minority,81.3,8.4,72865.0
250138014011,Springfield,2010.0,1.0,SPRINGFIELD WATER AND SEWER COMMISSION,0.0,0.0,0.0,,Yes,Minority and income,96.5,11.9,20542.0
250138014012,Springfield,2259.0,1.0,SPRINGFIELD WATER AND SEWER COMMISSION,0.0,0.0,0.0,,Yes,"Minority, income and English isolation",89.5,35.9,39559.0
250138014021,Springfield,1066.0,1.0,SPRINGFIELD WATER AND SEWER COMMISSION,0.0,0.0,0.0,,Yes,Minority and income,85.0,2.6,48385.0
250138014022,Springfield,1079.0,1.0,SPRINGFIELD WATER AND SEWER COMMISSION,0.0,0.0,0.0,,Yes,Minority and income,77.8,21.0,36607.0
250138015011,Springfield,2208.0,1.0,SPRINGFIELD WATER AND SEWER COMMISSION,0.0,0.0,0.0,,Yes,Minority and income,71.5,1.5,32088.0
250138015012,Springfield,843.0,1.0,SPRINGFIELD WATER AND SEWER COMMISSION,0.0,0.0,0.0,,Yes,Minority,67.7,0.0,62492.0
250138015013,Springfield,1310.0,1.0,SPRINGFIELD WATER AND SEWER COMMISSION,0.0,0.0,0.0,,Yes,Minority,81.7,3.8,55833.0
250138015014,Springfield,1162.0,1.0,SPRINGFIELD WATER AND SEWER COMMISSION,0.0,0.0,0.0,,Yes,Minority,76.2,7.8,58201.0
250138015021,Springfield,1241.0,1.0,SPRINGFIELD WATER AND SEWER COMMISSION,0.0,0.0,0.0,,Yes,Minority and income,72.8,3.5,33167.0
250138015022,Springfield,804.0,1.0,SPRINGFIELD WATER AND SEWER COMMISSION,0.0,0.0,0.0,,Yes,Minority and income,73.3,0.0,48750.0
250138015023,Springfield,1358.0,1.0,SPRINGFIELD WATER AND SEWER COMMISSION,0.0,0.0,0.0,,Yes,"Minority, income and English isolation",84.1,24.6,25377.0
250138015031,Springfield,1224.0,1.0,SPRINGFIELD WATER AND SEWER COMMISSION,0.0,0.0,0.0,,Yes,Minority and income,73.1,1.8,42258.0
250138015032,Springfield,2102.0,1.0,SPRINGFIELD WATER AND SEWER COMMISSION,0.0,0.0,0.0,,Yes,Minority and income,66.7,16.4,44506.0
250138015033,Springfield,899.0,1.0,SPRINGFIELD WATER AND SEWER COMMISSION,0.0,0.0,0.0,,Yes,Minority,73.7,0.0,65811.0
250138016011,Springfield,2316.0,1.0,SPRINGFIELD WATER AND SEWER COMMISSION,0.0,0.0,0.0,,Yes,Minority,31.3,0.0,68750.0
250138016012,Springfield,602.0,1.0,SPRINGFIELD WATER AND SEWER COMMISSION,0.0,0.0,0.0,,Yes,Minority,53.2,3.8,72773.0
250138016013,Springfield,1091.0,1.0,SPRINGFIELD WATER AND SEWER COMMISSION,0.0,0.0,0.0,,Yes,Minority and income,58.8,0.0,33843.0
250138016014,Springfield,950.0,1.0,SPRINGFIELD WATER AND SEWER COMMISSION,0.0,0.0,0.0,,Yes,Minority and income,62.5,0.0,45379.0
250138016021,Springfield,2715.0,1.0,SPRINGFIELD WATER AND SEWER COMMISSION,0.0,0.0,0.0,,Yes,Minority and income,65.5,6.0,31369.0
250138016022,Springfield,895.0,1.0,SPRINGFIELD WATER AND SEWER COMMISSION,0.0,0.0,0.0,,Yes,Minority,47.2,2.3,86406.0
250138016023,Springfield,1414.0,1.0,SPRINGFIELD WATER AND SEWER COMMISSION,0.0,0.0,0.0,,Yes,Minority,37.6,0.0,69250.0
250138016031,Springfield,1488.0,1.0,SPRINGFIELD WATER AND SEWER COMMISSION,0.0,0.0,0.0,,Yes,Minority,64.7,0.0,82989.0
250138016032,Springfield,2634.0,1.0,SPRINGFIELD WATER AND SEWER COMMISSION,0.0,0.0,0.0,,Yes,Minority,38.1,2.0,56354.0
250138016041,Springfield,2692.0,1.0,SPRINGFIELD WATER AND SEWER COMMISSION,0.0,0.0,0.0,,Yes,Minority,36.3,0.0,76845.0
250138016042,Springfield,1031.0,1.0,SPRINGFIELD WATER AND SEWER COMMISSION,0.0,0.0,0.0,,Yes,Minority,31.2,0.0,59886.0
250138016051,Springfield,2904.0,1.0,SPRINGFIELD WATER AND SEWER COMMISSION,0.0,0.0,0.0,,Yes,Minority and income,67.5,6.9,39702.0
250138016052,Springfield,635.0,1.0,SPRINGFIELD WATER AND SEWER COMMISSION,0.0,0.0,0.0,,Yes,Minority,42.0,0.0,116875.0
250138016053,Springfield,1027.0,1.0,SPRINGFIELD WATER AND SEWER COMMISSION,0.0,0.0,0.0,,Yes,Minority,45.2,4.0,93063.0
250138017001,Springfield,960.0,1.0,SPRINGFIELD WATER AND SEWER COMMISSION,0.0,0.0,0.0,,Yes,Minority and income,95.9,9.8,25956.0
250138017002,Springfield,1394.0,1.0,SPRINGFIELD WATER AND SEWER COMMISSION,0.0,0.0,0.0,,Yes,Minority and income,84.3,1.9,33958.0
250138017003,Springfield,1294.0,1.0,SPRINGFIELD WATER AND SEWER COMMISSION,0.0,0.0,0.0,,Yes,Minority and income,91.3,18.4,35833.0
250138017004,Springfield,947.0,1.0,SPRINGFIELD WATER AND SEWER COMMISSION,0.0,0.0,0.0,,Yes,Minority and income,93.3,24.1,39483.0
250138017005,Springfield,1912.0,1.0,SPRINGFIELD WATER AND SEWER COMMISSION,0.0,0.0,0.0,,Yes,Minority and income,25.1,0.0,44028.0
250138017006,Springfield,1338.0,1.0,SPRINGFIELD WATER AND SEWER COMMISSION,0.0,0.0,0.0,,Yes,Minority and income,75.1,6.4,40114.0
250138018001,Springfield,828.0,1.0,SPRINGFIELD WATER AND SEWER COMMISSION,0.0,0.0,0.0,,Yes,Minority and income,94.1,14.2,11948.0
250138018002,Springfield,1135.0,1.0,SPRINGFIELD WATER AND SEWER COMMISSION,0.0,0.0,0.0,,Yes,Minority and income,97.0,5.3,33812.0
250138018003,Springfield,787.0,1.0,SPRINGFIELD WATER AND SEWER COMMISSION,0.0,0.0,0.0,,Yes,Minority and income,69.6,14.3,29659.0
250138018004,Springfield,725.0,1.0,SPRINGFIELD WATER AND SEWER COMMISSION,0.0,0.0,0.0,,Yes,"Minority, income and English isolation",95.4,35.3,14484.0
250138018005,Springfield,876.0,1.0,SPRINGFIELD WATER AND SEWER COMMISSION,0.0,0.0,0.0,,Yes,Minority and income,93.5,0.0,30195.0
250138019011,Springfield,1163.0,1.0,SPRINGFIELD WATER AND SEWER COMMISSION,0.0,0.0,0.0,,Yes,Minority and income,89.3,3.2,20652.0
250138019012,Springfield,2791.0,1.0,SPRINGFIELD WATER AND SEWER COMMISSION,0.0,0.0,0.0,,Yes,Minority and income,92.1,13.2,26827.0
250138019021,Springfield,1759.0,1.0,SPRINGFIELD WATER AND SEWER COMMISSION,0.0,0.0,0.0,,Yes,"Minority, income and English isolation",84.0,43.7,21304.0
250138019022,Springfield,1130.0,1.0,SPRINGFIELD WATER AND SEWER COMMISSION,0.0,0.0,0.0,,Yes,Minority and income,82.7,19.6,24037.0
250138019023,Springfield,667.0,1.0,SPRINGFIELD WATER AND SEWER COMMISSION,0.0,0.0,0.0,,Yes,"Minority, income and English isolation",91.2,31.0,21331.0
250138020001,Springfield,731.0,1.0,SPRINGFIELD WATER AND SEWER COMMISSION,0.0,0.0,0.0,,Yes,"Minority, income and English isolation",95.2,26.9,23533.0
250138020002,Springfield,1291.0,1.0,SPRINGFIELD WATER AND SEWER COMMISSION,0.0,0.0,0.0,,Yes,"Minority, income and English isolation",86.8,30.9,17019.0
250138020003,Springfield,714.0,1.0,SPRINGFIELD WATER AND SEWER COMMISSION,0.0,0.0,0.0,,Yes,"Minority, income and English isolation",90.6,25.4,19627.0
250138021011,Springfield,1614.0,1.0,SPRINGFIELD WATER AND SEWER COMMISSION,0.0,0.0,0.0,,Yes,Minority and income,83.0,15.6,50638.0
250138021012,Springfield,788.0,1.0,SPRINGFIELD WATER AND SEWER COMMISSION,0.0,0.0,0.0,,Yes,Minority,59.9,6.3,0.0
250138021013,Springfield,758.0,1.0,SPRINGFIELD WATER AND SEWER COMMISSION,0.0,0.0,0.0,,Yes,Minority,66.1,4.9,0.0
250138021014,Springfield,824.0,1.0,SPRINGFIELD WATER AND SEWER COMMISSION,0.0,0.0,0.0,,Yes,Minority,41.6,9.9,90200.0
250138021015,Springfield,953.0,1.0,SPRINGFIELD WATER AND SEWER COMMISSION,0.0,0.0,0.0,,Yes,Minority and income,66.2,13.8,51250.0
250138021016,Springfield,1239.0,1.0,SPRINGFIELD WATER AND SEWER COMMISSION,0.0,0.0,0.0,,Yes,Minority and income,64.6,0.0,44020.0
250138022001,Springfield,1286.0,1.0,SPRINGFIELD WATER AND SEWER COMMISSION,0.0,0.0,0.0,,Yes,Minority and income,87.6,13.1,39750.0
250138022002,Springfield,1133.0,1.0,SPRINGFIELD WATER AND SEWER COMMISSION,0.0,0.0,0.0,,Yes,"Minority, income and English isolation",86.1,36.1,34219.0
250138022003,Springfield,1175.0,1.0,SPRINGFIELD WATER AND SEWER COMMISSION,0.0,0.0,0.0,,Yes,Minority and income,85.7,17.4,28700.0
250138023001,Springfield,763.0,1.0,SPRINGFIELD WATER AND SEWER COMMISSION,0.0,0.0,0.0,,Yes,Minority and income,82.0,12.6,36120.0
250138023002,Springfield,1806.0,1.0,SPRINGFIELD WATER AND SEWER COMMISSION,0.0,0.0,0.0,,Yes,Minority,84.5,8.0,75129.0
250138023003,Springfield,2409.0,1.0,SPRINGFIELD WATER AND SEWER COMMISSION,0.0,0.0,0.0,,Yes,"Minority, income and English isolation",90.0,30.9,21089.0
250138023004,Springfield,873.0,1.0,SPRINGFIELD WATER AND SEWER COMMISSION,0.0,0.0,0.0,,Yes,Minority and income,88.8,18.0,31188.0
250138023005,Springfield,1182.0,1.0,SPRINGFIELD WATER AND SEWER COMMISSION,0.0,0.0,0.0,,Yes,Minority and income,87.1,0.0,31509.0
250138024001,Springfield,794.0,1.0,SPRINGFIELD WATER AND SEWER COMMISSION,0.0,0.0,0.0,,Yes,Minority,38.4,0.0,128750.0
250138024002,Springfield,699.0,1.0,SPRINGFIELD WATER AND SEWER COMMISSION,0.0,0.0,0.0,,Yes,Minority,30.9,0.0,63882.0
250138024003,Springfield,1435.0,1.0,SPRINGFIELD WATER AND SEWER COMMISSION,0.0,0.0,0.0,,Yes,Minority,40.6,0.0,89076.0
250138024004,Springfield,701.0,1.0,SPRINGFIELD WATER AND SEWER COMMISSION,0.0,0.0,0.0,,Yes,Minority and income,48.5,0.0,41250.0
250138025001,Springfield,861.0,1.0,SPRINGFIELD WATER AND SEWER COMMISSION,0.0,0.0,0.0,,Yes,Minority,34.4,0.0,63194.0
250138025002,Springfield,1154.0,1.0,SPRINGFIELD WATER AND SEWER COMMISSION,0.0,0.0,0.0,,Yes,Minority,42.5,0.0,73594.0
250138025003,Springfield,1010.0,1.0,SPRINGFIELD WATER AND SEWER COMMISSION,0.0,0.0,0.0,,Yes,Minority and income,46.4,3.9,53174.0
250138025004,Springfield,1092.0,1.0,SPRINGFIELD WATER AND SEWER COMMISSION,0.0,0.0,0.0,,Yes,Minority,42.2,0.0,105152.0
250138025005,Springfield,1425.0,1.0,SPRINGFIELD WATER AND SEWER COMMISSION,0.0,0.0,0.0,,Yes,Minority and income,48.2,0.0,51840.0
250138025006,Springfield,1431.0,1.0,SPRINGFIELD WATER AND SEWER COMMISSION,0.0,0.0,0.0,,Yes,Minority,56.4,0.4,70268.0
250138026011,Springfield,694.0,1.0,SPRINGFIELD WATER AND SEWER COMMISSION,0.0,0.0,0.0,,Yes,Minority and income,53.9,0.0,53578.0
250138026012,Springfield,1387.0,1.0,SPRINGFIELD WATER AND SEWER COMMISSION,0.0,0.0,0.0,,Yes,Minority,72.6,2.4,81923.0
250138026013,Springfield,1397.0,1.0,SPRINGFIELD WATER AND SEWER COMMISSION,0.0,0.0,0.0,,Yes,Minority and income,77.0,0.0,54018.0
250138026014,Springfield,1368.0,1.0,SPRINGFIELD WATER AND SEWER COMMISSION,0.0,0.0,0.0,,Yes,Minority and income,83.3,13.9,34017.0
250138026015,Springfield,1270.0,1.0,SPRINGFIELD WATER AND SEWER COMMISSION,0.0,0.0,0.0,,Yes,Minority and income,71.3,0.0,47083.0
250138026016,Springfield,1235.0,1.0,SPRINGFIELD WATER AND SEWER COMMISSION,0.0,0.0,0.0,,Yes,Minority,57.6,2.5,66806.0
250138026021,Springfield,2022.0,1.0,SPRINGFIELD WATER AND SEWER COMMISSION,0.0,0.0,0.0,,Yes,Minority,35.3,3.4,58947.0
250138101001,Palmer,2365.0,0.009,THORNDIKE FIRE AND WATER DISTRICT,1.2,2.7,0.991,0.066,No,,,,
250138101002,Palmer,1122.0,0.576,PALMER WATER DISTRICT NO.1,0.0,0.0,0.424,0.095,No,,,,
250138101003,Palmer,1789.0,0.847,PALMER WATER DISTRICT NO.1,0.0,0.0,0.153,0.262,No,,,,
250138101004,Palmer,880.0,0.648,PALMER WATER DISTRICT NO.1,0.0,0.0,0.352,0.213,Yes,Income,17.3,0.0,39736.0
250138102001,Palmer,979.0,0.148,BONDSVILLE FIRE AND WATER DISTRICT; THORNDIKE FIRE AND WATER DISTRICT,0.3,2.0,0.852,0.091,No,,,,
250138102002,Palmer,1067.0,0.323,PALMER WATER DISTRICT NO.1; THORNDIKE FIRE AND WATER DISTRICT,1.0,2.3,0.677,0.16,Yes,Income,10.2,2.3,47163.0
250138102003,Palmer,904.0,0.531,BONDSVILLE FIRE AND WATER DISTRICT,0.0,1.7,0.469,0.078,No,,,,
250138103001,Palmer,1524.0,0.661,THREE RIVERS FIRE DISTRICT,2.4,3.7,0.339,0.241,No,,,,
250138103002,Palmer,1815.0,0.431,THREE RIVERS FIRE DISTRICT,2.4,3.7,0.569,0.199,No,,,,
250138104031,Ludlow,1287.0,0.925,SPRINGFIELD WATER AND SEWER COMMISSION,0.0,0.0,0.075,0.173,Yes,Income,21.0,4.3,53750.0
250138104032,Ludlow,1592.0,1.0,SPRINGFIELD WATER AND SEWER COMMISSION,0.0,0.0,0.0,,Yes,Income and English isolation,23.9,27.6,49707.0
250138104033,Ludlow,1154.0,1.0,SPRINGFIELD WATER AND SEWER COMMISSION,0.0,0.0,0.0,,Yes,Income,22.7,20.3,50637.0
250138104041,Ludlow,3611.0,0.892,SPRINGFIELD WATER AND SEWER COMMISSION; WILBRAHAM WATER DEPT (MWRA),0.0,0.0,0.108,0.111,No,,,,
250138104121,Ludlow,2586.0,0.664,SPRINGFIELD WATER AND SEWER COMMISSION,0.0,0.0,0.336,0.111,No,,,,
250138104122,Ludlow,1889.0,0.936,SPRINGFIELD WATER AND SEWER COMMISSION,0.0,0.0,0.064,0.115,No,,,,
250138104123,Ludlow,1543.0,0.855,SPRINGFIELD WATER AND SEWER COMMISSION,0.0,0.0,0.145,0.121,No,,,,
250138104141,Ludlow,2281.0,0.182,SOUTH HADLEY FD #1 (MWRA); SPRINGFIELD WATER AND SEWER COMMISSION,0.0,0.0,0.818,0.102,Yes,Minority,35.2,0.0,91558.0
250138104142,Ludlow,1574.0,0.236,SPRINGFIELD WATER AND SEWER COMMISSION; WILBRAHAM WATER DEPT (MWRA),0.0,0.0,0.764,0.134,No,,,,
250138104143,Ludlow,3485.0,0.019,SPRINGFIELD WATER AND SEWER COMMISSION; WILBRAHAM WATER DEPT (MWRA),0.0,0.0,0.981,0.206,No,,,,
250138106011,Chicopee,831.0,0.56,CHICOPEE WATER DEPT (MWRA),0.0,0.0,0.44,0.145,No,,,,
250138106012,Chicopee,2343.0,1.0,CHICOPEE WATER DEPT (MWRA),0.0,0.0,0.0,,Yes,Minority and income,31.2,13.8,44833.0
250138106013,Chicopee,985.0,1.0,CHICOPEE WATER DEPT (MWRA),0.0,0.0,0.0,,Yes,Minority,30.7,0.0,62172.0
250138106021,Chicopee,2573.0,0.679,CHICOPEE WATER DEPT (MWRA),0.0,0.0,0.321,0.096,No,,,,
250138107001,Chicopee,1684.0,0.98,CHICOPEE WATER DEPT (MWRA); SPRINGFIELD WATER AND SEWER COMMISSION,0.0,0.0,0.02,0.116,Yes,Minority and income,26.4,0.0,49843.0
250138107002,Chicopee,902.0,1.0,CHICOPEE WATER DEPT (MWRA); SPRINGFIELD WATER AND SEWER COMMISSION,0.0,0.0,0.0,,Yes,Minority,27.6,0.0,82549.0
250138107003,Chicopee,1377.0,1.0,CHICOPEE WATER DEPT (MWRA),0.0,0.0,0.0,,Yes,Minority and income,46.0,0.0,49956.0
250138107004,Chicopee,926.0,1.0,CHICOPEE WATER DEPT (MWRA),0.0,0.0,0.0,,Yes,Minority and income,24.7,0.0,55117.0
250138107005,Chicopee,1358.0,1.0,CHICOPEE WATER DEPT (MWRA),0.0,0.0,0.0,,Yes,Minority,37.2,2.2,60078.0
250138108001,Chicopee,1770.0,1.0,CHICOPEE WATER DEPT (MWRA),0.0,0.0,0.0,,Yes,Minority and income,42.7,4.1,35000.0
250138108002,Chicopee,1230.0,1.0,CHICOPEE WATER DEPT (MWRA),0.0,0.0,0.0,,Yes,Minority and income,56.3,9.8,33474.0
250138108003,Chicopee,1080.0,0.847,CHICOPEE WATER DEPT (MWRA),0.0,0.0,0.153,0.163,Yes,Minority,25.3,2.2,61118.0
250138109011,Chicopee,1140.0,1.0,CHICOPEE WATER DEPT (MWRA),0.0,0.0,0.0,,Yes,Minority and income,56.9,11.4,29612.0
250138109012,Chicopee,849.0,1.0,CHICOPEE WATER DEPT (MWRA),0.0,0.0,0.0,,Yes,Minority and income,66.7,7.4,29628.0
250138109021,Chicopee,1602.0,1.0,CHICOPEE WATER DEPT (MWRA),0.0,0.0,0.0,,Yes,Minority,27.2,10.6,70170.0
250138109022,Chicopee,649.0,1.0,CHICOPEE WATER DEPT (MWRA),0.0,0.0,0.0,,Yes,Minority,33.9,0.0,66875.0
250138109023,Chicopee,1500.0,0.988,CHICOPEE WATER DEPT (MWRA),0.0,0.0,0.012,0.107,Yes,Minority and income,41.9,0.0,46111.0
250138109024,Chicopee,850.0,1.0,CHICOPEE WATER DEPT (MWRA),0.0,0.0,0.0,,Yes,Minority and income,64.5,0.0,42500.0
250138110001,Chicopee,900.0,1.0,CHICOPEE WATER DEPT (MWRA),0.0,0.0,0.0,,Yes,Minority and income,25.8,12.1,41042.0
250138110002,Chicopee,771.0,1.0,CHICOPEE WATER DEPT (MWRA),0.0,0.0,0.0,,Yes,Minority,26.8,0.0,58690.0
250138110003,Chicopee,910.0,0.934,CHICOPEE WATER DEPT (MWRA),0.0,0.0,0.066,0.167,Yes,Income,14.7,5.7,52330.0
250138110004,Chicopee,1143.0,1.0,CHICOPEE WATER DEPT (MWRA),0.0,0.0,0.0,,Yes,Income,23.4,3.5,44500.0
250138110005,Chicopee,1138.0,1.0,CHICOPEE WATER DEPT (MWRA),0.0,0.0,0.0,,No,,,,
250138111011,Chicopee,1380.0,1.0,CHICOPEE WATER DEPT (MWRA),0.0,0.0,0.0,,Yes,Minority and income,64.7,0.0,24821.0
250138111012,Chicopee,1577.0,1.0,CHICOPEE WATER DEPT (MWRA),0.0,0.0,0.0,,Yes,Minority and income,52.8,1.7,25268.0
250138111013,Chicopee,1423.0,1.0,CHICOPEE WATER DEPT (MWRA),0.0,0.0,0.0,,Yes,Minority and income,31.4,3.8,54560.0
250138111014,Chicopee,770.0,1.0,CHICOPEE WATER DEPT (MWRA),0.0,0.0,0.0,,Yes,Minority and income,42.5,0.0,45729.0
250138111021,Chicopee,1428.0,1.0,CHICOPEE WATER DEPT (MWRA),0.0,0.0,0.0,,Yes,Minority and income,60.4,8.7,36316.0
250138111022,Chicopee,1938.0,0.912,CHICOPEE WATER DEPT (MWRA),0.0,0.0,0.088,0.169,Yes,"Minority, income and English isolation",58.7,24.6,36424.0
250138111023,Chicopee,1510.0,0.995,CHICOPEE WATER DEPT (MWRA),0.0,0.0,0.005,0.133,No,,,,
250138111024,Chicopee,1118.0,1.0,CHICOPEE WATER DEPT (MWRA),0.0,0.0,0.0,,Yes,Minority,42.4,5.5,58579.0
250138112001,Chicopee,1636.0,0.954,CHICOPEE WATER DEPT (MWRA),0.0,0.0,0.046,0.128,No,,,,
250138112002,Chicopee,1171.0,1.0,CHICOPEE WATER DEPT (MWRA),0.0,0.0,0.0,,No,,,,
250138112003,Chicopee,1040.0,1.0,CHICOPEE WATER DEPT (MWRA),0.0,0.0,0.0,,Yes,Minority,27.6,0.0,76111.0
250138112004,Chicopee,920.0,1.0,CHICOPEE WATER DEPT (MWRA),0.0,0.0,0.0,,Yes,Minority,25.5,11.2,65871.0
250138113011,Chicopee,1352.0,1.0,CHICOPEE WATER DEPT (MWRA),0.0,0.0,0.0,,Yes,Minority,26.3,11.7,85101.0
250138113012,Chicopee,848.0,1.0,CHICOPEE WATER DEPT (MWRA),0.0,0.0,0.0,,No,,,,
250138113013,Chicopee,2219.0,0.99,CHICOPEE WATER DEPT (MWRA),0.0,0.0,0.01,0.16,Yes,Minority and income,29.0,1.4,44529.0
250138113014,Chicopee,1159.0,1.0,CHICOPEE WATER DEPT (MWRA),0.0,0.0,0.0,,Yes,Minority and income,28.1,0.0,44135.0
250138113022,Chicopee,1475.0,0.883,CHICOPEE WATER DEPT (MWRA),0.0,0.0,0.117,0.128,Yes,Income,19.7,3.9,47232.0
250138113023,Chicopee,1021.0,0.793,CHICOPEE WATER DEPT (MWRA),0.0,0.0,0.207,0.148,Yes,Minority and income,40.7,3.1,47734.0
250138113024,Chicopee,1491.0,1.0,CHICOPEE WATER DEPT (MWRA),0.0,0.0,0.0,,No,,,,
250138113025,Chicopee,1573.0,1.0,CHICOPEE WATER DEPT (MWRA),0.0,0.0,0.0,,No,,,,
250138114001,Holyoke,1070.0,1.0,HOLYOKE WATER WORKS,0.0,0.0,0.0,,Yes,"Minority, income and English isolation",88.0,40.1,21761.0
250138114002,Holyoke,1220.0,1.0,HOLYOKE WATER WORKS,0.0,0.0,0.0,,Yes,"Minority, income and English isolation",93.2,39.7,15536.0
250138115001,Holyoke,1062.0,1.0,HOLYOKE WATER WORKS,0.0,0.0,0.0,,Yes,Minority and income,95.7,15.5,23594.0
250138115002,Holyoke,1140.0,1.0,HOLYOKE WATER WORKS,0.0,0.0,0.0,,Yes,"Minority, income and English isolation",91.3,27.1,16111.0
250138116001,Holyoke,829.0,1.0,HOLYOKE WATER WORKS,0.0,0.0,0.0,,Yes,"Minority, income and English isolation",94.1,34.7,16000.0
250138116002,Holyoke,904.0,1.0,HOLYOKE WATER WORKS,0.0,0.0,0.0,,Yes,"Minority, income and English isolation",88.2,42.6,31284.0
250138116003,Holyoke,629.0,1.0,HOLYOKE WATER WORKS,0.0,0.0,0.0,,Yes,Minority and English isolation,88.4,27.9,68382.0
250138116004,Holyoke,1139.0,1.0,HOLYOKE WATER WORKS,0.0,0.0,0.0,,Yes,"Minority, income and English isolation",93.8,46.5,18594.0
250138117001,Holyoke,473.0,1.0,HOLYOKE WATER WORKS,0.0,0.0,0.0,,Yes,"Minority, income and English isolation",87.3,63.5,14385.0
250138117002,Holyoke,1577.0,1.0,HOLYOKE WATER WORKS,0.0,0.0,0.0,,Yes,"Minority, income and English isolation",81.4,41.4,32548.0
250138118001,Holyoke,727.0,1.0,HOLYOKE WATER WORKS,0.0,0.0,0.0,,Yes,Minority and income,78.8,4.7,38103.0
250138118002,Holyoke,689.0,1.0,HOLYOKE WATER WORKS,0.0,0.0,0.0,,Yes,"Minority, income and English isolation",79.0,31.8,19063.0
250138118003,Holyoke,1039.0,1.0,HOLYOKE WATER WORKS,0.0,0.0,0.0,,Yes,Minority and income,62.0,3.9,43850.0
250138118004,Holyoke,648.0,1.0,HOLYOKE WATER WORKS,0.0,0.0,0.0,,Yes,Minority,54.6,0.0,104375.0
250138118005,Holyoke,887.0,1.0,HOLYOKE WATER WORKS,0.0,0.0,0.0,,Yes,"Minority, income and English isolation",61.1,30.9,45343.0
250138119001,Holyoke,1275.0,0.744,HOLYOKE WATER WORKS,0.0,0.0,0.256,0.062,No,,,,
250138119002,Holyoke,1106.0,1.0,HOLYOKE WATER WORKS,0.0,0.0,0.0,,No,,,,
250138119003,Holyoke,1083.0,1.0,HOLYOKE WATER WORKS,0.0,0.0,0.0,,No,,,,
250138120011,Holyoke,1083.0,1.0,HOLYOKE WATER WORKS,0.0,0.0,0.0,,Yes,"Minority, income and English isolation",78.5,50.1,14229.0
250138120012,Holyoke,781.0,1.0,HOLYOKE WATER WORKS,0.0,0.0,0.0,,Yes,Minority and income,58.1,0.0,27153.0
250138120013,Holyoke,811.0,1.0,HOLYOKE WATER WORKS,0.0,0.0,0.0,,Yes,"Minority, income and English isolation",69.7,27.1,22670.0
250138120014,Holyoke,775.0,1.0,HOLYOKE WATER WORKS,0.0,0.0,0.0,,Yes,Minority,35.9,4.2,86932.0
250138120021,Holyoke,2129.0,0.547,HOLYOKE WATER WORKS,0.0,0.0,0.453,0.14,Yes,Minority and income,63.6,9.1,51806.0
250138120022,Holyoke,754.0,0.507,HOLYOKE WATER WORKS,0.0,0.0,0.493,0.091,Yes,Minority,30.0,0.0,77125.0
250138120023,Holyoke,722.0,1.0,HOLYOKE WATER WORKS,0.0,0.0,0.0,,Yes,Minority and income,61.6,10.4,45921.0
250138120024,Holyoke,833.0,1.0,HOLYOKE WATER WORKS,0.0,0.0,0.0,,Yes,Minority,36.0,2.5,70795.0
250138121011,Holyoke,2104.0,0.513,HOLYOKE WATER WORKS,0.0,0.0,0.487,0.091,No,,,,
250138121012,Holyoke,1226.0,0.94,HOLYOKE WATER WORKS,0.0,0.0,0.06,0.054,No,,,,
250138121013,Holyoke,1591.0,1.0,HOLYOKE WATER WORKS,0.0,0.0,0.0,,No,,,,
250138121031,Holyoke,922.0,1.0,HOLYOKE WATER WORKS,0.0,0.0,0.0,,Yes,Minority and income,67.0,0.0,52154.0
250138121032,Holyoke,2657.0,0.908,HOLYOKE WATER WORKS,0.0,0.0,0.092,0.128,Yes,Minority and income,54.2,15.8,48864.0
250138121041,Holyoke,1313.0,1.0,HOLYOKE WATER WORKS,0.0,0.0,0.0,,Yes,Minority and income,60.8,10.2,31208.0
250138121042,Holyoke,1288.0,1.0,HOLYOKE WATER WORKS,0.0,0.0,0.0,,Yes,Minority,59.6,3.0,58000.0
250138121043,Holyoke,700.0,1.0,HOLYOKE WATER WORKS,0.0,0.0,0.0,,Yes,Minority,37.9,5.0,74844.0
250138121044,Holyoke,1052.0,1.0,HOLYOKE WATER WORKS,0.0,0.0,0.0,,Yes,Minority,41.5,7.8,59688.0
250138122011,West Springfield,2144.0,1.0,WEST SPRINGFIELD DPW WATER DIVISION,0.0,0.7,0.0,,Yes,Minority and income,28.3,12.6,52369.0
250138122012,West Springfield,1190.0,1.0,WEST SPRINGFIELD DPW WATER DIVISION,0.0,0.7,0.0,,Yes,Minority and income,46.7,1.9,39085.0
250138122013,West Springfield,1456.0,1.0,WEST SPRINGFIELD DPW WATER DIVISION,0.0,0.7,0.0,,Yes,Minority and income,30.2,3.2,26858.0
250138122021,West Springfield,654.0,0.569,WEST SPRINGFIELD DPW WATER DIVISION,0.0,0.7,0.431,0.105,Yes,Minority,37.0,10.4,59609.0
250138122022,West Springfield,1123.0,0.541,WEST SPRINGFIELD DPW WATER DIVISION,0.0,0.7,0.459,0.119,Yes,Income,23.0,6.1,36364.0
250138122023,West Springfield,450.0,0.38,WEST SPRINGFIELD DPW WATER DIVISION,0.0,0.7,0.62,0.117,Yes,Minority and income,55.6,0.0,31397.0
250138122024,West Springfield,1481.0,0.539,WEST SPRINGFIELD DPW WATER DIVISION,0.0,0.7,0.461,0.098,Yes,Minority and income,33.3,0.0,44115.0
250138123001,West Springfield,1233.0,1.0,WEST SPRINGFIELD DPW WATER DIVISION,0.0,0.7,0.0,,Yes,Minority and income,51.5,0.0,31656.0
250138123002,West Springfield,1585.0,1.0,WEST SPRINGFIELD DPW WATER DIVISION,0.0,0.7,0.0,,Yes,Minority and income,41.6,10.4,36818.0
250138123003,West Springfield,804.0,0.863,WEST SPRINGFIELD DPW WATER DIVISION,0.0,0.7,0.137,0.165,Yes,Minority and income,37.4,5.8,47883.0
250138123004,West Springfield,1165.0,1.0,WEST SPRINGFIELD DPW WATER DIVISION,0.0,0.7,0.0,,Yes,Minority and income,42.7,0.0,47800.0
250138123005,West Springfield,1346.0,1.0,WEST SPRINGFIELD DPW WATER DIVISION,0.0,0.7,0.0,,Yes,Minority and income,49.9,9.1,39211.0
250138124011,West Springfield,726.0,1.0,WEST SPRINGFIELD DPW WATER DIVISION,0.0,0.7,0.0,,No,,,,
250138124012,West Springfield,1634.0,0.953,WEST SPRINGFIELD DPW WATER DIVISION,0.0,0.7,0.047,0.117,No,,,,
250138124013,West Springfield,1615.0,0.333,WEST SPRINGFIELD DPW WATER DIVISION,0.0,0.7,0.667,0.113,No,,,,
250138124014,West Springfield,2390.0,0.815,WEST SPRINGFIELD DPW WATER DIVISION,0.0,0.7,0.185,0.084,No,,,,
250138124031,West Springfield,947.0,1.0,WEST SPRINGFIELD DPW WATER DIVISION,0.0,0.7,0.0,,Yes,Minority,26.8,0.0,76094.0
250138124032,West Springfield,1061.0,1.0,WEST SPRINGFIELD DPW WATER DIVISION,0.0,0.7,0.0,,Yes,Minority and income,28.1,8.2,40356.0
250138124033,West Springfield,1150.0,1.0,WEST SPRINGFIELD DPW WATER DIVISION,0.0,0.7,0.0,,No,,,,
250138124034,West Springfield,799.0,1.0,WEST SPRINGFIELD DPW WATER DIVISION,0.0,0.7,0.0,,No,,,,
250138124041,West Springfield,1869.0,0.943,WEST SPRINGFIELD DPW WATER DIVISION,0.0,0.7,0.057,0.179,Yes,Minority,25.8,7.1,82946.0
250138124042,West Springfield,2013.0,1.0,WEST SPRINGFIELD DPW WATER DIVISION,0.0,0.7,0.0,,No,,,,
250138125001,Westfield,922.0,0.436,WESTFIELD DPWWATER DIVISION,0.0,0.7,0.564,0.084,No,,,,
250138125002,Westfield,1401.0,0.845,WESTFIELD DPWWATER DIVISION,0.0,0.7,0.155,0.078,Yes,Income,17.8,3.1,52305.0
250138125003,Westfield,2340.0,1.0,WESTFIELD DPWWATER DIVISION,0.0,0.7,0.0,,Yes,Minority,34.5,13.8,61083.0
250138125004,Westfield,625.0,0.933,WESTFIELD DPWWATER DIVISION,0.0,0.7,0.067,0.106,No,,,,
250138125005,Westfield,2400.0,0.993,WESTFIELD DPWWATER DIVISION,0.0,0.7,0.007,0.06,No,,,,
250138126001,Westfield,1637.0,1.0,WESTFIELD DPWWATER DIVISION,0.0,0.7,0.0,,No,,,,
250138126002,Westfield,895.0,1.0,WESTFIELD DPWWATER DIVISION,0.0,0.7,0.0,,Yes,Income,17.2,4.5,47074.0
250138126003,Westfield,2662.0,0.979,WESTFIELD DPWWATER DIVISION,0.0,0.7,0.021,0.095,No,,,,
250138126004,Westfield,1445.0,0.92,WESTFIELD DPWWATER DIVISION,0.0,0.7,0.08,0.117,No,,,,
250138127011,Westfield,1346.0,1.0,WESTFIELD DPWWATER DIVISION,0.0,0.7,0.0,,Yes,Income,15.6,0.0,46757.0
250138127012,Westfield,1474.0,1.0,WESTFIELD DPWWATER DIVISION,0.0,0.7,0.0,,Yes,Minority,30.5,8.4,55357.0
250138127013,Westfield,1146.0,1.0,WESTFIELD DPWWATER DIVISION,0.0,0.7,0.0,,Yes,Minority and income,24.6,4.8,49575.0
250138127021,Westfield,2091.0,1.0,WESTFIELD DPWWATER DIVISION,0.0,0.7,0.0,,Yes,Minority,29.3,10.1,63491.0
250138127022,Westfield,1169.0,1.0,WESTFIELD DPWWATER DIVISION,0.0,0.7,0.0,,Yes,Minority and income,37.8,14.0,36652.0
250138127023,Westfield,954.0,1.0,WESTFIELD DPWWATER DIVISION,0.0,0.7,0.0,,Yes,Income,20.5,21.5,43350.0
250138127024,Westfield,1028.0,1.0,WESTFIELD DPWWATER DIVISION,0.0,0.7,0.0,,Yes,Minority,34.0,3.3,60246.0
250138128001,Westfield,744.0,1.0,WESTFIELD DPWWATER DIVISION,0.0,0.7,0.0,,Yes,Minority,32.9,8.2,60000.0
250138128002,Westfield,1821.0,1.0,WESTFIELD DPWWATER DIVISION,0.0,0.7,0.0,,No,,,,
250138128003,Westfield,2453.0,0.703,WESTFIELD DPWWATER DIVISION,0.0,0.7,0.297,0.076,No,,,,
250138128004,Westfield,2094.0,0.699,WESTFIELD DPWWATER DIVISION,0.0,0.7,0.301,0.07,No,,,,
250138129011,Westfield,1784.0,1.0,WESTFIELD DPWWATER DIVISION,0.0,0.7,0.0,,No,,,,
250138129012,Westfield,782.0,1.0,WESTFIELD DPWWATER DIVISION,0.0,0.7,0.0,,No,,,,
250138129013,Westfield,526.0,1.0,WESTFIELD DPWWATER DIVISION,0.0,0.7,0.0,,Yes,Income,15.0,8.5,53183.0
250138129021,Westfield,557.0,1.0,WESTFIELD DPWWATER DIVISION,0.0,0.7,0.0,,No,,,,
250138129022,Westfield,2059.0,0.908,WESTFIELD DPWWATER DIVISION,0.0,0.7,0.092,0.057,No,,,,
250138129023,Westfield,2264.0,0.93,WESTFIELD DPWWATER DIVISION,0.0,0.7,0.07,0.089,No,,,,
250138129031,Westfield,2215.0,1.0,WESTFIELD DPWWATER DIVISION,0.0,0.7,0.0,,No,,,,
250138130011,Chester,1228.0,0.213,CHESTER WATER DEPT,0.0,0.0,0.787,0.048,No,,,,
250138130012,Tolland,1686.0,0.116,BLANDFORD WATER DEPT,0.0,0.0,0.884,0.04,No,,,,
250138130021,Montgomery,819.0,0.0,,,,1.0,0.05,No,,,,
250138130022,Russell,1643.0,0.0,,,,1.0,0.057,No,,,,
250138130023,Granville,1538.0,0.0,,,,1.0,0.043,No,,,,
250138131011,Southwick,1939.0,0.335,SOUTHWICK WATER DEPT,1.2,3.0,0.665,0.078,No,,,,
250138131012,Southwick,1409.0,0.9,SOUTHWICK WATER DEPT,1.2,3.0,0.1,0.089,No,,,,
250138131013,Southwick,2282.0,0.404,SOUTHWICK WATER DEPT,1.2,3.0,0.596,0.076,No,,,,
250138131021,Southwick,1725.0,0.228,SOUTHWICK WATER DEPT,1.2,3.0,0.772,0.065,No,,,,
250138131022,Southwick,1877.0,0.006,SOUTHWICK WATER DEPT,1.2,3.0,0.994,0.06,No,,,,
250138132041,Agawam,764.0,0.5,AGAWAM WATER DEPARTMENT,0.0,0.0,0.5,0.096,No,,,,
250138132042,Agawam,2584.0,0.894,AGAWAM WATER DEPARTMENT,0.0,0.0,0.106,0.085,No,,,,
250138132051,Agawam,2064.0,0.915,AGAWAM WATER DEPARTMENT,0.0,0.0,0.085,0.105,No,,,,
250138132052,Agawam,927.0,1.0,AGAWAM WATER DEPARTMENT,0.0,0.0,0.0,,No,,,,
250138132053,Agawam,1727.0,0.724,AGAWAM WATER DEPARTMENT,0.0,0.0,0.276,0.074,No,,,,
250138132054,Agawam,2536.0,0.574,AGAWAM WATER DEPARTMENT,0.0,0.0,0.426,0.075,No,,,,
250138132061,Agawam,1554.0,1.0,AGAWAM WATER DEPARTMENT,0.0,0.0,0.0,,No,,,,
250138132062,Agawam,883.0,1.0,AGAWAM WATER DEPARTMENT,0.0,0.0,0.0,,No,,,,
250138132063,Agawam,1543.0,1.0,AGAWAM WATER DEPARTMENT,0.0,0.0,0.0,,No,,,,
250138132071,Agawam,2365.0,1.0,AGAWAM WATER DEPARTMENT,0.0,0.0,0.0,,No,,,,
250138132072,Agawam,1054.0,1.0,AGAWAM WATER DEPARTMENT,0.0,0.0,0.0,,Yes,Income,22.7,4.9,54118.0
250138132073,Agawam,1883.0,0.885,AGAWAM WATER DEPARTMENT,0.0,0.0,0.115,0.135,No,,,,
250138132081,Agawam,1526.0,1.0,AGAWAM WATER DEPARTMENT,0.0,0.0,0.0,,No,,,,
250138132082,Agawam,1430.0,0.946,AGAWAM WATER DEPARTMENT,0.0,0.0,0.054,0.067,Yes,Income,16.8,4.1,52054.0
250138132091,Agawam,1407.0,0.557,AGAWAM WATER DEPARTMENT,0.0,0.0,0.443,0.114,No,,,,
250138132092,Agawam,1712.0,1.0,AGAWAM WATER DEPARTMENT,0.0,0.0,0.0,,No,,,,
250138132093,Agawam,2733.0,1.0,AGAWAM WATER DEPARTMENT,0.0,0.0,0.0,,No,,,,
250138133011,Longmeadow,2365.0,1.0,LONGMEADOW WATER DEPT,0.0,0.0,0.0,,No,,,,
250138133012,Longmeadow,2055.0,1.0,LONGMEADOW WATER DEPT,0.0,0.0,0.0,,No,,,,
250138133013,Longmeadow,1318.0,1.0,LONGMEADOW WATER DEPT; SPRINGFIELD WATER AND SEWER COMMISSION,0.0,0.0,0.0,,No,,,,
250138133014,Longmeadow,1535.0,1.0,LONGMEADOW WATER DEPT,0.0,0.0,0.0,,No,,,,
250138133031,Longmeadow,2188.0,1.0,LONGMEADOW WATER DEPT; SPRINGFIELD WATER AND SEWER COMMISSION,0.0,0.0,0.0,,No,,,,
250138133032,Longmeadow,2261.0,1.0,LONGMEADOW WATER DEPT,0.0,0.0,0.0,,No,,,,
250138133041,Longmeadow,1853.0,1.0,LONGMEADOW WATER DEPT,0.0,0.0,0.0,,No,,,,
250138133042,Longmeadow,1074.0,1.0,LONGMEADOW WATER DEPT,0.0,0.0,0.0,,No,,,,
250138133043,Longmeadow,1204.0,1.0,LONGMEADOW WATER DEPT,0.0,0.0,0.0,,No,,,,
250138134011,East Longmeadow,1214.0,1.0,EAST LONGMEADOW DPW WATER DEPT,0.0,0.0,0.0,,No,,,,
250138134012,East Longmeadow,1054.0,0.928,EAST LONGMEADOW DPW WATER DEPT; SPRINGFIELD WATER AND SEWER COMMISSION,0.0,0.0,0.072,0.139,No,,,,
250138134013,East Longmeadow,2115.0,0.895,EAST LONGMEADOW DPW WATER DEPT; SPRINGFIELD WATER AND SEWER COMMISSION,0.0,0.0,0.105,0.139,No,,,,
250138134014,East Longmeadow,958.0,1.0,EAST LONGMEADOW DPW WATER DEPT,0.0,0.0,0.0,,No,,,,
250138134031,East Longmeadow,2893.0,0.988,EAST LONGMEADOW DPW WATER DEPT; SPRINGFIELD WATER AND SEWER COMMISSION,0.0,0.0,0.012,0.148,No,,,,
250138134032,East Longmeadow,1263.0,1.0,EAST LONGMEADOW DPW WATER DEPT,0.0,0.0,0.0,,No,,,,
250138134041,East Longmeadow,2213.0,0.925,EAST LONGMEADOW DPW WATER DEPT,0.0,0.0,0.075,0.083,No,,,,
250138134042,East Longmeadow,1905.0,1.0,EAST LONGMEADOW DPW WATER DEPT,0.0,0.0,0.0,,No,,,,
250138134043,East Longmeadow,2815.0,0.849,EAST LONGMEADOW DPW WATER DEPT,0.0,0.0,0.151,0.085,No,,,,
250138135001,Hampden,1343.0,0.0,,,,1.0,0.091,No,,,,
250138135002,Hampden,1058.0,0.0,,,,1.0,0.075,No,,,,
250138135003,Hampden,1423.0,0.072,VANTAGE AT HAMPDEN,0.0,0.0,0.928,0.063,No,,,,
250138135004,Hampden,1142.0,0.0,,,,1.0,0.084,No,,,,
250138136011,Wilbraham,1054.0,0.357,SPRINGFIELD WATER AND SEWER COMMISSION; WILBRAHAM WATER DEPT (MWRA),0.0,0.0,0.643,0.117,No,,,,
250138136012,Wilbraham,2525.0,0.608,WILBRAHAM WATER DEPT (MWRA),0.0,0.0,0.392,0.091,No,,,,
250138136013,Wilbraham,1188.0,0.173,WILBRAHAM WATER DEPT (MWRA),0.0,0.0,0.827,0.22,No,,,,
250138136014,Wilbraham,894.0,0.0,,,,1.0,0.205,No,,,,
250138136015,Wilbraham,2671.0,0.965,SPRINGFIELD WATER AND SEWER COMMISSION; WILBRAHAM WATER DEPT (MWRA),0.0,0.0,0.035,0.152,No,,,,
250138136021,Wilbraham,1254.0,0.051,WILBRAHAM WATER DEPT (MWRA),0.0,0.0,0.949,0.132,No,,,,
250138136022,Wilbraham,3109.0,0.357,SPRINGFIELD WATER AND SEWER COMMISSION; WILBRAHAM WATER DEPT (MWRA),0.0,0.0,0.643,0.105,No,,,,
250138136023,Wilbraham,1918.0,0.538,WILBRAHAM WATER DEPT (MWRA),0.0,0.0,0.462,0.105,No,,,,
250138137011,Monson,1623.0,0.067,MONSON WATER AND SEWER DEPT,0.0,1.2,0.933,0.055,No,,,,
250138137012,Monson,1735.0,0.551,MONSON WATER AND SEWER DEPT,0.0,1.2,0.449,0.065,No,,,,
250138137021,Monson,1545.0,0.0,,,,1.0,0.132,No,,,,
250138137022,Monson,2114.0,0.196,MONSON WATER AND SEWER DEPT,0.0,1.2,0.804,0.063,No,,,,
250138137023,Monson,1136.0,0.399,MONSON WATER AND SEWER DEPT,0.0,1.2,0.601,0.177,Yes,Income,9.0,0.0,49000.0
250138138011,Wales,1832.0,0.052,BROOKSIDE VILLAGE; SILVER MEADOW,0.0,0.0,0.948,0.063,No,,,,
250138138012,Holland,1187.0,0.0,,,,1.0,0.068,No,,,,
250138138013,Holland,1416.0,0.0,,,,1.0,0.083,No,,,,
250138138021,Brimfield,2084.0,0.033,MEADOWBROOK ACRES MOBILE HOME PARK,0.0,0.0,0.967,0.058,No,,,,
250138138022,Brimfield,1610.0,0.0,,,,1.0,0.069,No,,,,
250158201011,Ware,2580.0,0.103,QUABBIN SUNRISE COOPERATIVE INC; WARE WATER DEPT,2.8,4.4,0.897,0.063,No,,,,
250158201012,Ware,1760.0,0.376,WARE WATER DEPT,4.3,6.8,0.624,0.064,No,,,,
250158201013,Ware,1023.0,0.477,WARE WATER DEPT,4.3,6.8,0.523,0.082,Yes,Income,13.9,0.0,41731.0
250158201014,Ware,932.0,0.363,WARE WATER DEPT,4.3,6.8,0.637,0.085,No,,,,
250158201021,Ware,751.0,0.519,WARE WATER DEPT,4.3,6.8,0.481,0.073,No,,,,
250158201022,Ware,1066.0,0.989,WARE WATER DEPT,4.3,6.8,0.011,0.085,Yes,Income,19.1,0.0,29250.0
250158201023,Ware,1954.0,0.983,WARE WATER DEPT,4.3,6.8,0.017,0.119,Yes,Minority and income,24.5,2.6,33889.0
250158202051,Belchertown,3004.0,0.01,BONDSVILLE FIRE AND WATER DISTRICT,0.0,1.7,0.99,0.119,No,,,,
250158202052,Belchertown,3374.0,0.081,BELCHERTOWN WATER DISTRICT,0.0,2.5,0.919,0.067,No,,,,
250158202053,Pelham,1280.0,0.022,AMHERST DPW  WATER DIVISION,0.0,0.0,0.978,0.073,No,,,,
250158202061,Belchertown,1323.0,0.0,,,,1.0,0.231,No,,,,
250158202062,Belchertown,687.0,0.096,BELCHERTOWN WATER DISTRICT,0.0,2.5,0.904,0.085,No,,,,
250158202063,Belchertown,1838.0,0.258,BELCHERTOWN WATER DISTRICT; PINE VALLEY PLANTATION,5.0,6.4,0.742,0.119,No,,,,
250158202071,Belchertown,2298.0,0.728,BELCHERTOWN WATER DISTRICT,0.0,2.5,0.272,0.087,No,,,,
250158202072,Belchertown,1742.0,0.244,AMHERST DPW  WATER DIVISION; BELCHERTOWN WATER DISTRICT,0.0,2.2,0.756,0.069,No,,,,
250158202073,Belchertown,1084.0,0.025,BELCHERTOWN WATER DISTRICT,0.0,2.5,0.975,0.197,No,,,,
250158203001,Amherst,1947.0,0.407,AMHERST DPW  WATER DIVISION,0.0,0.0,0.593,0.111,Yes,Minority,28.5,1.6,118250.0
250158203002,Amherst,1257.0,1.0,AMHERST DPW  WATER DIVISION,0.0,0.0,0.0,,Yes,Minority and income,51.4,5.7,37500.0
250158203003,Amherst,1261.0,0.921,AMHERST DPW  WATER DIVISION,0.0,0.0,0.079,0.122,Yes,Minority,58.4,3.9,67778.0
250158203004,Amherst,1083.0,0.59,AMHERST DPW  WATER DIVISION,0.0,0.0,0.41,0.158,Yes,Minority,33.4,3.8,75882.0
250158203005,Amherst,1609.0,0.567,AMHERST DPW  WATER DIVISION,0.0,0.0,0.433,0.124,Yes,Minority,45.1,4.9,61429.0
250158204001,Amherst,13131.0,1.0,AMHERST DPW  WATER DIVISION,0.0,0.0,0.0,,Yes,Minority and income,39.5,0.0,2500.0
250158205001,Amherst,1050.0,0.59,AMHERST DPW  WATER DIVISION,0.0,0.0,0.41,0.131,Yes,Minority and income,28.9,0.0,54609.0
250158205002,Amherst,1014.0,1.0,AMHERST DPW  WATER DIVISION,0.0,0.0,0.0,,Yes,Minority,24.8,5.0,106190.0
250158205003,Amherst,1068.0,1.0,AMHERST DPW  WATER DIVISION,0.0,0.0,0.0,,Yes,Minority and income,36.9,0.0,22936.0
250158205004,Amherst,911.0,1.0,AMHERST DPW  WATER DIVISION,0.0,0.0,0.0,,Yes,Minority and income,25.9,0.0,16226.0
250158205005,Amherst,1121.0,0.724,AMHERST DPW  WATER DIVISION,0.0,0.0,0.276,0.106,Yes,Minority,30.7,1.2,74018.0
250158205006,Amherst,549.0,1.0,AMHERST DPW  WATER DIVISION,0.0,0.0,0.0,,Yes,Minority and income,41.9,2.3,40956.0
250158205007,Amherst,1026.0,1.0,AMHERST DPW  WATER DIVISION,0.0,0.0,0.0,,No,,,,
250158206001,Amherst,1641.0,0.982,AMHERST DPW  WATER DIVISION,0.0,0.0,0.018,0.131,Yes,Minority,52.4,0.0,0.0
250158207001,Amherst,1698.0,0.363,AMHERST DPW  WATER DIVISION,0.0,0.0,0.637,0.098,Yes,Minority and income,44.5,2.7,36168.0
250158207002,Amherst,1419.0,0.538,AMHERST DPW  WATER DIVISION,0.0,0.0,0.462,0.097,Yes,Minority,40.0,9.1,62321.0
250158207003,Amherst,1341.0,0.515,AMHERST DPW  WATER DIVISION,0.0,0.0,0.485,0.095,Yes,Minority,27.7,3.6,140000.0
250158208011,Amherst,1185.0,0.365,AMHERST DPW  WATER DIVISION,0.0,0.0,0.635,0.083,No,,,,
250158208012,Amherst,1382.0,0.488,AMHERST DPW  WATER DIVISION,0.0,0.0,0.512,0.079,No,,,,
250158208013,Amherst,1919.0,0.992,AMHERST DPW  WATER DIVISION,0.0,0.0,0.008,0.125,Yes,Minority and income,60.3,5.6,47435.0
250158208014,Amherst,1072.0,1.0,AMHERST DPW  WATER DIVISION,0.0,0.0,0.0,,Yes,Minority,40.5,14.7,89712.0
250158208021,Amherst,579.0,1.0,AMHERST DPW  WATER DIVISION,0.0,0.0,0.0,,Yes,Minority,32.8,0.0,0.0
250158209001,Granby,1739.0,0.0,,,,1.0,0.161,No,,,,
250158209002,Granby,1659.0,0.011,SOUTH HADLEY FD #1 (MWRA),0.0,0.0,0.989,0.095,No,,,,
250158209003,Granby,2712.0,0.166,GRANBY HOUSING AUTHORITY; SOUTH HADLEY FIRE DISTRICT #2 WATER DEPT,0.0,0.0,0.834,0.111,No,,,,
250158210001,South Hadley,698.0,0.744,SOUTH HADLEY FD #1 (MWRA); SOUTH HADLEY FIRE DISTRICT #2 WATER DEPT,0.0,0.0,0.256,0.146,No,,,,
250158210002,South Hadley,960.0,1.0,SOUTH HADLEY FD #1 (MWRA),0.0,0.0,0.0,,No,,,,
250158210003,South Hadley,771.0,1.0,SOUTH HADLEY FD #1 (MWRA); SOUTH HADLEY FIRE DISTRICT #2 WATER DEPT,0.0,0.0,0.0,,No,,,,
250158210004,South Hadley,2017.0,0.24,SOUTH HADLEY FD #1 (MWRA),0.0,0.0,0.76,0.14,No,,,,
250158211011,South Hadley,1490.0,1.0,SOUTH HADLEY FD #1 (MWRA),0.0,0.0,0.0,,No,,,,
250158211012,South Hadley,1611.0,0.909,SOUTH HADLEY FD #1 (MWRA),0.0,0.0,0.091,0.174,Yes,Income,22.5,0.0,54870.0
250158211013,South Hadley,2319.0,1.0,SOUTH HADLEY FD #1 (MWRA),0.0,0.0,0.0,,No,,,,
250158211014,South Hadley,1621.0,1.0,SOUTH HADLEY FD #1 (MWRA),0.0,0.0,0.0,,No,,,,
250158212001,South Hadley,2185.0,0.87,SOUTH HADLEY FIRE DISTRICT #2 WATER DEPT,0.0,0.0,0.13,0.188,Yes,Minority,46.6,0.0,142031.0
250158213001,South Hadley,2190.0,0.55,SOUTH HADLEY FD #1 (MWRA),0.0,0.0,0.45,0.11,No,,,,
250158213002,South Hadley,1147.0,0.546,SOUTH HADLEY FIRE DISTRICT #2 WATER DEPT,0.0,0.0,0.454,0.099,No,,,,
250158213003,South Hadley,1141.0,0.253,SOUTH HADLEY FIRE DISTRICT #2 WATER DEPT,0.0,0.0,0.747,0.109,No,,,,
250158214001,Hadley,1210.0,0.683,HADLEY DPW WATER DIVISION,0.0,0.0,0.317,0.059,No,,,,
250158214002,Hadley,813.0,0.692,HADLEY DPW WATER DIVISION,0.0,0.0,0.308,0.053,No,,,,
250158214003,Hadley,1164.0,0.037,HADLEY DPW WATER DIVISION,0.0,0.0,0.963,0.06,No,,,,
250158214004,Hadley,2138.0,0.291,AMHERST DPW  WATER DIVISION; HADLEY DPW WATER DIVISION,0.0,0.0,0.709,0.064,No,,,,
250158215001,Hatfield,992.0,0.495,HATFIELD WATER DEPT,3.2,5.2,0.505,0.082,No,,,,
250158215002,Hatfield,836.0,0.111,HATFIELD WATER DEPT,3.2,5.2,0.889,0.076,No,,,,
250158215003,Hatfield,1524.0,0.204,HATFIELD WATER DEPT,3.2,5.2,0.796,0.057,No,,,,
250158216011,Northampton,1827.0,0.652,NORTHAMPTON WATER DIVISION,1.0,2.2,0.348,0.082,No,,,,
250158216012,Northampton,1784.0,1.0,NORTHAMPTON WATER DIVISION,1.0,2.2,0.0,,Yes,Minority and income,35.5,4.6,48348.0
250158216021,Northampton,950.0,1.0,NORTHAMPTON WATER DIVISION,1.0,2.2,0.0,,No,,,,
250158216022,Northampton,1445.0,1.0,NORTHAMPTON WATER DIVISION,1.0,2.2,0.0,,Yes,Minority and income,32.5,14.9,33438.0
250158216023,Northampton,1483.0,1.0,NORTHAMPTON WATER DIVISION,1.0,2.2,0.0,,No,,,,
250158217001,Northampton,1768.0,0.305,NORTHAMPTON WATER DIVISION,1.0,2.2,0.695,0.07,No,,,,
250158217002,Northampton,714.0,1.0,NORTHAMPTON WATER DIVISION,1.0,2.2,0.0,,No,,,,
250158217003,Northampton,265.0,1.0,NORTHAMPTON WATER DIVISION,1.0,2.2,0.0,,No,,,,
250158217004,Northampton,1284.0,0.484,NORTHAMPTON WATER DIVISION,1.0,2.2,0.516,0.083,No,,,,
250158219011,Northampton,2439.0,1.0,NORTHAMPTON WATER DIVISION,1.0,2.2,0.0,,No,,,,
250158219012,Northampton,880.0,1.0,NORTHAMPTON WATER DIVISION,1.0,2.2,0.0,,No,,,,
250158219031,Northampton,1683.0,0.742,NORTHAMPTON WATER DIVISION,1.0,2.2,0.258,0.115,Yes,Minority and income,28.0,7.5,52000.0
250158219032,Northampton,124.0,1.0,NORTHAMPTON WATER DIVISION,1.0,2.2,0.0,,Yes,Minority,56.5,0.0,0.0
250158219033,Northampton,1832.0,1.0,NORTHAMPTON WATER DIVISION,1.0,2.2,0.0,,Yes,Minority,24.7,5.1,63125.0
250158219041,Northampton,1023.0,1.0,NORTHAMPTON WATER DIVISION,1.0,2.2,0.0,,No,,,,
250158219042,Northampton,822.0,1.0,NORTHAMPTON WATER DIVISION,1.0,2.2,0.0,,No,,,,
250158219043,Northampton,1056.0,1.0,NORTHAMPTON WATER DIVISION,1.0,2.2,0.0,,Yes,Minority,24.8,4.6,56500.0
250158220001,Northampton,2152.0,1.0,NORTHAMPTON WATER DIVISION,1.0,2.2,0.0,,Yes,Minority,41.9,0.0,70500.0
250158222001,Northampton,948.0,0.229,NORTHAMPTON WATER DIVISION,1.0,2.2,0.771,0.091,No,,,,
250158222002,Northampton,2145.0,0.852,NORTHAMPTON WATER DIVISION,1.0,2.2,0.148,0.11,No,,,,
250158222003,Northampton,2947.0,0.299,NORTHAMPTON WATER DIVISION,1.0,2.2,0.701,0.083,No,,,,
250158223001,Easthampton,2150.0,0.809,EASTHAMPTON WATER DEPT,0.0,0.0,0.191,0.078,No,,,,
250158223002,Easthampton,1368.0,1.0,EASTHAMPTON WATER DEPT,0.0,0.0,0.0,,Yes,Income,15.7,2.7,47578.0
250158223003,Easthampton,767.0,1.0,EASTHAMPTON WATER DEPT,0.0,0.0,0.0,,No,,,,
250158223004,Easthampton,1127.0,1.0,EASTHAMPTON WATER DEPT,0.0,0.0,0.0,,Yes,Income,14.1,0.0,40000.0
250158224011,Easthampton,1816.0,0.488,EASTHAMPTON WATER DEPT,0.0,0.0,0.512,0.089,No,,,,
250158224012,Easthampton,1427.0,0.931,EASTHAMPTON WATER DEPT,0.0,0.0,0.069,0.103,No,,,,
250158224013,Easthampton,1369.0,1.0,EASTHAMPTON WATER DEPT,0.0,0.0,0.0,,No,,,,
250158224014,Easthampton,1210.0,0.651,EASTHAMPTON WATER DEPT,0.0,0.0,0.349,0.118,No,,,,
250158224021,Easthampton,699.0,1.0,EASTHAMPTON WATER DEPT,0.0,0.0,0.0,,Yes,Income,18.3,0.0,40526.0
250158224022,Easthampton,1140.0,0.896,EASTHAMPTON WATER DEPT,0.0,0.0,0.104,0.158,No,,,,
250158224023,Easthampton,914.0,0.765,EASTHAMPTON WATER DEPT,0.0,0.0,0.235,0.122,No,,,,
250158224024,Easthampton,1268.0,0.808,EASTHAMPTON WATER DEPT,0.0,0.0,0.192,0.151,No,,,,
250158224025,Easthampton,956.0,0.668,EASTHAMPTON WATER DEPT,0.0,0.0,0.332,0.089,Yes,Income,18.8,0.0,42534.0
250158225001,Southampton,1034.0,0.221,SOUTHAMPTON WATER DEPT,0.0,0.0,0.779,0.067,No,,,,
250158225002,Southampton,1236.0,0.476,SOUTHAMPTON WATER DEPT,0.0,0.0,0.524,0.082,No,,,,
250158225003,Southampton,1369.0,0.544,SOUTHAMPTON WATER DEPT,0.0,0.0,0.456,0.066,No,,,,
250158225004,Southampton,2585.0,0.361,HOLYOKE WATER WORKS; SOUTHAMPTON WATER DEPT,0.0,0.0,0.639,0.079,No,,,,
250158226011,Huntington,1283.0,0.0,,,,1.0,0.052,No,,,,
250158226012,Huntington,811.0,0.546,HUNTINGTON WATER DEPT,0.0,0.0,0.454,0.068,No,,,,
250158226031,Westhampton,1622.0,0.0,,,,1.0,0.046,No,,,,
250158226071,Goshen,960.0,0.0,,,,1.0,0.046,No,,,,
250158226072,Williamsburg,976.0,0.011,WILLIAMSBURG WATER DEPT,0.0,0.0,0.989,0.048,No,,,,
250158226073,Williamsburg,1528.0,0.357,WILLIAMSBURG WATER DEPT,0.0,0.0,0.643,0.058,No,,,,
250158226074,Chesterfield,1186.0,0.0,,,,1.0,0.043,No,,,,
250158227001,Plainfield,633.0,0.0,,,,1.0,0.04,No,,,,
250158227002,Cummington,829.0,0.157,CUMMINGTON WATER DEPT; WEST CUMMINGTON WATER DEPT,0.0,0.0,0.843,0.04,No,,,,
250158227003,Worthington,1578.0,0.121,WORTHINGTON FIRE DISTRICT,0.0,0.0,0.879,0.036,No,,,,
250173001001,Ashby,1731.0,0.0,,,,1.0,0.065,No,,,,
250173001002,Ashby,1462.0,0.0,,,,1.0,0.072,No,,,,
250173011011,Townsend,1959.0,0.082,TOWNSEND WATER DEPARTMENT,0.2,27.6,0.918,0.179,No,,,,
250173011012,Townsend,1261.0,0.159,TOWNSEND WATER DEPARTMENT,0.2,27.6,0.841,0.095,No,,,,
250173011013,Townsend,990.0,0.616,TOWNSEND WATER DEPARTMENT,0.2,27.6,0.384,0.197,Yes,Income,11.8,0.0,54261.0
250173011021,Townsend,1234.0,0.239,TOWNSEND WATER DEPARTMENT,0.2,27.6,0.761,0.202,No,,,,
250173011022,Townsend,2165.0,0.464,TOWNSEND WATER DEPARTMENT,0.2,27.6,0.536,0.237,No,,,,
250173011023,Townsend,1518.0,0.172,TOWNSEND WATER DEPARTMENT,0.2,27.6,0.828,0.113,No,,,,
250173101011,Lowell,1682.0,1.0,LOWELL REGIONAL WATER UTILITY,4.7,4.8,0.0,,Yes,"Minority, income and English isolation",66.9,25.7,19002.0
250173101012,Lowell,816.0,1.0,LOWELL REGIONAL WATER UTILITY,4.7,4.8,0.0,,Yes,Minority and income,47.7,21.2,18616.0
250173101013,Lowell,974.0,1.0,LOWELL REGIONAL WATER UTILITY,4.7,4.8,0.0,,Yes,Minority,38.3,5.7,86103.0
250173101021,Lowell,1162.0,1.0,LOWELL REGIONAL WATER UTILITY,4.7,4.8,0.0,,Yes,Minority and income,67.1,12.3,41319.0
250173101022,Lowell,1447.0,1.0,LOWELL REGIONAL WATER UTILITY,4.7,4.8,0.0,,Yes,Minority and income,58.2,18.0,44559.0
250173102001,Lowell,1160.0,1.0,LOWELL REGIONAL WATER UTILITY,4.7,4.8,0.0,,Yes,Minority,43.4,0.0,103875.0
250173102002,Lowell,1057.0,1.0,LOWELL REGIONAL WATER UTILITY,4.7,4.8,0.0,,Yes,Minority,42.3,0.0,61488.0
250173102003,Lowell,1737.0,1.0,LOWELL REGIONAL WATER UTILITY,4.7,4.8,0.0,,Yes,Minority,70.6,15.0,76707.0
250173102004,Lowell,1258.0,1.0,LOWELL REGIONAL WATER UTILITY,4.7,4.8,0.0,,Yes,Minority and income,59.5,10.3,32228.0
250173102005,Lowell,1325.0,1.0,LOWELL REGIONAL WATER UTILITY,4.7,4.8,0.0,,Yes,Minority and income,47.5,4.7,48199.0
250173103001,Lowell,1621.0,1.0,LOWELL REGIONAL WATER UTILITY,4.7,4.8,0.0,,Yes,Minority,55.5,8.2,75106.0
250173103002,Lowell,1750.0,1.0,LOWELL REGIONAL WATER UTILITY,4.7,4.8,0.0,,Yes,Minority and income,69.0,9.4,46146.0
250173103003,Lowell,1257.0,1.0,LOWELL REGIONAL WATER UTILITY,4.7,4.8,0.0,,Yes,Minority and income,60.5,13.6,41563.0
250173103004,Lowell,1029.0,1.0,LOWELL REGIONAL WATER UTILITY,4.7,4.8,0.0,,Yes,Minority,61.0,0.0,0.0
250173103005,Lowell,1032.0,1.0,LOWELL REGIONAL WATER UTILITY,4.7,4.8,0.0,,Yes,Minority,46.8,0.0,93125.0
250173104001,Lowell,1279.0,1.0,LOWELL REGIONAL WATER UTILITY,4.7,4.8,0.0,,Yes,Minority and income,77.7,5.0,30125.0
250173104002,Lowell,1146.0,1.0,LOWELL REGIONAL WATER UTILITY,4.7,4.8,0.0,,Yes,Minority and income,59.2,4.3,53015.0
250173104003,Lowell,1004.0,1.0,LOWELL REGIONAL WATER UTILITY,4.7,4.8,0.0,,Yes,"Minority, income and English isolation",66.4,32.4,50718.0
250173105001,Lowell,755.0,1.0,LOWELL REGIONAL WATER UTILITY,4.7,4.8,0.0,,Yes,Minority and English isolation,50.2,38.3,93929.0
250173105002,Lowell,1308.0,1.0,LOWELL REGIONAL WATER UTILITY,4.7,4.8,0.0,,Yes,Minority,54.4,2.8,62386.0
250173105003,Lowell,1228.0,1.0,LOWELL REGIONAL WATER UTILITY,4.7,4.8,0.0,,Yes,Minority,52.9,0.6,63446.0
250173106011,Lowell,2406.0,1.0,LOWELL REGIONAL WATER UTILITY,4.7,4.8,0.0,,Yes,Minority and income,56.2,8.1,41975.0
250173106012,Lowell,2975.0,1.0,LOWELL REGIONAL WATER UTILITY,4.7,4.8,0.0,,Yes,Minority,40.8,12.0,66047.0
250173106013,Lowell,813.0,1.0,LOWELL REGIONAL WATER UTILITY,4.7,4.8,0.0,,Yes,Minority,44.2,6.0,79464.0
250173106021,Lowell,1841.0,1.0,LOWELL REGIONAL WATER UTILITY,4.7,4.8,0.0,,Yes,Minority,50.8,2.3,78333.0
250173106022,Lowell,1872.0,1.0,LOWELL REGIONAL WATER UTILITY,4.7,4.8,0.0,,Yes,Minority,43.4,0.0,75208.0
250173106023,Lowell,750.0,1.0,LOWELL REGIONAL WATER UTILITY,4.7,4.8,0.0,,Yes,Minority,52.9,0.0,70742.0
250173106024,Lowell,1895.0,1.0,LOWELL REGIONAL WATER UTILITY,4.7,4.8,0.0,,Yes,Minority,43.1,5.1,85208.0
250173107001,Lowell,1526.0,1.0,LOWELL REGIONAL WATER UTILITY,4.7,4.8,0.0,,Yes,Minority and income,71.7,4.3,39458.0
250173107002,Lowell,1105.0,1.0,LOWELL REGIONAL WATER UTILITY,4.7,4.8,0.0,,Yes,Minority and income,77.8,0.0,24531.0
250173107003,Lowell,1899.0,1.0,LOWELL REGIONAL WATER UTILITY,4.7,4.8,0.0,,Yes,Minority,65.7,16.2,57048.0
250173111001,Lowell,899.0,1.0,LOWELL REGIONAL WATER UTILITY,4.7,4.8,0.0,,Yes,Minority,83.0,6.4,107790.0
250173111002,Lowell,1645.0,1.0,LOWELL REGIONAL WATER UTILITY,4.7,4.8,0.0,,Yes,Minority,69.9,12.3,68295.0
250173112001,Lowell,1474.0,1.0,LOWELL REGIONAL WATER UTILITY,4.7,4.8,0.0,,Yes,Minority and income,80.0,3.4,25729.0
250173112002,Lowell,1743.0,1.0,LOWELL REGIONAL WATER UTILITY,4.7,4.8,0.0,,Yes,Minority,84.1,21.3,60313.0
250173113001,Lowell,1307.0,1.0,LOWELL REGIONAL WATER UTILITY,4.7,4.8,0.0,,Yes,Minority,78.1,12.0,60536.0
250173113002,Lowell,1856.0,1.0,LOWELL REGIONAL WATER UTILITY,4.7,4.8,0.0,,Yes,Minority,70.3,17.0,68750.0
250173113003,Lowell,2044.0,1.0,LOWELL REGIONAL WATER UTILITY,4.7,4.8,0.0,,Yes,Minority,76.1,15.1,77667.0
250173114001,Lowell,1135.0,1.0,LOWELL REGIONAL WATER UTILITY,4.7,4.8,0.0,,Yes,Minority,50.9,9.3,79018.0
250173114002,Lowell,812.0,1.0,LOWELL REGIONAL WATER UTILITY,4.7,4.8,0.0,,Yes,Minority,58.3,12.7,137875.0
250173114003,Lowell,2420.0,1.0,LOWELL REGIONAL WATER UTILITY,4.7,4.8,0.0,,Yes,Minority,74.6,8.1,58977.0
250173114004,Lowell,2183.0,1.0,LOWELL REGIONAL WATER UTILITY,4.7,4.8,0.0,,Yes,Minority,75.7,9.4,80104.0
250173115001,Lowell,944.0,1.0,LOWELL REGIONAL WATER UTILITY,4.7,4.8,0.0,,Yes,Minority,68.8,0.0,89881.0
250173115002,Lowell,1275.0,1.0,LOWELL REGIONAL WATER UTILITY,4.7,4.8,0.0,,Yes,Minority,66.6,7.8,81111.0
250173115003,Lowell,1005.0,1.0,LOWELL REGIONAL WATER UTILITY,4.7,4.8,0.0,,Yes,Minority,56.4,10.7,61680.0
250173116001,Lowell,1589.0,1.0,LOWELL REGIONAL WATER UTILITY,4.7,4.8,0.0,,Yes,Minority,41.5,10.4,117885.0
250173116002,Lowell,1362.0,1.0,LOWELL REGIONAL WATER UTILITY,4.7,4.8,0.0,,Yes,Minority,63.4,0.0,78288.0
250173116003,Lowell,879.0,1.0,LOWELL REGIONAL WATER UTILITY,4.7,4.8,0.0,,Yes,Minority,44.0,3.3,60924.0
250173116004,Lowell,869.0,1.0,LOWELL REGIONAL WATER UTILITY,4.7,4.8,0.0,,Yes,Minority,75.0,3.8,67813.0
250173116005,Lowell,926.0,1.0,LOWELL REGIONAL WATER UTILITY,4.7,4.8,0.0,,Yes,Minority,61.9,6.9,96250.0
250173117001,Lowell,885.0,1.0,LOWELL REGIONAL WATER UTILITY,4.7,4.8,0.0,,Yes,Minority,66.1,17.4,66250.0
250173117002,Lowell,1215.0,1.0,LOWELL REGIONAL WATER UTILITY,4.7,4.8,0.0,,Yes,Minority,78.7,6.9,76964.0
250173117003,Lowell,1216.0,1.0,LOWELL REGIONAL WATER UTILITY,4.7,4.8,0.0,,Yes,Minority,79.5,13.9,76941.0
250173117004,Lowell,1874.0,1.0,LOWELL REGIONAL WATER UTILITY,4.7,4.8,0.0,,Yes,Minority,84.2,19.4,85250.0
250173118001,Lowell,1824.0,1.0,LOWELL REGIONAL WATER UTILITY,4.7,4.8,0.0,,Yes,Minority and income,86.0,5.2,45565.0
250173118002,Lowell,1779.0,1.0,LOWELL REGIONAL WATER UTILITY,4.7,4.8,0.0,,Yes,Minority,82.3,18.1,56200.0
250173119001,Lowell,1559.0,1.0,LOWELL REGIONAL WATER UTILITY,4.7,4.8,0.0,,Yes,Minority and English isolation,64.1,45.3,67982.0
250173119002,Lowell,1503.0,1.0,LOWELL REGIONAL WATER UTILITY,4.7,4.8,0.0,,Yes,Minority and income,61.5,23.9,13750.0
250173120001,Lowell,1451.0,1.0,LOWELL REGIONAL WATER UTILITY,4.7,4.8,0.0,,Yes,Minority and income,61.8,10.1,43224.0
250173120002,Lowell,1596.0,1.0,LOWELL REGIONAL WATER UTILITY,4.7,4.8,0.0,,Yes,Minority,67.4,21.2,65167.0
250173121001,Lowell,1185.0,1.0,LOWELL REGIONAL WATER UTILITY,4.7,4.8,0.0,,Yes,Minority and income,65.4,12.7,46094.0
250173121002,Lowell,1224.0,1.0,LOWELL REGIONAL WATER UTILITY,4.7,4.8,0.0,,Yes,Minority,70.8,16.8,87188.0
250173121003,Lowell,1116.0,1.0,LOWELL REGIONAL WATER UTILITY,4.7,4.8,0.0,,Yes,Minority,64.7,14.8,73341.0
250173122001,Lowell,1974.0,1.0,LOWELL REGIONAL WATER UTILITY,4.7,4.8,0.0,,Yes,Minority,60.2,11.8,56647.0
250173122002,Lowell,962.0,1.0,LOWELL REGIONAL WATER UTILITY,4.7,4.8,0.0,,Yes,Minority and English isolation,66.9,27.1,83750.0
250173122003,Lowell,993.0,1.0,LOWELL REGIONAL WATER UTILITY,4.7,4.8,0.0,,Yes,Minority,66.9,15.3,68375.0
250173122004,Lowell,991.0,1.0,LOWELL REGIONAL WATER UTILITY,4.7,4.8,0.0,,Yes,Minority,57.8,1.6,74219.0
250173123001,Lowell,1470.0,1.0,LOWELL REGIONAL WATER UTILITY,4.7,4.8,0.0,,Yes,Minority,51.9,10.6,100417.0
250173123002,Lowell,1266.0,1.0,LOWELL REGIONAL WATER UTILITY,4.7,4.8,0.0,,Yes,Minority,41.2,7.4,92933.0
250173123003,Lowell,2541.0,1.0,LOWELL REGIONAL WATER UTILITY,4.7,4.8,0.0,,Yes,Minority,42.2,5.0,72368.0
250173124001,Lowell,703.0,1.0,LOWELL REGIONAL WATER UTILITY,4.7,4.8,0.0,,Yes,Minority and income,65.4,5.3,21655.0
250173124002,Lowell,1802.0,1.0,LOWELL REGIONAL WATER UTILITY,4.7,4.8,0.0,,Yes,Minority,64.8,16.6,56658.0
250173125011,Lowell,1841.0,1.0,LOWELL REGIONAL WATER UTILITY,4.7,4.8,0.0,,No,,,,
250173125012,Lowell,699.0,1.0,LOWELL REGIONAL WATER UTILITY,4.7,4.8,0.0,,No,,,,
250173125013,Lowell,1916.0,1.0,LOWELL REGIONAL WATER UTILITY,4.7,4.8,0.0,,Yes,Minority,47.1,6.2,91300.0
250173125021,Lowell,2075.0,1.0,LOWELL REGIONAL WATER UTILITY,4.7,4.8,0.0,,Yes,Minority,35.1,1.3,83095.0
250173125022,Lowell,743.0,1.0,LOWELL REGIONAL WATER UTILITY,4.7,4.8,0.0,,No,,,,
250173125023,Lowell,1270.0,1.0,LOWELL REGIONAL WATER UTILITY,4.7,4.8,0.0,,No,,,,
250173131011,Tyngsborough,2527.0,0.524,NORTH CHELMSFORD WATER DIST; TYNGSBOROUGH WATER DISTRICT,4.1,4.5,0.476,0.268,Yes,Minority,30.6,5.9,85174.0
250173131012,Tyngsborough,2891.0,0.393,TYNGSBOROUGH WATER DISTRICT,4.7,4.8,0.607,0.221,No,,,,
250173131013,Tyngsborough,1022.0,0.0,,,,1.0,0.222,No,,,,
250173131021,Tyngsborough,843.0,0.942,DRACUT WATER SUPPLY DISTRICT,9.9,12.2,0.058,0.41,No,,,,
250173131022,Tyngsborough,998.0,0.222,BENCHMARK CONDOMINIUMS; COLONY HEIGHTS CONDOMINIUM; TYNGSBOROUGH WATER DISTRICT,9.2,11.7,0.778,0.325,No,,,,
250173131023,Tyngsborough,2532.0,0.491,DRACUT WATER SUPPLY DISTRICT,9.9,12.2,0.509,0.326,No,,,,
250173131024,Tyngsborough,1567.0,0.235,DRACUT WATER SUPPLY DISTRICT; TYNGSBOROUGH WATER DISTRICT,8.6,10.3,0.765,0.314,No,,,,
250173141011,Dracut,1558.0,1.0,DRACUT WATER SUPPLY DISTRICT,9.9,12.2,0.0,,No,,,,
250173141012,Dracut,2208.0,1.0,DRACUT WATER SUPPLY DISTRICT,9.9,12.2,0.0,,No,,,,
250173141013,Dracut,3019.0,0.528,DRACUT WATER SUPPLY DISTRICT,9.9,12.2,0.472,0.307,Yes,Minority,28.7,2.1,86729.0
250173141021,Dracut,1377.0,1.0,DRACUT WATER SUPPLY DISTRICT,9.9,12.2,0.0,,Yes,Minority,32.8,3.5,88295.0
250173141022,Dracut,1683.0,0.989,DRACUT WATER SUPPLY DISTRICT,9.9,12.2,0.011,0.351,Yes,Minority,25.7,0.0,65906.0
250173141023,Dracut,1323.0,0.587,DRACUT WATER SUPPLY DISTRICT,9.9,12.2,0.413,0.348,No,,,,
250173141024,Dracut,1706.0,0.973,DRACUT WATER SUPPLY DISTRICT,9.9,12.2,0.027,0.251,No,,,,
250173141025,Dracut,1359.0,1.0,DRACUT WATER SUPPLY DISTRICT,9.9,12.2,0.0,,No,,,,
250173142001,Dracut,1720.0,0.957,DRACUT WATER SUPPLY DISTRICT,9.9,12.2,0.043,0.274,Yes,Minority,27.0,8.0,58952.0
250173142002,Dracut,1614.0,1.0,DRACUT WATER SUPPLY DISTRICT,9.9,12.2,0.0,,Yes,Minority,27.7,0.0,72402.0
250173142003,Dracut,2295.0,0.632,DRACUT WATER SUPPLY DISTRICT,9.9,12.2,0.368,0.243,No,,,,
250173143011,Dracut,2203.0,0.845,DRACUT WATER SUPPLY DISTRICT,9.9,12.2,0.155,0.187,No,,,,
250173143012,Dracut,609.0,1.0,KENWOOD WATER DISTRICT,3.0,3.7,0.0,,Yes,Income,19.7,0.0,38864.0
250173143013,Dracut,2561.0,0.667,KENWOOD WATER DISTRICT,3.0,3.7,0.333,0.203,No,,,,
250173143014,Dracut,1571.0,1.0,KENWOOD WATER DISTRICT,3.0,3.7,0.0,,No,,,,
250173143015,Dracut,2343.0,1.0,DRACUT WATER SUPPLY DISTRICT; KENWOOD WATER DISTRICT,6.4,7.9,0.0,,Yes,Minority,36.8,4.4,95536.0
250173143021,Dracut,1648.0,0.204,KENWOOD WATER DISTRICT,3.0,3.7,0.796,0.093,No,,,,
250173143022,Dracut,1820.0,0.41,DRACUT WATER SUPPLY DISTRICT; KENWOOD WATER DISTRICT,3.5,4.3,0.59,0.098,No,,,,
250173151001,Tewksbury,2810.0,0.87,TEWKSBURY WATER DEPARTMENT,5.3,6.2,0.13,0.358,No,,,,
250173151002,Tewksbury,2930.0,0.621,TEWKSBURY WATER DEPARTMENT,5.3,6.2,0.379,0.144,No,,,,
250173152001,Tewksbury,1664.0,0.773,TEWKSBURY WATER DEPARTMENT,5.3,6.2,0.227,0.262,No,,,,
250173152002,Tewksbury,3107.0,0.79,TEWKSBURY WATER DEPARTMENT,5.3,6.2,0.21,0.258,No,,,,
250173152003,Tewksbury,1660.0,0.217,TEWKSBURY WATER DEPARTMENT,5.3,6.2,0.783,0.285,No,,,,
250173152004,Tewksbury,2262.0,0.863,TEWKSBURY WATER DEPARTMENT,5.3,6.2,0.137,0.237,No,,,,
250173154011,Tewksbury,2081.0,0.827,TEWKSBURY WATER DEPARTMENT,5.3,6.2,0.173,0.15,No,,,,
250173154012,Tewksbury,2097.0,0.964,TEWKSBURY HOSPITAL; TEWKSBURY WATER DEPARTMENT,12.5,13.1,0.036,0.255,No,,,,
250173154021,Tewksbury,1340.0,0.946,TEWKSBURY WATER DEPARTMENT,5.3,6.2,0.054,0.25,No,,,,
250173154022,Tewksbury,1976.0,0.815,TEWKSBURY WATER DEPARTMENT,5.3,6.2,0.185,0.221,No,,,,
250173154031,Tewksbury,697.0,0.842,TEWKSBURY WATER DEPARTMENT,5.3,6.2,0.158,0.166,No,,,,
250173154032,Tewksbury,964.0,1.0,TEWKSBURY WATER DEPARTMENT,5.3,6.2,0.0,,No,,,,
250173155001,Tewksbury,1363.0,0.539,TEWKSBURY WATER DEPARTMENT,5.3,6.2,0.461,0.224,No,,,,
250173155002,Tewksbury,1512.0,1.0,TEWKSBURY WATER DEPARTMENT,5.3,6.2,0.0,,No,,,,
250173155003,Tewksbury,723.0,1.0,TEWKSBURY WATER DEPARTMENT,5.3,6.2,0.0,,No,,,,
250173155004,Tewksbury,1587.0,1.0,TEWKSBURY WATER DEPARTMENT,5.3,6.2,0.0,,No,,,,
250173155005,Tewksbury,2569.0,0.643,TEWKSBURY WATER DEPARTMENT,5.3,6.2,0.357,0.23,No,,,,
250173161011,Billerica,1720.0,1.0,BILLERICA WATER WORKS,4.5,7.5,0.0,,No,,,,
250173161012,Billerica,1402.0,0.961,BILLERICA WATER WORKS,4.5,7.5,0.039,0.24,No,,,,
250173161013,Billerica,1935.0,1.0,BILLERICA WATER WORKS,4.5,7.5,0.0,,No,,,,
250173161021,Billerica,1525.0,1.0,BILLERICA WATER WORKS,4.5,7.5,0.0,,No,,,,
250173161022,Billerica,2528.0,1.0,BILLERICA WATER WORKS,4.5,7.5,0.0,,No,,,,
250173161023,Billerica,859.0,1.0,BILLERICA WATER WORKS,4.5,7.5,0.0,,No,,,,
250173161024,Billerica,1240.0,1.0,BILLERICA WATER WORKS,4.5,7.5,0.0,,No,,,,
250173162011,Billerica,1206.0,1.0,BILLERICA WATER WORKS,4.5,7.5,0.0,,No,,,,
250173162012,Billerica,2018.0,1.0,BILLERICA WATER WORKS,4.5,7.5,0.0,,No,,,,
250173162013,Billerica,994.0,1.0,BILLERICA WATER WORKS,4.5,7.5,0.0,,No,,,,
250173162021,Billerica,1514.0,1.0,BILLERICA WATER WORKS,4.5,7.5,0.0,,Yes,Minority,27.2,0.0,109191.0
250173162022,Billerica,1869.0,1.0,BILLERICA WATER WORKS,4.5,7.5,0.0,,No,,,,
250173162023,Billerica,1057.0,1.0,BILLERICA WATER WORKS,4.5,7.5,0.0,,Yes,Minority,26.1,0.0,113542.0
250173163001,Billerica,3003.0,1.0,BILLERICA WATER WORKS,4.5,7.5,0.0,,Yes,Minority,43.0,9.4,90170.0
250173163002,Billerica,1059.0,1.0,BILLERICA WATER WORKS,4.5,7.5,0.0,,Yes,Minority,25.6,0.0,189044.0
250173163003,Billerica,1019.0,1.0,BILLERICA WATER WORKS,4.5,7.5,0.0,,No,,,,
250173163004,Billerica,1974.0,1.0,BILLERICA WATER WORKS,4.5,7.5,0.0,,No,,,,
250173163005,Billerica,1386.0,1.0,BILLERICA WATER WORKS,4.5,7.5,0.0,,No,,,,
250173164001,Billerica,957.0,1.0,BILLERICA WATER WORKS,4.5,7.5,0.0,,No,,,,
250173164002,Billerica,1020.0,1.0,BILLERICA WATER WORKS,4.5,7.5,0.0,,No,,,,
250173164003,Billerica,912.0,1.0,BILLERICA WATER WORKS,4.5,7.5,0.0,,No,,,,
250173164004,Billerica,1773.0,1.0,BILLERICA WATER WORKS,4.5,7.5,0.0,,No,,,,
250173164005,Billerica,1929.0,0.979,BILLERICA WATER WORKS,4.5,7.5,0.021,0.242,Yes,Minority,27.3,0.0,122927.0
250173164006,Billerica,506.0,1.0,BILLERICA WATER WORKS,4.5,7.5,0.0,,Yes,Minority,53.6,0.0,0.0
250173165001,Billerica,1642.0,1.0,BILLERICA WATER WORKS,4.5,7.5,0.0,,No,,,,
250173165002,Billerica,834.0,1.0,BILLERICA WATER WORKS,4.5,7.5,0.0,,No,,,,
250173165003,Billerica,1478.0,1.0,BILLERICA WATER WORKS,4.5,7.5,0.0,,Yes,Minority,26.9,5.0,96563.0
250173165004,Billerica,1389.0,1.0,BILLERICA WATER WORKS,4.5,7.5,0.0,,No,,,,
250173165005,Billerica,1371.0,1.0,BILLERICA WATER WORKS,4.5,7.5,0.0,,Yes,Minority,29.3,0.0,118846.0
250173171011,Chelmsford,1454.0,1.0,CHELMSFORD WATER DISTRICT,19.4,20.2,0.0,,Yes,Minority,28.0,0.0,113026.0
250173171012,Chelmsford,2584.0,1.0,CHELMSFORD WATER DISTRICT,19.4,20.2,0.0,,Yes,Minority,32.3,2.9,75313.0
250173171013,Chelmsford,1366.0,1.0,CHELMSFORD WATER DISTRICT,19.4,20.2,0.0,,No,,,,
250173171014,Chelmsford,1562.0,1.0,CHELMSFORD WATER DISTRICT,19.4,20.2,0.0,,No,,,,
250173171021,Chelmsford,1844.0,1.0,EAST CHELMSFORD WATER DISTRICT,16.2,18.3,0.0,,No,,,,
250173171022,Chelmsford,1455.0,0.941,CHELMSFORD WATER DISTRICT; EAST CHELMSFORD WATER DISTRICT,18.9,20.0,0.059,0.332,Yes,Minority,36.4,7.2,132500.0
250173171023,Chelmsford,1646.0,1.0,CHELMSFORD WATER DISTRICT,19.4,20.2,0.0,,No,,,,
250173171031,Chelmsford,1931.0,1.0,CHELMSFORD WATER DISTRICT,19.4,20.2,0.0,,No,,,,
250173171032,Chelmsford,2093.0,1.0,CHELMSFORD WATER DISTRICT,19.4,20.2,0.0,,No,,,,
250173171033,Chelmsford,1057.0,1.0,CHELMSFORD WATER DISTRICT,19.4,20.2,0.0,,No,,,,
250173172011,Chelmsford,1393.0,1.0,CHELMSFORD WATER DISTRICT,19.4,20.2,0.0,,No,,,,
250173172012,Chelmsford,1504.0,1.0,CHELMSFORD WATER DISTRICT,19.4,20.2,0.0,,No,,,,
250173172021,Chelmsford,1418.0,1.0,CHELMSFORD WATER DISTRICT,19.4,20.2,0.0,,No,,,,
250173172022,Chelmsford,2008.0,1.0,CHELMSFORD WATER DISTRICT,19.4,20.2,0.0,,No,,,,
250173172031,Chelmsford,844.0,1.0,CHELMSFORD WATER DISTRICT,19.4,20.2,0.0,,No,,,,
250173172032,Chelmsford,2551.0,1.0,CHELMSFORD WATER DISTRICT,19.4,20.2,0.0,,No,,,,
250173172033,Chelmsford,858.0,0.945,CHELMSFORD WATER DISTRICT; NORTH CHELMSFORD WATER DIST,18.9,19.8,0.055,0.381,Yes,Minority,33.8,15.0,109688.0
250173173011,Chelmsford,2165.0,0.787,CHELMSFORD WATER DISTRICT; NORTH CHELMSFORD WATER DIST,3.2,4.8,0.213,0.309,Yes,Minority,31.0,1.8,119271.0
250173173012,Chelmsford,704.0,1.0,NORTH CHELMSFORD WATER DIST,0.9,2.6,0.0,,Yes,Minority,36.5,0.0,84896.0
250173173021,Chelmsford,1595.0,1.0,CHELMSFORD WATER DISTRICT; NORTH CHELMSFORD WATER DIST,5.1,6.7,0.0,,No,,,,
250173173022,Chelmsford,1476.0,1.0,NORTH CHELMSFORD WATER DIST,0.9,2.6,0.0,,No,,,,
250173173023,Chelmsford,946.0,1.0,CHELMSFORD WATER DISTRICT; NORTH CHELMSFORD WATER DIST,8.1,9.5,0.0,,No,,,,
250173173024,Chelmsford,1938.0,1.0,NORTH CHELMSFORD WATER DIST,0.9,2.6,0.0,,No,,,,
250173181001,Westford,2369.0,0.812,WESTFORD WATER DEPARTMENT,13.0,16.4,0.188,0.299,No,,,,
250173181002,Westford,949.0,1.0,WESTFORD WATER DEPARTMENT,13.0,16.4,0.0,,No,,,,
250173181003,Westford,1200.0,0.985,CHELMSFORD WATER DISTRICT; WESTFORD WATER DEPARTMENT,13.4,16.6,0.015,0.272,No,,,,
250173181004,Westford,2307.0,0.375,WESTFORD WATER DEPARTMENT,13.0,16.4,0.625,0.207,Yes,Minority,41.4,1.8,168750.0
250173182001,Westford,3331.0,0.699,HAYSTACK ESTATES; WESTFORD WATER DEPARTMENT,12.7,16.0,0.301,0.245,No,,,,
250173182002,Westford,1491.0,0.944,WESTFORD WATER DEPARTMENT,13.0,16.4,0.056,0.281,No,,,,
250173183001,Westford,830.0,1.0,WESTFORD WATER DEPARTMENT,13.0,16.4,0.0,,No,,,,
250173183002,Westford,3017.0,1.0,WESTFORD WATER DEPARTMENT,13.0,16.4,0.0,,No,,,,
250173183003,Westford,1436.0,0.605,WESTFORD WATER DEPARTMENT,13.0,16.4,0.395,0.256,No,,,,
250173183004,Westford,3044.0,0.605,WESTFORD WATER DEPARTMENT,13.0,16.4,0.395,0.282,No,,,,
250173184001,Westford,2738.0,0.278,LITTLETON WATER DEPARTMENT; WESTFORD WATER DEPARTMENT,10.9,15.9,0.722,0.309,No,,,,
250173184002,Westford,1931.0,0.564,CHELMSFORD WATER DISTRICT; WESTFORD WATER DEPARTMENT,13.2,16.5,0.436,0.318,No,,,,
250173201021,Hopkinton,1052.0,0.143,HOPKINTON WATER DEPARTMENT,0.2,21.0,0.857,0.249,No,,,,
250173201022,Hopkinton,1296.0,1.0,HOPKINTON WATER DEPARTMENT,0.2,21.0,0.0,,No,,,,
250173201023,Hopkinton,1728.0,0.665,HOPKINTON WATER DEPARTMENT,0.2,21.0,0.335,0.206,No,,,,
250173201024,Hopkinton,1341.0,0.286,HOPKINTON WATER DEPARTMENT,0.2,21.0,0.714,0.224,No,,,,
250173201051,Hopkinton,2573.0,0.253,HOPKINTON WATER DEPARTMENT; THE PRESERVE AT HOPKINTON CONDO,1.5,20.5,0.747,0.212,No,,,,
250173201061,Hopkinton,1449.0,0.844,HOPKINTON WATER DEPARTMENT,0.2,21.0,0.156,0.248,No,,,,
250173201062,Hopkinton,1193.0,0.303,HOPKINTON WATER DEPARTMENT,0.2,21.0,0.697,0.193,No,,,,
250173201063,Hopkinton,2451.0,0.615,DEERFIELD ESTATES; HOPKINTON WATER DEPARTMENT,0.2,20.7,0.385,0.202,No,,,,
250173201064,Hopkinton,1299.0,0.724,HOPKINTON WATER DEPARTMENT,0.2,21.0,0.276,0.214,No,,,,
250173201071,Hopkinton,1653.0,0.063,HOPKINTON WATER DEPARTMENT,0.2,21.0,0.937,0.153,No,,,,
250173201072,Hopkinton,2723.0,0.463,HOPKINTON WATER DEPARTMENT,0.2,21.0,0.537,0.255,Yes,Minority,65.4,2.1,151042.0
250173211001,Marlborough,2536.0,0.29,MARLBOROUGH DPW  WATER DIV. (MWRA),0.0,0.0,0.71,0.35,Yes,Minority,44.5,5.0,59306.0
250173211002,Marlborough,2400.0,0.14,MARLBOROUGH DPW  WATER DIV. (MWRA),0.0,0.0,0.86,0.485,Yes,Minority and income,41.6,14.5,45757.0
250173211003,Marlborough,786.0,0.399,MARLBOROUGH DPW  WATER DIV. (MWRA),0.0,0.0,0.601,0.392,No,,,,
250173211004,Marlborough,1496.0,0.727,MARLBOROUGH DPW  WATER DIV. (MWRA),0.0,0.0,0.273,0.362,No,,,,
250173212001,Marlborough,2005.0,1.0,MARLBOROUGH DPW  WATER DIV. (MWRA),0.0,0.0,0.0,,Yes,Minority,51.7,12.2,73200.0
250173212002,Marlborough,2010.0,0.977,MARLBOROUGH DPW  WATER DIV. (MWRA),0.0,0.0,0.023,0.126,Yes,Minority,36.1,7.1,95746.0
250173212003,Marlborough,1835.0,1.0,MARLBOROUGH DPW  WATER DIV. (MWRA),0.0,0.0,0.0,,Yes,Minority,50.2,18.7,96210.0
250173212004,Marlborough,1073.0,0.897,MARLBOROUGH DPW  WATER DIV. (MWRA),0.0,0.0,0.103,0.127,Yes,Minority,26.0,0.0,108802.0
250173213011,Marlborough,1306.0,1.0,MARLBOROUGH DPW  WATER DIV. (MWRA),0.0,0.0,0.0,,Yes,Minority,53.7,12.7,63606.0
250173213012,Marlborough,1877.0,1.0,MARLBOROUGH DPW  WATER DIV. (MWRA),0.0,0.0,0.0,,Yes,Minority and income,52.2,2.9,47906.0
250173213013,Marlborough,1168.0,1.0,MARLBOROUGH DPW  WATER DIV. (MWRA),0.0,0.0,0.0,,Yes,Minority,51.3,2.2,64055.0
250173213021,Marlborough,1702.0,0.984,MARLBOROUGH DPW  WATER DIV. (MWRA),0.0,0.0,0.016,0.296,Yes,Minority,56.5,13.1,109757.0
250173213022,Marlborough,1954.0,0.786,MARLBOROUGH DPW  WATER DIV. (MWRA),0.0,0.0,0.214,0.117,Yes,Minority,27.9,0.0,112213.0
250173214001,Marlborough,2386.0,0.591,MARLBOROUGH DPW  WATER DIV. (MWRA),0.0,0.0,0.409,0.286,No,,,,
250173214002,Marlborough,1853.0,1.0,MARLBOROUGH DPW  WATER DIV. (MWRA),0.0,0.0,0.0,,Yes,Minority,47.3,1.8,124205.0
250173215001,Marlborough,2227.0,0.903,MARLBOROUGH DPW  WATER DIV. (MWRA),0.0,0.0,0.097,0.38,Yes,"Minority, income and English isolation",56.6,27.8,52746.0
250173215002,Marlborough,1641.0,0.545,MARLBOROUGH DPW  WATER DIV. (MWRA),0.0,0.0,0.455,0.288,Yes,Minority,33.3,2.6,59028.0
250173215003,Marlborough,2183.0,1.0,MARLBOROUGH DPW  WATER DIV. (MWRA),0.0,0.0,0.0,,Yes,Minority and income,54.2,1.1,54979.0
250173215004,Marlborough,1740.0,0.98,MARLBOROUGH DPW  WATER DIV. (MWRA),0.0,0.0,0.02,0.328,Yes,Minority,35.0,0.0,119167.0
250173216001,Marlborough,1396.0,0.968,MARLBOROUGH DPW  WATER DIV. (MWRA),0.0,0.0,0.032,0.439,No,,,,
250173216002,Marlborough,1698.0,0.061,MARLBOROUGH DPW  WATER DIV. (MWRA),0.0,0.0,0.939,0.496,Yes,Minority,52.8,18.6,110114.0
250173216003,Marlborough,1353.0,0.696,MARLBOROUGH DPW  WATER DIV. (MWRA),0.0,0.0,0.304,0.434,No,,,,
250173216004,Marlborough,1316.0,1.0,MARLBOROUGH DPW  WATER DIV. (MWRA),0.0,0.0,0.0,,No,,,,
250173216005,Marlborough,1852.0,1.0,MARLBOROUGH DPW  WATER DIV. (MWRA),0.0,0.0,0.0,,Yes,Minority,52.9,11.0,107361.0
250173221001,Hudson,1172.0,0.922,HUDSON WATER SUPPLY,0.4,11.8,0.078,0.337,No,,,,
250173221002,Hudson,1083.0,1.0,HUDSON WATER SUPPLY,0.4,11.8,0.0,,No,,,,
250173221003,Hudson,919.0,1.0,HUDSON WATER SUPPLY,0.4,11.8,0.0,,No,,,,
250173221004,Hudson,1477.0,0.941,HUDSON WATER SUPPLY,0.4,11.8,0.059,0.429,No,,,,
250173222001,Hudson,1872.0,1.0,HUDSON WATER SUPPLY,0.4,11.8,0.0,,Yes,Minority,29.1,11.0,111667.0
250173222002,Hudson,2590.0,0.99,HUDSON WATER SUPPLY,0.4,11.8,0.01,0.274,No,,,,
250173223001,Hudson,1878.0,0.99,HUDSON WATER SUPPLY,0.4,11.8,0.01,0.259,No,,,,
250173223002,Hudson,1441.0,1.0,HUDSON WATER SUPPLY,0.4,11.8,0.0,,No,,,,
250173223003,Hudson,1513.0,1.0,HUDSON WATER SUPPLY,0.4,11.8,0.0,,Yes,Minority,32.6,2.1,55938.0
250173223004,Hudson,1449.0,0.982,HUDSON WATER SUPPLY,0.4,11.8,0.018,0.281,No,,,,
250173224001,Hudson,1790.0,1.0,HUDSON WATER SUPPLY,0.4,11.8,0.0,,No,,,,
250173224002,Hudson,1436.0,1.0,HUDSON WATER SUPPLY,0.4,11.8,0.0,,Yes,Minority,35.1,16.7,68793.0
250173224003,Hudson,1472.0,1.0,HUDSON WATER SUPPLY,0.4,11.8,0.0,,No,,,,
250173231011,Stow,1147.0,0.0,,,,1.0,0.226,No,,,,
250173231012,Stow,2672.0,0.031,JUNIPER HILL WATER COMPANY,6.3,6.7,0.969,0.236,No,,,,
250173231021,Stow,881.0,0.0,,,,1.0,0.221,No,,,,
250173231022,Stow,748.0,0.187,ARBOR GLEN CONDOMINIUMS; VILLAGES AT STOW,0.9,1.8,0.813,0.242,No,,,,
250173231023,Stow,1726.0,0.005,REGENCY AT STOW CONDOMINIUMS,9.0,11.3,0.995,0.258,No,,,,
250173241011,Littleton,2502.0,0.422,LITTLETON WATER DEPARTMENT,0.0,13.1,0.578,0.234,No,,,,
250173241012,Littleton,1371.0,0.673,LITTLETON WATER DEPARTMENT,0.0,13.1,0.327,0.291,No,,,,
250173241013,Littleton,1694.0,0.642,LITTLETON WATER DEPARTMENT,0.0,13.1,0.358,0.271,No,,,,
250173241021,Littleton,955.0,0.553,LITTLETON WATER DEPARTMENT,0.0,13.1,0.447,0.278,No,,,,
250173241022,Littleton,2847.0,0.628,LITTLETON WATER DEPARTMENT,0.0,13.1,0.372,0.237,No,,,,
250173241023,Littleton,772.0,1.0,LITTLETON WATER DEPARTMENT,0.0,13.1,0.0,,No,,,,
250173251011,Ayer,1384.0,1.0,AYER DPW  WATER DIVISION,1.5,41.7,0.0,,Yes,Minority,27.2,0.0,82857.0
250173251012,Ayer,2626.0,0.922,AYER DPW  WATER DIVISION,1.5,41.7,0.078,0.298,No,,,,
250173251021,Ayer,654.0,1.0,AYER DPW  WATER DIVISION,1.5,41.7,0.0,,Yes,Income,18.7,5.1,52120.0
250173251022,Ayer,1194.0,0.842,AYER DPW  WATER DIVISION,1.5,41.7,0.158,0.279,No,,,,
250173251023,Ayer,853.0,1.0,AYER DPW  WATER DIVISION,1.5,41.7,0.0,,No,,,,
250173251024,Ayer,950.0,1.0,AYER DPW  WATER DIVISION,1.5,41.7,0.0,,Yes,Minority,29.4,0.0,81500.0
250173251025,Ayer,818.0,1.0,AYER DPW  WATER DIVISION,1.5,41.7,0.0,,Yes,Minority,39.6,0.0,68462.0
250173261011,Groton,1193.0,0.605,GROTON WATER DEPARTMENT,4.8,5.5,0.395,0.192,No,,,,
250173261012,Groton,1189.0,0.836,GROTON WATER DEPARTMENT,4.8,5.5,0.164,0.183,No,,,,
250173261013,Groton,2129.0,0.44,WEST GROTON WATER SUPPLY DISTRICT,2.6,5.5,0.56,0.161,No,,,,
250173261021,Groton,2623.0,0.366,GROTON WATER DEPARTMENT,4.8,5.5,0.634,0.203,No,,,,
250173261022,Groton,1577.0,0.03,GROTON WATER DEPARTMENT,4.8,5.5,0.97,0.167,No,,,,
250173261023,Groton,784.0,0.77,GROTON WATER DEPARTMENT,4.8,5.5,0.23,0.202,No,,,,
250173261024,Groton,1820.0,0.297,GROTON WATER DEPARTMENT,4.8,5.5,0.703,0.256,No,,,,
250173271011,Pepperell,1884.0,0.689,PEPPERELL DPW WATER DIVISION,10.0,15.4,0.311,0.22,No,,,,
250173271012,Pepperell,1779.0,0.711,PEPPERELL DPW WATER DIVISION,10.0,15.4,0.289,0.113,No,,,,
250173271021,Pepperell,1142.0,0.973,PEPPERELL DPW WATER DIVISION,10.0,15.4,0.027,0.344,No,,,,
250173271022,Pepperell,1574.0,0.601,PEPPERELL DPW WATER DIVISION,10.0,15.4,0.399,0.322,No,,,,
250173271023,Pepperell,1623.0,0.996,PEPPERELL DPW WATER DIVISION,10.0,15.4,0.004,0.37,No,,,,
250173271031,Pepperell,1628.0,0.627,PEPPERELL DPW WATER DIVISION,10.0,15.4,0.373,0.173,No,,,,
250173271032,Pepperell,767.0,1.0,PEPPERELL DPW WATER DIVISION,10.0,15.4,0.0,,Yes,Income,15.1,5.4,26406.0
250173271033,Pepperell,1207.0,0.829,PEPPERELL DPW WATER DIVISION,10.0,15.4,0.171,0.244,No,,,,
250173281001,Dunstable,2044.0,0.032,DUNSTABLE WATER DEPARTMENT,4.1,5.0,0.968,0.217,No,,,,
250173281002,Dunstable,1314.0,0.089,DUNSTABLE WATER DEPARTMENT,4.1,5.0,0.911,0.178,No,,,,
250173301011,North Reading,1672.0,0.516,NORTH READING WATER DEPT.,2.2,3.4,0.484,0.173,No,,,,
250173301012,North Reading,2139.0,0.497,NORTH READING WATER DEPT.,2.2,3.4,0.503,0.267,No,,,,
250173301021,North Reading,2306.0,0.75,NORTH READING WATER DEPT.,2.2,3.4,0.25,0.251,No,,,,
250173301022,North Reading,1525.0,0.551,NORTH READING WATER DEPT.,2.2,3.4,0.449,0.269,No,,,,
250173301023,North Reading,1094.0,1.0,NORTH READING WATER DEPT.,2.2,3.4,0.0,,No,,,,
250173302011,North Reading,2570.0,0.863,NORTH READING WATER DEPT.,2.2,3.4,0.137,0.184,No,,,,
250173302021,North Reading,1816.0,0.581,NORTH READING WATER DEPT.,2.2,3.4,0.419,0.13,No,,,,
250173302022,North Reading,1291.0,0.464,NORTH READING WATER DEPT.,2.2,3.4,0.536,0.118,No,,,,
250173302023,North Reading,1141.0,0.856,NORTH READING WATER DEPT.,2.2,3.4,0.144,0.112,No,,,,
250173311011,Wilmington,1388.0,0.973,WILMINGTON WATER DEPT,2.2,10.4,0.027,0.238,No,,,,
250173311012,Wilmington,1923.0,0.328,WILMINGTON WATER DEPT,2.2,10.4,0.672,0.163,No,,,,
250173311021,Wilmington,1268.0,1.0,WILMINGTON WATER DEPT,2.2,10.4,0.0,,No,,,,
250173311022,Wilmington,1997.0,0.578,WILMINGTON WATER DEPT,2.2,10.4,0.422,0.092,No,,,,
250173311023,Wilmington,2306.0,0.812,WILMINGTON WATER DEPT,2.2,10.4,0.188,0.107,No,,,,
250173311024,Wilmington,1502.0,1.0,WILMINGTON WATER DEPT,2.2,10.4,0.0,,No,,,,
250173312001,Wilmington,2424.0,1.0,WILMINGTON WATER DEPT,2.2,10.4,0.0,,No,,,,
250173312002,Wilmington,1585.0,1.0,WILMINGTON WATER DEPT,2.2,10.4,0.0,,No,,,,
250173312003,Wilmington,1479.0,0.728,WILMINGTON WATER DEPT,2.2,10.4,0.272,0.19,No,,,,
250173313001,Wilmington,2415.0,1.0,WILMINGTON WATER DEPT,2.2,10.4,0.0,,No,,,,
250173313002,Wilmington,2592.0,0.907,WILMINGTON WATER DEPT,2.2,10.4,0.093,0.246,No,,,,
250173313003,Wilmington,2470.0,0.775,WILMINGTON WATER DEPT,2.2,10.4,0.225,0.226,No,,,,
250173321001,Burlington,1274.0,1.0,BURLINGTON WATER DEPT,0.0,44.6,0.0,,No,,,,
250173321002,Burlington,2246.0,0.968,BURLINGTON WATER DEPT,0.0,44.6,0.032,0.365,No,,,,
250173321003,Burlington,1218.0,1.0,BURLINGTON WATER DEPT,0.0,44.6,0.0,,No,,,,
250173321004,Burlington,1325.0,1.0,BURLINGTON WATER DEPT,0.0,44.6,0.0,,Yes,Minority,29.9,3.6,136435.0
250173322011,Burlington,2111.0,1.0,BURLINGTON WATER DEPT,0.0,44.6,0.0,,Yes,Minority,28.3,0.0,86913.0
250173322021,Burlington,2585.0,0.861,BURLINGTON WATER DEPT,0.0,44.6,0.139,0.353,Yes,Minority,29.6,9.5,118528.0
250173322022,Burlington,818.0,1.0,BURLINGTON WATER DEPT,0.0,44.6,0.0,,Yes,Minority,24.7,0.0,139111.0
250173322023,Burlington,2461.0,0.498,BURLINGTON WATER DEPT,0.0,44.6,0.502,0.476,Yes,Minority,56.0,8.3,94725.0
250173322024,Burlington,776.0,1.0,BURLINGTON WATER DEPT,0.0,44.6,0.0,,Yes,Minority,26.3,0.0,103788.0
250173323001,Burlington,1279.0,1.0,BURLINGTON WATER DEPT,0.0,44.6,0.0,,No,,,,
250173323002,Burlington,2251.0,1.0,BURLINGTON WATER DEPT,0.0,44.6,0.0,,Yes,Minority,56.5,4.0,96638.0
250173323003,Burlington,1312.0,1.0,BURLINGTON WATER DEPT,0.0,44.6,0.0,,No,,,,
250173323004,Burlington,2113.0,1.0,BURLINGTON WATER DEPT,0.0,44.6,0.0,,No,,,,
250173324011,Burlington,13.0,1.0,BURLINGTON WATER DEPT,0.0,44.6,0.0,,No,,,,
250173324012,Burlington,2453.0,1.0,BURLINGTON WATER DEPT,0.0,44.6,0.0,,No,,,,
250173324021,Burlington,1268.0,0.991,BURLINGTON WATER DEPT,0.0,44.6,0.009,0.343,Yes,Minority,34.7,0.0,126750.0
250173324022,Burlington,874.0,0.653,BURLINGTON WATER DEPT,0.0,44.6,0.347,0.301,Yes,Minority,35.9,0.0,56996.0
250173331001,Woburn,909.0,1.0,WOBURN WATER DEPT.,10.6,21.2,0.0,,No,,,,
250173331002,Woburn,2095.0,1.0,WOBURN WATER DEPT.,10.6,21.2,0.0,,No,,,,
250173331003,Woburn,2239.0,1.0,WOBURN WATER DEPT.,10.6,21.2,0.0,,No,,,,
250173331004,Woburn,1470.0,1.0,WOBURN WATER DEPT.,10.6,21.2,0.0,,Yes,Minority,46.0,6.9,97000.0
250173331005,Woburn,974.0,1.0,WOBURN WATER DEPT.,10.6,21.2,0.0,,No,,,,
250173332001,Woburn,1526.0,1.0,WOBURN WATER DEPT.,10.6,21.2,0.0,,No,,,,
250173332002,Woburn,1007.0,1.0,WOBURN WATER DEPT.,10.6,21.2,0.0,,No,,,,
250173332003,Woburn,1043.0,1.0,WOBURN WATER DEPT.,10.6,21.2,0.0,,Yes,Minority,25.3,6.0,59231.0
250173332004,Woburn,1652.0,1.0,WOBURN WATER DEPT.,10.6,21.2,0.0,,No,,,,
250173333001,Woburn,1238.0,1.0,WOBURN WATER DEPT.,10.6,21.2,0.0,,Yes,Minority and income,39.5,10.3,51004.0
250173333002,Woburn,1448.0,1.0,WOBURN WATER DEPT.,10.6,21.2,0.0,,No,,,,
250173333003,Woburn,1630.0,1.0,WOBURN WATER DEPT.,10.6,21.2,0.0,,No,,,,
250173334001,Woburn,1730.0,1.0,WOBURN WATER DEPT.,10.6,21.2,0.0,,Yes,Minority,36.6,9.9,79597.0
250173334002,Woburn,1427.0,1.0,WOBURN WATER DEPT.,10.6,21.2,0.0,,No,,,,
250173334003,Woburn,912.0,1.0,WOBURN WATER DEPT.,10.6,21.2,0.0,,No,,,,
250173334004,Woburn,1352.0,1.0,WOBURN WATER DEPT.,10.6,21.2,0.0,,Yes,Minority,31.1,20.9,91071.0
250173334005,Woburn,1103.0,1.0,WOBURN WATER DEPT.,10.6,21.2,0.0,,No,,,,
250173335011,Woburn,629.0,1.0,WOBURN WATER DEPT.,10.6,21.2,0.0,,No,,,,
250173335012,Woburn,2527.0,1.0,WOBURN WATER DEPT.,10.6,21.2,0.0,,No,,,,
250173335013,Woburn,1937.0,1.0,WOBURN WATER DEPT.,10.6,21.2,0.0,,No,,,,
250173335021,Woburn,1654.0,1.0,WOBURN WATER DEPT.,10.6,21.2,0.0,,Yes,Minority,32.5,11.2,70417.0
250173335022,Woburn,1775.0,1.0,WOBURN WATER DEPT.,10.6,21.2,0.0,,Yes,Minority,26.6,6.6,90208.0
250173336011,Woburn,1550.0,1.0,WOBURN WATER DEPT.,10.6,21.2,0.0,,Yes,Minority,41.7,0.0,121924.0
250173336021,Woburn,1838.0,1.0,WOBURN WATER DEPT.,10.6,21.2,0.0,,Yes,Minority,58.5,0.0,79337.0
250173336022,Woburn,1196.0,1.0,WOBURN WATER DEPT.,10.6,21.2,0.0,,No,,,,
250173336023,Woburn,1596.0,1.0,WOBURN WATER DEPT.,10.6,21.2,0.0,,Yes,Minority,28.2,2.5,113409.0
250173336024,Woburn,2419.0,1.0,WOBURN WATER DEPT.,10.6,21.2,0.0,,Yes,Minority,29.8,6.6,93345.0
250173341001,Reading,1853.0,1.0,READING WATER DEPARTMENT (MWRA),0.0,0.0,0.0,,No,,,,
250173341002,Reading,1008.0,0.516,READING WATER DEPARTMENT (MWRA),0.0,0.0,0.484,0.25,No,,,,
250173341003,Reading,1777.0,1.0,READING WATER DEPARTMENT (MWRA),0.0,0.0,0.0,,No,,,,
250173341004,Reading,669.0,0.978,READING WATER DEPARTMENT (MWRA),0.0,0.0,0.022,0.146,No,,,,
250173341005,Reading,1692.0,1.0,READING WATER DEPARTMENT (MWRA),0.0,0.0,0.0,,No,,,,
250173342001,Reading,1001.0,1.0,READING WATER DEPARTMENT (MWRA),0.0,0.0,0.0,,No,,,,
250173342002,Reading,968.0,1.0,READING WATER DEPARTMENT (MWRA),0.0,0.0,0.0,,No,,,,
250173342003,Reading,1015.0,1.0,READING WATER DEPARTMENT (MWRA),0.0,0.0,0.0,,Yes,Income,16.0,0.0,52738.0
250173342004,Reading,1086.0,0.858,READING WATER DEPARTMENT (MWRA),0.0,0.0,0.142,0.164,No,,,,
250173343001,Reading,1874.0,0.894,READING WATER DEPARTMENT (MWRA),0.0,0.0,0.106,0.297,No,,,,
250173343002,Reading,1074.0,1.0,READING WATER DEPARTMENT (MWRA),0.0,0.0,0.0,,No,,,,
250173343003,Reading,1959.0,0.562,READING WATER DEPARTMENT (MWRA),0.0,0.0,0.438,0.245,No,,,,
250173343004,Reading,2861.0,0.805,READING WATER DEPARTMENT (MWRA),0.0,0.0,0.195,0.104,No,,,,
250173344001,Reading,1285.0,1.0,READING WATER DEPARTMENT (MWRA),0.0,0.0,0.0,,No,,,,
250173344002,Reading,1930.0,0.878,READING WATER DEPARTMENT (MWRA),0.0,0.0,0.122,0.242,No,,,,
250173344003,Reading,1481.0,0.971,READING WATER DEPARTMENT (MWRA),0.0,0.0,0.029,0.188,No,,,,
250173344004,Reading,1985.0,0.957,READING WATER DEPARTMENT (MWRA),0.0,0.0,0.043,0.355,No,,,,
250173351001,Wakefield,900.0,1.0,WAKEFIELD WATER DEPT,10.6,24.9,0.0,,No,,,,
250173351002,Wakefield,594.0,1.0,WAKEFIELD WATER DEPT,10.6,24.9,0.0,,No,,,,
250173351003,Wakefield,1212.0,1.0,WAKEFIELD WATER DEPT,10.6,24.9,0.0,,No,,,,
250173351004,Wakefield,778.0,1.0,WAKEFIELD WATER DEPT,10.6,24.9,0.0,,No,,,,
250173351005,Wakefield,709.0,1.0,WAKEFIELD WATER DEPT,10.6,24.9,0.0,,No,,,,
250173351006,Wakefield,1348.0,1.0,WAKEFIELD WATER DEPT,10.6,24.9,0.0,,No,,,,
250173351007,Wakefield,718.0,1.0,WAKEFIELD WATER DEPT,10.6,24.9,0.0,,No,,,,
250173352001,Wakefield,737.0,1.0,WAKEFIELD WATER DEPT,10.6,24.9,0.0,,No,,,,
250173352002,Wakefield,710.0,1.0,WAKEFIELD WATER DEPT,10.6,24.9,0.0,,No,,,,
250173352003,Wakefield,1491.0,1.0,WAKEFIELD WATER DEPT,10.6,24.9,0.0,,No,,,,
250173352004,Wakefield,1459.0,1.0,WAKEFIELD WATER DEPT,10.6,24.9,0.0,,No,,,,
250173352005,Wakefield,1876.0,1.0,WAKEFIELD WATER DEPT,10.6,24.9,0.0,,No,,,,
250173353011,Wakefield,2021.0,1.0,WAKEFIELD WATER DEPT,10.6,24.9,0.0,,No,,,,
250173353012,Wakefield,1290.0,1.0,WAKEFIELD WATER DEPT,10.6,24.9,0.0,,No,,,,
250173353013,Wakefield,813.0,1.0,WAKEFIELD WATER DEPT,10.6,24.9,0.0,,No,,,,
250173353021,Wakefield,1116.0,1.0,WAKEFIELD WATER DEPT,10.6,24.9,0.0,,Yes,Minority,25.1,6.1,94267.0
250173353022,Wakefield,895.0,1.0,WAKEFIELD WATER DEPT,10.6,24.9,0.0,,No,,,,
250173353023,Wakefield,862.0,1.0,WAKEFIELD WATER DEPT,10.6,24.9,0.0,,No,,,,
250173353024,Wakefield,2436.0,1.0,WAKEFIELD WATER DEPT,10.6,24.9,0.0,,No,,,,
250173354001,Wakefield,1893.0,1.0,WAKEFIELD WATER DEPT,10.6,24.9,0.0,,No,,,,
250173354002,Wakefield,1470.0,1.0,WAKEFIELD WATER DEPT,10.6,24.9,0.0,,No,,,,
250173354003,Wakefield,1762.0,1.0,WAKEFIELD WATER DEPT,10.6,24.9,0.0,,No,,,,
250173361001,Melrose,1063.0,1.0,MELROSE WATER DIVISION (MWRA),0.0,0.0,0.0,,No,,,,
250173361002,Melrose,1428.0,1.0,MELROSE WATER DIVISION (MWRA),0.0,0.0,0.0,,No,,,,
250173361003,Melrose,968.0,1.0,MELROSE WATER DIVISION (MWRA),0.0,0.0,0.0,,No,,,,
250173361004,Melrose,775.0,1.0,MELROSE WATER DIVISION (MWRA),0.0,0.0,0.0,,No,,,,
250173361005,Melrose,1524.0,1.0,MELROSE WATER DIVISION (MWRA),0.0,0.0,0.0,,No,,,,
250173362011,Melrose,1005.0,1.0,MELROSE WATER DIVISION (MWRA),0.0,0.0,0.0,,No,,,,
250173362012,Melrose,939.0,1.0,MELROSE WATER DIVISION (MWRA),0.0,0.0,0.0,,No,,,,
250173362013,Melrose,1118.0,1.0,MELROSE WATER DIVISION (MWRA),0.0,0.0,0.0,,No,,,,
250173362021,Melrose,1062.0,1.0,MELROSE WATER DIVISION (MWRA),0.0,0.0,0.0,,No,,,,
250173362022,Melrose,1024.0,1.0,MELROSE WATER DIVISION (MWRA),0.0,0.0,0.0,,No,,,,
250173362023,Melrose,644.0,1.0,MELROSE WATER DIVISION (MWRA),0.0,0.0,0.0,,No,,,,
250173362024,Melrose,686.0,1.0,MELROSE WATER DIVISION (MWRA),0.0,0.0,0.0,,No,,,,
250173363001,Melrose,969.0,1.0,MELROSE WATER DIVISION (MWRA),0.0,0.0,0.0,,No,,,,
250173363002,Melrose,781.0,1.0,MELROSE WATER DIVISION (MWRA),0.0,0.0,0.0,,No,,,,
250173363003,Melrose,1430.0,1.0,MELROSE WATER DIVISION (MWRA),0.0,0.0,0.0,,No,,,,
250173363004,Melrose,1226.0,1.0,MELROSE WATER DIVISION (MWRA),0.0,0.0,0.0,,No,,,,
250173363005,Melrose,1121.0,1.0,MELROSE WATER DIVISION (MWRA),0.0,0.0,0.0,,No,,,,
250173363006,Melrose,1458.0,1.0,MELROSE WATER DIVISION (MWRA),0.0,0.0,0.0,,No,,,,
250173364021,Melrose,998.0,1.0,MELROSE WATER DIVISION (MWRA),0.0,0.0,0.0,,Yes,Minority,25.8,0.0,92981.0
250173364022,Melrose,1342.0,1.0,MELROSE WATER DIVISION (MWRA),0.0,0.0,0.0,,No,,,,
250173364023,Melrose,1235.0,1.0,MELROSE WATER DIVISION (MWRA),0.0,0.0,0.0,,Yes,Income,21.9,0.0,38150.0
250173364024,Melrose,1189.0,1.0,MELROSE WATER DIVISION (MWRA),0.0,0.0,0.0,,No,,,,
250173364031,Melrose,850.0,1.0,MELROSE WATER DIVISION (MWRA),0.0,0.0,0.0,,Yes,Minority,36.9,0.0,129931.0
250173364032,Melrose,2404.0,1.0,MELROSE WATER DIVISION (MWRA),0.0,0.0,0.0,,Yes,Minority,40.6,8.3,59097.0
250173364041,Melrose,1029.0,1.0,MELROSE WATER DIVISION (MWRA),0.0,0.0,0.0,,Yes,Minority,33.1,0.0,59048.0
250173364042,Melrose,1549.0,1.0,MELROSE WATER DIVISION (MWRA),0.0,0.0,0.0,,Yes,Minority,27.0,0.0,135909.0
250173371011,Stoneham,1363.0,1.0,STONEHAM WATER DEPT (MWRA SUPPLY),0.0,0.0,0.0,,No,,,,
250173371012,Stoneham,1857.0,1.0,STONEHAM WATER DEPT (MWRA SUPPLY),0.0,0.0,0.0,,No,,,,
250173371021,Stoneham,2175.0,1.0,STONEHAM WATER DEPT (MWRA SUPPLY),0.0,0.0,0.0,,No,,,,
250173371022,Stoneham,2603.0,1.0,STONEHAM WATER DEPT (MWRA SUPPLY),0.0,0.0,0.0,,No,,,,
250173371023,Stoneham,636.0,1.0,STONEHAM WATER DEPT (MWRA SUPPLY),0.0,0.0,0.0,,No,,,,
250173372011,Stoneham,1908.0,1.0,STONEHAM WATER DEPT (MWRA SUPPLY),0.0,0.0,0.0,,No,,,,
250173372012,Stoneham,737.0,1.0,STONEHAM WATER DEPT (MWRA SUPPLY),0.0,0.0,0.0,,No,,,,
250173372013,Stoneham,725.0,1.0,STONEHAM WATER DEPT (MWRA SUPPLY),0.0,0.0,0.0,,Yes,Minority,28.1,11.0,131034.0
250173372021,Stoneham,1302.0,1.0,STONEHAM WATER DEPT (MWRA SUPPLY),0.0,0.0,0.0,,No,,,,
250173372022,Stoneham,1032.0,1.0,STONEHAM WATER DEPT (MWRA SUPPLY),0.0,0.0,0.0,,No,,,,
250173372023,Stoneham,1618.0,1.0,STONEHAM WATER DEPT (MWRA SUPPLY),0.0,0.0,0.0,,No,,,,
250173372024,Stoneham,1158.0,1.0,STONEHAM WATER DEPT (MWRA SUPPLY),0.0,0.0,0.0,,No,,,,
250173373001,Stoneham,860.0,1.0,STONEHAM WATER DEPT (MWRA SUPPLY),0.0,0.0,0.0,,Yes,Minority,29.4,4.2,98790.0
250173373002,Stoneham,786.0,1.0,STONEHAM WATER DEPT (MWRA SUPPLY),0.0,0.0,0.0,,No,,,,
250173373003,Stoneham,1301.0,1.0,STONEHAM WATER DEPT (MWRA SUPPLY),0.0,0.0,0.0,,No,,,,
250173373004,Stoneham,2524.0,1.0,STONEHAM WATER DEPT (MWRA SUPPLY),0.0,0.0,0.0,,No,,,,
250173373005,Stoneham,659.0,1.0,STONEHAM WATER DEPT (MWRA SUPPLY),0.0,0.0,0.0,,No,,,,
250173381001,Winchester,1537.0,1.0,WINCHESTER WATER DEPT,0.0,0.0,0.0,,No,,,,
250173381002,Winchester,1667.0,1.0,WINCHESTER WATER DEPT,0.0,0.0,0.0,,No,,,,
250173382001,Winchester,1041.0,1.0,WINCHESTER WATER DEPT,0.0,0.0,0.0,,No,,,,
250173382002,Winchester,761.0,1.0,WINCHESTER WATER DEPT,0.0,0.0,0.0,,No,,,,
250173382003,Winchester,2469.0,1.0,WINCHESTER WATER DEPT,0.0,0.0,0.0,,Yes,Minority,44.7,4.5,143958.0
250173383001,Winchester,794.0,1.0,WINCHESTER WATER DEPT,0.0,0.0,0.0,,No,,,,
250173383002,Winchester,1381.0,1.0,WINCHESTER WATER DEPT,0.0,0.0,0.0,,No,,,,
250173383003,Winchester,1294.0,1.0,WINCHESTER WATER DEPT,0.0,0.0,0.0,,No,,,,
250173384001,Winchester,1805.0,1.0,WINCHESTER WATER DEPT,0.0,0.0,0.0,,No,,,,
250173384002,Winchester,1306.0,1.0,WINCHESTER WATER DEPT,0.0,0.0,0.0,,No,,,,
250173384003,Winchester,1515.0,1.0,WINCHESTER WATER DEPT,0.0,0.0,0.0,,No,,,,
250173384004,Winchester,1541.0,1.0,WINCHESTER WATER DEPT,0.0,0.0,0.0,,No,,,,
250173385001,Winchester,1521.0,1.0,WINCHESTER WATER DEPT,0.0,0.0,0.0,,No,,,,
250173385002,Winchester,1472.0,1.0,WINCHESTER WATER DEPT,0.0,0.0,0.0,,No,,,,
250173385003,Winchester,1437.0,1.0,WINCHESTER WATER DEPT,0.0,0.0,0.0,,No,,,,
250173385004,Winchester,1429.0,1.0,WINCHESTER WATER DEPT,0.0,0.0,0.0,,No,,,,
250173391011,Medford,1286.0,1.0,MEDFORD WATER DEPT. (MWRA),0.0,0.0,0.0,,Yes,Minority,28.1,9.3,70156.0
250173391012,Medford,872.0,1.0,MEDFORD WATER DEPT. (MWRA),0.0,0.0,0.0,,No,,,,
250173391013,Medford,1109.0,1.0,MEDFORD WATER DEPT. (MWRA),0.0,0.0,0.0,,Yes,Minority and income,32.3,6.7,23462.0
250173391021,Medford,693.0,1.0,MEDFORD WATER DEPT. (MWRA),0.0,0.0,0.0,,No,,,,
250173391022,Medford,1314.0,1.0,MEDFORD WATER DEPT. (MWRA),0.0,0.0,0.0,,No,,,,
250173391023,Medford,1435.0,1.0,MEDFORD WATER DEPT. (MWRA),0.0,0.0,0.0,,No,,,,
250173392001,Medford,729.0,1.0,MEDFORD WATER DEPT. (MWRA),0.0,0.0,0.0,,No,,,,
250173392002,Medford,866.0,1.0,MEDFORD WATER DEPT. (MWRA),0.0,0.0,0.0,,No,,,,
250173392003,Medford,956.0,1.0,MEDFORD WATER DEPT. (MWRA),0.0,0.0,0.0,,No,,,,
250173392004,Medford,1344.0,1.0,MEDFORD WATER DEPT. (MWRA),0.0,0.0,0.0,,No,,,,
250173392005,Medford,860.0,1.0,MEDFORD WATER DEPT. (MWRA),0.0,0.0,0.0,,No,,,,
250173392006,Medford,945.0,1.0,MEDFORD WATER DEPT. (MWRA),0.0,0.0,0.0,,No,,,,
250173393001,Medford,705.0,1.0,MEDFORD WATER DEPT. (MWRA),0.0,0.0,0.0,,Yes,Minority and income,36.6,17.0,33875.0
250173393002,Medford,942.0,1.0,MEDFORD WATER DEPT. (MWRA),0.0,0.0,0.0,,Yes,Minority,42.9,0.0,95750.0
250173393003,Medford,1349.0,1.0,MEDFORD WATER DEPT. (MWRA),0.0,0.0,0.0,,Yes,Minority,44.6,1.3,67308.0
250173394001,Medford,1098.0,1.0,MEDFORD WATER DEPT. (MWRA),0.0,0.0,0.0,,Yes,Minority,30.2,11.8,66534.0
250173394002,Medford,666.0,1.0,MEDFORD WATER DEPT. (MWRA),0.0,0.0,0.0,,Yes,Minority,29.9,0.0,127212.0
250173394003,Medford,772.0,1.0,MEDFORD WATER DEPT. (MWRA),0.0,0.0,0.0,,No,,,,
250173394004,Medford,943.0,1.0,MEDFORD WATER DEPT. (MWRA),0.0,0.0,0.0,,Yes,Minority and income,27.7,0.0,49167.0
250173395001,Medford,2982.0,1.0,MEDFORD WATER DEPT. (MWRA),0.0,0.0,0.0,,Yes,Minority,38.9,1.8,105347.0
250173395002,Medford,1214.0,1.0,MEDFORD WATER DEPT. (MWRA),0.0,0.0,0.0,,Yes,Minority and income,32.9,4.1,43425.0
250173395003,Medford,677.0,1.0,MEDFORD WATER DEPT. (MWRA),0.0,0.0,0.0,,Yes,Minority,29.2,10.2,80455.0
250173395004,Medford,789.0,1.0,MEDFORD WATER DEPT. (MWRA),0.0,0.0,0.0,,Yes,Minority,28.8,0.0,104625.0
250173396001,Medford,844.0,1.0,MEDFORD WATER DEPT. (MWRA),0.0,0.0,0.0,,Yes,Minority,29.4,0.0,125063.0
250173396002,Medford,892.0,1.0,MEDFORD WATER DEPT. (MWRA),0.0,0.0,0.0,,Yes,Minority,26.8,2.2,69830.0
250173396003,Medford,1000.0,1.0,MEDFORD WATER DEPT. (MWRA),0.0,0.0,0.0,,Yes,Minority,31.4,0.0,101220.0
250173396004,Medford,843.0,1.0,MEDFORD WATER DEPT. (MWRA),0.0,0.0,0.0,,No,,,,
250173396005,Medford,897.0,1.0,MEDFORD WATER DEPT. (MWRA),0.0,0.0,0.0,,Yes,Minority,34.9,4.0,103098.0
250173396006,Medford,978.0,1.0,MEDFORD WATER DEPT. (MWRA),0.0,0.0,0.0,,Yes,Minority,39.2,0.0,106154.0
250173397001,Medford,654.0,1.0,MEDFORD WATER DEPT. (MWRA),0.0,0.0,0.0,,Yes,Minority,33.6,9.8,77097.0
250173397002,Medford,1622.0,1.0,MEDFORD WATER DEPT. (MWRA),0.0,0.0,0.0,,Yes,Minority,49.7,9.8,68169.0
250173397003,Medford,753.0,1.0,MEDFORD WATER DEPT. (MWRA),0.0,0.0,0.0,,Yes,Minority,30.0,0.0,58450.0
250173397004,Medford,887.0,1.0,MEDFORD WATER DEPT. (MWRA),0.0,0.0,0.0,,Yes,Minority,34.7,24.5,58708.0
250173398021,Medford,1490.0,1.0,MEDFORD WATER DEPT. (MWRA),0.0,0.0,0.0,,Yes,Minority,46.1,6.2,156400.0
250173398022,Medford,680.0,1.0,MEDFORD WATER DEPT. (MWRA),0.0,0.0,0.0,,Yes,Minority,36.2,0.0,179079.0
250173398023,Medford,761.0,1.0,MEDFORD WATER DEPT. (MWRA),0.0,0.0,0.0,,Yes,Minority,35.1,0.0,135469.0
250173398024,Medford,2554.0,1.0,MEDFORD WATER DEPT. (MWRA),0.0,0.0,0.0,,Yes,Minority,58.9,7.1,76656.0
250173398031,Medford,1043.0,1.0,MEDFORD WATER DEPT. (MWRA),0.0,0.0,0.0,,Yes,Minority,59.3,9.5,96250.0
250173398032,Medford,2340.0,1.0,MEDFORD WATER DEPT. (MWRA),0.0,0.0,0.0,,Yes,Minority,45.4,13.7,90885.0
250173398041,Medford,695.0,1.0,MEDFORD WATER DEPT. (MWRA),0.0,0.0,0.0,,Yes,Minority,45.9,23.8,0.0
250173398042,Medford,535.0,1.0,MEDFORD WATER DEPT. (MWRA),0.0,0.0,0.0,,Yes,Minority,46.4,0.0,143109.0
250173398043,Medford,1030.0,1.0,MEDFORD WATER DEPT. (MWRA),0.0,0.0,0.0,,Yes,Minority,43.8,23.2,91923.0
250173399001,Medford,1577.0,1.0,MEDFORD WATER DEPT. (MWRA),0.0,0.0,0.0,,Yes,Minority,35.9,6.6,91435.0
250173399002,Medford,943.0,1.0,MEDFORD WATER DEPT. (MWRA),0.0,0.0,0.0,,Yes,Minority,38.2,6.5,90417.0
250173399003,Medford,1073.0,1.0,MEDFORD WATER DEPT. (MWRA),0.0,0.0,0.0,,Yes,Minority,38.8,4.2,95893.0
250173399004,Medford,812.0,1.0,MEDFORD WATER DEPT. (MWRA),0.0,0.0,0.0,,Yes,Minority,45.7,0.0,81094.0
250173399005,Medford,922.0,1.0,MEDFORD WATER DEPT. (MWRA),0.0,0.0,0.0,,Yes,Minority and English isolation,31.3,28.4,148784.0
250173400001,Medford,1108.0,1.0,MEDFORD WATER DEPT. (MWRA),0.0,0.0,0.0,,Yes,Minority,45.6,7.2,57285.0
250173400002,Medford,778.0,1.0,MEDFORD WATER DEPT. (MWRA),0.0,0.0,0.0,,Yes,Minority,31.4,12.2,106652.0
250173400003,Medford,704.0,1.0,MEDFORD WATER DEPT. (MWRA),0.0,0.0,0.0,,Yes,Minority,33.0,6.1,129476.0
250173401001,Medford,740.0,1.0,MEDFORD WATER DEPT. (MWRA),0.0,0.0,0.0,,Yes,English isolation,24.5,27.6,71723.0
250173401002,Medford,1589.0,1.0,MEDFORD WATER DEPT. (MWRA),0.0,0.0,0.0,,No,,,,
250173401003,Medford,1535.0,1.0,MEDFORD WATER DEPT. (MWRA),0.0,0.0,0.0,,Yes,Minority,34.9,1.3,104568.0
250173401004,Medford,954.0,1.0,MEDFORD WATER DEPT. (MWRA),0.0,0.0,0.0,,No,,,,
250173401005,Medford,857.0,1.0,MEDFORD WATER DEPT. (MWRA),0.0,0.0,0.0,,No,,,,
250173401006,Medford,1023.0,1.0,MEDFORD WATER DEPT. (MWRA),0.0,0.0,0.0,,No,,,,
250173411011,Malden,1625.0,1.0,MALDEN WATER DIVISION (MWRA),0.0,0.0,0.0,,Yes,Minority,57.0,10.7,123784.0
250173411012,Malden,838.0,1.0,MALDEN WATER DIVISION (MWRA),0.0,0.0,0.0,,Yes,Minority,62.8,19.4,60536.0
250173411013,Malden,1387.0,1.0,MALDEN WATER DIVISION (MWRA),0.0,0.0,0.0,,Yes,Minority,37.5,12.9,127917.0
250173411021,Malden,1490.0,1.0,MALDEN WATER DIVISION (MWRA),0.0,0.0,0.0,,Yes,Minority and English isolation,63.5,33.4,57917.0
250173411022,Malden,2785.0,1.0,MALDEN WATER DIVISION (MWRA),0.0,0.0,0.0,,Yes,Minority,51.6,14.1,81139.0
250173411023,Malden,905.0,1.0,MALDEN WATER DIVISION (MWRA),0.0,0.0,0.0,,Yes,Minority,38.9,0.0,121830.0
250173412001,Malden,2216.0,1.0,MALDEN WATER DIVISION (MWRA),0.0,0.0,0.0,,Yes,Minority,64.8,16.6,67050.0
250173412002,Malden,1022.0,1.0,MALDEN WATER DIVISION (MWRA),0.0,0.0,0.0,,Yes,Minority and English isolation,60.5,42.5,58419.0
250173412003,Malden,937.0,1.0,MALDEN WATER DIVISION (MWRA),0.0,0.0,0.0,,Yes,Minority,53.0,19.4,128319.0
250173412004,Malden,1737.0,1.0,MALDEN WATER DIVISION (MWRA),0.0,0.0,0.0,,Yes,Minority,55.2,20.9,72277.0
250173412005,Malden,1076.0,1.0,MALDEN WATER DIVISION (MWRA),0.0,0.0,0.0,,Yes,Minority,63.6,12.9,110163.0
250173413011,Malden,1163.0,1.0,MALDEN WATER DIVISION (MWRA),0.0,0.0,0.0,,Yes,"Minority, income and English isolation",81.0,35.0,53295.0
250173413012,Malden,1840.0,1.0,MALDEN WATER DIVISION (MWRA),0.0,0.0,0.0,,Yes,Minority and English isolation,68.9,28.3,75708.0
250173413013,Malden,791.0,1.0,MALDEN WATER DIVISION (MWRA),0.0,0.0,0.0,,Yes,Minority and income,67.3,19.1,53375.0
250173413014,Malden,771.0,1.0,MALDEN WATER DIVISION (MWRA),0.0,0.0,0.0,,Yes,Minority and English isolation,62.3,26.2,0.0
250173413021,Malden,1372.0,1.0,MALDEN WATER DIVISION (MWRA),0.0,0.0,0.0,,Yes,Minority,66.5,14.2,124583.0
250173413022,Malden,901.0,1.0,MALDEN WATER DIVISION (MWRA),0.0,0.0,0.0,,Yes,Minority and English isolation,61.4,27.8,70034.0
250173414001,Malden,1062.0,1.0,MALDEN WATER DIVISION (MWRA),0.0,0.0,0.0,,Yes,Minority and English isolation,72.6,33.5,64539.0
250173414002,Malden,1045.0,1.0,MALDEN WATER DIVISION (MWRA),0.0,0.0,0.0,,Yes,Minority and English isolation,71.0,34.2,59783.0
250173414003,Malden,2032.0,1.0,MALDEN WATER DIVISION (MWRA),0.0,0.0,0.0,,Yes,Minority,61.3,22.0,77126.0
250173414004,Malden,1827.0,1.0,MALDEN WATER DIVISION (MWRA),0.0,0.0,0.0,,Yes,Minority,63.9,9.9,72000.0
250173414005,Malden,781.0,1.0,MALDEN WATER DIVISION (MWRA),0.0,0.0,0.0,,Yes,Minority,60.1,20.7,0.0
250173415001,Malden,1087.0,1.0,MALDEN WATER DIVISION (MWRA),0.0,0.0,0.0,,Yes,Minority,63.1,4.8,98065.0
250173415002,Malden,831.0,1.0,MALDEN WATER DIVISION (MWRA),0.0,0.0,0.0,,Yes,Minority and English isolation,72.1,40.1,105857.0
250173415003,Malden,1241.0,1.0,MALDEN WATER DIVISION (MWRA),0.0,0.0,0.0,,Yes,Minority,73.2,22.1,76500.0
250173415004,Malden,903.0,1.0,MALDEN WATER DIVISION (MWRA),0.0,0.0,0.0,,Yes,Minority,71.1,18.3,93125.0
250173415005,Malden,1291.0,1.0,MALDEN WATER DIVISION (MWRA),0.0,0.0,0.0,,Yes,Minority and English isolation,73.1,29.6,62614.0
250173416001,Malden,805.0,1.0,MALDEN WATER DIVISION (MWRA),0.0,0.0,0.0,,Yes,Minority,44.7,21.4,0.0
250173416002,Malden,1105.0,1.0,MALDEN WATER DIVISION (MWRA),0.0,0.0,0.0,,Yes,Minority,32.8,13.9,101143.0
250173416003,Malden,1220.0,1.0,MALDEN WATER DIVISION (MWRA),0.0,0.0,0.0,,Yes,Minority,51.6,9.0,91891.0
250173416004,Malden,1212.0,1.0,MALDEN WATER DIVISION (MWRA),0.0,0.0,0.0,,Yes,Minority,66.7,0.0,148036.0
250173416005,Malden,893.0,1.0,MALDEN WATER DIVISION (MWRA),0.0,0.0,0.0,,Yes,Minority,57.9,12.3,0.0
250173416006,Malden,1750.0,1.0,MALDEN WATER DIVISION (MWRA),0.0,0.0,0.0,,Yes,Minority,58.8,11.3,75774.0
250173417001,Malden,1219.0,1.0,MALDEN WATER DIVISION (MWRA),0.0,0.0,0.0,,Yes,Minority,46.3,0.0,152115.0
250173417002,Malden,1170.0,1.0,MALDEN WATER DIVISION (MWRA),0.0,0.0,0.0,,Yes,Minority,47.5,15.6,61111.0
250173417003,Malden,1346.0,1.0,MALDEN WATER DIVISION (MWRA),0.0,0.0,0.0,,Yes,Minority,53.5,7.5,56343.0
250173417004,Malden,730.0,1.0,MALDEN WATER DIVISION (MWRA),0.0,0.0,0.0,,Yes,Minority and income,46.2,23.6,35833.0
250173417005,Malden,1142.0,1.0,MALDEN WATER DIVISION (MWRA),0.0,0.0,0.0,,Yes,Minority,54.7,13.4,64932.0
250173418001,Malden,1067.0,1.0,MALDEN WATER DIVISION (MWRA),0.0,0.0,0.0,,Yes,Minority and English isolation,50.9,28.1,72500.0
250173418002,Malden,1428.0,1.0,MALDEN WATER DIVISION (MWRA),0.0,0.0,0.0,,Yes,Minority and income,60.6,13.1,30481.0
250173418003,Malden,859.0,1.0,MALDEN WATER DIVISION (MWRA),0.0,0.0,0.0,,Yes,Minority,63.4,18.1,71767.0
250173418004,Malden,992.0,1.0,MALDEN WATER DIVISION (MWRA),0.0,0.0,0.0,,Yes,"Minority, income and English isolation",65.5,55.2,50658.0
250173418005,Malden,1565.0,1.0,MALDEN WATER DIVISION (MWRA),0.0,0.0,0.0,,Yes,"Minority, income and English isolation",72.8,31.7,41419.0
250173418006,Malden,1164.0,1.0,MALDEN WATER DIVISION (MWRA),0.0,0.0,0.0,,Yes,"Minority, income and English isolation",71.5,27.1,17345.0
250173419011,Malden,793.0,1.0,MALDEN WATER DIVISION (MWRA),0.0,0.0,0.0,,Yes,Minority,58.9,8.1,105455.0
250173419012,Malden,722.0,1.0,MALDEN WATER DIVISION (MWRA),0.0,0.0,0.0,,Yes,Minority,55.0,3.0,86500.0
250173419031,Malden,1803.0,1.0,MALDEN WATER DIVISION (MWRA),0.0,0.0,0.0,,Yes,Minority,57.4,2.3,99167.0
250173419032,Malden,2937.0,1.0,MALDEN WATER DIVISION (MWRA),0.0,0.0,0.0,,Yes,Minority,52.5,10.7,106102.0
250173419033,Malden,2148.0,1.0,MALDEN WATER DIVISION (MWRA),0.0,0.0,0.0,,Yes,Minority,73.4,2.5,92906.0
250173419041,Malden,1213.0,1.0,MALDEN WATER DIVISION (MWRA),0.0,0.0,0.0,,Yes,Minority,53.8,4.8,101250.0
250173419042,Malden,1366.0,1.0,MALDEN WATER DIVISION (MWRA),0.0,0.0,0.0,,Yes,Minority and income,64.6,19.6,35774.0
250173419043,Malden,658.0,1.0,MALDEN WATER DIVISION (MWRA),0.0,0.0,0.0,,Yes,Minority and income,53.6,0.0,43165.0
250173421011,Everett,1706.0,1.0,EVERETT WATER DEPT. (MWRA),0.0,0.0,0.0,,Yes,Minority and income,70.0,22.4,49299.0
250173421012,Everett,1227.0,1.0,EVERETT WATER DEPT. (MWRA),0.0,0.0,0.0,,Yes,Minority,62.3,2.4,135781.0
250173421013,Everett,1043.0,1.0,EVERETT WATER DEPT. (MWRA),0.0,0.0,0.0,,Yes,"Minority, income and English isolation",53.7,31.2,45625.0
250173421014,Everett,1052.0,1.0,EVERETT WATER DEPT. (MWRA),0.0,0.0,0.0,,Yes,Minority and English isolation,60.6,24.7,99181.0
250173421021,Everett,1112.0,1.0,EVERETT WATER DEPT. (MWRA),0.0,0.0,0.0,,Yes,Minority,55.9,10.8,106250.0
250173421022,Everett,1061.0,1.0,EVERETT WATER DEPT. (MWRA),0.0,0.0,0.0,,Yes,Minority,64.6,23.1,93125.0
250173421023,Everett,1143.0,1.0,EVERETT WATER DEPT. (MWRA),0.0,0.0,0.0,,Yes,Minority,54.9,15.6,69219.0
250173421024,Everett,1402.0,1.0,EVERETT WATER DEPT. (MWRA),0.0,0.0,0.0,,Yes,Minority,69.7,17.3,58264.0
250173422011,Everett,1682.0,1.0,EVERETT WATER DEPT. (MWRA),0.0,0.0,0.0,,Yes,Minority and income,69.7,3.8,45885.0
250173422012,Everett,1351.0,1.0,EVERETT WATER DEPT. (MWRA),0.0,0.0,0.0,,Yes,Minority and English isolation,65.1,50.0,77202.0
250173422013,Everett,1648.0,1.0,EVERETT WATER DEPT. (MWRA),0.0,0.0,0.0,,Yes,Minority and English isolation,69.5,27.2,70370.0
250173422014,Everett,1593.0,1.0,EVERETT WATER DEPT. (MWRA),0.0,0.0,0.0,,Yes,Minority,66.8,20.4,95197.0
250173422021,Everett,1444.0,1.0,EVERETT WATER DEPT. (MWRA),0.0,0.0,0.0,,Yes,Minority and income,60.4,5.3,48438.0
250173422022,Everett,1389.0,1.0,EVERETT WATER DEPT. (MWRA),0.0,0.0,0.0,,Yes,Minority,64.1,18.7,67639.0
250173422023,Everett,1375.0,1.0,EVERETT WATER DEPT. (MWRA),0.0,0.0,0.0,,Yes,Minority,72.1,3.7,72031.0
250173423011,Everett,1460.0,1.0,EVERETT WATER DEPT. (MWRA),0.0,0.0,0.0,,Yes,Minority,61.2,14.3,89250.0
250173423012,Everett,1782.0,1.0,EVERETT WATER DEPT. (MWRA),0.0,0.0,0.0,,Yes,Minority,66.4,13.5,58289.0
250173423021,Everett,2003.0,1.0,EVERETT WATER DEPT. (MWRA),0.0,0.0,0.0,,Yes,Minority,61.5,10.4,66174.0
250173423022,Everett,805.0,1.0,EVERETT WATER DEPT. (MWRA),0.0,0.0,0.0,,Yes,Minority,63.2,19.5,78013.0
250173423023,Everett,1740.0,1.0,EVERETT WATER DEPT. (MWRA),0.0,0.0,0.0,,Yes,Minority,68.7,20.1,59542.0
250173424011,Everett,2148.0,1.0,EVERETT WATER DEPT. (MWRA),0.0,0.0,0.0,,Yes,Minority,64.7,0.9,71250.0
250173424012,Everett,1398.0,1.0,EVERETT WATER DEPT. (MWRA),0.0,0.0,0.0,,Yes,"Minority, income and English isolation",72.0,30.7,33806.0
250173424013,Everett,1058.0,1.0,EVERETT WATER DEPT. (MWRA),0.0,0.0,0.0,,Yes,Minority,69.8,1.2,89387.0
250173424021,Everett,1387.0,1.0,EVERETT WATER DEPT. (MWRA),0.0,0.0,0.0,,Yes,Minority,58.3,1.9,135500.0
250173424022,Everett,1413.0,1.0,EVERETT WATER DEPT. (MWRA),0.0,0.0,0.0,,Yes,Minority,60.5,14.2,93850.0
250173424023,Everett,842.0,1.0,EVERETT WATER DEPT. (MWRA),0.0,0.0,0.0,,Yes,Minority and English isolation,57.6,37.6,65852.0
250173424024,Everett,22.0,1.0,EVERETT WATER DEPT. (MWRA),0.0,0.0,0.0,,No,,,,
250173425011,Everett,2291.0,1.0,EVERETT WATER DEPT. (MWRA),0.0,0.0,0.0,,Yes,Minority and English isolation,68.9,27.7,95515.0
250173425012,Everett,2449.0,1.0,EVERETT WATER DEPT. (MWRA),0.0,0.0,0.0,,Yes,Minority and income,69.0,4.0,55182.0
250173425021,Everett,1607.0,1.0,EVERETT WATER DEPT. (MWRA),0.0,0.0,0.0,,Yes,Minority and English isolation,65.0,27.8,94500.0
250173425022,Everett,1473.0,1.0,EVERETT WATER DEPT. (MWRA),0.0,0.0,0.0,,Yes,Minority,74.4,0.0,65362.0
250173426001,Everett,1368.0,1.0,EVERETT WATER DEPT. (MWRA),0.0,0.0,0.0,,Yes,Minority,74.5,6.1,80603.0
250173426002,Everett,1076.0,1.0,EVERETT WATER DEPT. (MWRA),0.0,0.0,0.0,,Yes,"Minority, income and English isolation",74.3,32.7,51108.0
250173426003,Everett,2525.0,1.0,EVERETT WATER DEPT. (MWRA),0.0,0.0,0.0,,Yes,Minority,68.1,13.1,58849.0
250173501051,Somerville,1181.0,1.0,SOMERVILLE WATER DEPT. (MWRA),0.0,0.0,0.0,,Yes,Minority,30.9,16.8,104750.0
250173501061,Somerville,1660.0,1.0,SOMERVILLE WATER DEPT. (MWRA),0.0,0.0,0.0,,Yes,Minority,43.7,8.9,109234.0
250173501071,Somerville,1355.0,1.0,SOMERVILLE WATER DEPT. (MWRA),0.0,0.0,0.0,,Yes,Minority,51.1,1.2,107315.0
250173501081,Somerville,2655.0,1.0,SOMERVILLE WATER DEPT. (MWRA),0.0,0.0,0.0,,Yes,Minority and income,66.6,19.2,53135.0
250173501082,Somerville,1519.0,1.0,SOMERVILLE WATER DEPT. (MWRA),0.0,0.0,0.0,,Yes,Minority,37.7,12.4,98583.0
250173501091,Somerville,2176.0,1.0,SOMERVILLE WATER DEPT. (MWRA),0.0,0.0,0.0,,Yes,Minority,53.8,21.0,72241.0
250173502011,Somerville,602.0,1.0,SOMERVILLE WATER DEPT. (MWRA),0.0,0.0,0.0,,Yes,Minority,47.3,0.0,105769.0
250173502012,Somerville,1328.0,1.0,SOMERVILLE WATER DEPT. (MWRA),0.0,0.0,0.0,,Yes,Minority,43.9,2.3,112105.0
250173502013,Somerville,769.0,1.0,SOMERVILLE WATER DEPT. (MWRA),0.0,0.0,0.0,,Yes,Minority,44.5,17.6,79167.0
250173502021,Somerville,1361.0,1.0,SOMERVILLE WATER DEPT. (MWRA),0.0,0.0,0.0,,Yes,Minority,26.0,5.5,116146.0
250173502022,Somerville,1379.0,1.0,SOMERVILLE WATER DEPT. (MWRA),0.0,0.0,0.0,,Yes,Minority,37.6,10.3,130478.0
250173502023,Somerville,1120.0,1.0,SOMERVILLE WATER DEPT. (MWRA),0.0,0.0,0.0,,Yes,Minority,29.6,9.3,87014.0
250173503001,Somerville,900.0,1.0,SOMERVILLE WATER DEPT. (MWRA),0.0,0.0,0.0,,Yes,Minority,29.6,6.7,106607.0
250173503002,Somerville,1118.0,1.0,SOMERVILLE WATER DEPT. (MWRA),0.0,0.0,0.0,,Yes,Minority,32.2,5.3,112625.0
250173503003,Somerville,966.0,1.0,SOMERVILLE WATER DEPT. (MWRA),0.0,0.0,0.0,,Yes,Minority,38.8,16.5,98542.0
250173504001,Somerville,1054.0,1.0,SOMERVILLE WATER DEPT. (MWRA),0.0,0.0,0.0,,No,,,,
250173504002,Somerville,1380.0,1.0,SOMERVILLE WATER DEPT. (MWRA),0.0,0.0,0.0,,No,,,,
250173504003,Somerville,1077.0,1.0,SOMERVILLE WATER DEPT. (MWRA),0.0,0.0,0.0,,No,,,,
250173504004,Somerville,1491.0,1.0,SOMERVILLE WATER DEPT. (MWRA),0.0,0.0,0.0,,No,,,,
250173504005,Somerville,899.0,1.0,SOMERVILLE WATER DEPT. (MWRA),0.0,0.0,0.0,,No,,,,
250173505001,Somerville,874.0,1.0,SOMERVILLE WATER DEPT. (MWRA),0.0,0.0,0.0,,No,,,,
250173505002,Somerville,869.0,1.0,SOMERVILLE WATER DEPT. (MWRA),0.0,0.0,0.0,,No,,,,
250173506001,Somerville,1779.0,1.0,SOMERVILLE WATER DEPT. (MWRA),0.0,0.0,0.0,,Yes,Minority,48.7,0.0,0.0
250173506002,Somerville,984.0,1.0,SOMERVILLE WATER DEPT. (MWRA),0.0,0.0,0.0,,Yes,Minority,29.9,3.4,113125.0
250173506003,Somerville,743.0,1.0,SOMERVILLE WATER DEPT. (MWRA),0.0,0.0,0.0,,Yes,Minority,34.3,2.3,67361.0
250173506004,Somerville,1282.0,1.0,SOMERVILLE WATER DEPT. (MWRA),0.0,0.0,0.0,,No,,,,
250173507011,Somerville,1109.0,1.0,SOMERVILLE WATER DEPT. (MWRA),0.0,0.0,0.0,,No,,,,
250173507012,Somerville,1048.0,1.0,SOMERVILLE WATER DEPT. (MWRA),0.0,0.0,0.0,,No,,,,
250173507013,Somerville,843.0,1.0,SOMERVILLE WATER DEPT. (MWRA),0.0,0.0,0.0,,No,,,,
250173507021,Somerville,1151.0,1.0,SOMERVILLE WATER DEPT. (MWRA),0.0,0.0,0.0,,Yes,Minority,24.7,11.5,0.0
250173507022,Somerville,1298.0,1.0,SOMERVILLE WATER DEPT. (MWRA),0.0,0.0,0.0,,Yes,Minority and income,55.1,9.8,20713.0
250173507023,Somerville,866.0,1.0,SOMERVILLE WATER DEPT. (MWRA),0.0,0.0,0.0,,Yes,Minority and English isolation,54.2,26.2,0.0
250173508001,Somerville,1045.0,1.0,SOMERVILLE WATER DEPT. (MWRA),0.0,0.0,0.0,,Yes,Minority,27.8,0.0,156667.0
250173508002,Somerville,1031.0,1.0,SOMERVILLE WATER DEPT. (MWRA),0.0,0.0,0.0,,Yes,Minority,25.3,1.3,159167.0
250173509001,Somerville,875.0,1.0,SOMERVILLE WATER DEPT. (MWRA),0.0,0.0,0.0,,No,,,,
250173509002,Somerville,1312.0,1.0,SOMERVILLE WATER DEPT. (MWRA),0.0,0.0,0.0,,No,,,,
250173509003,Somerville,1344.0,1.0,SOMERVILLE WATER DEPT. (MWRA),0.0,0.0,0.0,,No,,,,
250173510011,Somerville,1305.0,1.0,SOMERVILLE WATER DEPT. (MWRA),0.0,0.0,0.0,,Yes,Minority,25.4,0.0,111791.0
250173510012,Somerville,836.0,1.0,SOMERVILLE WATER DEPT. (MWRA),0.0,0.0,0.0,,Yes,Minority,37.3,0.0,0.0
250173510013,Somerville,1942.0,1.0,SOMERVILLE WATER DEPT. (MWRA),0.0,0.0,0.0,,Yes,Minority,27.0,0.0,134500.0
250173510021,Somerville,878.0,1.0,SOMERVILLE WATER DEPT. (MWRA),0.0,0.0,0.0,,No,,,,
250173510022,Somerville,1174.0,1.0,SOMERVILLE WATER DEPT. (MWRA),0.0,0.0,0.0,,No,,,,
250173510023,Somerville,985.0,1.0,SOMERVILLE WATER DEPT. (MWRA),0.0,0.0,0.0,,No,,,,
250173511011,Somerville,1035.0,1.0,SOMERVILLE WATER DEPT. (MWRA),0.0,0.0,0.0,,Yes,Minority,25.1,12.8,73707.0
250173511012,Somerville,1232.0,1.0,SOMERVILLE WATER DEPT. (MWRA),0.0,0.0,0.0,,No,,,,
250173511013,Somerville,1508.0,1.0,SOMERVILLE WATER DEPT. (MWRA),0.0,0.0,0.0,,Yes,Minority,28.8,16.2,126637.0
250173511021,Somerville,800.0,1.0,SOMERVILLE WATER DEPT. (MWRA),0.0,0.0,0.0,,Yes,Minority,29.2,0.0,121250.0
250173511022,Somerville,1172.0,1.0,SOMERVILLE WATER DEPT. (MWRA),0.0,0.0,0.0,,No,,,,
250173512031,Somerville,1089.0,1.0,SOMERVILLE WATER DEPT. (MWRA),0.0,0.0,0.0,,Yes,Minority,26.1,0.0,150723.0
250173512032,Somerville,1170.0,1.0,SOMERVILLE WATER DEPT. (MWRA),0.0,0.0,0.0,,Yes,Minority,25.7,13.7,124650.0
250173512033,Somerville,1093.0,1.0,SOMERVILLE WATER DEPT. (MWRA),0.0,0.0,0.0,,No,,,,
250173512034,Somerville,1279.0,1.0,SOMERVILLE WATER DEPT. (MWRA),0.0,0.0,0.0,,Yes,Minority,37.1,0.0,144236.0
250173512041,Somerville,1340.0,1.0,SOMERVILLE WATER DEPT. (MWRA),0.0,0.0,0.0,,Yes,Minority,35.7,9.2,84028.0
250173512042,Somerville,1604.0,1.0,SOMERVILLE WATER DEPT. (MWRA),0.0,0.0,0.0,,Yes,Minority,30.9,0.0,116106.0
250173512043,Somerville,1351.0,1.0,SOMERVILLE WATER DEPT. (MWRA),0.0,0.0,0.0,,Yes,Minority,33.6,3.8,100135.0
250173513001,Somerville,1890.0,1.0,SOMERVILLE WATER DEPT. (MWRA),0.0,0.0,0.0,,Yes,Minority,30.3,7.2,101667.0
250173513002,Somerville,1484.0,1.0,SOMERVILLE WATER DEPT. (MWRA),0.0,0.0,0.0,,Yes,Minority,36.0,13.4,57339.0
250173513003,Somerville,1032.0,1.0,SOMERVILLE WATER DEPT. (MWRA),0.0,0.0,0.0,,Yes,Minority,39.0,4.5,140385.0
250173514031,Somerville,674.0,1.0,SOMERVILLE WATER DEPT. (MWRA),0.0,0.0,0.0,,Yes,Minority and English isolation,48.4,31.5,66964.0
250173514032,Somerville,928.0,1.0,SOMERVILLE WATER DEPT. (MWRA),0.0,0.0,0.0,,Yes,Minority,48.4,17.2,79167.0
250173514033,Somerville,597.0,1.0,SOMERVILLE WATER DEPT. (MWRA),0.0,0.0,0.0,,Yes,Minority,48.4,14.7,57875.0
250173514034,Somerville,1121.0,1.0,SOMERVILLE WATER DEPT. (MWRA),0.0,0.0,0.0,,Yes,Minority,51.7,9.5,86633.0
250173514035,Somerville,623.0,1.0,SOMERVILLE WATER DEPT. (MWRA),0.0,0.0,0.0,,Yes,Minority and English isolation,52.6,30.0,87440.0
250173514041,Somerville,982.0,1.0,SOMERVILLE WATER DEPT. (MWRA),0.0,0.0,0.0,,Yes,Minority,45.1,12.7,78636.0
250173514042,Somerville,1295.0,1.0,SOMERVILLE WATER DEPT. (MWRA),0.0,0.0,0.0,,Yes,Minority and income,58.5,4.2,41782.0
250173514043,Somerville,939.0,1.0,SOMERVILLE WATER DEPT. (MWRA),0.0,0.0,0.0,,Yes,Minority,47.3,21.1,78088.0
250173514044,Somerville,780.0,1.0,SOMERVILLE WATER DEPT. (MWRA),0.0,0.0,0.0,,Yes,Minority,61.9,2.5,106563.0
250173515001,Somerville,314.0,1.0,SOMERVILLE WATER DEPT. (MWRA),0.0,0.0,0.0,,Yes,Minority,36.9,0.0,0.0
250173515002,Somerville,810.0,1.0,SOMERVILLE WATER DEPT. (MWRA),0.0,0.0,0.0,,Yes,Minority,39.6,1.5,116250.0
250173515003,Somerville,1056.0,1.0,SOMERVILLE WATER DEPT. (MWRA),0.0,0.0,0.0,,Yes,Minority,58.0,21.1,75389.0
250173515004,Somerville,284.0,1.0,SOMERVILLE WATER DEPT. (MWRA),0.0,0.0,0.0,,Yes,"Minority, income and English isolation",58.8,26.4,11123.0
250173521011,Cambridge,1081.0,1.0,CAMBRIDGE WATER DEPARTMENT,3.4,17.0,0.0,,Yes,Minority,53.4,1.4,109861.0
250173521012,Cambridge,1810.0,1.0,CAMBRIDGE WATER DEPARTMENT,3.4,17.0,0.0,,Yes,Minority,50.6,1.3,86133.0
250173521013,Cambridge,1380.0,1.0,CAMBRIDGE WATER DEPARTMENT,3.4,17.0,0.0,,Yes,Minority,53.3,15.2,63980.0
250173521021,Cambridge,1225.0,1.0,CAMBRIDGE WATER DEPARTMENT,3.4,17.0,0.0,,Yes,Minority,37.2,2.2,149444.0
250173521022,Cambridge,1438.0,1.0,CAMBRIDGE WATER DEPARTMENT,3.4,17.0,0.0,,Yes,Minority,35.6,5.1,89663.0
250173522001,Cambridge,1999.0,1.0,CAMBRIDGE WATER DEPARTMENT,3.4,17.0,0.0,,Yes,Minority,42.3,9.2,61875.0
250173523001,Cambridge,1757.0,1.0,CAMBRIDGE WATER DEPARTMENT,3.4,17.0,0.0,,Yes,Minority,40.2,1.5,107500.0
250173523002,Cambridge,1052.0,1.0,CAMBRIDGE WATER DEPARTMENT,3.4,17.0,0.0,,Yes,Minority,45.5,0.0,157946.0
250173523003,Cambridge,1504.0,1.0,CAMBRIDGE WATER DEPARTMENT,3.4,17.0,0.0,,Yes,Minority,50.8,12.2,134643.0
250173524001,Cambridge,1879.0,1.0,CAMBRIDGE WATER DEPARTMENT,3.4,17.0,0.0,,Yes,Minority,78.7,13.4,65446.0
250173525001,Cambridge,1888.0,1.0,CAMBRIDGE WATER DEPARTMENT,3.4,17.0,0.0,,Yes,Minority,45.5,5.0,126071.0
250173525002,Cambridge,1578.0,1.0,CAMBRIDGE WATER DEPARTMENT,3.4,17.0,0.0,,Yes,Minority,53.2,1.6,110682.0
250173526001,Cambridge,1053.0,1.0,CAMBRIDGE WATER DEPARTMENT,3.4,17.0,0.0,,Yes,Minority,42.6,2.1,148304.0
250173526002,Cambridge,1764.0,1.0,CAMBRIDGE WATER DEPARTMENT,3.4,17.0,0.0,,Yes,Minority,43.0,4.6,88389.0
250173527001,Cambridge,909.0,1.0,CAMBRIDGE WATER DEPARTMENT,3.4,17.0,0.0,,Yes,Minority,41.5,3.3,60511.0
250173527002,Cambridge,1100.0,1.0,CAMBRIDGE WATER DEPARTMENT,3.4,17.0,0.0,,Yes,Minority and English isolation,50.0,27.2,55395.0
250173528001,Cambridge,1892.0,1.0,CAMBRIDGE WATER DEPARTMENT,3.4,17.0,0.0,,Yes,Minority,42.4,6.1,110714.0
250173529001,Cambridge,1123.0,1.0,CAMBRIDGE WATER DEPARTMENT,3.4,17.0,0.0,,Yes,Minority,32.3,0.0,129318.0
250173529002,Cambridge,1746.0,1.0,CAMBRIDGE WATER DEPARTMENT,3.4,17.0,0.0,,Yes,Minority,28.4,1.2,161964.0
250173530001,Cambridge,2211.0,1.0,CAMBRIDGE WATER DEPARTMENT,3.4,17.0,0.0,,Yes,Minority,40.9,2.0,118772.0
250173530002,Cambridge,757.0,1.0,CAMBRIDGE WATER DEPARTMENT,3.4,17.0,0.0,,Yes,Minority,49.8,9.1,63458.0
250173531011,Cambridge,1178.0,1.0,CAMBRIDGE WATER DEPARTMENT,3.4,17.0,0.0,,Yes,Minority,61.9,0.0,107692.0
250173531012,Cambridge,2463.0,1.0,CAMBRIDGE WATER DEPARTMENT,3.4,17.0,0.0,,Yes,Minority,53.3,12.2,84779.0
250173531021,Cambridge,1646.0,1.0,CAMBRIDGE WATER DEPARTMENT,3.4,17.0,0.0,,Yes,Minority,58.0,3.7,79167.0
250173531022,Cambridge,2140.0,1.0,CAMBRIDGE WATER DEPARTMENT,3.4,17.0,0.0,,Yes,Minority,65.1,0.0,90833.0
250173531023,Cambridge,2452.0,1.0,CAMBRIDGE WATER DEPARTMENT,3.4,17.0,0.0,,Yes,Minority and English isolation,68.1,50.0,0.0
250173532001,Cambridge,1278.0,1.0,CAMBRIDGE WATER DEPARTMENT,3.4,17.0,0.0,,Yes,Minority,35.6,9.9,75357.0
250173532002,Cambridge,1059.0,1.0,CAMBRIDGE WATER DEPARTMENT,3.4,17.0,0.0,,Yes,Minority,47.5,0.0,96071.0
250173532003,Cambridge,992.0,1.0,CAMBRIDGE WATER DEPARTMENT,3.4,17.0,0.0,,Yes,Minority,36.5,1.6,181944.0
250173532004,Cambridge,1913.0,1.0,CAMBRIDGE WATER DEPARTMENT,3.4,17.0,0.0,,Yes,Minority,68.7,5.8,131563.0
250173533001,Cambridge,1075.0,1.0,CAMBRIDGE WATER DEPARTMENT,3.4,17.0,0.0,,Yes,Minority,34.5,1.5,122031.0
250173533002,Cambridge,1578.0,1.0,CAMBRIDGE WATER DEPARTMENT,3.4,17.0,0.0,,Yes,Minority,35.4,4.2,104875.0
250173533003,Cambridge,1070.0,1.0,CAMBRIDGE WATER DEPARTMENT,3.4,17.0,0.0,,Yes,Minority,28.4,1.5,141933.0
250173536001,Cambridge,1816.0,1.0,CAMBRIDGE WATER DEPARTMENT,3.4,17.0,0.0,,Yes,Minority,27.4,0.0,150463.0
250173536002,Cambridge,1825.0,1.0,CAMBRIDGE WATER DEPARTMENT,3.4,17.0,0.0,,Yes,Minority and income,52.6,0.0,55270.0
250173536003,Cambridge,1505.0,1.0,CAMBRIDGE WATER DEPARTMENT,3.4,17.0,0.0,,Yes,Minority,33.4,0.0,145983.0
250173537001,Cambridge,1205.0,1.0,CAMBRIDGE WATER DEPARTMENT,3.4,17.0,0.0,,No,,,,
250173537002,Cambridge,1198.0,1.0,CAMBRIDGE WATER DEPARTMENT,3.4,17.0,0.0,,Yes,Minority,31.6,7.5,94808.0
250173537003,Cambridge,1373.0,1.0,CAMBRIDGE WATER DEPARTMENT,3.4,17.0,0.0,,Yes,Minority,56.4,0.0,0.0
250173537004,Cambridge,876.0,1.0,CAMBRIDGE WATER DEPARTMENT,3.4,17.0,0.0,,Yes,"Minority, income and English isolation",61.8,48.7,48833.0
250173537005,Cambridge,941.0,1.0,CAMBRIDGE WATER DEPARTMENT,3.4,17.0,0.0,,Yes,Minority and income,48.8,13.1,52240.0
250173538001,Cambridge,1440.0,1.0,CAMBRIDGE WATER DEPARTMENT,3.4,17.0,0.0,,Yes,Minority,40.6,6.5,130625.0
250173538002,Cambridge,1075.0,1.0,CAMBRIDGE WATER DEPARTMENT,3.4,17.0,0.0,,Yes,Minority and income,36.3,4.6,44802.0
250173538003,Cambridge,847.0,1.0,CAMBRIDGE WATER DEPARTMENT,3.4,17.0,0.0,,Yes,Minority,31.3,5.1,101131.0
250173538004,Cambridge,815.0,1.0,CAMBRIDGE WATER DEPARTMENT,3.4,17.0,0.0,,Yes,Minority,38.5,19.7,92426.0
250173539001,Cambridge,2149.0,1.0,CAMBRIDGE WATER DEPARTMENT,3.4,17.0,0.0,,Yes,Minority,50.0,5.1,58250.0
250173539002,Cambridge,1661.0,1.0,CAMBRIDGE WATER DEPARTMENT,3.4,17.0,0.0,,Yes,Minority,59.8,7.1,75268.0
250173539003,Cambridge,2329.0,1.0,CAMBRIDGE WATER DEPARTMENT,3.4,17.0,0.0,,Yes,Minority,53.0,0.0,0.0
250173540001,Cambridge,1636.0,1.0,CAMBRIDGE WATER DEPARTMENT,3.4,17.0,0.0,,Yes,Minority,26.2,6.3,86103.0
250173540002,Cambridge,2107.0,1.0,CAMBRIDGE WATER DEPARTMENT,3.4,17.0,0.0,,Yes,Minority,41.7,2.2,111042.0
250173540003,Cambridge,1175.0,1.0,CAMBRIDGE WATER DEPARTMENT,3.4,17.0,0.0,,Yes,Minority,34.8,9.0,61797.0
250173541001,Cambridge,1145.0,1.0,CAMBRIDGE WATER DEPARTMENT,3.4,17.0,0.0,,Yes,Minority,33.3,5.5,115167.0
250173541002,Cambridge,1744.0,1.0,CAMBRIDGE WATER DEPARTMENT,3.4,17.0,0.0,,Yes,Minority,28.7,1.8,135114.0
250173542001,Cambridge,1309.0,1.0,CAMBRIDGE WATER DEPARTMENT,3.4,17.0,0.0,,No,,,,
250173542002,Cambridge,1020.0,1.0,CAMBRIDGE WATER DEPARTMENT,3.4,17.0,0.0,,No,,,,
250173542003,Cambridge,679.0,1.0,CAMBRIDGE WATER DEPARTMENT,3.4,17.0,0.0,,No,,,,
250173543001,Cambridge,1344.0,1.0,CAMBRIDGE WATER DEPARTMENT,3.4,17.0,0.0,,Yes,Minority,54.7,7.0,101228.0
250173543002,Cambridge,823.0,1.0,CAMBRIDGE WATER DEPARTMENT,3.4,17.0,0.0,,Yes,Minority,27.8,3.1,129946.0
250173543003,Cambridge,1321.0,1.0,CAMBRIDGE WATER DEPARTMENT,3.4,17.0,0.0,,No,,,,
250173544001,Cambridge,836.0,1.0,CAMBRIDGE WATER DEPARTMENT,3.4,17.0,0.0,,No,,,,
250173544002,Cambridge,894.0,1.0,CAMBRIDGE WATER DEPARTMENT,3.4,17.0,0.0,,Yes,Minority,27.7,3.2,161250.0
250173545001,Cambridge,937.0,1.0,CAMBRIDGE WATER DEPARTMENT,3.4,17.0,0.0,,Yes,Minority,25.6,1.6,129531.0
250173545002,Cambridge,1000.0,1.0,CAMBRIDGE WATER DEPARTMENT,3.4,17.0,0.0,,Yes,Minority,29.4,0.0,150395.0
250173546011,Cambridge,5.0,1.0,CAMBRIDGE WATER DEPARTMENT,3.4,17.0,0.0,,No,,,,
250173546012,Cambridge,1641.0,1.0,CAMBRIDGE WATER DEPARTMENT,3.4,17.0,0.0,,Yes,Minority,41.9,8.3,102417.0
250173546021,Cambridge,1742.0,1.0,CAMBRIDGE WATER DEPARTMENT,3.4,17.0,0.0,,Yes,Minority,64.9,6.8,92232.0
250173546022,Cambridge,1033.0,1.0,CAMBRIDGE WATER DEPARTMENT,3.4,17.0,0.0,,Yes,Minority,27.2,0.0,119472.0
250173546023,Cambridge,1410.0,1.0,CAMBRIDGE WATER DEPARTMENT,3.4,17.0,0.0,,Yes,Minority,46.8,0.0,131424.0
250173547001,Cambridge,1428.0,1.0,CAMBRIDGE WATER DEPARTMENT,3.4,17.0,0.0,,Yes,Minority,33.0,15.3,158625.0
250173547002,Cambridge,1431.0,1.0,CAMBRIDGE WATER DEPARTMENT,3.4,17.0,0.0,,Yes,Minority,27.2,0.0,129444.0
250173548001,Cambridge,1082.0,1.0,CAMBRIDGE WATER DEPARTMENT,3.4,17.0,0.0,,Yes,Minority,27.6,0.0,144688.0
250173548002,Cambridge,1241.0,1.0,CAMBRIDGE WATER DEPARTMENT,3.4,17.0,0.0,,Yes,Minority,28.8,2.5,130938.0
250173549011,Cambridge,435.0,1.0,CAMBRIDGE WATER DEPARTMENT,3.4,17.0,0.0,,Yes,Minority,52.4,0.0,230685.0
250173549012,Cambridge,964.0,1.0,CAMBRIDGE WATER DEPARTMENT,3.4,17.0,0.0,,Yes,Minority,65.7,13.6,125536.0
250173549013,Cambridge,1477.0,1.0,CAMBRIDGE WATER DEPARTMENT,3.4,17.0,0.0,,Yes,Minority,55.2,16.2,137874.0
250173549021,Cambridge,1311.0,1.0,CAMBRIDGE WATER DEPARTMENT,3.4,17.0,0.0,,Yes,Minority,31.0,1.6,166474.0
250173549022,Cambridge,1318.0,1.0,CAMBRIDGE WATER DEPARTMENT,3.4,17.0,0.0,,Yes,Minority,36.6,23.6,137841.0
250173549023,Cambridge,2070.0,1.0,CAMBRIDGE WATER DEPARTMENT,3.4,17.0,0.0,,Yes,"Minority, income and English isolation",97.2,35.2,39213.0
250173549024,Cambridge,917.0,1.0,CAMBRIDGE WATER DEPARTMENT,3.4,17.0,0.0,,Yes,"Minority, income and English isolation",77.9,28.2,29973.0
250173550001,Cambridge,883.0,1.0,CAMBRIDGE WATER DEPARTMENT,3.4,17.0,0.0,,Yes,Minority,33.5,2.3,166413.0
250173550002,Cambridge,1309.0,1.0,CAMBRIDGE WATER DEPARTMENT,3.4,17.0,0.0,,Yes,Minority,38.7,5.6,102824.0
250173550003,Cambridge,937.0,1.0,CAMBRIDGE WATER DEPARTMENT,3.4,17.0,0.0,,Yes,Minority,35.2,1.9,103750.0
250173561001,Arlington,837.0,1.0,ARLINGTON WATER DEPT. (MWRA),0.0,0.0,0.0,,No,,,,
250173561002,Arlington,1482.0,1.0,ARLINGTON WATER DEPT. (MWRA),0.0,0.0,0.0,,No,,,,
250173561003,Arlington,1011.0,1.0,ARLINGTON WATER DEPT. (MWRA),0.0,0.0,0.0,,Yes,Minority,26.1,2.8,157228.0
250173563001,Arlington,1321.0,1.0,ARLINGTON WATER DEPT. (MWRA),0.0,0.0,0.0,,Yes,Minority,44.6,6.8,71066.0
250173563002,Arlington,1051.0,1.0,ARLINGTON WATER DEPT. (MWRA),0.0,0.0,0.0,,Yes,Minority,37.7,21.5,69805.0
250173563003,Arlington,752.0,1.0,ARLINGTON WATER DEPT. (MWRA),0.0,0.0,0.0,,No,,,,
250173563004,Arlington,664.0,1.0,ARLINGTON WATER DEPT. (MWRA),0.0,0.0,0.0,,No,,,,
250173563005,Arlington,800.0,1.0,ARLINGTON WATER DEPT. (MWRA),0.0,0.0,0.0,,Yes,Minority,30.0,0.0,155871.0
250173563006,Arlington,744.0,1.0,ARLINGTON WATER DEPT. (MWRA),0.0,0.0,0.0,,Yes,Minority,30.4,12.0,140486.0
250173564001,Arlington,636.0,1.0,ARLINGTON WATER DEPT. (MWRA),0.0,0.0,0.0,,No,,,,
250173564002,Arlington,1233.0,1.0,ARLINGTON WATER DEPT. (MWRA),0.0,0.0,0.0,,No,,,,
250173564003,Arlington,983.0,1.0,ARLINGTON WATER DEPT. (MWRA),0.0,0.0,0.0,,No,,,,
250173564004,Arlington,728.0,1.0,ARLINGTON WATER DEPT. (MWRA),0.0,0.0,0.0,,No,,,,
250173564005,Arlington,792.0,1.0,ARLINGTON WATER DEPT. (MWRA),0.0,0.0,0.0,,No,,,,
250173564006,Arlington,1290.0,1.0,ARLINGTON WATER DEPT. (MWRA),0.0,0.0,0.0,,No,,,,
250173564007,Arlington,860.0,1.0,ARLINGTON WATER DEPT. (MWRA),0.0,0.0,0.0,,Yes,Minority,29.2,0.0,138611.0
250173564008,Arlington,1614.0,1.0,ARLINGTON WATER DEPT. (MWRA),0.0,0.0,0.0,,Yes,Minority,26.4,0.0,145764.0
250173565001,Arlington,900.0,1.0,ARLINGTON WATER DEPT. (MWRA),0.0,0.0,0.0,,No,,,,
250173565002,Arlington,1214.0,1.0,ARLINGTON WATER DEPT. (MWRA),0.0,0.0,0.0,,Yes,Minority,27.9,0.0,149519.0
250173565003,Arlington,1902.0,1.0,ARLINGTON WATER DEPT. (MWRA),0.0,0.0,0.0,,Yes,Minority,25.3,3.0,73789.0
250173565004,Arlington,800.0,1.0,ARLINGTON WATER DEPT. (MWRA),0.0,0.0,0.0,,No,,,,
250173565005,Arlington,1249.0,1.0,ARLINGTON WATER DEPT. (MWRA),0.0,0.0,0.0,,No,,,,
250173565006,Arlington,1002.0,1.0,ARLINGTON WATER DEPT. (MWRA),0.0,0.0,0.0,,Yes,Minority,26.8,7.5,147188.0
250173566011,Arlington,1125.0,1.0,ARLINGTON WATER DEPT. (MWRA),0.0,0.0,0.0,,No,,,,
250173566012,Arlington,735.0,1.0,ARLINGTON WATER DEPT. (MWRA),0.0,0.0,0.0,,No,,,,
250173566013,Arlington,821.0,1.0,ARLINGTON WATER DEPT. (MWRA),0.0,0.0,0.0,,No,,,,
250173566014,Arlington,944.0,1.0,ARLINGTON WATER DEPT. (MWRA),0.0,0.0,0.0,,Yes,Minority,35.4,5.5,67917.0
250173566015,Arlington,1158.0,1.0,ARLINGTON WATER DEPT. (MWRA),0.0,0.0,0.0,,Yes,Minority,43.7,15.6,83875.0
250173566021,Arlington,1688.0,1.0,ARLINGTON WATER DEPT. (MWRA),0.0,0.0,0.0,,Yes,Minority,25.3,0.0,78385.0
250173566022,Arlington,837.0,1.0,ARLINGTON WATER DEPT. (MWRA),0.0,0.0,0.0,,No,,,,
250173566023,Arlington,855.0,1.0,ARLINGTON WATER DEPT. (MWRA),0.0,0.0,0.0,,No,,,,
250173566024,Arlington,904.0,1.0,ARLINGTON WATER DEPT. (MWRA),0.0,0.0,0.0,,No,,,,
250173567011,Arlington,1444.0,1.0,ARLINGTON WATER DEPT. (MWRA),0.0,0.0,0.0,,No,,,,
250173567012,Arlington,1148.0,1.0,ARLINGTON WATER DEPT. (MWRA),0.0,0.0,0.0,,No,,,,
250173567013,Arlington,1435.0,1.0,ARLINGTON WATER DEPT. (MWRA),0.0,0.0,0.0,,Yes,Minority,29.4,11.5,82679.0
250173567014,Arlington,686.0,1.0,ARLINGTON WATER DEPT. (MWRA),0.0,0.0,0.0,,Yes,Minority,30.0,6.6,70183.0
250173567015,Arlington,606.0,1.0,ARLINGTON WATER DEPT. (MWRA),0.0,0.0,0.0,,No,,,,
250173567016,Arlington,956.0,1.0,ARLINGTON WATER DEPT. (MWRA),0.0,0.0,0.0,,No,,,,
250173567031,Arlington,1577.0,1.0,ARLINGTON WATER DEPT. (MWRA),0.0,0.0,0.0,,Yes,Minority,25.6,10.6,58269.0
250173567032,Arlington,854.0,1.0,ARLINGTON WATER DEPT. (MWRA),0.0,0.0,0.0,,No,,,,
250173567033,Arlington,780.0,1.0,ARLINGTON WATER DEPT. (MWRA),0.0,0.0,0.0,,No,,,,
250173567041,Arlington,1302.0,1.0,ARLINGTON WATER DEPT. (MWRA),0.0,0.0,0.0,,No,,,,
250173567042,Arlington,982.0,1.0,ARLINGTON WATER DEPT. (MWRA),0.0,0.0,0.0,,No,,,,
250173567043,Arlington,790.0,1.0,ARLINGTON WATER DEPT. (MWRA),0.0,0.0,0.0,,No,,,,
250173567044,Arlington,816.0,1.0,ARLINGTON WATER DEPT. (MWRA),0.0,0.0,0.0,,Yes,Minority,39.2,8.9,63897.0
250173571001,Belmont,950.0,1.0,BELMONT WATER DEPT. (MWRA),0.0,0.0,0.0,,No,,,,
250173571002,Belmont,2447.0,1.0,BELMONT WATER DEPT. (MWRA),0.0,0.0,0.0,,Yes,Minority,46.5,6.5,100978.0
250173571003,Belmont,1100.0,1.0,BELMONT WATER DEPT. (MWRA),0.0,0.0,0.0,,No,,,,
250173571004,Belmont,983.0,1.0,BELMONT WATER DEPT. (MWRA),0.0,0.0,0.0,,No,,,,
250173572001,Belmont,1848.0,1.0,BELMONT WATER DEPT. (MWRA),0.0,0.0,0.0,,No,,,,
250173572002,Belmont,1395.0,1.0,BELMONT WATER DEPT. (MWRA),0.0,0.0,0.0,,No,,,,
250173573001,Belmont,963.0,1.0,BELMONT WATER DEPT. (MWRA),0.0,0.0,0.0,,No,,,,
250173573002,Belmont,1102.0,1.0,BELMONT WATER DEPT. (MWRA),0.0,0.0,0.0,,No,,,,
250173573003,Belmont,1052.0,1.0,BELMONT WATER DEPT. (MWRA),0.0,0.0,0.0,,No,,,,
250173574001,Belmont,799.0,1.0,BELMONT WATER DEPT. (MWRA),0.0,0.0,0.0,,No,,,,
250173574002,Belmont,801.0,1.0,BELMONT WATER DEPT. (MWRA),0.0,0.0,0.0,,No,,,,
250173574003,Belmont,772.0,1.0,BELMONT WATER DEPT. (MWRA),0.0,0.0,0.0,,No,,,,
250173575001,Belmont,695.0,1.0,BELMONT WATER DEPT. (MWRA),0.0,0.0,0.0,,No,,,,
250173575002,Belmont,662.0,1.0,BELMONT WATER DEPT. (MWRA),0.0,0.0,0.0,,No,,,,
250173575003,Belmont,898.0,1.0,BELMONT WATER DEPT. (MWRA),0.0,0.0,0.0,,No,,,,
250173576001,Belmont,1098.0,1.0,BELMONT WATER DEPT. (MWRA),0.0,0.0,0.0,,No,,,,
250173576002,Belmont,1567.0,1.0,BELMONT WATER DEPT. (MWRA),0.0,0.0,0.0,,No,,,,
250173577001,Belmont,1122.0,0.921,BELMONT WATER DEPT. (MWRA),0.0,0.0,0.079,0.14,No,,,,
250173577002,Belmont,828.0,1.0,BELMONT WATER DEPT. (MWRA),0.0,0.0,0.0,,No,,,,
250173577003,Belmont,1080.0,1.0,BELMONT WATER DEPT. (MWRA),0.0,0.0,0.0,,Yes,Minority,42.1,1.3,112321.0
250173577004,Belmont,1109.0,1.0,BELMONT WATER DEPT. (MWRA),0.0,0.0,0.0,,No,,,,
250173578001,Belmont,949.0,1.0,BELMONT WATER DEPT. (MWRA),0.0,0.0,0.0,,No,,,,
250173578002,Belmont,898.0,1.0,BELMONT WATER DEPT. (MWRA),0.0,0.0,0.0,,No,,,,
250173578003,Belmont,1234.0,0.987,BELMONT WATER DEPT. (MWRA),0.0,0.0,0.013,0.117,No,,,,
250173578004,Belmont,943.0,1.0,BELMONT WATER DEPT. (MWRA),0.0,0.0,0.0,,Yes,Minority,41.4,5.7,70114.0
250173581001,Lexington,1034.0,1.0,LEXINGTON WATER DEPT.    (MWRA),0.0,0.0,0.0,,No,,,,
250173581002,Lexington,1394.0,1.0,LEXINGTON WATER DEPT.    (MWRA),0.0,0.0,0.0,,No,,,,
250173581003,Lexington,1593.0,1.0,LEXINGTON WATER DEPT.    (MWRA),0.0,0.0,0.0,,No,,,,
250173581004,Lexington,1261.0,1.0,LEXINGTON WATER DEPT.    (MWRA),0.0,0.0,0.0,,Yes,Minority,45.4,5.4,150167.0
250173583001,Lexington,2593.0,1.0,LEXINGTON WATER DEPT.    (MWRA),0.0,0.0,0.0,,Yes,Minority,47.9,2.4,135481.0
250173583002,Lexington,1982.0,1.0,LEXINGTON WATER DEPT.    (MWRA),0.0,0.0,0.0,,Yes,Minority,45.1,2.3,245284.0
250173583003,Lexington,810.0,1.0,LEXINGTON WATER DEPT.    (MWRA),0.0,0.0,0.0,,Yes,Minority,50.4,0.0,208958.0
250173583004,Lexington,995.0,1.0,LEXINGTON WATER DEPT.    (MWRA),0.0,0.0,0.0,,Yes,Minority,58.0,5.1,94375.0
250173584001,Lexington,954.0,1.0,LEXINGTON WATER DEPT.    (MWRA),0.0,0.0,0.0,,No,,,,
250173584002,Lexington,1376.0,1.0,LEXINGTON WATER DEPT.    (MWRA),0.0,0.0,0.0,,No,,,,
250173584003,Lexington,1788.0,1.0,LEXINGTON WATER DEPT.    (MWRA),0.0,0.0,0.0,,Yes,Minority,43.2,9.1,151168.0
250173584004,Lexington,1167.0,1.0,LEXINGTON WATER DEPT.    (MWRA),0.0,0.0,0.0,,Yes,Minority,51.5,0.0,193214.0
250173585001,Lexington,2554.0,1.0,LEXINGTON WATER DEPT.    (MWRA),0.0,0.0,0.0,,Yes,Minority,43.1,2.7,191131.0
250173585002,Lexington,812.0,1.0,LEXINGTON WATER DEPT.    (MWRA),0.0,0.0,0.0,,Yes,Minority,44.8,9.3,141328.0
250173585003,Lexington,2214.0,1.0,LEXINGTON WATER DEPT.    (MWRA),0.0,0.0,0.0,,Yes,Minority,47.2,4.2,227955.0
250173586001,Lexington,1289.0,1.0,LEXINGTON WATER DEPT.    (MWRA),0.0,0.0,0.0,,Yes,Minority,41.3,0.0,159422.0
250173586002,Lexington,679.0,1.0,LEXINGTON WATER DEPT.    (MWRA),0.0,0.0,0.0,,Yes,Minority,40.9,7.7,204083.0
250173586003,Lexington,1161.0,1.0,LEXINGTON WATER DEPT.    (MWRA),0.0,0.0,0.0,,Yes,Minority,43.4,3.9,244766.0
250173586004,Lexington,983.0,1.0,LEXINGTON WATER DEPT.    (MWRA),0.0,0.0,0.0,,Yes,Minority,46.7,12.7,157212.0
250173586005,Lexington,1323.0,1.0,LEXINGTON WATER DEPT.    (MWRA),0.0,0.0,0.0,,Yes,Minority,41.1,0.0,227614.0
250173586006,Lexington,884.0,1.0,HANSCOM AFB; LEXINGTON WATER DEPT.    (MWRA),0.3,0.3,0.0,,Yes,Minority,53.8,0.0,129388.0
250173587001,Lexington,2361.0,1.0,LEXINGTON WATER DEPT.    (MWRA),0.0,0.0,0.0,,Yes,Minority,54.0,0.9,168882.0
250173587002,Lexington,1542.0,1.0,LEXINGTON WATER DEPT.    (MWRA),0.0,0.0,0.0,,Yes,Minority,42.2,0.0,250000.0
250173587003,Lexington,1705.0,1.0,LEXINGTON WATER DEPT.    (MWRA),0.0,0.0,0.0,,No,,,,
250173591001,Bedford,512.0,1.0,BEDFORD WATER DEPT.,23.7,23.7,0.0,,No,,,,
250173591002,Bedford,820.0,1.0,BEDFORD WATER DEPT.,23.7,23.7,0.0,,No,,,,
250173591003,Bedford,3100.0,0.917,BEDFORD WATER DEPT.,23.7,23.7,0.083,0.272,No,,,,
250173591004,Bedford,662.0,1.0,BEDFORD VA HOSPITAL (ROGERS MEM. HOSP.); BEDFORD WATER DEPT.,13.0,13.0,0.0,,No,,,,
250173591005,Bedford,1450.0,1.0,BEDFORD WATER DEPT.,23.7,23.7,0.0,,No,,,,
250173593031,Bedford,1161.0,1.0,BEDFORD WATER DEPT.,23.7,23.7,0.0,,No,,,,
250173593032,Bedford,998.0,0.981,BEDFORD WATER DEPT.,23.7,23.7,0.019,0.3,No,,,,
250173593033,Bedford,2587.0,1.0,BEDFORD WATER DEPT.,23.7,23.7,0.0,,No,,,,
250173593034,Bedford,1851.0,0.941,BEDFORD WATER DEPT.,23.7,23.7,0.059,0.212,No,,,,
250173593035,Bedford,1139.0,0.766,BEDFORD WATER DEPT.,23.7,23.7,0.234,0.217,No,,,,
250173593036,Bedford,103.0,1.0,HANSCOM AFB,11.8,11.8,0.0,,Yes,Minority,62.1,0.0,216346.0
250173594001,Cambridge,1345.0,1.0,CAMBRIDGE WATER DEPARTMENT,3.4,17.0,0.0,,Yes,Minority,50.3,1.8,104583.0
250173594002,Cambridge,1655.0,1.0,CAMBRIDGE WATER DEPARTMENT,3.4,17.0,0.0,,Yes,Minority,56.5,6.8,103026.0
250173594003,Cambridge,1597.0,1.0,CAMBRIDGE WATER DEPARTMENT,3.4,17.0,0.0,,Yes,Minority,49.1,0.0,90938.0
250173594004,Cambridge,1099.0,1.0,CAMBRIDGE WATER DEPARTMENT,3.4,17.0,0.0,,Yes,Minority,38.5,0.0,67708.0
250173594005,Cambridge,1058.0,1.0,CAMBRIDGE WATER DEPARTMENT,3.4,17.0,0.0,,Yes,Minority,38.4,0.0,79667.0
250173603001,Lincoln,906.0,0.759,LINCOLN WATER DEPT,8.6,9.4,0.241,0.176,No,,,,
250173603002,Lincoln,1200.0,0.684,LINCOLN WATER DEPT,8.6,9.4,0.316,0.13,No,,,,
250173603003,Lincoln,1323.0,0.941,LINCOLN WATER DEPT,8.6,9.4,0.059,0.075,No,,,,
250173603004,Lincoln,2136.0,0.916,LINCOLN WATER DEPT,8.6,9.4,0.084,0.122,No,,,,
250173603005,Lincoln,1449.0,0.989,HANSCOM AFB; HANSCOM FAMILY HOUSING (LANDINGS),11.8,11.8,0.011,0.262,Yes,Minority,41.5,0.0,107656.0
250173611001,Concord,1168.0,1.0,CONCORD WATER DEPT,3.3,4.9,0.0,,No,,,,
250173611002,Concord,1452.0,1.0,CONCORD WATER DEPT,3.3,4.9,0.0,,No,,,,
250173611003,Concord,842.0,1.0,CONCORD WATER DEPT,3.3,4.9,0.0,,No,,,,
250173611004,Concord,1370.0,0.856,CONCORD WATER DEPT,3.3,4.9,0.144,0.192,No,,,,
250173611005,Concord,894.0,0.906,CONCORD WATER DEPT,3.3,4.9,0.094,0.153,No,,,,
250173612001,Concord,1671.0,0.949,CONCORD WATER DEPT,3.3,4.9,0.051,0.288,No,,,,
250173612002,Concord,1086.0,1.0,CONCORD WATER DEPT,3.3,4.9,0.0,,No,,,,
250173612003,Concord,620.0,1.0,CONCORD WATER DEPT,3.3,4.9,0.0,,Yes,Minority,71.0,0.0,159661.0
250173612004,Concord,1821.0,0.961,CONCORD WATER DEPT,3.3,4.9,0.039,0.357,No,,,,
250173612005,Concord,1061.0,1.0,CONCORD WATER DEPT,3.3,4.9,0.0,,No,,,,
250173613001,Concord,1249.0,1.0,CONCORD WATER DEPT,3.3,4.9,0.0,,No,,,,
250173613002,Concord,1432.0,1.0,CONCORD WATER DEPT,3.3,4.9,0.0,,No,,,,
250173613003,Concord,1202.0,0.616,CONCORD WATER DEPT,3.3,4.9,0.384,0.183,No,,,,
250173613004,Concord,1764.0,0.803,CONCORD WATER DEPT,3.3,4.9,0.197,0.247,No,,,,
250173613005,Concord,859.0,0.208,CONCORD WATER DEPT,3.3,4.9,0.792,0.183,No,,,,
250173621001,Carlisle,2749.0,0.0,,,,1.0,0.25,No,,,,
250173621002,Carlisle,2488.0,0.0,,,,1.0,0.212,No,,,,
250173631031,Acton,2416.0,0.654,ACTON WATER SUPPLY DISTRICT,7.6,20.7,0.346,0.282,No,,,,
250173631032,Acton,1201.0,0.847,ACTON WATER SUPPLY DISTRICT,7.6,20.7,0.153,0.315,No,,,,
250173631041,Acton,2631.0,0.861,ACTON WATER SUPPLY DISTRICT,7.6,20.7,0.139,0.347,No,,,,
250173631042,Acton,930.0,0.762,ACTON WATER SUPPLY DISTRICT,7.6,20.7,0.238,0.291,No,,,,
250173631043,Acton,1942.0,0.575,ACTON WATER SUPPLY DISTRICT,7.6,20.7,0.425,0.327,No,,,,
250173631044,Acton,756.0,1.0,ACTON WATER SUPPLY DISTRICT,7.6,20.7,0.0,,No,,,,
250173631051,Acton,1490.0,0.36,ACTON WATER SUPPLY DISTRICT; CONCORD WATER DEPT,5.2,11.7,0.64,0.316,No,,,,
250173631052,Acton,2291.0,0.711,ACTON WATER SUPPLY DISTRICT,7.6,20.7,0.289,0.282,Yes,Minority,55.5,16.5,100417.0
250173631061,Acton,1922.0,0.559,ACTON WATER SUPPLY DISTRICT,7.6,20.7,0.441,0.377,Yes,Minority,56.4,9.9,91970.0
250173631062,Acton,1408.0,0.559,ACTON WATER SUPPLY DISTRICT,7.6,20.7,0.441,0.318,Yes,Minority,47.5,0.0,106458.0
250173632011,Acton,1053.0,0.781,ACTON WATER SUPPLY DISTRICT,7.6,20.7,0.219,0.368,No,,,,
250173632012,Acton,1352.0,0.641,ACTON WATER SUPPLY DISTRICT,7.6,20.7,0.359,0.344,No,,,,
250173632013,Acton,912.0,0.316,ACTON WATER SUPPLY DISTRICT,7.6,20.7,0.684,0.293,No,,,,
250173632021,Acton,851.0,0.927,ACTON WATER SUPPLY DISTRICT,7.6,20.7,0.073,0.346,No,,,,
250173632022,Acton,1314.0,0.589,ACTON WATER SUPPLY DISTRICT,7.6,20.7,0.411,0.35,No,,,,
250173632023,Acton,1552.0,0.953,ACTON WATER SUPPLY DISTRICT,7.6,20.7,0.047,0.341,No,,,,
250173641011,Maynard,2211.0,1.0,"MAYNARD DPW, WATER DIVISION",11.7,13.1,0.0,,No,,,,
250173641012,Maynard,1347.0,1.0,"MAYNARD DPW, WATER DIVISION",11.7,13.1,0.0,,Yes,Income,15.4,0.0,55063.0
250173641013,Maynard,2073.0,1.0,"MAYNARD DPW, WATER DIVISION",11.7,13.1,0.0,,No,,,,
250173641021,Maynard,1429.0,1.0,"MAYNARD DPW, WATER DIVISION",11.7,13.1,0.0,,No,,,,
250173641022,Maynard,1376.0,1.0,"MAYNARD DPW, WATER DIVISION",11.7,13.1,0.0,,No,,,,
250173641023,Maynard,968.0,1.0,"MAYNARD DPW, WATER DIVISION",11.7,13.1,0.0,,No,,,,
250173641024,Maynard,1342.0,0.983,"MAYNARD DPW, WATER DIVISION",11.7,13.1,0.017,0.295,No,,,,
250173651001,Sudbury,1673.0,1.0,SUDBURY WATER DISTRICT,8.8,13.0,0.0,,No,,,,
250173651002,Sudbury,2234.0,1.0,SUDBURY WATER DISTRICT,8.8,13.0,0.0,,No,,,,
250173651003,Sudbury,2454.0,0.901,SUDBURY WATER DISTRICT,8.8,13.0,0.099,0.281,No,,,,
250173651004,Sudbury,1557.0,0.913,SUDBURY WATER DISTRICT,8.8,13.0,0.087,0.101,No,,,,
250173652011,Sudbury,2153.0,1.0,SUDBURY WATER DISTRICT,8.8,13.0,0.0,,No,,,,
250173652012,Sudbury,1364.0,1.0,SUDBURY WATER DISTRICT,8.8,13.0,0.0,,No,,,,
250173652013,Sudbury,1059.0,0.859,SUDBURY WATER DISTRICT,8.8,13.0,0.141,0.28,No,,,,
250173652014,Sudbury,1373.0,1.0,SUDBURY WATER DISTRICT,8.8,13.0,0.0,,No,,,,
250173652021,Sudbury,2544.0,0.796,SUDBURY WATER DISTRICT,8.8,13.0,0.204,0.098,No,,,,
250173652022,Sudbury,1188.0,1.0,SUDBURY WATER DISTRICT,8.8,13.0,0.0,,No,,,,
250173652023,Sudbury,1335.0,1.0,SUDBURY WATER DISTRICT,8.8,13.0,0.0,,No,,,,
250173661001,Wayland,846.0,0.973,WAYLAND WATER DEPARTMENT,9.2,15.2,0.027,0.386,No,,,,
250173661002,Wayland,1168.0,1.0,WAYLAND WATER DEPARTMENT,9.2,15.2,0.0,,No,,,,
250173661003,Wayland,859.0,1.0,WAYLAND WATER DEPARTMENT,9.2,15.2,0.0,,No,,,,
250173661004,Wayland,991.0,0.949,WAYLAND WATER DEPARTMENT,9.2,15.2,0.051,0.353,No,,,,
250173661005,Wayland,1088.0,0.983,WAYLAND WATER DEPARTMENT,9.2,15.2,0.017,0.378,No,,,,
250173662011,Wayland,2720.0,0.886,WAYLAND WATER DEPARTMENT,9.2,15.2,0.114,0.216,No,,,,
250173662012,Wayland,1030.0,1.0,WAYLAND WATER DEPARTMENT,9.2,15.2,0.0,,No,,,,
250173662021,Wayland,2270.0,0.731,WAYLAND WATER DEPARTMENT,9.2,15.2,0.269,0.268,No,,,,
250173662022,Wayland,1972.0,1.0,WAYLAND WATER DEPARTMENT,9.2,15.2,0.0,,No,,,,
250173662023,Wayland,999.0,1.0,WAYLAND WATER DEPARTMENT,9.2,15.2,0.0,,No,,,,
250173671001,Weston,1563.0,0.941,WESTON WATER DEPT.,0.0,0.0,0.059,0.08,No,,,,
250173671002,Weston,1106.0,0.616,CAMPION RESIDENCE AND RENEWAL CTR; WESTON WATER DEPT.,0.0,0.0,0.384,0.082,No,,,,
250173671003,Weston,1416.0,0.879,WESTON WATER DEPT.,0.0,0.0,0.121,0.092,No,,,,
250173671004,Weston,776.0,0.686,WESTON WATER DEPT.,0.0,0.0,0.314,0.091,No,,,,
250173672001,Weston,1428.0,0.847,WESTON WATER DEPT.,0.0,0.0,0.153,0.142,No,,,,
250173672002,Weston,921.0,0.724,WESTON WATER DEPT.,0.0,0.0,0.276,0.304,No,,,,
250173672003,Weston,1574.0,0.642,WESTON WATER DEPT.,0.0,0.0,0.358,0.293,No,,,,
250173672004,Weston,1573.0,0.827,WESTON WATER DEPT.,0.0,0.0,0.173,0.303,No,,,,
250173672005,Weston,686.0,1.0,WESTON WATER DEPT.,0.0,0.0,0.0,,No,,,,
250173672006,Weston,808.0,0.356,WESTON WATER DEPT.,0.0,0.0,0.644,0.084,No,,,,
250173681011,Waltham,1268.0,1.0,WALTHAM WATER DEPARTMENT,0.0,0.0,0.0,,No,,,,
250173681012,Waltham,1397.0,1.0,WALTHAM WATER DEPARTMENT,0.0,0.0,0.0,,Yes,Minority,25.7,0.0,141875.0
250173681013,Waltham,1116.0,1.0,WALTHAM WATER DEPARTMENT,0.0,0.0,0.0,,Yes,Minority,38.1,0.0,103446.0
250173681014,Waltham,2001.0,1.0,WALTHAM WATER DEPARTMENT,0.0,0.0,0.0,,Yes,Minority,53.2,0.0,101786.0
250173681021,Waltham,2860.0,1.0,WALTHAM WATER DEPARTMENT,0.0,0.0,0.0,,Yes,Minority,35.5,5.2,127829.0
250173681022,Waltham,1858.0,0.639,WALTHAM WATER DEPARTMENT,0.0,0.0,0.361,0.127,No,,,,
250173682001,Waltham,1727.0,1.0,WALTHAM WATER DEPARTMENT,0.0,0.0,0.0,,Yes,Minority,36.4,8.6,94375.0
250173682002,Waltham,1730.0,1.0,WALTHAM WATER DEPARTMENT,0.0,0.0,0.0,,No,,,,
250173682003,Waltham,741.0,0.969,WALTHAM WATER DEPARTMENT,0.0,0.0,0.031,0.074,Yes,Minority,26.5,0.0,162689.0
250173683001,Waltham,1297.0,1.0,WALTHAM WATER DEPARTMENT,0.0,0.0,0.0,,Yes,Minority,48.9,7.3,70942.0
250173683002,Waltham,1037.0,1.0,WALTHAM WATER DEPARTMENT,0.0,0.0,0.0,,Yes,Minority,48.7,0.0,64138.0
250173683003,Waltham,954.0,1.0,WALTHAM WATER DEPARTMENT,0.0,0.0,0.0,,Yes,Minority,49.9,6.7,65934.0
250173683004,Waltham,1221.0,1.0,WALTHAM WATER DEPARTMENT,0.0,0.0,0.0,,Yes,Minority,37.7,17.4,76047.0
250173683005,Waltham,1254.0,1.0,WALTHAM WATER DEPARTMENT,0.0,0.0,0.0,,Yes,Minority,61.5,4.3,94350.0
250173684001,Waltham,1253.0,1.0,WALTHAM WATER DEPARTMENT,0.0,0.0,0.0,,Yes,Minority and income,57.1,12.3,44289.0
250173684002,Waltham,1464.0,0.842,WALTHAM WATER DEPARTMENT,0.0,0.0,0.158,0.138,Yes,Minority,43.5,7.2,98779.0
250173684003,Waltham,1458.0,0.931,WALTHAM WATER DEPARTMENT,0.0,0.0,0.069,0.16,No,,,,
250173684004,Waltham,669.0,1.0,WALTHAM WATER DEPARTMENT,0.0,0.0,0.0,,Yes,Minority,34.4,0.0,111875.0
250173684005,Waltham,2333.0,1.0,WALTHAM WATER DEPARTMENT,0.0,0.0,0.0,,Yes,Minority,41.3,0.0,104667.0
250173684006,Waltham,1429.0,1.0,WALTHAM WATER DEPARTMENT,0.0,0.0,0.0,,Yes,Minority,47.6,4.3,87574.0
250173685001,Waltham,899.0,1.0,WALTHAM WATER DEPARTMENT,0.0,0.0,0.0,,Yes,Minority and income,54.6,0.5,45000.0
250173685002,Waltham,1049.0,1.0,WALTHAM WATER DEPARTMENT,0.0,0.0,0.0,,Yes,Minority,48.8,2.7,73500.0
250173685003,Waltham,1471.0,1.0,WALTHAM WATER DEPARTMENT,0.0,0.0,0.0,,Yes,Minority,50.8,9.9,79013.0
250173686001,Waltham,819.0,1.0,WALTHAM WATER DEPARTMENT,0.0,0.0,0.0,,Yes,Minority,34.4,0.0,105039.0
250173686002,Waltham,698.0,1.0,WALTHAM WATER DEPARTMENT,0.0,0.0,0.0,,Yes,Minority,41.1,0.0,84083.0
250173686003,Waltham,1106.0,1.0,WALTHAM WATER DEPARTMENT,0.0,0.0,0.0,,Yes,Minority and income,54.5,21.2,43594.0
250173686004,Waltham,1914.0,1.0,WALTHAM WATER DEPARTMENT,0.0,0.0,0.0,,Yes,Minority,43.6,18.5,88333.0
250173686005,Waltham,1319.0,1.0,WALTHAM WATER DEPARTMENT,0.0,0.0,0.0,,Yes,Minority,45.3,0.0,114926.0
250173687001,Waltham,1321.0,1.0,WALTHAM WATER DEPARTMENT,0.0,0.0,0.0,,Yes,Minority,57.6,3.3,96042.0
250173687002,Waltham,1363.0,1.0,WALTHAM WATER DEPARTMENT,0.0,0.0,0.0,,Yes,Minority and income,62.7,18.3,53900.0
250173688001,Waltham,1343.0,1.0,WALTHAM WATER DEPARTMENT,0.0,0.0,0.0,,Yes,Minority,62.0,16.2,70750.0
250173688002,Waltham,1452.0,1.0,WALTHAM WATER DEPARTMENT,0.0,0.0,0.0,,Yes,Minority,51.2,1.5,78438.0
250173688003,Waltham,1200.0,1.0,WALTHAM WATER DEPARTMENT,0.0,0.0,0.0,,Yes,Minority,25.3,9.1,86250.0
250173688004,Waltham,995.0,1.0,WALTHAM WATER DEPARTMENT,0.0,0.0,0.0,,Yes,Minority,39.7,2.0,96660.0
250173688005,Waltham,1179.0,1.0,WALTHAM WATER DEPARTMENT,0.0,0.0,0.0,,Yes,Minority,59.6,10.5,90360.0
250173689011,Waltham,507.0,1.0,WALTHAM WATER DEPARTMENT,0.0,0.0,0.0,,No,,,,
250173689012,Waltham,814.0,1.0,WALTHAM WATER DEPARTMENT,0.0,0.0,0.0,,No,,,,
250173689013,Waltham,1015.0,1.0,WALTHAM WATER DEPARTMENT,0.0,0.0,0.0,,No,,,,
250173689014,Waltham,592.0,1.0,WALTHAM WATER DEPARTMENT,0.0,0.0,0.0,,No,,,,
250173689015,Waltham,1985.0,1.0,WALTHAM WATER DEPARTMENT,0.0,0.0,0.0,,Yes,Minority,43.9,1.0,115172.0
250173689016,Waltham,1060.0,0.565,WALTHAM WATER DEPARTMENT,0.0,0.0,0.435,0.189,Yes,Minority,28.3,1.5,78000.0
250173689021,Waltham,2093.0,1.0,WALTHAM WATER DEPARTMENT,0.0,0.0,0.0,,Yes,Minority,69.5,10.4,65455.0
250173689022,Waltham,751.0,1.0,WALTHAM WATER DEPARTMENT,0.0,0.0,0.0,,Yes,"Minority, income and English isolation",51.4,28.0,54000.0
250173689023,Waltham,847.0,1.0,WALTHAM WATER DEPARTMENT,0.0,0.0,0.0,,Yes,Minority,52.7,3.5,70066.0
250173690001,Waltham,3300.0,0.991,WALTHAM WATER DEPARTMENT,0.0,0.0,0.009,0.151,No,,,,
250173691001,Waltham,869.0,1.0,WALTHAM WATER DEPARTMENT,0.0,0.0,0.0,,Yes,Minority,24.5,3.1,94583.0
250173691002,Waltham,1878.0,0.996,WALTHAM WATER DEPARTMENT,0.0,0.0,0.004,0.195,No,,,,
250173691003,Waltham,1171.0,1.0,WALTHAM WATER DEPARTMENT,0.0,0.0,0.0,,No,,,,
250173691004,Waltham,1141.0,1.0,WALTHAM WATER DEPARTMENT,0.0,0.0,0.0,,No,,,,
250173701011,Watertown,1643.0,1.0,WATERTOWN WATER DEPT. (MWRA),0.0,0.0,0.0,,No,,,,
250173701012,Watertown,940.0,1.0,WATERTOWN WATER DEPT. (MWRA),0.0,0.0,0.0,,Yes,Minority,25.0,0.0,126167.0
250173701013,Watertown,1712.0,1.0,WATERTOWN WATER DEPT. (MWRA),0.0,0.0,0.0,,Yes,Minority,26.7,2.5,103777.0
250173701014,Watertown,840.0,1.0,WATERTOWN WATER DEPT. (MWRA),0.0,0.0,0.0,,Yes,Minority,25.4,0.0,85156.0
250173701015,Watertown,1672.0,1.0,WATERTOWN WATER DEPT. (MWRA),0.0,0.0,0.0,,Yes,Minority,33.1,5.7,94155.0
250173701031,Watertown,1750.0,1.0,WATERTOWN WATER DEPT. (MWRA),0.0,0.0,0.0,,Yes,Minority,39.7,8.5,75096.0
250173701032,Watertown,1031.0,1.0,WATERTOWN WATER DEPT. (MWRA),0.0,0.0,0.0,,Yes,Minority,31.3,2.6,83482.0
250173701033,Watertown,763.0,1.0,WATERTOWN WATER DEPT. (MWRA),0.0,0.0,0.0,,Yes,Minority,26.9,0.0,102371.0
250173701041,Watertown,1851.0,1.0,WATERTOWN WATER DEPT. (MWRA),0.0,0.0,0.0,,Yes,Minority,28.4,5.2,106600.0
250173701042,Watertown,1883.0,1.0,WATERTOWN WATER DEPT. (MWRA),0.0,0.0,0.0,,Yes,Minority,29.4,0.0,103646.0
250173702011,Watertown,1197.0,1.0,WATERTOWN WATER DEPT. (MWRA),0.0,0.0,0.0,,No,,,,
250173702012,Watertown,1370.0,1.0,WATERTOWN WATER DEPT. (MWRA),0.0,0.0,0.0,,No,,,,
250173702013,Watertown,1231.0,1.0,WATERTOWN WATER DEPT. (MWRA),0.0,0.0,0.0,,No,,,,
250173702021,Watertown,893.0,1.0,WATERTOWN WATER DEPT. (MWRA),0.0,0.0,0.0,,No,,,,
250173702022,Watertown,987.0,1.0,WATERTOWN WATER DEPT. (MWRA),0.0,0.0,0.0,,No,,,,
250173702023,Watertown,956.0,1.0,WATERTOWN WATER DEPT. (MWRA),0.0,0.0,0.0,,No,,,,
250173702024,Watertown,1386.0,1.0,WATERTOWN WATER DEPT. (MWRA),0.0,0.0,0.0,,No,,,,
250173703011,Watertown,641.0,1.0,WATERTOWN WATER DEPT. (MWRA),0.0,0.0,0.0,,Yes,Minority,41.0,0.0,117778.0
250173703012,Watertown,1260.0,1.0,WATERTOWN WATER DEPT. (MWRA),0.0,0.0,0.0,,No,,,,
250173703013,Watertown,1058.0,1.0,WATERTOWN WATER DEPT. (MWRA),0.0,0.0,0.0,,Yes,Minority,36.1,8.6,95974.0
250173703014,Watertown,852.0,1.0,WATERTOWN WATER DEPT. (MWRA),0.0,0.0,0.0,,Yes,Minority,32.0,0.0,68516.0
250173703015,Watertown,720.0,1.0,WATERTOWN WATER DEPT. (MWRA),0.0,0.0,0.0,,Yes,Minority and income,26.7,0.0,54188.0
250173703021,Watertown,306.0,1.0,WATERTOWN WATER DEPT. (MWRA),0.0,0.0,0.0,,Yes,Income and English isolation,19.6,26.1,18148.0
250173703022,Watertown,1266.0,1.0,WATERTOWN WATER DEPT. (MWRA),0.0,0.0,0.0,,Yes,Minority,31.0,12.3,67373.0
250173704011,Watertown,1471.0,1.0,WATERTOWN WATER DEPT. (MWRA),0.0,0.0,0.0,,No,,,,
250173704012,Watertown,2060.0,1.0,WATERTOWN WATER DEPT. (MWRA),0.0,0.0,0.0,,Yes,Minority,34.7,18.4,150362.0
250173704021,Watertown,616.0,1.0,WATERTOWN WATER DEPT. (MWRA),0.0,0.0,0.0,,Yes,Minority,25.8,0.0,109206.0
250173704022,Watertown,904.0,1.0,WATERTOWN WATER DEPT. (MWRA),0.0,0.0,0.0,,Yes,Minority,30.9,0.0,126008.0
250173704031,Watertown,744.0,1.0,WATERTOWN WATER DEPT. (MWRA),0.0,0.0,0.0,,Yes,Minority,35.2,8.2,60481.0
250173704032,Watertown,1326.0,1.0,WATERTOWN WATER DEPT. (MWRA),0.0,0.0,0.0,,Yes,Minority,27.3,7.1,112731.0
250173731001,Newton,839.0,1.0,NEWTON WATER DEPT. (MWRA),0.0,0.0,0.0,,No,,,,
250173731002,Newton,1095.0,1.0,NEWTON WATER DEPT. (MWRA),0.0,0.0,0.0,,No,,,,
250173731003,Newton,955.0,1.0,NEWTON WATER DEPT. (MWRA),0.0,0.0,0.0,,No,,,,
250173731004,Newton,913.0,1.0,NEWTON WATER DEPT. (MWRA),0.0,0.0,0.0,,No,,,,
250173731005,Newton,1311.0,1.0,NEWTON WATER DEPT. (MWRA),0.0,0.0,0.0,,No,,,,
250173732001,Newton,1218.0,1.0,NEWTON WATER DEPT. (MWRA),0.0,0.0,0.0,,Yes,Income,37.8,16.4,52450.0
250173732002,Newton,869.0,1.0,NEWTON WATER DEPT. (MWRA),0.0,0.0,0.0,,No,,,,
250173732003,Newton,971.0,1.0,NEWTON WATER DEPT. (MWRA),0.0,0.0,0.0,,No,,,,
250173732004,Newton,1731.0,1.0,NEWTON WATER DEPT. (MWRA),0.0,0.0,0.0,,No,,,,
250173733001,Newton,892.0,1.0,NEWTON WATER DEPT. (MWRA),0.0,0.0,0.0,,No,,,,
250173733002,Newton,1240.0,1.0,NEWTON WATER DEPT. (MWRA),0.0,0.0,0.0,,No,,,,
250173733003,Newton,968.0,1.0,NEWTON WATER DEPT. (MWRA),0.0,0.0,0.0,,No,,,,
250173734001,Newton,2067.0,1.0,NEWTON WATER DEPT. (MWRA),0.0,0.0,0.0,,No,,,,
250173734002,Newton,1252.0,1.0,NEWTON WATER DEPT. (MWRA),0.0,0.0,0.0,,No,,,,
250173735001,Newton,1298.0,1.0,NEWTON WATER DEPT. (MWRA),0.0,0.0,0.0,,No,,,,
250173735002,Newton,2376.0,1.0,NEWTON WATER DEPT. (MWRA),0.0,0.0,0.0,,No,,,,
250173735003,Newton,2563.0,1.0,NEWTON WATER DEPT. (MWRA),0.0,0.0,0.0,,No,,,,
250173736001,Newton,1118.0,1.0,NEWTON WATER DEPT. (MWRA),0.0,0.0,0.0,,No,,,,
250173736002,Newton,3233.0,1.0,NEWTON WATER DEPT. (MWRA),0.0,0.0,0.0,,No,,,,
250173736003,Newton,1781.0,1.0,NEWTON WATER DEPT. (MWRA),0.0,0.0,0.0,,No,,,,
250173737001,Newton,807.0,1.0,NEWTON WATER DEPT. (MWRA),0.0,0.0,0.0,,No,,,,
250173737002,Newton,1207.0,1.0,NEWTON WATER DEPT. (MWRA),0.0,0.0,0.0,,No,,,,
250173737003,Newton,1093.0,1.0,NEWTON WATER DEPT. (MWRA),0.0,0.0,0.0,,No,,,,
250173737004,Newton,747.0,1.0,NEWTON WATER DEPT. (MWRA),0.0,0.0,0.0,,No,,,,
250173738001,Newton,1979.0,1.0,NEWTON WATER DEPT. (MWRA),0.0,0.0,0.0,,No,,,,
250173738002,Newton,1844.0,1.0,NEWTON WATER DEPT. (MWRA),0.0,0.0,0.0,,No,,,,
250173738003,Newton,1541.0,1.0,NEWTON WATER DEPT. (MWRA),0.0,0.0,0.0,,No,,,,
250173738004,Newton,702.0,1.0,NEWTON WATER DEPT. (MWRA),0.0,0.0,0.0,,No,,,,
250173739011,Newton,1848.0,1.0,NEWTON WATER DEPT. (MWRA),0.0,0.0,0.0,,No,,,,
250173739012,Newton,1280.0,1.0,NEWTON WATER DEPT. (MWRA),0.0,0.0,0.0,,No,,,,
250173739021,Newton,931.0,1.0,NEWTON WATER DEPT. (MWRA),0.0,0.0,0.0,,Yes,Minority,42.5,2.4,106250.0
250173739022,Newton,1638.0,1.0,NEWTON WATER DEPT. (MWRA),0.0,0.0,0.0,,No,,,,
250173739023,Newton,1307.0,1.0,NEWTON WATER DEPT. (MWRA),0.0,0.0,0.0,,No,,,,
250173740001,Newton,1518.0,1.0,NEWTON WATER DEPT. (MWRA),0.0,0.0,0.0,,No,,,,
250173740002,Newton,1957.0,1.0,NEWTON WATER DEPT. (MWRA),0.0,0.0,0.0,,No,,,,
250173740003,Newton,1333.0,1.0,NEWTON WATER DEPT. (MWRA),0.0,0.0,0.0,,No,,,,
250173741001,Newton,2146.0,1.0,NEWTON WATER DEPT. (MWRA),0.0,0.0,0.0,,Yes,Minority,42.5,8.5,120859.0
250173741002,Newton,1687.0,1.0,NEWTON WATER DEPT. (MWRA),0.0,0.0,0.0,,Yes,Minority,41.1,3.4,118750.0
250173741003,Newton,1132.0,1.0,NEWTON WATER DEPT. (MWRA),0.0,0.0,0.0,,Yes,Minority,41.6,10.2,145491.0
250173742001,Newton,1003.0,1.0,NEWTON WATER DEPT. (MWRA),0.0,0.0,0.0,,No,,,,
250173742002,Newton,1778.0,1.0,NEWTON WATER DEPT. (MWRA),0.0,0.0,0.0,,No,,,,
250173742003,Newton,1530.0,1.0,NEWTON WATER DEPT. (MWRA),0.0,0.0,0.0,,No,,,,
250173743001,Newton,1307.0,1.0,NEWTON WATER DEPT. (MWRA),0.0,0.0,0.0,,No,,,,
250173743002,Newton,1458.0,1.0,NEWTON WATER DEPT. (MWRA),0.0,0.0,0.0,,No,,,,
250173743003,Newton,1007.0,1.0,NEWTON WATER DEPT. (MWRA),0.0,0.0,0.0,,No,,,,
250173744001,Newton,1268.0,1.0,NEWTON WATER DEPT. (MWRA),0.0,0.0,0.0,,No,,,,
250173744002,Newton,913.0,1.0,NEWTON WATER DEPT. (MWRA),0.0,0.0,0.0,,No,,,,
250173744003,Newton,1035.0,1.0,NEWTON WATER DEPT. (MWRA),0.0,0.0,0.0,,No,,,,
250173744004,Newton,1670.0,1.0,NEWTON WATER DEPT. (MWRA),0.0,0.0,0.0,,No,,,,
250173744005,Newton,1069.0,1.0,NEWTON WATER DEPT. (MWRA),0.0,0.0,0.0,,No,,,,
250173745001,Newton,873.0,1.0,NEWTON WATER DEPT. (MWRA),0.0,0.0,0.0,,No,,,,
250173745002,Newton,1353.0,1.0,NEWTON WATER DEPT. (MWRA),0.0,0.0,0.0,,Yes,Minority,40.1,6.8,116250.0
250173745003,Newton,846.0,1.0,NEWTON WATER DEPT. (MWRA),0.0,0.0,0.0,,No,,,,
250173745004,Newton,757.0,1.0,NEWTON WATER DEPT. (MWRA),0.0,0.0,0.0,,No,,,,
250173745005,Newton,757.0,1.0,NEWTON WATER DEPT. (MWRA),0.0,0.0,0.0,,No,,,,
250173746001,Newton,1628.0,1.0,NEWTON WATER DEPT. (MWRA),0.0,0.0,0.0,,No,,,,
250173746002,Newton,1260.0,1.0,NEWTON WATER DEPT. (MWRA),0.0,0.0,0.0,,No,,,,
250173746003,Newton,1373.0,1.0,NEWTON WATER DEPT. (MWRA),0.0,0.0,0.0,,No,,,,
250173746004,Newton,1024.0,1.0,NEWTON WATER DEPT. (MWRA),0.0,0.0,0.0,,No,,,,
250173747001,Newton,1871.0,1.0,NEWTON WATER DEPT. (MWRA),0.0,0.0,0.0,,No,,,,
250173747002,Newton,834.0,1.0,NEWTON WATER DEPT. (MWRA),0.0,0.0,0.0,,No,,,,
250173747003,Newton,1897.0,1.0,NEWTON WATER DEPT. (MWRA),0.0,0.0,0.0,,No,,,,
250173748001,Newton,1477.0,1.0,NEWTON WATER DEPT. (MWRA),0.0,0.0,0.0,,No,,,,
250173748002,Newton,2351.0,1.0,NEWTON WATER DEPT. (MWRA),0.0,0.0,0.0,,No,,,,
250173748003,Newton,1197.0,1.0,NEWTON WATER DEPT. (MWRA),0.0,0.0,0.0,,No,,,,
250173821001,Natick,1469.0,1.0,NATICK WATER AND SEWER DIVISION,5.3,25.2,0.0,,No,,,,
250173821002,Natick,934.0,1.0,NATICK WATER AND SEWER DIVISION,5.3,25.2,0.0,,No,,,,
250173821003,Natick,885.0,1.0,NATICK WATER AND SEWER DIVISION,5.3,25.2,0.0,,No,,,,
250173821004,Natick,863.0,1.0,NATICK WATER AND SEWER DIVISION,5.3,25.2,0.0,,No,,,,
250173821005,Natick,995.0,1.0,NATICK WATER AND SEWER DIVISION,5.3,25.2,0.0,,No,,,,
250173822001,Natick,1544.0,1.0,NATICK WATER AND SEWER DIVISION,5.3,25.2,0.0,,No,,,,
250173822002,Natick,1321.0,1.0,NATICK WATER AND SEWER DIVISION,5.3,25.2,0.0,,No,,,,
250173822003,Natick,1132.0,1.0,NATICK WATER AND SEWER DIVISION,5.3,25.2,0.0,,No,,,,
250173822004,Natick,1378.0,1.0,NATICK WATER AND SEWER DIVISION,5.3,25.2,0.0,,No,,,,
250173823001,Natick,827.0,1.0,NATICK WATER AND SEWER DIVISION,5.3,25.2,0.0,,No,,,,
250173823002,Natick,2586.0,1.0,NATICK WATER AND SEWER DIVISION,5.3,25.2,0.0,,No,,,,
250173823003,Natick,945.0,0.833,NATICK WATER AND SEWER DIVISION,5.3,25.2,0.167,0.292,No,,,,
250173823004,Natick,1559.0,0.743,NATICK WATER AND SEWER DIVISION,5.3,25.2,0.257,0.33,No,,,,
250173824001,Natick,1476.0,1.0,NATICK WATER AND SEWER DIVISION,5.3,25.2,0.0,,No,,,,
250173824002,Natick,1374.0,0.791,NATICK WATER AND SEWER DIVISION,5.3,25.2,0.209,0.301,No,,,,
250173824003,Natick,1528.0,1.0,NATICK WATER AND SEWER DIVISION,5.3,25.2,0.0,,No,,,,
250173824004,Natick,962.0,1.0,NATICK WATER AND SEWER DIVISION,5.3,25.2,0.0,,Yes,Income,22.2,1.9,31472.0
250173825001,Natick,1360.0,1.0,NATICK WATER AND SEWER DIVISION,5.3,25.2,0.0,,Yes,Minority,32.6,0.0,88015.0
250173825002,Natick,1687.0,1.0,NATICK WATER AND SEWER DIVISION,5.3,25.2,0.0,,No,,,,
250173825003,Natick,959.0,1.0,NATICK WATER AND SEWER DIVISION,5.3,25.2,0.0,,No,,,,
250173825004,Natick,1658.0,1.0,NATICK WATER AND SEWER DIVISION,5.3,25.2,0.0,,Yes,Minority,34.1,12.8,111129.0
250173826011,Natick,1704.0,1.0,NATICK WATER AND SEWER DIVISION,5.3,25.2,0.0,,Yes,Minority,36.6,17.6,123125.0
250173826012,Natick,691.0,0.0,,,,1.0,0.398,Yes,Minority,38.8,2.9,84000.0
250173826013,Natick,1011.0,1.0,NATICK WATER AND SEWER DIVISION,5.3,25.2,0.0,,Yes,Minority,49.1,11.9,98708.0
250173826014,Natick,1388.0,1.0,NATICK WATER AND SEWER DIVISION,5.3,25.2,0.0,,Yes,Minority,59.9,9.4,98724.0
250173826021,Natick,925.0,1.0,NATICK WATER AND SEWER DIVISION,5.3,25.2,0.0,,Yes,Minority,30.6,8.0,171111.0
250173826022,Natick,1632.0,1.0,NATICK WATER AND SEWER DIVISION,5.3,25.2,0.0,,Yes,Income,18.1,5.9,31528.0
250173826023,Natick,1116.0,1.0,NATICK WATER AND SEWER DIVISION,5.3,25.2,0.0,,Yes,Minority,28.0,5.6,87000.0
250173826024,Natick,1097.0,1.0,NATICK WATER AND SEWER DIVISION,5.3,25.2,0.0,,Yes,Minority and English isolation,30.4,25.6,105972.0
250173831011,Framingham,2215.0,0.7,FRAMINGHAM WATER DEPT. (MWRA),0.0,0.0,0.3,0.369,Yes,"Minority, income and English isolation",75.3,44.3,45521.0
250173831012,Framingham,1934.0,0.762,FRAMINGHAM WATER DEPT. (MWRA),0.0,0.0,0.238,0.423,Yes,"Minority, income and English isolation",81.7,46.1,51354.0
250173831021,Framingham,2268.0,1.0,FRAMINGHAM WATER DEPT. (MWRA),0.0,0.0,0.0,,Yes,Minority and English isolation,77.5,29.8,56412.0
250173831022,Framingham,2744.0,0.529,FRAMINGHAM WATER DEPT. (MWRA),0.0,0.0,0.471,0.464,Yes,Minority and income,87.2,19.4,38300.0
250173832001,Framingham,1955.0,1.0,FRAMINGHAM WATER DEPT. (MWRA),0.0,0.0,0.0,,Yes,Minority and income,79.0,15.3,35700.0
250173832002,Framingham,1254.0,1.0,FRAMINGHAM WATER DEPT. (MWRA),0.0,0.0,0.0,,Yes,Minority,52.5,12.6,126379.0
250173832003,Framingham,1265.0,1.0,FRAMINGHAM WATER DEPT. (MWRA),0.0,0.0,0.0,,Yes,Minority,73.0,19.5,71887.0
250173832004,Framingham,2117.0,1.0,FRAMINGHAM WATER DEPT. (MWRA),0.0,0.0,0.0,,Yes,Minority,56.7,4.2,91038.0
250173833001,Framingham,1761.0,1.0,FRAMINGHAM WATER DEPT. (MWRA),0.0,0.0,0.0,,Yes,Minority and English isolation,67.2,36.9,71386.0
250173833002,Framingham,1430.0,1.0,FRAMINGHAM WATER DEPT. (MWRA),0.0,0.0,0.0,,Yes,Minority,30.3,0.0,97060.0
250173834011,Framingham,1597.0,1.0,FRAMINGHAM WATER DEPT. (MWRA),0.0,0.0,0.0,,Yes,Minority and income,71.6,22.4,52682.0
250173834012,Framingham,902.0,1.0,FRAMINGHAM WATER DEPT. (MWRA),0.0,0.0,0.0,,Yes,Minority,44.5,0.0,81932.0
250173834021,Framingham,1893.0,1.0,FRAMINGHAM WATER DEPT. (MWRA),0.0,0.0,0.0,,Yes,Minority,61.0,14.2,73400.0
250173834022,Framingham,1906.0,1.0,FRAMINGHAM WATER DEPT. (MWRA),0.0,0.0,0.0,,Yes,Minority and English isolation,66.7,51.3,81346.0
250173835011,Framingham,1985.0,0.349,FRAMINGHAM WATER DEPT. (MWRA),0.0,0.0,0.651,0.184,Yes,Minority,61.4,17.4,86065.0
250173835012,Framingham,1575.0,1.0,FRAMINGHAM WATER DEPT. (MWRA),0.0,0.0,0.0,,Yes,Minority and income,56.6,20.1,20417.0
250173835013,Framingham,1114.0,1.0,FRAMINGHAM WATER DEPT. (MWRA),0.0,0.0,0.0,,Yes,Minority,55.4,4.1,115500.0
250173835021,Framingham,1181.0,1.0,FRAMINGHAM WATER DEPT. (MWRA),0.0,0.0,0.0,,Yes,Minority,36.2,7.4,61687.0
250173835022,Framingham,544.0,1.0,FRAMINGHAM WATER DEPT. (MWRA),0.0,0.0,0.0,,Yes,Minority,36.8,2.9,136429.0
250173835023,Framingham,2207.0,1.0,FRAMINGHAM WATER DEPT. (MWRA),0.0,0.0,0.0,,Yes,Minority,28.8,6.3,58281.0
250173836001,Framingham,1612.0,1.0,FRAMINGHAM WATER DEPT. (MWRA),0.0,0.0,0.0,,Yes,Minority,35.0,2.0,120391.0
250173836002,Framingham,722.0,0.986,FRAMINGHAM WATER DEPT. (MWRA),0.0,0.0,0.014,0.403,Yes,Minority,83.1,10.0,75805.0
250173836003,Framingham,2142.0,1.0,FRAMINGHAM WATER DEPT. (MWRA),0.0,0.0,0.0,,Yes,Minority,36.7,15.1,100417.0
250173836004,Framingham,1865.0,1.0,FRAMINGHAM WATER DEPT. (MWRA),0.0,0.0,0.0,,Yes,Minority,30.7,0.0,110603.0
250173837001,Framingham,980.0,1.0,FRAMINGHAM WATER DEPT. (MWRA),0.0,0.0,0.0,,No,,,,
250173837002,Framingham,576.0,1.0,FRAMINGHAM WATER DEPT. (MWRA),0.0,0.0,0.0,,Yes,Minority,33.0,0.0,194286.0
250173837003,Framingham,2662.0,1.0,FRAMINGHAM WATER DEPT. (MWRA),0.0,0.0,0.0,,Yes,Minority,40.3,7.0,95637.0
250173837004,Framingham,1090.0,1.0,FRAMINGHAM WATER DEPT. (MWRA),0.0,0.0,0.0,,Yes,Minority,28.3,6.1,117639.0
250173838001,Framingham,1984.0,1.0,FRAMINGHAM WATER DEPT. (MWRA),0.0,0.0,0.0,,Yes,Minority,33.5,0.0,184792.0
250173838002,Framingham,1106.0,1.0,FRAMINGHAM WATER DEPT. (MWRA),0.0,0.0,0.0,,Yes,Minority,34.6,8.7,102500.0
250173838003,Framingham,910.0,1.0,FRAMINGHAM WATER DEPT. (MWRA),0.0,0.0,0.0,,No,,,,
250173838004,Framingham,1397.0,1.0,FRAMINGHAM WATER DEPT. (MWRA),0.0,0.0,0.0,,No,,,,
250173838005,Framingham,959.0,1.0,FRAMINGHAM WATER DEPT. (MWRA),0.0,0.0,0.0,,Yes,Minority,28.8,0.0,102174.0
250173839021,Framingham,2653.0,0.823,FRAMINGHAM WATER DEPT. (MWRA),0.0,0.0,0.177,0.107,Yes,Minority,25.5,0.5,161302.0
250173839022,Framingham,1342.0,1.0,FRAMINGHAM WATER DEPT. (MWRA),0.0,0.0,0.0,,Yes,Minority,25.3,0.0,161136.0
250173839023,Framingham,1471.0,0.91,FRAMINGHAM WATER DEPT. (MWRA),0.0,0.0,0.09,0.097,No,,,,
250173839031,Framingham,1307.0,1.0,FRAMINGHAM WATER DEPT. (MWRA),0.0,0.0,0.0,,Yes,Minority,24.6,4.8,120338.0
250173839032,Framingham,1358.0,1.0,FRAMINGHAM WATER DEPT. (MWRA),0.0,0.0,0.0,,No,,,,
250173839041,Framingham,853.0,1.0,FRAMINGHAM WATER DEPT. (MWRA),0.0,0.0,0.0,,No,,,,
250173839042,Framingham,798.0,1.0,FRAMINGHAM WATER DEPT. (MWRA),0.0,0.0,0.0,,No,,,,
250173839043,Framingham,1427.0,1.0,FRAMINGHAM WATER DEPT. (MWRA),0.0,0.0,0.0,,No,,,,
250173839044,Framingham,2143.0,0.436,FRAMINGHAM WATER DEPT. (MWRA),0.0,0.0,0.564,0.184,Yes,Minority,26.3,13.9,68005.0
250173840031,Framingham,40.0,0.0,,,,1.0,0.08,No,,,,
250173840032,Framingham,937.0,0.954,FRAMINGHAM WATER DEPT. (MWRA),0.0,0.0,0.046,0.092,Yes,Minority,32.3,0.0,190368.0
250173840033,Framingham,2782.0,1.0,FRAMINGHAM WATER DEPT. (MWRA),0.0,0.0,0.0,,Yes,Minority,54.6,2.1,69620.0
250173840034,Framingham,1940.0,0.969,FRAMINGHAM WATER DEPT. (MWRA),0.0,0.0,0.031,0.146,Yes,Minority,30.3,0.0,182500.0
250173840041,Framingham,1459.0,0.912,FRAMINGHAM WATER DEPT. (MWRA),0.0,0.0,0.088,0.166,Yes,Minority,33.7,0.0,108693.0
250173851011,Ashland,2869.0,0.601,ASHLAND WATER AND SEWER DEPT.,4.3,7.5,0.399,0.204,Yes,Minority,24.7,3.8,151667.0
250173851021,Ashland,1522.0,0.672,ASHLAND WATER AND SEWER DEPT.,4.3,7.5,0.328,0.125,Yes,Minority,32.2,0.0,131707.0
250173851022,Ashland,1387.0,1.0,ASHLAND WATER AND SEWER DEPT.,4.3,7.5,0.0,,Yes,Minority and income,27.1,9.8,54500.0
250173851023,Ashland,2063.0,0.56,ASHLAND WATER AND SEWER DEPT.,4.3,7.5,0.44,0.11,Yes,Minority,26.4,1.0,136154.0
250173852011,Ashland,2837.0,0.619,ASHLAND WATER AND SEWER DEPT.,4.3,7.5,0.381,0.172,Yes,Minority,31.3,4.2,97875.0
250173852031,Ashland,1326.0,1.0,ASHLAND WATER AND SEWER DEPT.,4.3,7.5,0.0,,Yes,Minority,33.1,3.0,72721.0
250173852032,Ashland,1811.0,1.0,ASHLAND WATER AND SEWER DEPT.,4.3,7.5,0.0,,Yes,Minority,28.9,2.7,89760.0
250173852033,Ashland,1660.0,0.798,ASHLAND WATER AND SEWER DEPT.,4.3,7.5,0.202,0.283,Yes,Minority,39.4,3.7,118646.0
250173852041,Ashland,3357.0,0.948,ASHLAND WATER AND SEWER DEPT.,4.3,7.5,0.052,0.294,Yes,Minority,39.2,0.0,144833.0
250173861001,Sherborn,989.0,0.0,,,,1.0,0.203,No,,,,
250173861002,Sherborn,1939.0,0.073,FIELDS AT SHERBORN CONDO TRUST; WOODHAVEN ELDER HOUSING COMMITTEE,4.7,6.4,0.927,0.212,No,,,,
250173861003,Sherborn,1473.0,0.0,,,,1.0,0.195,No,,,,
250173871001,Holliston,991.0,0.617,HOLLISTON WATER DEPARTMENT,7.7,10.1,0.383,0.236,No,,,,
250173871002,Holliston,1894.0,0.531,HOLLISTON WATER DEPARTMENT,7.7,10.1,0.469,0.305,No,,,,
250173871003,Holliston,654.0,0.873,HOLLISTON WATER DEPARTMENT,7.7,10.1,0.127,0.23,No,,,,
250173871004,Holliston,840.0,0.919,HOLLISTON WATER DEPARTMENT,7.7,10.1,0.081,0.256,No,,,,
250173872011,Holliston,797.0,1.0,HOLLISTON WATER DEPARTMENT,7.7,10.1,0.0,,No,,,,
250173872012,Holliston,1015.0,0.662,HOLLISTON WATER DEPARTMENT,7.7,10.1,0.338,0.205,No,,,,
250173872013,Holliston,1002.0,1.0,HOLLISTON WATER DEPARTMENT,7.7,10.1,0.0,,No,,,,
250173872014,Holliston,2240.0,1.0,HOLLISTON WATER DEPARTMENT,7.7,10.1,0.0,,No,,,,
250173872015,Holliston,1177.0,0.94,HOLLISTON WATER DEPARTMENT,7.7,10.1,0.06,0.246,Yes,Minority,41.9,0.0,73611.0
250173872021,Holliston,1198.0,1.0,HOLLISTON WATER DEPARTMENT,7.7,10.1,0.0,,No,,,,
250173872022,Holliston,1112.0,0.71,HOLLISTON WATER DEPARTMENT,7.7,10.1,0.29,0.202,No,,,,
250173872023,Holliston,2076.0,0.807,HOLLISTON WATER DEPARTMENT,7.7,10.1,0.193,0.166,No,,,,
250173881001,Boxborough,2917.0,0.096,APPLEWOOD COMMUNITY CORPORATION; LITTLETON WATER DEPARTMENT,23.1,25.1,0.904,0.295,Yes,Minority,31.4,2.9,132276.0
250173881002,Boxborough,1589.0,0.126,PADDOCK ESTATES,2.4,3.6,0.874,0.281,Yes,Minority,36.2,0.0,143250.0
250173881003,Boxborough,1000.0,0.348,BROOK VILLAGE CONDOMINIUM; HARVARD RIDGE CONDOMINIUM,26.7,36.3,0.652,0.288,Yes,Minority,32.1,2.6,57981.0
250173882001,Shirley,1400.0,0.006,SHIRLEY WATER DISTRICT,9.7,12.4,0.994,0.165,No,,,,
250173882002,Shirley,3264.0,0.925,DEVENS  MASSDEVELOPMENT; MCI SHIRLEY; SHIRLEY WATER DISTRICT,9.2,12.3,0.075,0.225,Yes,Minority,41.1,2.3,69342.0
250173882003,Shirley,1169.0,0.733,SHIRLEY WATER DISTRICT,9.7,12.4,0.267,0.208,No,,,,
250173882004,Shirley,1598.0,0.483,SHIRLEY WATER DISTRICT,9.7,12.4,0.517,0.21,No,,,,
250173883001,Lowell,1273.0,1.0,LOWELL REGIONAL WATER UTILITY,4.7,4.8,0.0,,Yes,"Minority, income and English isolation",81.6,32.8,12141.0
250173883002,Lowell,2445.0,1.0,LOWELL REGIONAL WATER UTILITY,4.7,4.8,0.0,,Yes,Minority and income,43.3,12.3,39375.0
250173883003,Lowell,2687.0,1.0,LOWELL REGIONAL WATER UTILITY,4.7,4.8,0.0,,Yes,Minority,45.5,15.9,0.0
250199501001,Nantucket,1029.0,1.0,WANNACOMET WATER COMPANY,0.0,4.3,0.0,,No,,,,
250199501002,Nantucket,687.0,1.0,WANNACOMET WATER COMPANY,0.0,4.3,0.0,,No,,,,
250199502011,Nantucket,1886.0,1.0,WANNACOMET WATER COMPANY,0.0,4.3,0.0,,Yes,Minority,42.9,2.4,65833.0
250199502012,Nantucket,1797.0,1.0,WANNACOMET WATER COMPANY,0.0,4.3,0.0,,Yes,Minority,28.0,0.0,157574.0
250199502021,Nantucket,1876.0,1.0,WANNACOMET WATER COMPANY,0.0,4.3,0.0,,Yes,Minority,45.5,0.0,62315.0
250199502022,Nantucket,1120.0,0.358,WANNACOMET WATER COMPANY,0.0,4.3,0.642,0.206,Yes,Minority,37.9,0.0,144228.0
250199503071,Nantucket,524.0,0.79,WANNACOMET WATER COMPANY,0.0,4.3,0.21,0.042,No,,,,
250199504001,Nantucket,2045.0,0.753,WANNACOMET WATER COMPANY,0.0,4.3,0.247,0.209,Yes,Minority,28.5,0.0,126932.0
250199504002,Nantucket,1526.0,0.988,WANNACOMET WATER COMPANY,0.0,4.3,0.012,0.073,Yes,Minority,45.4,1.3,188518.0
250199505001,Nantucket,1140.0,0.431,SIASCONSET WATER DEPARTMENT,0.4,2.2,0.569,0.073,No,,,,
250199505002,Nantucket,625.0,0.13,WANNACOMET WATER COMPANY,0.0,4.3,0.87,0.093,No,,,,
250214001001,Brookline,1248.0,1.0,BROOKLINE WATER AND SEWER DIVISION,0.0,0.0,0.0,,Yes,Minority,32.3,7.9,64545.0
250214001002,Brookline,1071.0,1.0,BROOKLINE WATER AND SEWER DIVISION,0.0,0.0,0.0,,Yes,Minority,38.8,4.8,92050.0
250214001003,Brookline,777.0,1.0,BROOKLINE WATER AND SEWER DIVISION,0.0,0.0,0.0,,Yes,Minority,35.1,0.0,147353.0
250214001004,Brookline,649.0,1.0,BROOKLINE WATER AND SEWER DIVISION,0.0,0.0,0.0,,Yes,Minority,44.7,0.0,123359.0
250214001005,Brookline,1803.0,1.0,BROOKLINE WATER AND SEWER DIVISION,0.0,0.0,0.0,,Yes,Minority,33.3,0.0,123359.0
250214002011,Brookline,3047.0,1.0,BROOKLINE WATER AND SEWER DIVISION,0.0,0.0,0.0,,Yes,Minority,33.0,19.8,80909.0
250214002021,Brookline,1774.0,1.0,BROOKLINE WATER AND SEWER DIVISION,0.0,0.0,0.0,,Yes,"Minority, income and English isolation",55.5,44.3,31074.0
250214002022,Brookline,1851.0,1.0,BROOKLINE WATER AND SEWER DIVISION,0.0,0.0,0.0,,Yes,Minority,40.6,6.2,144167.0
250214003001,Brookline,1055.0,1.0,BROOKLINE WATER AND SEWER DIVISION,0.0,0.0,0.0,,Yes,Minority,29.4,0.0,153438.0
250214003002,Brookline,1571.0,1.0,BROOKLINE WATER AND SEWER DIVISION,0.0,0.0,0.0,,Yes,Minority,33.6,5.9,113929.0
250214003003,Brookline,1684.0,1.0,BROOKLINE WATER AND SEWER DIVISION,0.0,0.0,0.0,,Yes,Minority,31.6,10.4,109018.0
250214004011,Brookline,2414.0,1.0,BROOKLINE WATER AND SEWER DIVISION,0.0,0.0,0.0,,Yes,Minority,28.6,8.3,102604.0
250214004012,Brookline,1476.0,1.0,BROOKLINE WATER AND SEWER DIVISION,0.0,0.0,0.0,,Yes,Minority,29.3,5.4,73625.0
250214004021,Brookline,1188.0,1.0,BROOKLINE WATER AND SEWER DIVISION,0.0,0.0,0.0,,Yes,Minority,33.1,0.0,128750.0
250214004022,Brookline,857.0,1.0,BROOKLINE WATER AND SEWER DIVISION,0.0,0.0,0.0,,No,,,,
250214005001,Brookline,1673.0,1.0,BROOKLINE WATER AND SEWER DIVISION,0.0,0.0,0.0,,Yes,Minority,26.4,0.0,160509.0
250214005002,Brookline,1463.0,1.0,BROOKLINE WATER AND SEWER DIVISION,0.0,0.0,0.0,,Yes,Minority,28.6,0.0,87181.0
250214005003,Brookline,836.0,1.0,BROOKLINE WATER AND SEWER DIVISION,0.0,0.0,0.0,,Yes,Minority,30.6,0.0,149132.0
250214005004,Brookline,1586.0,1.0,BROOKLINE WATER AND SEWER DIVISION,0.0,0.0,0.0,,Yes,Minority,25.3,6.9,104712.0
250214006001,Brookline,1588.0,1.0,BROOKLINE WATER AND SEWER DIVISION,0.0,0.0,0.0,,Yes,Minority,32.0,1.6,98603.0
250214006002,Brookline,811.0,1.0,BROOKLINE WATER AND SEWER DIVISION,0.0,0.0,0.0,,Yes,Minority,33.9,4.9,250000.0
250214006003,Brookline,1477.0,1.0,BROOKLINE WATER AND SEWER DIVISION,0.0,0.0,0.0,,Yes,Minority,28.2,0.0,132941.0
250214006004,Brookline,1616.0,1.0,BROOKLINE WATER AND SEWER DIVISION,0.0,0.0,0.0,,Yes,Minority,28.2,0.0,146042.0
250214007001,Brookline,1443.0,1.0,BROOKLINE WATER AND SEWER DIVISION,0.0,0.0,0.0,,Yes,Minority,35.1,9.6,140192.0
250214007002,Brookline,1504.0,1.0,BROOKLINE WATER AND SEWER DIVISION,0.0,0.0,0.0,,Yes,Minority,32.9,4.1,153529.0
250214007003,Brookline,1039.0,1.0,BROOKLINE WATER AND SEWER DIVISION,0.0,0.0,0.0,,Yes,Minority,29.5,0.0,130729.0
250214008001,Brookline,1973.0,1.0,BROOKLINE WATER AND SEWER DIVISION,0.0,0.0,0.0,,Yes,Minority,37.1,3.4,112011.0
250214008002,Brookline,1163.0,1.0,BROOKLINE WATER AND SEWER DIVISION,0.0,0.0,0.0,,Yes,Minority,39.8,3.3,110385.0
250214008003,Brookline,1846.0,1.0,BROOKLINE WATER AND SEWER DIVISION,0.0,0.0,0.0,,Yes,Minority,39.4,7.5,85625.0
250214008004,Brookline,1095.0,1.0,BROOKLINE WATER AND SEWER DIVISION,0.0,0.0,0.0,,Yes,Minority,33.2,21.1,66250.0
250214009001,Brookline,1799.0,1.0,BROOKLINE WATER AND SEWER DIVISION,0.0,0.0,0.0,,Yes,Minority,57.0,10.1,89375.0
250214009002,Brookline,631.0,1.0,BROOKLINE WATER AND SEWER DIVISION,0.0,0.0,0.0,,Yes,Minority and income,47.9,24.4,14038.0
250214009003,Brookline,1924.0,1.0,BROOKLINE WATER AND SEWER DIVISION,0.0,0.0,0.0,,Yes,Minority,35.4,1.2,140278.0
250214010001,Brookline,1057.0,1.0,BROOKLINE WATER AND SEWER DIVISION,0.0,0.0,0.0,,Yes,Minority,34.3,0.0,157188.0
250214010002,Brookline,775.0,1.0,BROOKLINE WATER AND SEWER DIVISION,0.0,0.0,0.0,,Yes,Minority,27.4,0.0,198125.0
250214010003,Brookline,1702.0,1.0,BROOKLINE WATER AND SEWER DIVISION,0.0,0.0,0.0,,Yes,Minority,44.1,9.9,81591.0
250214011001,Brookline,2045.0,1.0,BROOKLINE WATER AND SEWER DIVISION,0.0,0.0,0.0,,Yes,Minority,30.4,4.0,141136.0
250214011002,Brookline,1187.0,1.0,BROOKLINE WATER AND SEWER DIVISION,0.0,0.0,0.0,,Yes,Minority,30.2,0.0,203542.0
250214011003,Brookline,1595.0,1.0,BROOKLINE WATER AND SEWER DIVISION,0.0,0.0,0.0,,Yes,Minority,35.1,1.9,250000.0
250214012011,Brookline,2018.0,1.0,BROOKLINE WATER AND SEWER DIVISION,0.0,0.0,0.0,,Yes,Minority,50.6,12.2,116659.0
250214012012,Brookline,1319.0,1.0,BROOKLINE WATER AND SEWER DIVISION,0.0,0.0,0.0,,Yes,Minority,28.6,1.2,244167.0
250214012013,Brookline,788.0,1.0,BROOKLINE WATER AND SEWER DIVISION,0.0,0.0,0.0,,Yes,Minority,37.7,0.0,190452.0
250214012014,Brookline,1066.0,1.0,BROOKLINE WATER AND SEWER DIVISION,0.0,0.0,0.0,,Yes,Minority,27.4,2.3,242083.0
250214012021,Brookline,1707.0,1.0,BROOKLINE WATER AND SEWER DIVISION,0.0,0.0,0.0,,Yes,Minority,29.9,11.9,107167.0
250214021011,Dedham,636.0,1.0,DEDHAM WESTWOOD WATER DIST.,11.0,14.6,0.0,,No,,,,
250214021012,Dedham,1327.0,1.0,DEDHAM WESTWOOD WATER DIST.,11.0,14.6,0.0,,No,,,,
250214021013,Dedham,1630.0,1.0,DEDHAM WESTWOOD WATER DIST.,11.0,14.6,0.0,,No,,,,
250214021021,Dedham,1305.0,1.0,DEDHAM WESTWOOD WATER DIST.,11.0,14.6,0.0,,Yes,Minority,35.3,0.0,71595.0
250214021022,Dedham,791.0,1.0,DEDHAM WESTWOOD WATER DIST.,11.0,14.6,0.0,,Yes,Minority,38.3,0.0,58056.0
250214021023,Dedham,2306.0,1.0,DEDHAM WESTWOOD WATER DIST.,11.0,14.6,0.0,,Yes,Minority,37.7,0.9,83225.0
250214022001,Dedham,870.0,1.0,DEDHAM WESTWOOD WATER DIST.,11.0,14.6,0.0,,Yes,Minority,27.1,1.1,72361.0
250214022002,Dedham,1347.0,1.0,DEDHAM WESTWOOD WATER DIST.,11.0,14.6,0.0,,No,,,,
250214023001,Dedham,851.0,1.0,DEDHAM WESTWOOD WATER DIST.,11.0,14.6,0.0,,No,,,,
250214023002,Dedham,1471.0,1.0,DEDHAM WESTWOOD WATER DIST.,11.0,14.6,0.0,,No,,,,
250214023003,Dedham,2196.0,1.0,DEDHAM WESTWOOD WATER DIST.,11.0,14.6,0.0,,No,,,,
250214024001,Dedham,1018.0,1.0,DEDHAM WESTWOOD WATER DIST.,11.0,14.6,0.0,,Yes,Minority,34.8,0.0,63490.0
250214024002,Dedham,766.0,1.0,DEDHAM WESTWOOD WATER DIST.,11.0,14.6,0.0,,No,,,,
250214024003,Dedham,916.0,1.0,DEDHAM WESTWOOD WATER DIST.,11.0,14.6,0.0,,No,,,,
250214024004,Dedham,2075.0,1.0,DEDHAM WESTWOOD WATER DIST.,11.0,14.6,0.0,,Yes,Minority,27.0,0.0,90938.0
250214024005,Dedham,1566.0,1.0,DEDHAM WESTWOOD WATER DIST.,11.0,14.6,0.0,,No,,,,
250214025001,Dedham,1452.0,1.0,DEDHAM WESTWOOD WATER DIST.,11.0,14.6,0.0,,No,,,,
250214025002,Dedham,1209.0,1.0,DEDHAM WESTWOOD WATER DIST.,11.0,14.6,0.0,,No,,,,
250214025003,Dedham,1632.0,1.0,DEDHAM WESTWOOD WATER DIST.,11.0,14.6,0.0,,No,,,,
250214031001,Needham,836.0,1.0,NEEDHAM WATER DEPT,9.0,10.6,0.0,,No,,,,
250214031002,Needham,1345.0,1.0,NEEDHAM WATER DEPT,9.0,10.6,0.0,,No,,,,
250214031003,Needham,847.0,1.0,NEEDHAM WATER DEPT,9.0,10.6,0.0,,No,,,,
250214031004,Needham,1086.0,1.0,NEEDHAM WATER DEPT,9.0,10.6,0.0,,No,,,,
250214031005,Needham,1244.0,1.0,NEEDHAM WATER DEPT,9.0,10.6,0.0,,No,,,,
250214031006,Needham,994.0,1.0,NEEDHAM WATER DEPT,9.0,10.6,0.0,,No,,,,
250214031007,Needham,1247.0,1.0,NEEDHAM WATER DEPT,9.0,10.6,0.0,,No,,,,
250214033001,Needham,1036.0,1.0,NEEDHAM WATER DEPT,9.0,10.6,0.0,,No,,,,
250214033002,Needham,1280.0,1.0,NEEDHAM WATER DEPT,9.0,10.6,0.0,,No,,,,
250214033003,Needham,2115.0,1.0,NEEDHAM WATER DEPT,9.0,10.6,0.0,,No,,,,
250214034001,Needham,2604.0,1.0,NEEDHAM WATER DEPT,9.0,10.6,0.0,,No,,,,
250214034002,Needham,1349.0,1.0,NEEDHAM WATER DEPT,9.0,10.6,0.0,,No,,,,
250214034003,Needham,772.0,1.0,NEEDHAM WATER DEPT,9.0,10.6,0.0,,No,,,,
250214034004,Needham,1452.0,1.0,NEEDHAM WATER DEPT,9.0,10.6,0.0,,No,,,,
250214034005,Needham,784.0,1.0,NEEDHAM WATER DEPT,9.0,10.6,0.0,,No,,,,
250214035011,Needham,1858.0,1.0,NEEDHAM WATER DEPT,9.0,10.6,0.0,,No,,,,
250214035012,Needham,993.0,1.0,NEEDHAM WATER DEPT,9.0,10.6,0.0,,No,,,,
250214035021,Needham,1593.0,1.0,NEEDHAM WATER DEPT,9.0,10.6,0.0,,No,,,,
250214035022,Needham,2687.0,1.0,NEEDHAM WATER DEPT,9.0,10.6,0.0,,No,,,,
250214041001,Wellesley,2267.0,1.0,WELLESLEY WATER DIVISION,7.7,15.4,0.0,,No,,,,
250214041002,Wellesley,1209.0,0.887,WELLESLEY WATER DIVISION,7.7,15.4,0.113,0.365,No,,,,
250214041003,Wellesley,980.0,1.0,WELLESLEY WATER DIVISION,7.7,15.4,0.0,,No,,,,
250214042011,Wellesley,1054.0,1.0,WELLESLEY WATER DIVISION,7.7,15.4,0.0,,No,,,,
250214042012,Wellesley,1043.0,1.0,WELLESLEY WATER DIVISION,7.7,15.4,0.0,,No,,,,
250214042013,Wellesley,996.0,1.0,WELLESLEY WATER DIVISION,7.7,15.4,0.0,,No,,,,
250214042014,Wellesley,851.0,1.0,WELLESLEY WATER DIVISION,7.7,15.4,0.0,,No,,,,
250214042021,Wellesley,1555.0,1.0,WELLESLEY WATER DIVISION,7.7,15.4,0.0,,No,,,,
250214042022,Wellesley,944.0,1.0,WELLESLEY WATER DIVISION,7.7,15.4,0.0,,No,,,,
250214042023,Wellesley,1671.0,1.0,WELLESLEY WATER DIVISION,7.7,15.4,0.0,,Yes,Minority,49.0,0.0,230556.0
250214042024,Wellesley,870.0,1.0,WELLESLEY WATER DIVISION,7.7,15.4,0.0,,No,,,,
250214043011,Wellesley,1528.0,1.0,WELLESLEY WATER DIVISION,7.7,15.4,0.0,,No,,,,
250214043012,Wellesley,884.0,1.0,WELLESLEY WATER DIVISION,7.7,15.4,0.0,,No,,,,
250214043013,Wellesley,1344.0,1.0,WELLESLEY WATER DIVISION,7.7,15.4,0.0,,No,,,,
250214043014,Wellesley,1188.0,1.0,WELLESLEY WATER DIVISION,7.7,15.4,0.0,,No,,,,
250214043015,Wellesley,869.0,1.0,WELLESLEY WATER DIVISION,7.7,15.4,0.0,,No,,,,
250214043021,Wellesley,1943.0,1.0,WELLESLEY WATER DIVISION,7.7,15.4,0.0,,No,,,,
250214043022,Wellesley,725.0,1.0,WELLESLEY WATER DIVISION,7.7,15.4,0.0,,No,,,,
250214043023,Wellesley,1157.0,0.799,NATICK WATER AND SEWER DIVISION; WELLESLEY WATER DIVISION,7.5,16.0,0.201,0.443,No,,,,
250214044001,Wellesley,1111.0,1.0,WELLESLEY WATER DIVISION,7.7,15.4,0.0,,No,,,,
250214044002,Wellesley,1269.0,0.877,NATICK WATER AND SEWER DIVISION; WELLESLEY WATER DIVISION,7.5,15.9,0.123,0.382,No,,,,
250214044003,Wellesley,762.0,1.0,WELLESLEY WATER DIVISION,7.7,15.4,0.0,,No,,,,
250214044004,Wellesley,1967.0,1.0,WELLESLEY COLLEGE,0.2,19.8,0.0,,Yes,Minority,53.7,0.0,147083.0
250214044005,Wellesley,1363.0,1.0,WELLESLEY COLLEGE; WELLESLEY WATER DIVISION,6.8,15.9,0.0,,No,,,,
250214051001,Dover,2360.0,0.537,AQUARION WATER COMPANY (DOVER),12.8,13.4,0.463,0.285,No,,,,
250214051002,Dover,909.0,0.059,AQUARION WATER COMPANY (DOVER),12.8,13.4,0.941,0.218,No,,,,
250214051003,Dover,791.0,0.494,AQUARION WATER COMPANY (DOVER); MEADOWBROOK WATER TRUST; NATICK WATER AND SEWER DIVISION,10.0,17.8,0.506,0.254,No,,,,
250214051004,Dover,1863.0,0.171,AQUARION WATER COMPANY (DOVER); GLEN RIDGE RESIDENTS TRUST,6.4,23.5,0.829,0.234,No,,,,
250214061011,Medfield,2695.0,0.962,MEDFIELD WATER DEPT.,9.7,13.3,0.038,0.283,No,,,,
250214061012,Medfield,1799.0,0.587,MEDFIELD WATER DEPT.,9.7,13.3,0.413,0.293,No,,,,
250214061013,Medfield,1587.0,0.836,MEDFIELD WATER DEPT.,9.7,13.3,0.164,0.241,No,,,,
250214061021,Medfield,2135.0,0.956,MEDFIELD WATER DEPT.,9.7,13.3,0.044,0.271,No,,,,
250214061022,Medfield,1277.0,0.771,MEDFIELD WATER DEPT.,9.7,13.3,0.229,0.296,No,,,,
250214061023,Medfield,1116.0,0.637,MEDFIELD WATER DEPT.,9.7,13.3,0.363,0.256,No,,,,
250214061024,Medfield,2190.0,0.704,MEDFIELD WATER DEPT.,9.7,13.3,0.296,0.232,No,,,,
250214071011,Millis,1413.0,0.51,MILLIS WATER DEPT,3.6,11.7,0.49,0.259,Yes,English isolation,11.2,26.2,157500.0
250214071012,Millis,1742.0,0.941,MILLIS WATER DEPT,3.6,11.7,0.059,0.316,No,,,,
250214071013,Millis,1264.0,0.801,MILLIS WATER DEPT,3.6,11.7,0.199,0.317,No,,,,
250214071021,Millis,1867.0,0.842,MILLIS WATER DEPT,3.6,11.7,0.158,0.252,No,,,,
250214071022,Millis,2174.0,0.947,MILLIS WATER DEPT,3.6,11.7,0.053,0.227,No,,,,
250214081021,Medway,1138.0,0.547,MEDWAY WATER DEPARTMENT,7.0,8.1,0.453,0.377,No,,,,
250214081022,Medway,1743.0,1.0,MEDWAY WATER DEPARTMENT,7.0,8.1,0.0,,No,,,,
250214081023,Medway,1037.0,0.737,MEDWAY WATER DEPARTMENT,7.0,8.1,0.263,0.341,No,,,,
250214081024,Medway,1014.0,0.788,MEDWAY WATER DEPARTMENT,7.0,8.1,0.212,0.319,No,,,,
250214081031,Medway,965.0,0.642,MEDWAY WATER DEPARTMENT,7.0,8.1,0.358,0.305,No,,,,
250214081032,Medway,2069.0,0.215,MEDWAY WATER DEPARTMENT,7.0,8.1,0.785,0.286,No,,,,
250214081041,Medway,1597.0,0.76,MEDWAY WATER DEPARTMENT,7.0,8.1,0.24,0.303,No,,,,
250214081042,Medway,1204.0,0.339,MEDWAY WATER DEPARTMENT,7.0,8.1,0.661,0.236,No,,,,
250214081043,Medway,2348.0,0.798,MEDWAY WATER DEPARTMENT,7.0,8.1,0.202,0.27,No,,,,
250214091011,Norfolk,2590.0,0.68,NORFOLK WATER DIVISION,10.1,12.4,0.32,0.225,No,,,,
250214091012,Norfolk,942.0,0.334,NORFOLK WATER DIVISION,10.1,12.4,0.666,0.236,No,,,,
250214091013,Norfolk,1484.0,1.0,MCI NORFOLK/CEDAR JUNCTION/WALPOLE,1.9,3.8,0.0,,Yes,Minority,62.0,0.0,131250.0
250214091014,Norfolk,869.0,0.255,MCI NORFOLK/CEDAR JUNCTION/WALPOLE; NORFOLK WATER DIVISION,7.6,9.7,0.745,0.223,No,,,,
250214091021,Norfolk,2715.0,0.503,FRANKLIN WATER DEPARTMENT; NORFOLK WATER DIVISION,10.0,12.4,0.497,0.21,No,,,,
250214091022,Norfolk,3062.0,0.655,NORFOLK WATER DIVISION,10.1,12.4,0.345,0.27,No,,,,
250214101001,Foxborough,1019.0,1.0,FOXBORO WATER DEPARTMENT,10.3,17.1,0.0,,No,,,,
250214101002,Foxborough,803.0,1.0,FOXBORO WATER DEPARTMENT,10.3,17.1,0.0,,No,,,,
250214101003,Foxborough,2031.0,1.0,FOXBORO WATER DEPARTMENT,10.3,17.1,0.0,,No,,,,
250214101004,Foxborough,40.0,0.375,FOXBORO WATER DEPARTMENT,10.3,17.1,0.625,0.26,No,,,,
250214101005,Foxborough,2007.0,1.0,FOXBORO WATER DEPARTMENT,10.3,17.1,0.0,,No,,,,
250214101006,Foxborough,913.0,0.567,FOXBORO WATER DEPARTMENT,10.3,17.1,0.433,0.154,No,,,,
250214103001,Foxborough,2031.0,0.887,FOXBORO WATER DEPARTMENT,10.3,17.1,0.113,0.244,No,,,,
250214103002,Foxborough,1373.0,0.993,FOXBORO WATER DEPARTMENT,10.3,17.1,0.007,0.289,Yes,Minority,24.6,4.5,100481.0
250214103003,Foxborough,1543.0,1.0,FOXBORO WATER DEPARTMENT; MANSFIELD WATER DIVISION,10.3,17.1,0.0,,No,,,,
250214104001,Foxborough,1437.0,1.0,FOXBORO WATER DEPARTMENT,10.3,17.1,0.0,,No,,,,
250214104002,Foxborough,1025.0,1.0,FOXBORO WATER DEPARTMENT,10.3,17.1,0.0,,No,,,,
250214104003,Foxborough,2280.0,1.0,FOXBORO WATER DEPARTMENT,10.3,17.1,0.0,,Yes,Minority,29.7,0.0,60163.0
250214104004,Foxborough,2116.0,0.845,FOXBORO WATER DEPARTMENT,10.3,17.1,0.155,0.276,No,,,,
250214111011,Walpole,2067.0,0.608,WALPOLE WATER DEPT,12.5,13.6,0.392,0.37,Yes,Minority,37.6,7.8,135694.0
250214111012,Walpole,2598.0,1.0,WALPOLE WATER DEPT,12.5,13.6,0.0,,No,,,,
250214111021,Walpole,1574.0,1.0,WALPOLE WATER DEPT,12.5,13.6,0.0,,No,,,,
250214111022,Walpole,1794.0,1.0,WALPOLE WATER DEPT,12.5,13.6,0.0,,No,,,,
250214111023,Walpole,1302.0,1.0,WALPOLE WATER DEPT,12.5,13.6,0.0,,No,,,,
250214112001,Walpole,1717.0,1.0,WALPOLE WATER DEPT,12.5,13.6,0.0,,No,,,,
250214112002,Walpole,2902.0,1.0,WALPOLE WATER DEPT,12.5,13.6,0.0,,No,,,,
250214112003,Walpole,1861.0,1.0,WALPOLE WATER DEPT,12.5,13.6,0.0,,Yes,Minority,34.7,0.0,179010.0
250214112004,Walpole,973.0,1.0,WALPOLE WATER DEPT,12.5,13.6,0.0,,No,,,,
250214113011,Walpole,3505.0,0.617,WALPOLE WATER DEPT,12.5,13.6,0.383,0.259,No,,,,
250214113012,Walpole,1246.0,1.0,WALPOLE WATER DEPT,12.5,13.6,0.0,,No,,,,
250214113013,Walpole,1321.0,1.0,WALPOLE WATER DEPT,12.5,13.6,0.0,,No,,,,
250214113022,Walpole,1206.0,1.0,WALPOLE WATER DEPT,12.5,13.6,0.0,,Yes,Minority,28.4,6.1,68094.0
250214113023,Walpole,838.0,0.603,WALPOLE WATER DEPT,12.5,13.6,0.397,0.199,No,,,,
250214113024,Walpole,1479.0,0.81,WALPOLE WATER DEPT,12.5,13.6,0.19,0.243,No,,,,
250214121001,Westwood,1974.0,1.0,DEDHAM WESTWOOD WATER DIST.,11.0,14.6,0.0,,No,,,,
250214121002,Westwood,1076.0,1.0,DEDHAM WESTWOOD WATER DIST.,11.0,14.6,0.0,,No,,,,
250214121003,Westwood,2414.0,1.0,DEDHAM WESTWOOD WATER DIST.,11.0,14.6,0.0,,No,,,,
250214121004,Westwood,1243.0,1.0,DEDHAM WESTWOOD WATER DIST.,11.0,14.6,0.0,,No,,,,
250214122001,Westwood,1727.0,1.0,DEDHAM WESTWOOD WATER DIST.,11.0,14.6,0.0,,No,,,,
250214122002,Westwood,2172.0,1.0,DEDHAM WESTWOOD WATER DIST.,11.0,14.6,0.0,,No,,,,
250214123001,Westwood,1856.0,1.0,DEDHAM WESTWOOD WATER DIST.,11.0,14.6,0.0,,No,,,,
250214123002,Westwood,1085.0,1.0,DEDHAM WESTWOOD WATER DIST.,11.0,14.6,0.0,,No,,,,
250214123003,Westwood,825.0,1.0,DEDHAM WESTWOOD WATER DIST.,11.0,14.6,0.0,,No,,,,
250214123004,Westwood,1894.0,1.0,DEDHAM WESTWOOD WATER DIST.,11.0,14.6,0.0,,No,,,,
250214131001,Norwood,15.0,0.0,,,,1.0,0.396,No,,,,
250214131002,Norwood,878.0,1.0,NORWOOD WATER DEPT. (MWRA),0.0,0.0,0.0,,No,,,,
250214131003,Norwood,1301.0,0.635,NORWOOD WATER DEPT. (MWRA),0.0,0.0,0.365,0.38,No,,,,
250214131004,Norwood,1194.0,1.0,NORWOOD WATER DEPT. (MWRA),0.0,0.0,0.0,,Yes,Minority,35.4,5.7,73750.0
250214131006,Norwood,1462.0,1.0,NORWOOD WATER DEPT. (MWRA),0.0,0.0,0.0,,No,,,,
250214131007,Norwood,1644.0,1.0,NORWOOD WATER DEPT. (MWRA),0.0,0.0,0.0,,Yes,Minority,27.0,4.7,60875.0
250214132011,Norwood,1263.0,0.901,NORWOOD WATER DEPT. (MWRA),0.0,0.0,0.099,0.396,Yes,Income,20.9,0.0,49000.0
250214132012,Norwood,1419.0,1.0,NORWOOD WATER DEPT. (MWRA),0.0,0.0,0.0,,No,,,,
250214132013,Norwood,2152.0,0.976,NORWOOD WATER DEPT. (MWRA),0.0,0.0,0.024,0.442,No,,,,
250214132021,Norwood,2093.0,0.959,NORWOOD WATER DEPT. (MWRA),0.0,0.0,0.041,0.429,No,,,,
250214133001,Norwood,2716.0,0.702,NORWOOD WATER DEPT. (MWRA),0.0,0.0,0.298,0.423,Yes,Minority,28.4,1.1,118059.0
250214133002,Norwood,1249.0,0.903,NORWOOD WATER DEPT. (MWRA),0.0,0.0,0.097,0.402,No,,,,
250214133003,Norwood,1118.0,0.892,NORWOOD WATER DEPT. (MWRA),0.0,0.0,0.108,0.373,No,,,,
250214134011,Norwood,940.0,1.0,NORWOOD WATER DEPT. (MWRA),0.0,0.0,0.0,,No,,,,
250214134012,Norwood,1430.0,1.0,NORWOOD WATER DEPT. (MWRA),0.0,0.0,0.0,,No,,,,
250214134013,Norwood,1184.0,1.0,NORWOOD WATER DEPT. (MWRA),0.0,0.0,0.0,,No,,,,
250214134021,Norwood,1435.0,0.99,NORWOOD WATER DEPT. (MWRA),0.0,0.0,0.01,0.37,Yes,Minority,28.2,10.6,76250.0
250214134022,Norwood,2231.0,1.0,NORWOOD WATER DEPT. (MWRA),0.0,0.0,0.0,,Yes,Minority,64.5,9.9,95741.0
250214134023,Norwood,1235.0,1.0,NORWOOD WATER DEPT. (MWRA),0.0,0.0,0.0,,Yes,Minority,27.3,5.8,111250.0
250214135001,Norwood,1650.0,0.504,NORWOOD WATER DEPT. (MWRA),0.0,0.0,0.496,0.38,Yes,Minority,35.2,9.0,84571.0
250214135002,Norwood,1413.0,0.95,NORWOOD WATER DEPT. (MWRA),0.0,0.0,0.05,0.341,Yes,Minority,49.6,15.7,85610.0
250214135003,Norwood,1589.0,1.0,NORWOOD WATER DEPT. (MWRA),0.0,0.0,0.0,,Yes,Minority and English isolation,38.0,31.1,61767.0
250214141001,Sharon,979.0,0.609,SHARON WATER DEPT,5.1,18.7,0.391,0.293,No,,,,
250214141002,Sharon,717.0,1.0,SHARON WATER DEPT,5.1,18.7,0.0,,No,,,,
250214141003,Sharon,2245.0,0.709,FOXBORO WATER DEPARTMENT; SHARON WATER DEPT,5.1,18.7,0.291,0.258,Yes,Minority,49.8,20.6,151838.0
250214141004,Sharon,1547.0,0.659,SHARON WATER DEPT,5.1,18.7,0.341,0.328,No,,,,
250214141005,Sharon,374.0,0.626,SHARON WATER DEPT,5.1,18.7,0.374,0.22,No,,,,
250214142001,Sharon,911.0,1.0,SHARON WATER DEPT,5.1,18.7,0.0,,Yes,Minority,40.9,6.2,138359.0
250214142002,Sharon,2865.0,0.659,SHARON WATER DEPT,5.1,18.7,0.341,0.283,No,,,,
250214142003,Sharon,1326.0,0.731,SHARON WATER DEPT,5.1,18.7,0.269,0.302,No,,,,
250214142004,Sharon,2447.0,0.517,SHARON WATER DEPT,5.1,18.7,0.483,0.241,No,,,,
250214143001,Sharon,966.0,1.0,SHARON WATER DEPT,5.1,18.7,0.0,,No,,,,
250214143002,Sharon,1411.0,0.957,SHARON WATER DEPT,5.1,18.7,0.043,0.344,No,,,,
250214143003,Sharon,1209.0,0.907,SHARON WATER DEPT,5.1,18.7,0.093,0.351,No,,,,
250214143004,Sharon,1578.0,0.924,SHARON WATER DEPT,5.1,18.7,0.076,0.348,No,,,,
250214151011,Canton,1831.0,0.748,CANTON WATER DEPT,0.0,7.5,0.252,0.379,No,,,,
250214151012,Canton,1107.0,0.815,CANTON WATER DEPT,0.0,7.5,0.185,0.282,No,,,,
250214151013,Canton,1836.0,0.678,CANTON WATER DEPT,0.0,7.5,0.322,0.33,No,,,,
250214151031,Canton,1302.0,1.0,CANTON WATER DEPT,0.0,7.5,0.0,,Yes,Minority,35.7,0.0,86985.0
250214151032,Canton,2486.0,0.82,CANTON WATER DEPT,0.0,7.5,0.18,0.396,Yes,Minority,28.3,9.7,113750.0
250214151033,Canton,961.0,1.0,CANTON WATER DEPT,0.0,7.5,0.0,,Yes,Minority,26.8,11.6,57813.0
250214151041,Canton,1940.0,0.729,CANTON WATER DEPT,0.0,7.5,0.271,0.401,No,,,,
250214151042,Canton,1370.0,1.0,CANTON WATER DEPT,0.0,7.5,0.0,,Yes,Minority,24.9,3.1,101184.0
250214152011,Canton,1407.0,0.331,CANTON WATER DEPT,0.0,7.5,0.669,0.123,Yes,Minority,39.4,0.0,122377.0
250214152012,Canton,2613.0,0.423,CANTON WATER DEPT,0.0,7.5,0.577,0.149,Yes,Minority,46.0,1.6,106386.0
250214152021,Canton,1740.0,0.652,CANTON WATER DEPT,0.0,7.5,0.348,0.317,No,,,,
250214152022,Canton,1523.0,0.117,CANTON WATER DEPT,0.0,7.5,0.883,0.276,Yes,Minority,30.4,0.0,88833.0
250214153001,Canton,2845.0,0.937,CANTON WATER DEPT,0.0,7.5,0.063,0.317,No,,,,
250214153002,Canton,1409.0,0.405,CANTON WATER DEPT,0.0,7.5,0.595,0.253,No,,,,
250214161011,Milton,2162.0,0.847,MILTON WATER DEPT. (MWRA),0.0,0.0,0.153,0.099,No,,,,
250214161012,Milton,1965.0,0.907,MILTON WATER DEPT. (MWRA),0.0,0.0,0.093,0.16,No,,,,
250214161013,Milton,827.0,0.751,MILTON WATER DEPT. (MWRA),0.0,0.0,0.249,0.082,No,,,,
250214161014,Milton,1320.0,0.887,MILTON WATER DEPT. (MWRA),0.0,0.0,0.113,0.087,Yes,Income,18.4,0.0,51563.0
250214161021,Milton,3064.0,0.772,MILTON WATER DEPT. (MWRA),0.0,0.0,0.228,0.225,No,,,,
250214161022,Milton,941.0,0.834,MILTON WATER DEPT. (MWRA),0.0,0.0,0.166,0.149,No,,,,
250214162001,Milton,1132.0,1.0,MILTON WATER DEPT. (MWRA),0.0,0.0,0.0,,Yes,Minority,73.9,0.0,126184.0
250214162002,Milton,860.0,1.0,MILTON WATER DEPT. (MWRA),0.0,0.0,0.0,,Yes,Minority,47.6,0.0,163750.0
250214162003,Milton,1111.0,1.0,MILTON WATER DEPT. (MWRA),0.0,0.0,0.0,,No,,,,
250214162004,Milton,721.0,1.0,MILTON WATER DEPT. (MWRA),0.0,0.0,0.0,,No,,,,
250214162005,Milton,824.0,1.0,MILTON WATER DEPT. (MWRA),0.0,0.0,0.0,,Yes,Minority,53.2,9.0,118500.0
250214162006,Milton,974.0,0.971,MILTON WATER DEPT. (MWRA),0.0,0.0,0.029,0.17,Yes,Minority,56.2,3.0,141454.0
250214162007,Milton,1291.0,1.0,MILTON WATER DEPT. (MWRA),0.0,0.0,0.0,,Yes,Minority,70.8,6.8,106890.0
250214163001,Milton,1561.0,1.0,MILTON WATER DEPT. (MWRA),0.0,0.0,0.0,,No,,,,
250214163002,Milton,890.0,1.0,MILTON WATER DEPT. (MWRA),0.0,0.0,0.0,,Yes,Minority,44.3,1.5,150268.0
250214163003,Milton,862.0,1.0,MILTON WATER DEPT. (MWRA),0.0,0.0,0.0,,Yes,Minority,31.4,0.0,186406.0
250214163004,Milton,905.0,1.0,MILTON WATER DEPT. (MWRA),0.0,0.0,0.0,,No,,,,
250214163005,Milton,787.0,1.0,MILTON WATER DEPT. (MWRA),0.0,0.0,0.0,,Yes,Minority and income,41.2,7.3,23301.0
250214164001,Milton,887.0,0.993,MILTON WATER DEPT. (MWRA),0.0,0.0,0.007,0.164,No,,,,
250214164002,Milton,1071.0,1.0,MILTON WATER DEPT. (MWRA),0.0,0.0,0.0,,No,,,,
250214164003,Milton,1007.0,1.0,MILTON WATER DEPT. (MWRA),0.0,0.0,0.0,,No,,,,
250214164004,Quincy,890.0,1.0,MILTON WATER DEPT. (MWRA); QUINCY WATER DEPT. (MWRA),0.0,0.0,0.0,,No,,,,
250214164005,Milton,815.0,0.769,MILTON WATER DEPT. (MWRA); QUINCY WATER DEPT. (MWRA),0.0,0.0,0.231,0.152,No,,,,
250214164006,Milton,1122.0,0.594,MILTON WATER DEPT. (MWRA),0.0,0.0,0.406,0.114,No,,,,
250214164007,Milton,662.0,1.0,MILTON WATER DEPT. (MWRA),0.0,0.0,0.0,,No,,,,
250214171001,Quincy,776.0,1.0,QUINCY WATER DEPT. (MWRA),0.0,0.0,0.0,,Yes,Minority,61.9,13.2,187625.0
250214171002,Quincy,860.0,1.0,QUINCY WATER DEPT. (MWRA),0.0,0.0,0.0,,Yes,Minority,38.3,14.8,111250.0
250214171003,Quincy,957.0,1.0,QUINCY WATER DEPT. (MWRA),0.0,0.0,0.0,,Yes,Minority,54.2,0.0,72485.0
250214171004,Quincy,1046.0,1.0,QUINCY WATER DEPT. (MWRA),0.0,0.0,0.0,,Yes,Minority,29.2,13.5,128412.0
250214171005,Quincy,830.0,1.0,QUINCY WATER DEPT. (MWRA),0.0,0.0,0.0,,Yes,Minority,47.5,6.1,98750.0
250214171006,Quincy,1541.0,1.0,QUINCY WATER DEPT. (MWRA),0.0,0.0,0.0,,Yes,Minority and income,30.7,13.2,52827.0
250214172011,Quincy,1002.0,1.0,QUINCY WATER DEPT. (MWRA),0.0,0.0,0.0,,Yes,Minority,69.1,23.4,59472.0
250214172012,Quincy,655.0,1.0,QUINCY WATER DEPT. (MWRA),0.0,0.0,0.0,,Yes,Minority and English isolation,64.4,24.7,0.0
250214172013,Quincy,1991.0,1.0,QUINCY WATER DEPT. (MWRA),0.0,0.0,0.0,,Yes,Minority and English isolation,67.7,24.6,79375.0
250214172014,Quincy,808.0,1.0,QUINCY WATER DEPT. (MWRA),0.0,0.0,0.0,,Yes,Minority,65.3,4.4,104804.0
250214172021,Quincy,891.0,1.0,QUINCY WATER DEPT. (MWRA),0.0,0.0,0.0,,Yes,Minority,74.7,12.2,105688.0
250214172022,Quincy,944.0,1.0,QUINCY WATER DEPT. (MWRA),0.0,0.0,0.0,,Yes,Minority,65.5,6.7,64119.0
250214172023,Quincy,1069.0,1.0,QUINCY WATER DEPT. (MWRA),0.0,0.0,0.0,,Yes,Minority,58.1,11.5,110591.0
250214172024,Quincy,1155.0,1.0,MILTON WATER DEPT. (MWRA); QUINCY WATER DEPT. (MWRA),0.0,0.0,0.0,,Yes,Minority and English isolation,40.1,24.7,60304.0
250214173001,Quincy,3660.0,1.0,QUINCY WATER DEPT. (MWRA),0.0,0.0,0.0,,Yes,Minority,27.3,8.7,104438.0
250214174001,Quincy,1209.0,1.0,QUINCY WATER DEPT. (MWRA),0.0,0.0,0.0,,No,,,,
250214174002,Quincy,808.0,1.0,QUINCY WATER DEPT. (MWRA),0.0,0.0,0.0,,No,,,,
250214174003,Quincy,639.0,1.0,QUINCY WATER DEPT. (MWRA),0.0,0.0,0.0,,No,,,,
250214175011,Quincy,797.0,1.0,QUINCY WATER DEPT. (MWRA),0.0,0.0,0.0,,Yes,Minority and English isolation,42.9,46.3,96667.0
250214175012,Quincy,1424.0,1.0,QUINCY WATER DEPT. (MWRA),0.0,0.0,0.0,,Yes,Minority,49.6,16.7,114500.0
250214175013,Quincy,1502.0,1.0,QUINCY WATER DEPT. (MWRA),0.0,0.0,0.0,,Yes,Minority,51.8,9.3,66795.0
250214175014,Quincy,1568.0,1.0,QUINCY WATER DEPT. (MWRA),0.0,0.0,0.0,,Yes,Minority and English isolation,72.4,31.7,109063.0
250214175021,Quincy,1106.0,1.0,QUINCY WATER DEPT. (MWRA),0.0,0.0,0.0,,Yes,Minority and income,60.7,22.7,49476.0
250214175022,Quincy,1059.0,1.0,QUINCY WATER DEPT. (MWRA),0.0,0.0,0.0,,Yes,Minority,65.5,21.6,61422.0
250214175023,Quincy,917.0,1.0,QUINCY WATER DEPT. (MWRA),0.0,0.0,0.0,,Yes,"Minority, income and English isolation",70.2,28.9,54760.0
250214175024,Quincy,1634.0,1.0,QUINCY WATER DEPT. (MWRA),0.0,0.0,0.0,,Yes,Minority,51.7,8.3,86397.0
250214176011,Quincy,773.0,1.0,QUINCY WATER DEPT. (MWRA),0.0,0.0,0.0,,Yes,Minority,35.3,2.2,99054.0
250214176012,Quincy,1884.0,1.0,QUINCY WATER DEPT. (MWRA),0.0,0.0,0.0,,Yes,Minority,44.9,3.1,117143.0
250214176013,Quincy,1232.0,1.0,QUINCY WATER DEPT. (MWRA),0.0,0.0,0.0,,Yes,"Minority, income and English isolation",57.5,32.5,49255.0
250214176014,Quincy,1360.0,1.0,QUINCY WATER DEPT. (MWRA),0.0,0.0,0.0,,Yes,Minority and English isolation,63.6,31.7,60108.0
250214176021,Quincy,1358.0,1.0,QUINCY WATER DEPT. (MWRA),0.0,0.0,0.0,,Yes,Minority,26.7,0.0,95938.0
250214176022,Quincy,1884.0,1.0,QUINCY WATER DEPT. (MWRA),0.0,0.0,0.0,,Yes,Minority,59.3,14.7,96264.0
250214176023,Quincy,2160.0,1.0,QUINCY WATER DEPT. (MWRA),0.0,0.0,0.0,,Yes,Minority and income,53.2,21.0,46250.0
250214177021,Quincy,734.0,1.0,QUINCY WATER DEPT. (MWRA),0.0,0.0,0.0,,No,,,,
250214177022,Quincy,1054.0,1.0,QUINCY WATER DEPT. (MWRA),0.0,0.0,0.0,,Yes,Minority,36.9,10.8,65417.0
250214177023,Quincy,1038.0,1.0,QUINCY WATER DEPT. (MWRA),0.0,0.0,0.0,,No,,,,
250214177031,Quincy,730.0,1.0,QUINCY WATER DEPT. (MWRA),0.0,0.0,0.0,,Yes,Minority and income,40.4,15.7,24706.0
250214177032,Quincy,954.0,1.0,QUINCY WATER DEPT. (MWRA),0.0,0.0,0.0,,Yes,Minority and income,50.5,0.0,44453.0
250214177033,Quincy,1320.0,1.0,QUINCY WATER DEPT. (MWRA),0.0,0.0,0.0,,Yes,"Minority, income and English isolation",42.3,33.3,18676.0
250214177041,Quincy,1931.0,1.0,QUINCY WATER DEPT. (MWRA),0.0,0.0,0.0,,Yes,Minority,40.7,8.5,86058.0
250214177042,Quincy,1758.0,1.0,QUINCY WATER DEPT. (MWRA),0.0,0.0,0.0,,Yes,Minority,51.5,9.3,91395.0
250214178011,Quincy,1069.0,1.0,QUINCY WATER DEPT. (MWRA),0.0,0.0,0.0,,No,,,,
250214178012,Quincy,854.0,1.0,QUINCY WATER DEPT. (MWRA),0.0,0.0,0.0,,No,,,,
250214178013,Quincy,1292.0,1.0,QUINCY WATER DEPT. (MWRA),0.0,0.0,0.0,,No,,,,
250214178014,Quincy,718.0,1.0,QUINCY WATER DEPT. (MWRA),0.0,0.0,0.0,,No,,,,
250214178015,Quincy,1585.0,1.0,QUINCY WATER DEPT. (MWRA),0.0,0.0,0.0,,No,,,,
250214178021,Quincy,1727.0,1.0,QUINCY WATER DEPT. (MWRA),0.0,0.0,0.0,,Yes,Minority and income,50.6,13.8,53571.0
250214178022,Quincy,1490.0,1.0,QUINCY WATER DEPT. (MWRA),0.0,0.0,0.0,,Yes,"Minority, income and English isolation",67.8,29.0,22444.0
250214179011,Quincy,2217.0,1.0,QUINCY WATER DEPT. (MWRA),0.0,0.0,0.0,,Yes,Minority,40.6,10.5,68750.0
250214179012,Quincy,1738.0,1.0,QUINCY WATER DEPT. (MWRA),0.0,0.0,0.0,,Yes,Minority and income,41.5,12.0,37113.0
250214179013,Quincy,748.0,1.0,QUINCY WATER DEPT. (MWRA),0.0,0.0,0.0,,Yes,Minority and income,51.2,23.9,22209.0
250214179014,Quincy,1147.0,1.0,QUINCY WATER DEPT. (MWRA),0.0,0.0,0.0,,Yes,Minority,53.1,3.0,64130.0
250214179015,Quincy,1579.0,1.0,QUINCY WATER DEPT. (MWRA),0.0,0.0,0.0,,Yes,Minority and income,43.9,20.9,41221.0
250214179016,Quincy,698.0,1.0,QUINCY WATER DEPT. (MWRA),0.0,0.0,0.0,,Yes,Minority,56.9,19.6,66676.0
250214179021,Quincy,1344.0,1.0,QUINCY WATER DEPT. (MWRA),0.0,0.0,0.0,,Yes,Minority,52.2,19.8,95083.0
250214179022,Quincy,1432.0,1.0,QUINCY WATER DEPT. (MWRA),0.0,0.0,0.0,,Yes,Minority,48.3,10.0,66411.0
250214179023,Quincy,1010.0,1.0,QUINCY WATER DEPT. (MWRA),0.0,0.0,0.0,,Yes,Minority,46.9,7.6,85714.0
250214180021,Quincy,2026.0,1.0,QUINCY WATER DEPT. (MWRA),0.0,0.0,0.0,,Yes,Minority,52.7,2.0,92900.0
250214180022,Quincy,761.0,1.0,QUINCY WATER DEPT. (MWRA),0.0,0.0,0.0,,Yes,Minority,34.7,5.3,86250.0
250214180023,Quincy,1150.0,1.0,QUINCY WATER DEPT. (MWRA),0.0,0.0,0.0,,Yes,Minority,36.3,2.5,83224.0
250214180024,Quincy,3507.0,1.0,QUINCY WATER DEPT. (MWRA),0.0,0.0,0.0,,Yes,Minority,66.1,15.4,84211.0
250214180031,Quincy,1239.0,1.0,QUINCY WATER DEPT. (MWRA),0.0,0.0,0.0,,Yes,Minority,49.2,5.3,108045.0
250214180032,Quincy,1209.0,1.0,QUINCY WATER DEPT. (MWRA),0.0,0.0,0.0,,Yes,Minority,48.0,4.3,142632.0
250214180041,Quincy,1597.0,1.0,QUINCY WATER DEPT. (MWRA),0.0,0.0,0.0,,Yes,Minority,51.3,22.8,55278.0
250214180042,Quincy,1277.0,1.0,QUINCY WATER DEPT. (MWRA),0.0,0.0,0.0,,Yes,Minority,55.4,6.1,77847.0
250214180043,Quincy,2169.0,1.0,QUINCY WATER DEPT. (MWRA),0.0,0.0,0.0,,Yes,Minority,51.8,16.5,60721.0
250214181011,Quincy,1619.0,1.0,QUINCY WATER DEPT. (MWRA),0.0,0.0,0.0,,Yes,Minority,35.8,0.0,120000.0
250214181012,Quincy,832.0,1.0,QUINCY WATER DEPT. (MWRA),0.0,0.0,0.0,,Yes,Minority,45.9,0.0,71563.0
250214181013,Quincy,1423.0,1.0,QUINCY WATER DEPT. (MWRA),0.0,0.0,0.0,,Yes,Minority and income,33.1,14.8,31912.0
250214181014,Quincy,1247.0,1.0,QUINCY WATER DEPT. (MWRA),0.0,0.0,0.0,,Yes,Minority,50.9,4.4,102313.0
250214181021,Quincy,1025.0,1.0,QUINCY WATER DEPT. (MWRA),0.0,0.0,0.0,,Yes,Minority and income,37.2,8.5,43199.0
250214181022,Quincy,1471.0,1.0,QUINCY WATER DEPT. (MWRA),0.0,0.0,0.0,,Yes,Minority,49.3,9.0,95132.0
250214181023,Quincy,1054.0,1.0,QUINCY WATER DEPT. (MWRA),0.0,0.0,0.0,,Yes,Minority,52.6,0.0,77981.0
250214182011,Quincy,2006.0,1.0,QUINCY WATER DEPT. (MWRA),0.0,0.0,0.0,,Yes,Minority and income,46.1,2.8,52000.0
250214182012,Quincy,1995.0,1.0,QUINCY WATER DEPT. (MWRA),0.0,0.0,0.0,,Yes,Minority,44.4,6.2,97500.0
250214182013,Quincy,2334.0,1.0,QUINCY WATER DEPT. (MWRA),0.0,0.0,0.0,,Yes,Minority,30.7,9.2,110403.0
250214191001,Braintree,1657.0,1.0,BRAINTREE WATER AND SEWER DEPT.,15.3,24.9,0.0,,Yes,Minority,27.3,2.4,76786.0
250214191002,Braintree,26.0,1.0,BRAINTREE WATER AND SEWER DEPT.,15.3,24.9,0.0,,No,,,,
250214191003,Braintree,705.0,1.0,BRAINTREE WATER AND SEWER DEPT.,15.3,24.9,0.0,,Yes,Minority,27.8,3.9,85786.0
250214191004,Braintree,1704.0,1.0,BRAINTREE WATER AND SEWER DEPT.,15.3,24.9,0.0,,Yes,Minority,24.9,3.0,137648.0
250214191005,Braintree,2237.0,1.0,BRAINTREE WATER AND SEWER DEPT.,15.3,24.9,0.0,,Yes,Minority,38.1,2.5,108036.0
250214192001,Braintree,2244.0,1.0,BRAINTREE WATER AND SEWER DEPT.,15.3,24.9,0.0,,Yes,Minority,27.2,3.7,96688.0
250214192002,Braintree,888.0,1.0,BRAINTREE WATER AND SEWER DEPT.,15.3,24.9,0.0,,Yes,Minority,28.4,1.8,68750.0
250214192003,Braintree,1261.0,1.0,BRAINTREE WATER AND SEWER DEPT.,15.3,24.9,0.0,,No,,,,
250214192004,Braintree,784.0,1.0,BRAINTREE WATER AND SEWER DEPT.,15.3,24.9,0.0,,Yes,Minority,31.1,0.0,134732.0
250214193001,Braintree,1289.0,0.568,BRAINTREE WATER AND SEWER DEPT.,15.3,24.9,0.432,0.202,Yes,Minority,47.7,20.1,93514.0
250214193002,Braintree,770.0,1.0,BRAINTREE WATER AND SEWER DEPT.,15.3,24.9,0.0,,Yes,Minority,27.1,11.9,69000.0
250214193003,Braintree,731.0,1.0,BRAINTREE WATER AND SEWER DEPT.,15.3,24.9,0.0,,Yes,Minority and income,53.4,9.0,27500.0
250214193004,Braintree,1210.0,1.0,BRAINTREE WATER AND SEWER DEPT.,15.3,24.9,0.0,,Yes,Minority,27.9,3.1,123884.0
250214194001,Braintree,799.0,1.0,BRAINTREE WATER AND SEWER DEPT.,15.3,24.9,0.0,,Yes,Minority and English isolation,32.5,25.1,96858.0
250214194002,Braintree,1064.0,1.0,BRAINTREE WATER AND SEWER DEPT.,15.3,24.9,0.0,,Yes,Minority,26.7,0.0,71000.0
250214194003,Braintree,1348.0,0.88,BRAINTREE WATER AND SEWER DEPT.,15.3,24.9,0.12,0.516,Yes,Minority,31.2,7.7,76641.0
250214195001,Braintree,1180.0,1.0,BRAINTREE WATER AND SEWER DEPT.,15.3,24.9,0.0,,Yes,Minority,41.1,0.0,84375.0
250214195002,Braintree,2301.0,0.839,BRAINTREE WATER AND SEWER DEPT.,15.3,24.9,0.161,0.445,Yes,Minority,28.2,3.3,135472.0
250214196011,Braintree,1600.0,0.271,BRAINTREE WATER AND SEWER DEPT.,15.3,24.9,0.729,0.382,Yes,Minority,39.6,3.4,153906.0
250214196021,Braintree,1233.0,1.0,BRAINTREE WATER AND SEWER DEPT.,15.3,24.9,0.0,,Yes,Minority,24.6,8.7,77328.0
250214196022,Braintree,2336.0,0.949,BRAINTREE WATER AND SEWER DEPT.,15.3,24.9,0.051,0.127,No,,,,
250214196023,Braintree,2344.0,1.0,BRAINTREE WATER AND SEWER DEPT.,15.3,24.9,0.0,,No,,,,
250214197001,Braintree,2025.0,1.0,BRAINTREE WATER AND SEWER DEPT.,15.3,24.9,0.0,,Yes,Minority,36.8,4.7,116500.0
250214197002,Braintree,2691.0,1.0,BRAINTREE WATER AND SEWER DEPT.,15.3,24.9,0.0,,Yes,Minority,28.5,0.5,155820.0
250214198001,Braintree,1787.0,1.0,BRAINTREE WATER AND SEWER DEPT.,15.3,24.9,0.0,,Yes,Minority,26.9,0.0,97083.0
250214198002,Braintree,1305.0,1.0,BRAINTREE WATER AND SEWER DEPT.,15.3,24.9,0.0,,Yes,Minority and income,40.2,5.6,47976.0
250214198003,Braintree,1624.0,1.0,BRAINTREE WATER AND SEWER DEPT.,15.3,24.9,0.0,,No,,,,
250214201011,Randolph,973.0,1.0,RANDOLPH WATER DEPARTMENT,17.3,23.9,0.0,,Yes,Minority,73.2,5.1,123052.0
250214201012,Randolph,2586.0,1.0,RANDOLPH WATER DEPARTMENT,17.3,23.9,0.0,,Yes,Minority,76.0,11.4,95926.0
250214201013,Randolph,1139.0,1.0,RANDOLPH WATER DEPARTMENT,17.3,23.9,0.0,,Yes,Minority,65.8,0.0,94949.0
250214201021,Randolph,2517.0,1.0,RANDOLPH WATER DEPARTMENT,17.3,23.9,0.0,,Yes,Minority,70.3,12.5,73427.0
250214201022,Randolph,1605.0,1.0,RANDOLPH WATER DEPARTMENT,17.3,23.9,0.0,,Yes,Minority,67.4,7.6,88048.0
250214202011,Randolph,863.0,1.0,RANDOLPH WATER DEPARTMENT,17.3,23.9,0.0,,Yes,Minority,70.0,7.2,140542.0
250214202012,Randolph,2713.0,1.0,RANDOLPH WATER DEPARTMENT,17.3,23.9,0.0,,Yes,Minority,73.6,8.5,69239.0
250214202021,Randolph,1852.0,1.0,RANDOLPH WATER DEPARTMENT,17.3,23.9,0.0,,Yes,Minority,76.8,15.6,105089.0
250214202022,Randolph,2565.0,1.0,RANDOLPH WATER DEPARTMENT,17.3,23.9,0.0,,Yes,Minority,80.0,0.0,61040.0
250214202023,Randolph,1785.0,1.0,RANDOLPH WATER DEPARTMENT,17.3,23.9,0.0,,Yes,Minority,76.5,0.0,112375.0
250214202025,Randolph,1202.0,1.0,RANDOLPH WATER DEPARTMENT,17.3,23.9,0.0,,Yes,Minority,68.9,11.4,87404.0
250214203011,Randolph,928.0,1.0,RANDOLPH WATER DEPARTMENT,17.3,23.9,0.0,,Yes,Minority,68.5,0.0,66419.0
250214203012,Randolph,1724.0,1.0,RANDOLPH WATER DEPARTMENT,17.3,23.9,0.0,,Yes,Minority,75.8,14.9,91639.0
250214203013,Randolph,2791.0,1.0,RANDOLPH WATER DEPARTMENT,17.3,23.9,0.0,,Yes,Minority,71.7,4.7,64659.0
250214203014,Randolph,1852.0,1.0,RANDOLPH WATER DEPARTMENT,17.3,23.9,0.0,,Yes,Minority,69.2,0.0,109412.0
250214203021,Randolph,1637.0,1.0,RANDOLPH WATER DEPARTMENT,17.3,23.9,0.0,,Yes,Minority,74.8,10.5,137639.0
250214203022,Randolph,1116.0,1.0,RANDOLPH WATER DEPARTMENT,17.3,23.9,0.0,,Yes,Minority and income,73.9,0.0,50906.0
250214203023,Randolph,1082.0,1.0,RANDOLPH WATER DEPARTMENT,17.3,23.9,0.0,,Yes,Minority,70.1,0.0,66157.0
250214203024,Randolph,2399.0,1.0,RANDOLPH WATER DEPARTMENT,17.3,23.9,0.0,,Yes,Minority,73.0,3.1,104851.0
250214203025,Randolph,1655.0,1.0,RANDOLPH WATER DEPARTMENT,17.3,23.9,0.0,,Yes,Minority and income,82.0,14.2,48036.0
250214211001,Holbrook,1720.0,1.0,HOLBROOK PUBLIC WORKS DEPT,17.3,23.9,0.0,,Yes,Minority,42.8,8.4,63824.0
250214211002,Holbrook,746.0,1.0,HOLBROOK PUBLIC WORKS DEPT,17.3,23.9,0.0,,Yes,Minority,40.3,0.0,68354.0
250214211003,Holbrook,1159.0,1.0,HOLBROOK PUBLIC WORKS DEPT,17.3,23.9,0.0,,Yes,Minority,30.5,0.0,78605.0
250214211004,Holbrook,1785.0,0.521,HOLBROOK PUBLIC WORKS DEPT,17.3,23.9,0.479,0.321,Yes,Minority,39.2,3.5,77173.0
250214212001,Holbrook,1096.0,1.0,HOLBROOK PUBLIC WORKS DEPT,17.3,23.9,0.0,,Yes,Minority and income,34.4,0.0,43229.0
250214212002,Holbrook,1200.0,1.0,HOLBROOK PUBLIC WORKS DEPT,17.3,23.9,0.0,,Yes,Minority,26.7,0.0,109896.0
250214212003,Holbrook,1340.0,0.305,HOLBROOK PUBLIC WORKS DEPT,17.3,23.9,0.695,0.314,Yes,Minority,29.7,0.0,93269.0
250214212004,Holbrook,1495.0,0.651,HOLBROOK PUBLIC WORKS DEPT,17.3,23.9,0.349,0.323,Yes,Minority,35.2,0.0,89963.0
250214212005,Holbrook,864.0,0.308,HOLBROOK PUBLIC WORKS DEPT,17.3,23.9,0.692,0.202,No,,,,
250214221001,Weymouth,1158.0,0.801,WEYMOUTH WATER DEPARTMENT,4.7,10.8,0.199,0.373,No,,,,
250214221002,Weymouth,1315.0,0.494,WEYMOUTH WATER DEPARTMENT,4.7,10.8,0.506,0.437,No,,,,
250214221003,Weymouth,1853.0,1.0,SOUTHFIELD REDEVELOPEMENT AUTHORITY; WEYMOUTH WATER DEPARTMENT,4.7,10.8,0.0,,No,,,,
250214221004,Weymouth,1028.0,1.0,WEYMOUTH WATER DEPARTMENT,4.7,10.8,0.0,,Yes,Minority,25.9,5.0,81629.0
250214222011,Weymouth,1293.0,0.987,SOUTHFIELD REDEVELOPEMENT AUTHORITY; WEYMOUTH WATER DEPARTMENT,4.7,10.8,0.013,0.384,Yes,Minority and English isolation,38.5,35.7,117283.0
250214222012,Weymouth,984.0,0.983,SOUTHFIELD REDEVELOPEMENT AUTHORITY,4.7,10.8,0.017,0.402,No,,,,
250214222021,Weymouth,1158.0,1.0,WEYMOUTH WATER DEPARTMENT,4.7,10.8,0.0,,No,,,,
250214222022,Weymouth,800.0,0.82,WEYMOUTH WATER DEPARTMENT,4.7,10.8,0.18,0.451,No,,,,
250214222023,Weymouth,1978.0,1.0,SOUTHFIELD REDEVELOPEMENT AUTHORITY; WEYMOUTH WATER DEPARTMENT,4.7,10.8,0.0,,Yes,Minority,38.6,9.2,64158.0
250214222024,Weymouth,1624.0,1.0,SOUTHFIELD REDEVELOPEMENT AUTHORITY; WEYMOUTH WATER DEPARTMENT,4.7,10.8,0.0,,No,,,,
250214222025,Weymouth,1401.0,0.599,WEYMOUTH WATER DEPARTMENT,4.7,10.8,0.401,0.413,No,,,,
250214223011,Weymouth,1206.0,1.0,WEYMOUTH WATER DEPARTMENT,4.7,10.8,0.0,,No,,,,
250214223012,Weymouth,2226.0,1.0,WEYMOUTH WATER DEPARTMENT,4.7,10.8,0.0,,No,,,,
250214223031,Weymouth,1319.0,1.0,WEYMOUTH WATER DEPARTMENT,4.7,10.8,0.0,,Yes,Minority,30.1,7.9,75029.0
250214223032,Weymouth,1926.0,1.0,WEYMOUTH WATER DEPARTMENT,4.7,10.8,0.0,,Yes,Minority,55.6,11.7,86692.0
250214223033,Weymouth,1762.0,0.93,WEYMOUTH WATER DEPARTMENT,4.7,10.8,0.07,0.422,Yes,Minority,29.5,0.0,59740.0
250214223041,Weymouth,928.0,1.0,WEYMOUTH WATER DEPARTMENT,4.7,10.8,0.0,,No,,,,
250214223042,Weymouth,1239.0,1.0,WEYMOUTH WATER DEPARTMENT,4.7,10.8,0.0,,No,,,,
250214224011,Weymouth,627.0,1.0,WEYMOUTH WATER DEPARTMENT,4.7,10.8,0.0,,Yes,Minority,27.3,14.8,87885.0
250214224012,Weymouth,976.0,1.0,WEYMOUTH WATER DEPARTMENT,4.7,10.8,0.0,,Yes,Minority and income,30.0,6.0,31774.0
250214224013,Weymouth,1970.0,1.0,WEYMOUTH WATER DEPARTMENT,4.7,10.8,0.0,,Yes,Minority,31.7,2.2,106021.0
250214224021,Weymouth,1664.0,1.0,WEYMOUTH WATER DEPARTMENT,4.7,10.8,0.0,,No,,,,
250214224022,Weymouth,979.0,1.0,WEYMOUTH WATER DEPARTMENT,4.7,10.8,0.0,,Yes,Income,14.3,0.0,47969.0
250214224023,Weymouth,1246.0,1.0,WEYMOUTH WATER DEPARTMENT,4.7,10.8,0.0,,No,,,,
250214225011,Weymouth,1251.0,1.0,WEYMOUTH WATER DEPARTMENT,4.7,10.8,0.0,,Yes,Minority,28.5,0.0,69821.0
250214225012,Weymouth,2061.0,0.72,WEYMOUTH WATER DEPARTMENT,4.7,10.8,0.28,0.463,Yes,Minority,33.3,3.2,57368.0
250214225013,Weymouth,738.0,1.0,WEYMOUTH WATER DEPARTMENT,4.7,10.8,0.0,,No,,,,
250214225014,Weymouth,797.0,1.0,WEYMOUTH WATER DEPARTMENT,4.7,10.8,0.0,,No,,,,
250214225021,Weymouth,1146.0,1.0,WEYMOUTH WATER DEPARTMENT,4.7,10.8,0.0,,Yes,Minority,34.4,11.6,64112.0
250214225022,Weymouth,1353.0,1.0,WEYMOUTH WATER DEPARTMENT,4.7,10.8,0.0,,Yes,Minority,27.1,6.0,79236.0
250214225023,Weymouth,1879.0,1.0,WEYMOUTH WATER DEPARTMENT,4.7,10.8,0.0,,Yes,Minority,28.2,2.4,77247.0
250214225024,Weymouth,1212.0,1.0,WEYMOUTH WATER DEPARTMENT,4.7,10.8,0.0,,Yes,Minority,34.4,0.0,60917.0
250214226001,Weymouth,873.0,0.859,WEYMOUTH WATER DEPARTMENT,4.7,10.8,0.141,0.406,No,,,,
250214226002,Weymouth,893.0,0.61,WEYMOUTH WATER DEPARTMENT,4.7,10.8,0.39,0.39,No,,,,
250214226003,Weymouth,1377.0,1.0,WEYMOUTH WATER DEPARTMENT,4.7,10.8,0.0,,No,,,,
250214226004,Weymouth,1121.0,1.0,WEYMOUTH WATER DEPARTMENT,4.7,10.8,0.0,,No,,,,
250214226005,Weymouth,982.0,1.0,WEYMOUTH WATER DEPARTMENT,4.7,10.8,0.0,,No,,,,
250214226006,Weymouth,1533.0,1.0,WEYMOUTH WATER DEPARTMENT,4.7,10.8,0.0,,No,,,,
250214227001,Weymouth,1472.0,1.0,WEYMOUTH WATER DEPARTMENT,4.7,10.8,0.0,,No,,,,
250214227002,Weymouth,934.0,1.0,WEYMOUTH WATER DEPARTMENT,4.7,10.8,0.0,,No,,,,
250214227003,Weymouth,760.0,1.0,WEYMOUTH WATER DEPARTMENT,4.7,10.8,0.0,,No,,,,
250214227004,Weymouth,638.0,1.0,WEYMOUTH WATER DEPARTMENT,4.7,10.8,0.0,,Yes,Minority,26.0,0.0,87061.0
250214228001,Weymouth,1391.0,1.0,WEYMOUTH WATER DEPARTMENT,4.7,10.8,0.0,,No,,,,
250214228002,Weymouth,853.0,1.0,WEYMOUTH WATER DEPARTMENT,4.7,10.8,0.0,,No,,,,
250214228003,Weymouth,794.0,1.0,WEYMOUTH WATER DEPARTMENT,4.7,10.8,0.0,,No,,,,
250214228004,Weymouth,719.0,1.0,WEYMOUTH WATER DEPARTMENT,4.7,10.8,0.0,,No,,,,
250214231011,Cohasset,1292.0,1.0,COHASSET WATER DEPT,7.2,20.7,0.0,,No,,,,
250214231012,Cohasset,1727.0,1.0,COHASSET WATER DEPT,7.2,20.7,0.0,,No,,,,
250214231013,Cohasset,830.0,1.0,COHASSET WATER DEPT,7.2,20.7,0.0,,No,,,,
250214231021,Cohasset,1874.0,0.991,COHASSET WATER DEPT; WEIR RIVER WATER SYSTEM,7.3,18.9,0.009,0.272,No,,,,
250214231022,Cohasset,1327.0,1.0,COHASSET WATER DEPT,7.2,20.7,0.0,,No,,,,
250214231023,Cohasset,1331.0,1.0,COHASSET WATER DEPT; WEIR RIVER WATER SYSTEM,7.3,19.4,0.0,,No,,,,
250214401011,Plainville,1720.0,0.933,PLAINVILLE WATER DEPARTMENT,6.1,13.2,0.067,0.308,No,,,,
250214401012,Plainville,2561.0,0.522,PLAINVILLE WATER DEPARTMENT,6.1,13.2,0.478,0.133,No,,,,
250214401013,Plainville,2327.0,0.969,PLAINVILLE WATER DEPARTMENT,6.1,13.2,0.031,0.169,No,,,,
250214401021,Plainville,2137.0,0.517,PLAINVILLE WATER DEPARTMENT,6.1,13.2,0.483,0.085,No,,,,
250214401022,Plainville,1200.0,1.0,PLAINVILLE WATER DEPARTMENT,6.1,13.2,0.0,,No,,,,
250214412021,Wrentham,3021.0,0.213,MOUNT ST MARYS ABBEY; WRENTHAM WATER DIVISION,6.3,8.5,0.787,0.137,No,,,,
250214412031,Wrentham,2622.0,0.849,WRENTHAM WATER DIVISION,6.4,8.6,0.151,0.156,No,,,,
250214412032,Wrentham,1490.0,0.497,WRENTHAM WATER DIVISION,6.4,8.6,0.503,0.181,No,,,,
250214412041,Wrentham,2626.0,0.848,WRENTHAM DEVELOPMENTAL CENTER; WRENTHAM WATER DIVISION,6.8,8.9,0.152,0.232,No,,,,
250214412042,Wrentham,2419.0,0.94,WRENTHAM WATER DIVISION,6.4,8.6,0.06,0.088,No,,,,
250214421011,Franklin,1072.0,1.0,FRANKLIN WATER DEPARTMENT,4.8,12.7,0.0,,No,,,,
250214421012,Franklin,2128.0,1.0,FRANKLIN WATER DEPARTMENT,4.8,12.7,0.0,,No,,,,
250214421013,Franklin,1664.0,1.0,FRANKLIN WATER DEPARTMENT,4.8,12.7,0.0,,No,,,,
250214421014,Franklin,933.0,1.0,FRANKLIN WATER DEPARTMENT,4.8,12.7,0.0,,No,,,,
250214421031,Franklin,2494.0,0.985,FRANKLIN WATER DEPARTMENT,4.8,12.7,0.015,0.324,No,,,,
250214421032,Franklin,1403.0,0.914,FRANKLIN WATER DEPARTMENT,4.8,12.7,0.086,0.319,No,,,,
250214421033,Franklin,705.0,1.0,FRANKLIN WATER DEPARTMENT,4.8,12.7,0.0,,No,,,,
250214421034,Franklin,2407.0,0.975,FRANKLIN WATER DEPARTMENT,4.8,12.7,0.025,0.33,No,,,,
250214421041,Franklin,1764.0,1.0,FRANKLIN WATER DEPARTMENT,4.8,12.7,0.0,,No,,,,
250214421042,Franklin,2575.0,1.0,FRANKLIN WATER DEPARTMENT,4.8,12.7,0.0,,No,,,,
250214421043,Franklin,1226.0,1.0,FRANKLIN WATER DEPARTMENT,4.8,12.7,0.0,,No,,,,
250214421051,Franklin,1894.0,0.164,FRANKLIN WATER DEPARTMENT,4.8,12.7,0.836,0.294,No,,,,
250214422011,Franklin,1922.0,0.909,FRANKLIN WATER DEPARTMENT; MOUNT ST MARYS ABBEY,4.7,12.6,0.091,0.161,No,,,,
250214422012,Franklin,2440.0,0.793,FRANKLIN WATER DEPARTMENT,4.8,12.7,0.207,0.236,No,,,,
250214422031,Franklin,1666.0,0.369,FRANKLIN WATER DEPARTMENT,4.8,12.7,0.631,0.262,No,,,,
250214422032,Franklin,2583.0,1.0,FRANKLIN WATER DEPARTMENT,4.8,12.7,0.0,,No,,,,
250214422041,Franklin,1378.0,1.0,FRANKLIN WATER DEPARTMENT,4.8,12.7,0.0,,No,,,,
250214422042,Franklin,1201.0,1.0,FRANKLIN WATER DEPARTMENT,4.8,12.7,0.0,,No,,,,
250214422043,Franklin,1806.0,1.0,FRANKLIN WATER DEPARTMENT,4.8,12.7,0.0,,No,,,,
250214431031,Bellingham,1381.0,1.0,BELLINGHAM DPW WATER  SEWER DIVISION,9.5,22.5,0.0,,No,,,,
250214431032,Bellingham,1023.0,1.0,BELLINGHAM DPW WATER  SEWER DIVISION,9.5,22.5,0.0,,No,,,,
250214431033,Bellingham,2158.0,1.0,BELLINGHAM DPW WATER  SEWER DIVISION,9.5,22.5,0.0,,No,,,,
250214431041,Bellingham,2286.0,0.829,BELLINGHAM DPW WATER  SEWER DIVISION,9.5,22.5,0.171,0.244,No,,,,
250214431042,Bellingham,1434.0,1.0,BELLINGHAM DPW WATER  SEWER DIVISION,9.5,22.5,0.0,,No,,,,
250214431043,Bellingham,1043.0,1.0,BELLINGHAM DPW WATER  SEWER DIVISION,9.5,22.5,0.0,,Yes,Minority,26.2,0.0,142750.0
250214431051,Bellingham,2080.0,0.82,BELLINGHAM DPW WATER  SEWER DIVISION,9.5,22.5,0.18,0.264,No,,,,
250214431061,Bellingham,1874.0,1.0,BELLINGHAM DPW WATER  SEWER DIVISION,9.5,22.5,0.0,,No,,,,
250214431062,Bellingham,1959.0,1.0,BELLINGHAM DPW WATER  SEWER DIVISION,9.5,22.5,0.0,,Yes,Income,16.2,0.0,51167.0
250214431063,Bellingham,1707.0,1.0,BELLINGHAM DPW WATER  SEWER DIVISION,9.5,22.5,0.0,,No,,,,
250214561011,Stoughton,2299.0,0.733,STOUGHTON WATER DEPARTMENT,14.8,16.9,0.267,0.336,Yes,Minority,41.8,2.7,112365.0
250214561012,Stoughton,1816.0,0.725,STOUGHTON WATER DEPARTMENT,14.8,16.9,0.275,0.34,Yes,Minority,37.3,0.0,115556.0
250214561021,Stoughton,1837.0,1.0,STOUGHTON WATER DEPARTMENT,14.8,16.9,0.0,,Yes,Minority,44.9,23.5,68365.0
250214561022,Stoughton,2226.0,1.0,STOUGHTON WATER DEPARTMENT,14.8,16.9,0.0,,Yes,Minority,39.9,1.0,95058.0
250214561023,Stoughton,1081.0,1.0,STOUGHTON WATER DEPARTMENT,14.8,16.9,0.0,,Yes,Minority,40.1,17.2,68333.0
250214562001,Stoughton,1654.0,0.701,STOUGHTON WATER DEPARTMENT,14.8,16.9,0.299,0.312,Yes,Minority,53.0,2.8,95281.0
250214562002,Stoughton,2386.0,0.538,STOUGHTON WATER DEPARTMENT,14.8,16.9,0.462,0.376,Yes,Minority,36.8,0.7,115439.0
250214563011,Stoughton,1219.0,1.0,STOUGHTON WATER DEPARTMENT,14.8,16.9,0.0,,Yes,Minority,62.4,20.7,58466.0
250214563012,Stoughton,798.0,1.0,STOUGHTON WATER DEPARTMENT,14.8,16.9,0.0,,Yes,Minority,45.9,3.6,74208.0
250214563021,Stoughton,2097.0,1.0,STOUGHTON WATER DEPARTMENT,14.8,16.9,0.0,,Yes,Minority,33.5,5.7,70119.0
250214563022,Stoughton,1196.0,1.0,STOUGHTON WATER DEPARTMENT,14.8,16.9,0.0,,Yes,Minority,36.5,16.5,75208.0
250214563023,Stoughton,740.0,1.0,STOUGHTON WATER DEPARTMENT,14.8,16.9,0.0,,No,,,,
250214563024,Stoughton,1504.0,0.763,STOUGHTON WATER DEPARTMENT,14.8,16.9,0.237,0.426,Yes,Minority,54.5,0.0,88167.0
250214564011,Stoughton,1112.0,1.0,STOUGHTON WATER DEPARTMENT,14.8,16.9,0.0,,Yes,Minority,45.3,1.8,85500.0
250214564012,Stoughton,1774.0,0.778,STOUGHTON WATER DEPARTMENT,14.8,16.9,0.222,0.371,Yes,Minority,28.6,5.4,111250.0
250214564021,Stoughton,930.0,0.066,STOUGHTON WATER DEPARTMENT,14.8,16.9,0.934,0.254,Yes,Minority,27.1,0.0,131906.0
250214564022,Stoughton,1382.0,0.46,STOUGHTON WATER DEPARTMENT,14.8,16.9,0.54,0.263,Yes,Minority,28.3,0.0,110673.0
250214564023,Stoughton,2383.0,0.807,STOUGHTON WATER DEPARTMENT,14.8,16.9,0.193,0.395,Yes,Minority,28.5,0.5,134250.0
250214564024,Stoughton,847.0,1.0,STOUGHTON WATER DEPARTMENT,14.8,16.9,0.0,,Yes,Minority,32.6,7.0,111875.0
250214571001,Avon,1055.0,0.605,BROCKTON WATER DEPARTMENT; TOWN OF AVON,7.0,14.9,0.395,0.296,Yes,Minority,37.5,0.0,100909.0
250214571002,Avon,1267.0,1.0,BROCKTON WATER DEPARTMENT; TOWN OF AVON,6.9,14.9,0.0,,Yes,Minority,33.4,5.0,128782.0
250214571003,Avon,1258.0,1.0,TOWN OF AVON,7.2,14.9,0.0,,Yes,Minority,39.8,0.0,95511.0
250214571004,Avon,1197.0,1.0,TOWN OF AVON,7.2,14.9,0.0,,Yes,Minority,35.2,0.0,95042.0
250214572001,Needham,942.0,1.0,NEEDHAM WATER DEPT,9.0,10.6,0.0,,No,,,,
250214572002,Needham,1050.0,1.0,NEEDHAM WATER DEPT,9.0,10.6,0.0,,No,,,,
250214572003,Needham,1807.0,1.0,NEEDHAM WATER DEPT,9.0,10.6,0.0,,No,,,,
250214572004,Needham,1428.0,1.0,NEEDHAM WATER DEPT,9.0,10.6,0.0,,No,,,,
250214572005,Needham,742.0,1.0,NEEDHAM WATER DEPT,9.0,10.6,0.0,,No,,,,
250219800001,Quincy,8.0,1.0,QUINCY WATER DEPT. (MWRA),0.0,0.0,0.0,,No,,,,
250235001011,Hull,1501.0,0.926,WEIR RIVER WATER SYSTEM,8.0,8.0,0.074,0.089,No,,,,
250235001012,Hull,775.0,1.0,WEIR RIVER WATER SYSTEM,8.0,8.0,0.0,,No,,,,
250235001013,Hull,1341.0,1.0,WEIR RIVER WATER SYSTEM,8.0,8.0,0.0,,No,,,,
250235001031,Hull,1343.0,0.995,WEIR RIVER WATER SYSTEM,8.0,8.0,0.005,0.136,No,,,,
250235001032,Hull,888.0,0.995,WEIR RIVER WATER SYSTEM,8.0,8.0,0.005,0.183,No,,,,
250235001041,Hull,1170.0,1.0,WEIR RIVER WATER SYSTEM,8.0,8.0,0.0,,No,,,,
250235001042,Hull,929.0,1.0,WEIR RIVER WATER SYSTEM,8.0,8.0,0.0,,No,,,,
250235001043,Hull,775.0,1.0,WEIR RIVER WATER SYSTEM,8.0,8.0,0.0,,No,,,,
250235001044,Hull,1350.0,1.0,WEIR RIVER WATER SYSTEM,8.0,8.0,0.0,,No,,,,
250235011011,Hingham,1293.0,0.866,WEIR RIVER WATER SYSTEM,8.0,8.0,0.134,0.314,No,,,,
250235011012,Hingham,1415.0,1.0,WEIR RIVER WATER SYSTEM,8.0,8.0,0.0,,No,,,,
250235011013,Hingham,808.0,1.0,WEIR RIVER WATER SYSTEM,8.0,8.0,0.0,,No,,,,
250235011021,Hingham,1039.0,1.0,WEIR RIVER WATER SYSTEM,8.0,8.0,0.0,,No,,,,
250235011022,Hingham,2416.0,1.0,WEIR RIVER WATER SYSTEM,8.0,8.0,0.0,,No,,,,
250235011023,Hingham,2095.0,1.0,WEIR RIVER WATER SYSTEM,8.0,8.0,0.0,,No,,,,
250235011024,Hingham,3635.0,0.61,WEIR RIVER WATER SYSTEM,8.0,8.0,0.39,0.352,No,,,,
250235012011,Hingham,1365.0,0.764,WEIR RIVER WATER SYSTEM,8.0,8.0,0.236,0.26,No,,,,
250235012012,Hingham,2516.0,0.678,WEIR RIVER WATER SYSTEM,8.0,8.0,0.322,0.312,No,,,,
250235012031,Hingham,1057.0,0.655,WEIR RIVER WATER SYSTEM,8.0,8.0,0.345,0.214,No,,,,
250235012032,Hingham,1622.0,0.74,WEIR RIVER WATER SYSTEM,8.0,8.0,0.26,0.307,No,,,,
250235012041,Hingham,3044.0,0.631,WEIR RIVER WATER SYSTEM,8.0,8.0,0.369,0.248,No,,,,
250235012042,Hingham,665.0,0.977,WEIR RIVER WATER SYSTEM,8.0,8.0,0.023,0.277,No,,,,
250235012043,Hingham,1314.0,0.988,WEIR RIVER WATER SYSTEM,8.0,8.0,0.012,0.314,Yes,Income,5.3,0.0,31768.0
250235021011,Rockland,1816.0,0.911,ABINGTON/ROCKLAND JOINT WTR. WORKS,9.2,15.8,0.089,0.334,No,,,,
250235021012,Rockland,1450.0,1.0,ABINGTON/ROCKLAND JOINT WTR. WORKS,9.2,15.8,0.0,,Yes,Minority,26.7,0.0,116979.0
250235021013,Rockland,1313.0,1.0,ABINGTON/ROCKLAND JOINT WTR. WORKS,9.2,15.8,0.0,,No,,,,
250235021014,Rockland,1617.0,1.0,ABINGTON/ROCKLAND JOINT WTR. WORKS,9.2,15.8,0.0,,Yes,Minority,27.5,6.4,58725.0
250235021021,Rockland,1693.0,0.88,ABINGTON/ROCKLAND JOINT WTR. WORKS,9.2,15.8,0.12,0.314,No,,,,
250235021022,Rockland,2065.0,0.442,ABINGTON/ROCKLAND JOINT WTR. WORKS,9.2,15.8,0.558,0.318,No,,,,
250235021023,Rockland,1886.0,1.0,ABINGTON/ROCKLAND JOINT WTR. WORKS,9.2,15.8,0.0,,Yes,Income,22.9,6.6,51763.0
250235022001,Rockland,1230.0,0.518,ABINGTON/ROCKLAND JOINT WTR. WORKS,9.2,15.8,0.482,0.265,No,,,,
250235022002,Rockland,1575.0,1.0,ABINGTON/ROCKLAND JOINT WTR. WORKS,9.2,15.8,0.0,,Yes,Income,13.3,10.2,53327.0
250235022003,Rockland,2078.0,0.918,ABINGTON/ROCKLAND JOINT WTR. WORKS,9.2,15.8,0.082,0.097,No,,,,
250235022004,Rockland,1080.0,0.896,ABINGTON/ROCKLAND JOINT WTR. WORKS,9.2,15.8,0.104,0.217,No,,,,
250235031011,Hanover,2218.0,1.0,HANOVER WATER DEPT,8.8,18.7,0.0,,No,,,,
250235031012,Hanover,1711.0,1.0,HANOVER WATER DEPT,8.8,18.7,0.0,,No,,,,
250235031013,Hanover,1686.0,1.0,HANOVER WATER DEPT,8.8,18.7,0.0,,No,,,,
250235031014,Hanover,1790.0,1.0,HANOVER WATER DEPT,8.8,18.7,0.0,,No,,,,
250235031021,Hanover,1405.0,1.0,HANOVER WATER DEPT,8.8,18.7,0.0,,No,,,,
250235031022,Hanover,1624.0,1.0,HANOVER WATER DEPT,8.8,18.7,0.0,,No,,,,
250235031023,Hanover,936.0,1.0,HANOVER WATER DEPT,8.8,18.7,0.0,,No,,,,
250235031024,Hanover,1142.0,1.0,HANOVER WATER DEPT,8.8,18.7,0.0,,Yes,Income,12.4,7.2,51678.0
250235031025,Hanover,2321.0,1.0,HANOVER WATER DEPT,8.8,18.7,0.0,,No,,,,
250235041011,Norwell,2538.0,0.756,NORWELL WATER DEPARTMENT,13.9,19.3,0.244,0.206,No,,,,
250235041012,Norwell,1650.0,1.0,NORWELL WATER DEPARTMENT,13.9,19.3,0.0,,No,,,,
250235041013,Norwell,1430.0,0.752,NORWELL WATER DEPARTMENT,13.9,19.3,0.248,0.18,No,,,,
250235041021,Norwell,1605.0,0.793,NORWELL WATER DEPARTMENT,13.9,19.3,0.207,0.232,No,,,,
250235041022,Norwell,1031.0,1.0,NORWELL WATER DEPARTMENT; SCITUATE WATER DIVISION,13.8,19.1,0.0,,No,,,,
250235041023,Norwell,1949.0,1.0,NORWELL WATER DEPARTMENT,13.9,19.3,0.0,,No,,,,
250235041024,Norwell,1148.0,0.993,NORWELL WATER DEPARTMENT,13.9,19.3,0.007,0.275,No,,,,
250235051021,Scituate,1268.0,1.0,SCITUATE WATER DIVISION,4.2,5.4,0.0,,No,,,,
250235051022,Scituate,1733.0,1.0,SCITUATE WATER DIVISION,4.2,5.4,0.0,,No,,,,
250235051023,Scituate,1467.0,0.48,SCITUATE WATER DIVISION,4.2,5.4,0.52,0.217,No,,,,
250235051024,Scituate,849.0,0.779,SCITUATE WATER DIVISION,4.2,5.4,0.221,0.234,No,,,,
250235051031,Scituate,1427.0,0.692,SCITUATE WATER DIVISION,4.2,5.4,0.308,0.234,No,,,,
250235051032,Scituate,1209.0,0.971,SCITUATE WATER DIVISION,4.2,5.4,0.029,0.26,No,,,,
250235051041,Scituate,1204.0,1.0,SCITUATE WATER DIVISION,4.2,5.4,0.0,,No,,,,
250235051042,Scituate,1060.0,0.992,SCITUATE WATER DIVISION,4.2,5.4,0.008,0.26,No,,,,
250235051043,Scituate,1763.0,1.0,SCITUATE WATER DIVISION,4.2,5.4,0.0,,No,,,,
250235052011,Scituate,502.0,1.0,MARSHFIELD WATER DEPARTMENT,4.5,8.3,0.0,,No,,,,
250235052012,Scituate,2061.0,0.732,SCITUATE WATER DIVISION,4.2,5.4,0.268,0.212,No,,,,
250235052021,Scituate,809.0,1.0,SCITUATE WATER DIVISION,4.2,5.4,0.0,,No,,,,
250235052022,Scituate,2356.0,1.0,SCITUATE WATER DIVISION,4.2,5.4,0.0,,No,,,,
250235052023,Scituate,1355.0,1.0,SCITUATE WATER DIVISION,4.2,5.4,0.0,,No,,,,
250235061021,Marshfield,975.0,0.843,MARSHFIELD WATER DEPARTMENT,4.5,8.3,0.157,0.081,No,,,,
250235061022,Marshfield,1255.0,0.633,MARSHFIELD WATER DEPARTMENT,4.5,8.3,0.367,0.175,No,,,,
250235061023,Marshfield,1476.0,1.0,MARSHFIELD WATER DEPARTMENT,4.5,8.3,0.0,,No,,,,
250235061024,Marshfield,646.0,1.0,MARSHFIELD WATER DEPARTMENT,4.5,8.3,0.0,,No,,,,
250235061025,Marshfield,633.0,1.0,MARSHFIELD WATER DEPARTMENT,4.5,8.3,0.0,,Yes,Income,7.0,0.0,42222.0
250235061026,Marshfield,1339.0,1.0,MARSHFIELD WATER DEPARTMENT,4.5,8.3,0.0,,No,,,,
250235061031,Marshfield,1117.0,0.727,MARSHFIELD WATER DEPARTMENT,4.5,8.3,0.273,0.102,No,,,,
250235061032,Marshfield,1666.0,0.764,MARSHFIELD WATER DEPARTMENT,4.5,8.3,0.236,0.093,No,,,,
250235061041,Marshfield,1516.0,0.648,MARSHFIELD WATER DEPARTMENT,4.5,8.3,0.352,0.078,No,,,,
250235061042,Marshfield,2632.0,0.77,MARSHFIELD WATER DEPARTMENT,4.5,8.3,0.23,0.083,No,,,,
250235062021,Marshfield,2570.0,0.624,DUXBURY WATER DEPARTMENT; MARSHFIELD WATER DEPARTMENT,4.5,8.4,0.376,0.157,No,,,,
250235062031,Marshfield,2091.0,0.424,MARSHFIELD WATER DEPARTMENT,4.5,8.3,0.576,0.102,No,,,,
250235062032,Marshfield,1369.0,0.696,MARSHFIELD WATER DEPARTMENT,4.5,8.3,0.304,0.097,No,,,,
250235062033,Marshfield,1796.0,0.663,DUXBURY WATER DEPARTMENT; MARSHFIELD WATER DEPARTMENT,4.8,8.7,0.337,0.365,No,,,,
250235062051,Marshfield,1229.0,1.0,MARSHFIELD WATER DEPARTMENT,4.5,8.3,0.0,,No,,,,
250235062052,Marshfield,629.0,1.0,MARSHFIELD WATER DEPARTMENT,4.5,8.3,0.0,,No,,,,
250235062061,Marshfield,385.0,0.927,MARSHFIELD WATER DEPARTMENT,4.5,8.3,0.073,0.077,No,,,,
250235062062,Marshfield,1322.0,0.787,MARSHFIELD WATER DEPARTMENT,4.5,8.3,0.213,0.113,No,,,,
250235062063,Marshfield,1179.0,1.0,MARSHFIELD WATER DEPARTMENT,4.5,8.3,0.0,,No,,,,
250235071011,Duxbury,2402.0,0.924,DUXBURY WATER DEPARTMENT,14.0,19.3,0.076,0.286,No,,,,
250235071012,Duxbury,1393.0,0.963,DUXBURY WATER DEPARTMENT,14.0,19.3,0.037,0.14,No,,,,
250235071013,Duxbury,1794.0,0.551,DUXBURY WATER DEPARTMENT,14.0,19.3,0.449,0.085,No,,,,
250235071031,Duxbury,1230.0,1.0,DUXBURY WATER DEPARTMENT,14.0,19.3,0.0,,No,,,,
250235071032,Duxbury,1152.0,0.97,DUXBURY WATER DEPARTMENT,14.0,19.3,0.03,0.328,No,,,,
250235071033,Duxbury,1071.0,0.972,DUXBURY WATER DEPARTMENT,14.0,19.3,0.028,0.289,No,,,,
250235071034,Duxbury,1081.0,0.656,DUXBURY WATER DEPARTMENT,14.0,19.3,0.344,0.283,No,,,,
250235071041,Duxbury,2400.0,0.518,DUXBURY WATER DEPARTMENT,14.0,19.3,0.482,0.128,No,,,,
250235071042,Duxbury,1032.0,0.639,DUXBURY WATER DEPARTMENT,14.0,19.3,0.361,0.277,No,,,,
250235071043,Duxbury,1529.0,0.24,DUXBURY WATER DEPARTMENT,14.0,19.3,0.76,0.296,No,,,,
250235071044,Duxbury,1006.0,0.406,DUXBURY WATER DEPARTMENT,14.0,19.3,0.594,0.279,No,,,,
250235081011,Pembroke,1743.0,0.785,PEMBROKE WATER DIVISION DPW,4.5,4.5,0.215,0.252,No,,,,
250235081012,Pembroke,1078.0,0.414,PEMBROKE WATER DIVISION DPW,4.5,4.5,0.586,0.196,No,,,,
250235081013,Pembroke,862.0,0.638,PEMBROKE WATER DIVISION DPW,4.5,4.5,0.362,0.252,No,,,,
250235081014,Pembroke,2280.0,0.56,PEMBROKE WATER DIVISION DPW,4.5,4.5,0.44,0.228,No,,,,
250235081015,Pembroke,1115.0,0.45,MARSHFIELD WATER DEPARTMENT; PEMBROKE WATER DIVISION DPW,4.5,4.7,0.55,0.24,No,,,,
250235081021,Pembroke,1896.0,1.0,PEMBROKE WATER DIVISION DPW,4.5,4.5,0.0,,No,,,,
250235081022,Pembroke,2004.0,0.959,PEMBROKE WATER DIVISION DPW,4.5,4.5,0.041,0.22,No,,,,
250235081023,Pembroke,1078.0,0.269,BROCKTON WATER DEPARTMENT; PEMBROKE WATER DIVISION DPW,4.2,5.8,0.731,0.234,No,,,,
250235082001,Pembroke,1386.0,0.447,PEMBROKE WATER DIVISION DPW,4.5,4.5,0.553,0.196,No,,,,
250235082002,Pembroke,2754.0,0.591,PEMBROKE WATER DIVISION DPW,4.5,4.5,0.409,0.241,No,,,,
250235082003,Pembroke,2165.0,0.308,PEMBROKE WATER DIVISION DPW,4.5,4.5,0.692,0.199,No,,,,
250235091011,Kingston,2105.0,0.475,KINGSTON WATER DEPARTMENT,5.8,6.1,0.525,0.147,No,,,,
250235091012,Kingston,1472.0,0.672,KINGSTON WATER DEPARTMENT,5.8,6.1,0.328,0.164,No,,,,
250235091013,Kingston,1355.0,0.749,KINGSTON WATER DEPARTMENT,5.8,6.1,0.251,0.154,No,,,,
250235091014,Kingston,2652.0,0.438,KINGSTON WATER DEPARTMENT,5.8,6.1,0.562,0.11,No,,,,
250235091021,Kingston,1755.0,0.674,KINGSTON WATER DEPARTMENT,5.8,6.1,0.326,0.164,No,,,,
250235091022,Kingston,1211.0,0.485,KINGSTON WATER DEPARTMENT,5.8,6.1,0.515,0.169,No,,,,
250235091023,Kingston,681.0,0.565,KINGSTON WATER DEPARTMENT,5.8,6.1,0.435,0.142,No,,,,
250235091024,Kingston,1723.0,0.937,KINGSTON WATER DEPARTMENT,5.8,6.1,0.063,0.186,No,,,,
250235091025,Kingston,754.0,0.916,KINGSTON WATER DEPARTMENT,5.8,6.1,0.084,0.161,No,,,,
250235101001,Brockton,1513.0,1.0,BROCKTON WATER DEPARTMENT,2.4,14.6,0.0,,Yes,Minority,44.5,5.9,67120.0
250235101002,Brockton,1167.0,1.0,BROCKTON WATER DEPARTMENT,2.3,14.6,0.0,,Yes,Minority,43.5,0.0,98487.0
250235101003,Brockton,841.0,1.0,BROCKTON WATER DEPARTMENT,2.4,14.6,0.0,,Yes,Minority,58.5,0.0,111151.0
250235101004,Brockton,1404.0,1.0,BROCKTON WATER DEPARTMENT,2.4,14.6,0.0,,Yes,Minority,64.9,0.0,75600.0
250235102001,Brockton,2186.0,1.0,BROCKTON WATER DEPARTMENT,2.4,14.6,0.0,,Yes,Minority,54.6,0.0,97157.0
250235102002,Brockton,1301.0,1.0,BROCKTON WATER DEPARTMENT,2.4,14.6,0.0,,Yes,Minority,55.0,0.0,75938.0
250235102003,Brockton,711.0,1.0,BROCKTON WATER DEPARTMENT,2.4,14.6,0.0,,Yes,Minority,81.6,0.0,116196.0
250235102004,Brockton,2801.0,1.0,BROCKTON WATER DEPARTMENT,2.4,14.6,0.0,,Yes,Minority,74.4,7.8,86083.0
250235103001,Brockton,1738.0,1.0,BROCKTON WATER DEPARTMENT,2.4,14.6,0.0,,Yes,Minority and English isolation,85.4,27.3,70016.0
250235103002,Brockton,2752.0,1.0,BROCKTON WATER DEPARTMENT,2.4,14.6,0.0,,Yes,"Minority, income and English isolation",83.5,28.9,46776.0
250235104001,Brockton,1044.0,1.0,BROCKTON WATER DEPARTMENT,2.4,14.6,0.0,,Yes,Minority and income,85.1,22.6,44097.0
250235104002,Brockton,766.0,1.0,BROCKTON WATER DEPARTMENT,2.4,14.6,0.0,,Yes,Minority and income,88.0,11.9,47250.0
250235104003,Brockton,1579.0,1.0,BROCKTON WATER DEPARTMENT,2.4,14.6,0.0,,Yes,"Minority, income and English isolation",91.2,24.7,41500.0
250235104004,Brockton,943.0,1.0,BROCKTON WATER DEPARTMENT,2.4,14.6,0.0,,Yes,Minority and income,88.5,22.3,47679.0
250235105011,Brockton,766.0,1.0,BROCKTON WATER DEPARTMENT,2.4,14.6,0.0,,Yes,Minority and income,71.0,8.3,54464.0
250235105012,Brockton,956.0,1.0,BROCKTON WATER DEPARTMENT,2.4,14.6,0.0,,Yes,Minority,85.7,10.6,67670.0
250235105013,Brockton,1852.0,1.0,BROCKTON WATER DEPARTMENT,2.4,14.6,0.0,,Yes,Minority,59.9,8.4,87554.0
250235105031,Brockton,2151.0,1.0,BROCKTON WATER DEPARTMENT,2.4,14.6,0.0,,Yes,Minority and income,87.6,6.7,41488.0
250235105032,Brockton,1029.0,1.0,BROCKTON WATER DEPARTMENT,2.4,14.6,0.0,,Yes,Minority and income,62.4,21.9,49324.0
250235105033,Brockton,1391.0,0.822,BROCKTON WATER DEPARTMENT,2.4,14.6,0.178,0.367,Yes,Minority,50.1,8.4,81250.0
250235105041,Brockton,1113.0,1.0,BROCKTON WATER DEPARTMENT,2.4,14.6,0.0,,Yes,Minority,84.1,0.0,73893.0
250235105042,Brockton,1563.0,1.0,BROCKTON WATER DEPARTMENT,2.4,14.6,0.0,,Yes,"Minority, income and English isolation",69.4,29.2,25244.0
250235105051,Brockton,1996.0,1.0,BROCKTON WATER DEPARTMENT,2.4,14.6,0.0,,Yes,Minority and income,75.3,20.0,52674.0
250235105052,Brockton,2251.0,1.0,BROCKTON WATER DEPARTMENT,2.4,14.6,0.0,,Yes,Minority and income,75.5,23.1,31250.0
250235106001,Brockton,842.0,1.0,BROCKTON WATER DEPARTMENT,2.4,14.6,0.0,,Yes,Minority,48.2,0.0,149205.0
250235106002,Brockton,1224.0,1.0,BROCKTON WATER DEPARTMENT,2.4,14.6,0.0,,Yes,Minority,39.4,0.0,115298.0
250235106003,Brockton,1177.0,0.603,BROCKTON WATER DEPARTMENT,2.4,14.6,0.397,0.327,Yes,Minority,49.4,0.0,124391.0
250235107001,Brockton,1647.0,1.0,BROCKTON WATER DEPARTMENT,2.4,14.6,0.0,,Yes,Minority and income,83.3,4.6,48363.0
250235107002,Brockton,1117.0,1.0,BROCKTON WATER DEPARTMENT,2.4,14.6,0.0,,Yes,Minority,73.2,18.2,98750.0
250235107003,Brockton,827.0,1.0,BROCKTON WATER DEPARTMENT,2.4,14.6,0.0,,Yes,"Minority, income and English isolation",67.7,30.0,39020.0
250235107004,Brockton,1298.0,1.0,BROCKTON WATER DEPARTMENT,2.4,14.6,0.0,,Yes,Minority,72.2,0.0,114875.0
250235107005,Brockton,1451.0,1.0,BROCKTON WATER DEPARTMENT,2.4,14.6,0.0,,Yes,Minority,69.7,6.8,95353.0
250235108001,Brockton,877.0,1.0,BROCKTON WATER DEPARTMENT,2.4,14.6,0.0,,Yes,Minority and English isolation,92.9,31.8,0.0
250235108002,Brockton,1033.0,1.0,BROCKTON WATER DEPARTMENT,2.4,14.6,0.0,,Yes,Minority,87.2,15.0,66429.0
250235108003,Brockton,820.0,1.0,BROCKTON WATER DEPARTMENT,2.4,14.6,0.0,,Yes,"Minority, income and English isolation",87.2,42.2,13592.0
250235108004,Brockton,1517.0,1.0,BROCKTON WATER DEPARTMENT,2.4,14.6,0.0,,Yes,Minority,88.3,12.9,57700.0
250235108005,Brockton,886.0,1.0,BROCKTON WATER DEPARTMENT,2.4,14.6,0.0,,Yes,Minority,89.2,0.0,81103.0
250235108006,Brockton,1767.0,1.0,BROCKTON WATER DEPARTMENT,2.4,14.6,0.0,,Yes,Minority,85.9,7.9,84595.0
250235109001,Brockton,1462.0,1.0,BROCKTON WATER DEPARTMENT,2.4,14.6,0.0,,Yes,"Minority, income and English isolation",86.0,33.6,32559.0
250235109002,Brockton,1580.0,1.0,BROCKTON WATER DEPARTMENT,2.4,14.6,0.0,,Yes,"Minority, income and English isolation",82.7,28.3,24375.0
250235110001,Brockton,1737.0,1.0,BROCKTON WATER DEPARTMENT,2.4,14.6,0.0,,Yes,Minority,80.7,10.8,66129.0
250235110002,Brockton,1609.0,1.0,BROCKTON WATER DEPARTMENT,2.4,14.6,0.0,,Yes,Minority and income,85.6,23.1,40179.0
250235111001,Brockton,2452.0,0.891,BROCKTON WATER DEPARTMENT,2.4,14.6,0.109,0.431,Yes,Minority,57.0,4.2,74812.0
250235111002,Brockton,1637.0,1.0,BROCKTON WATER DEPARTMENT,2.4,14.6,0.0,,Yes,Minority,53.0,1.3,92250.0
250235111003,Brockton,1482.0,1.0,BROCKTON WATER DEPARTMENT,2.4,14.6,0.0,,Yes,Minority,66.1,0.0,105694.0
250235112001,Brockton,2481.0,0.692,BROCKTON WATER DEPARTMENT,2.4,14.6,0.308,0.39,Yes,"Minority, income and English isolation",59.3,25.8,53167.0
250235112002,Brockton,1451.0,1.0,BROCKTON WATER DEPARTMENT,2.4,14.6,0.0,,Yes,Minority,75.5,0.0,80343.0
250235112003,Brockton,1390.0,1.0,BROCKTON WATER DEPARTMENT,2.4,14.6,0.0,,Yes,Minority and income,79.1,20.1,31563.0
250235113011,Brockton,2873.0,1.0,BROCKTON WATER DEPARTMENT,2.4,14.6,0.0,,Yes,Minority and income,76.7,4.7,44781.0
250235113012,Brockton,1005.0,0.799,BROCKTON WATER DEPARTMENT,2.4,14.6,0.201,0.336,Yes,Minority,65.0,0.0,56490.0
250235113013,Brockton,2434.0,1.0,BROCKTON WATER DEPARTMENT,2.4,14.6,0.0,,Yes,Minority,75.3,4.8,67315.0
250235113021,Brockton,773.0,1.0,BROCKTON WATER DEPARTMENT,2.4,14.6,0.0,,Yes,Minority,57.8,0.0,98162.0
250235113022,Brockton,953.0,1.0,BROCKTON WATER DEPARTMENT,2.4,14.6,0.0,,Yes,Minority and income,78.2,0.0,40200.0
250235113023,Brockton,2024.0,1.0,BROCKTON WATER DEPARTMENT,2.4,14.6,0.0,,Yes,Minority,59.7,6.5,62327.0
250235114001,Brockton,992.0,1.0,BROCKTON WATER DEPARTMENT,2.4,14.6,0.0,,Yes,Minority,92.0,15.2,63208.0
250235114002,Brockton,1063.0,1.0,BROCKTON WATER DEPARTMENT,2.4,14.6,0.0,,Yes,Minority,81.3,8.8,90079.0
250235114003,Brockton,974.0,1.0,BROCKTON WATER DEPARTMENT,2.4,14.6,0.0,,Yes,Minority,85.2,19.1,56136.0
250235114004,Brockton,1491.0,1.0,BROCKTON WATER DEPARTMENT,2.4,14.6,0.0,,Yes,Minority and income,89.9,17.2,51250.0
250235115001,Brockton,1097.0,1.0,BROCKTON WATER DEPARTMENT,2.4,14.6,0.0,,Yes,Minority and English isolation,93.0,30.9,96979.0
250235115002,Brockton,1011.0,1.0,BROCKTON WATER DEPARTMENT,2.4,14.6,0.0,,Yes,"Minority, income and English isolation",91.0,25.9,55153.0
250235115003,Brockton,1820.0,1.0,BROCKTON WATER DEPARTMENT,2.4,14.6,0.0,,Yes,Minority,88.4,14.0,81000.0
250235115004,Brockton,1211.0,1.0,BROCKTON WATER DEPARTMENT,2.4,14.6,0.0,,Yes,Minority and income,87.2,9.4,43301.0
250235116011,Brockton,1561.0,1.0,BROCKTON WATER DEPARTMENT,2.4,14.6,0.0,,Yes,Minority,86.0,4.8,71471.0
250235116012,Brockton,777.0,1.0,BROCKTON WATER DEPARTMENT,2.4,14.6,0.0,,Yes,Minority,87.6,0.0,0.0
250235116013,Brockton,2149.0,1.0,BROCKTON WATER DEPARTMENT,2.4,14.6,0.0,,Yes,Minority and income,82.4,7.9,54907.0
250235116021,Brockton,1509.0,1.0,BROCKTON WATER DEPARTMENT,2.4,14.6,0.0,,Yes,Minority,55.4,5.3,96336.0
250235116022,Brockton,1335.0,1.0,BROCKTON WATER DEPARTMENT,2.4,14.6,0.0,,Yes,Minority and English isolation,66.0,32.6,0.0
250235116023,Brockton,1064.0,1.0,BROCKTON WATER DEPARTMENT,2.4,14.6,0.0,,Yes,Minority and income,65.4,0.0,54000.0
250235117011,Brockton,788.0,1.0,BROCKTON WATER DEPARTMENT,2.4,14.6,0.0,,Yes,Minority,60.4,0.0,106654.0
250235117012,Brockton,1696.0,1.0,BROCKTON WATER DEPARTMENT,2.4,14.6,0.0,,Yes,Minority,53.5,7.8,60833.0
250235117013,Brockton,880.0,1.0,BROCKTON WATER DEPARTMENT,2.4,14.6,0.0,,Yes,Minority,68.3,0.0,113164.0
250235117014,Brockton,1767.0,1.0,BROCKTON WATER DEPARTMENT,2.4,14.6,0.0,,Yes,Minority,52.3,0.0,105030.0
250235117021,Brockton,2818.0,0.957,BROCKTON WATER DEPARTMENT,2.4,14.6,0.043,0.432,Yes,Minority,46.2,7.2,87012.0
250235201001,Abington,1990.0,1.0,ABINGTON/ROCKLAND JOINT WTR. WORKS,9.2,15.8,0.0,,No,,,,
250235201002,Abington,1176.0,1.0,ABINGTON/ROCKLAND JOINT WTR. WORKS,9.2,15.8,0.0,,No,,,,
250235201003,Abington,2102.0,0.931,ABINGTON/ROCKLAND JOINT WTR. WORKS,9.2,15.8,0.069,0.341,No,,,,
250235201004,Abington,1586.0,1.0,ABINGTON/ROCKLAND JOINT WTR. WORKS,9.2,15.8,0.0,,No,,,,
250235202011,Abington,844.0,0.951,ABINGTON/ROCKLAND JOINT WTR. WORKS,9.2,15.8,0.049,0.329,No,,,,
250235202012,Abington,1534.0,1.0,ABINGTON/ROCKLAND JOINT WTR. WORKS,9.2,15.8,0.0,,No,,,,
250235202013,Abington,1701.0,0.743,ABINGTON/ROCKLAND JOINT WTR. WORKS,9.2,15.8,0.257,0.388,No,,,,
250235202021,Abington,1245.0,0.682,ABINGTON/ROCKLAND JOINT WTR. WORKS,9.2,15.8,0.318,0.235,No,,,,
250235202022,Abington,2228.0,0.665,ABINGTON/ROCKLAND JOINT WTR. WORKS,9.2,15.8,0.335,0.35,No,,,,
250235202023,Abington,2656.0,1.0,ABINGTON/ROCKLAND JOINT WTR. WORKS,9.2,15.8,0.0,,No,,,,
250235211011,Whitman,1929.0,0.911,WHITMAN WATER SYSTEM,2.4,14.6,0.089,0.356,No,,,,
250235211012,Whitman,1045.0,0.913,WHITMAN WATER SYSTEM,2.4,14.6,0.087,0.35,No,,,,
250235211013,Whitman,1766.0,0.696,BROCKTON WATER DEPARTMENT; ELIOT WOODS CONDOS; WHITMAN WATER SYSTEM,2.1,13.3,0.304,0.343,No,,,,
250235211021,Whitman,1521.0,1.0,WHITMAN WATER SYSTEM,2.4,14.6,0.0,,No,,,,
250235211022,Whitman,1823.0,1.0,WHITMAN WATER SYSTEM,2.4,14.6,0.0,,No,,,,
250235212011,Whitman,1269.0,1.0,WHITMAN WATER SYSTEM,2.4,14.6,0.0,,No,,,,
250235212012,Whitman,1828.0,0.992,WHITMAN WATER SYSTEM,2.4,14.6,0.008,0.335,No,,,,
250235212021,Whitman,1025.0,0.644,WHITMAN WATER SYSTEM,2.4,14.6,0.356,0.284,No,,,,
250235212022,Whitman,848.0,1.0,WHITMAN WATER SYSTEM,2.4,14.6,0.0,,No,,,,
250235212023,Whitman,2067.0,0.693,WHITMAN WATER SYSTEM,2.4,14.6,0.307,0.405,No,,,,
250235221011,Hanson,1728.0,1.0,HANSON WATER DEPARTMENT,6.7,9.0,0.0,,No,,,,
250235221012,Hanson,845.0,1.0,HANSON WATER DEPARTMENT,6.7,9.0,0.0,,No,,,,
250235221013,Hanson,2028.0,1.0,HANSON WATER DEPARTMENT,6.7,9.0,0.0,,No,,,,
250235221021,Hanson,2305.0,0.99,BROCKTON WATER DEPARTMENT; HANSON WATER DEPARTMENT,6.2,9.6,0.01,0.192,No,,,,
250235221022,Hanson,1263.0,1.0,HANSON WATER DEPARTMENT,6.7,9.0,0.0,,No,,,,
250235221023,Hanson,2470.0,1.0,ABINGTON/ROCKLAND JOINT WTR. WORKS; HANSON WATER DEPARTMENT,6.7,9.1,0.0,,No,,,,
250235231001,East Bridgewater,2250.0,0.838,EAST BRIDGEWATER WATER DEPT,4.2,4.2,0.162,0.282,No,,,,
250235231002,East Bridgewater,1011.0,0.943,EAST BRIDGEWATER WATER DEPT,4.2,4.2,0.057,0.284,No,,,,
250235232011,East Bridgewater,1350.0,1.0,EAST BRIDGEWATER WATER DEPT,4.2,4.2,0.0,,No,,,,
250235232012,East Bridgewater,1648.0,0.711,EAST BRIDGEWATER WATER DEPT,4.2,4.2,0.289,0.273,No,,,,
250235232031,East Bridgewater,1635.0,0.876,EAST BRIDGEWATER WATER DEPT,4.2,4.2,0.124,0.205,No,,,,
250235232032,East Bridgewater,2791.0,0.824,EAST BRIDGEWATER WATER DEPT,4.2,4.2,0.176,0.198,No,,,,
250235232041,East Bridgewater,2078.0,1.0,EAST BRIDGEWATER WATER DEPT,4.2,4.2,0.0,,No,,,,
250235232042,East Bridgewater,1677.0,0.927,EAST BRIDGEWATER WATER DEPT,4.2,4.2,0.073,0.246,No,,,,
250235241011,West Bridgewater,923.0,1.0,WEST BRIDGEWATER WATER DEPT,3.5,16.1,0.0,,No,,,,
250235241012,West Bridgewater,2458.0,1.0,WEST BRIDGEWATER WATER DEPT,3.5,16.1,0.0,,No,,,,
250235241021,West Bridgewater,1634.0,1.0,WEST BRIDGEWATER WATER DEPT,3.5,16.1,0.0,,No,,,,
250235241022,West Bridgewater,1642.0,1.0,WEST BRIDGEWATER WATER DEPT,3.5,16.1,0.0,,No,,,,
250235241023,West Bridgewater,1050.0,1.0,WEST BRIDGEWATER WATER DEPT,3.5,16.1,0.0,,No,,,,
250235251011,Bridgewater,2034.0,0.806,BRIDGEWATER WATER DEPARTMENT,20.5,21.9,0.194,0.272,No,,,,
250235251012,Bridgewater,2810.0,0.933,BRIDGEWATER WATER DEPARTMENT,20.5,21.9,0.067,0.226,No,,,,
250235251013,Bridgewater,2470.0,1.0,BRIDGEWATER WATER DEPARTMENT,20.5,21.9,0.0,,No,,,,
250235251041,Bridgewater,2256.0,0.995,BRIDGEWATER WATER DEPARTMENT,20.5,21.9,0.005,0.299,No,,,,
250235251042,Bridgewater,1185.0,1.0,BRIDGEWATER WATER DEPARTMENT,20.5,21.9,0.0,,No,,,,
250235251043,Bridgewater,2136.0,1.0,BRIDGEWATER WATER DEPARTMENT,20.5,21.9,0.0,,No,,,,
250235251044,Bridgewater,1188.0,1.0,BRIDGEWATER WATER DEPARTMENT,20.5,21.9,0.0,,No,,,,
250235252041,Bridgewater,1975.0,1.0,BRIDGEWATER WATER DEPARTMENT,20.5,21.9,0.0,,No,,,,
250235252042,Bridgewater,1959.0,0.691,BRIDGEWATER WATER DEPARTMENT,20.5,21.9,0.309,0.203,No,,,,
250235261001,Halifax,1559.0,0.318,HALIFAX WATER DEPARTMENT,12.7,13.4,0.682,0.179,No,,,,
250235261002,Halifax,769.0,0.996,HALIFAX WATER DEPARTMENT,12.7,13.4,0.004,0.226,No,,,,
250235261003,Halifax,1915.0,0.642,HALIFAX WATER DEPARTMENT,12.7,13.4,0.358,0.215,No,,,,
250235261004,Halifax,1533.0,0.174,HALIFAX WATER DEPARTMENT,12.7,13.4,0.826,0.169,Yes,Income,5.8,0.0,54393.0
250235261005,Halifax,1973.0,0.206,HALIFAX WATER DEPARTMENT,12.7,13.4,0.794,0.133,No,,,,
250235301001,Plymouth,1818.0,1.0,PLYMOUTH WATER DEPARTMENT,0.6,0.6,0.0,,No,,,,
250235301002,Plymouth,2629.0,1.0,PLYMOUTH WATER DEPARTMENT,0.6,0.6,0.0,,No,,,,
250235302001,Plymouth,1575.0,1.0,PLYMOUTH WATER DEPARTMENT,0.6,0.6,0.0,,Yes,Income,18.9,6.5,49223.0
250235302002,Plymouth,2408.0,1.0,PLYMOUTH WATER DEPARTMENT,0.6,0.6,0.0,,No,,,,
250235303001,Plymouth,956.0,1.0,PLYMOUTH WATER DEPARTMENT,0.6,0.6,0.0,,No,,,,
250235303002,Plymouth,1373.0,1.0,PLYMOUTH WATER DEPARTMENT,0.6,0.6,0.0,,Yes,Income,14.7,4.5,46053.0
250235303003,Plymouth,829.0,1.0,PLYMOUTH WATER DEPARTMENT,0.6,0.6,0.0,,No,,,,
250235303004,Plymouth,960.0,1.0,PLYMOUTH WATER DEPARTMENT,0.6,0.6,0.0,,No,,,,
250235304001,Plymouth,1903.0,1.0,PLYMOUTH WATER DEPARTMENT,0.6,0.6,0.0,,No,,,,
250235304002,Plymouth,1203.0,1.0,PLYMOUTH WATER DEPARTMENT,0.6,0.6,0.0,,No,,,,
250235304003,Plymouth,1741.0,1.0,PLYMOUTH WATER DEPARTMENT,0.6,0.6,0.0,,No,,,,
250235304004,Plymouth,1066.0,0.615,PLYMOUTH WATER DEPARTMENT,0.6,0.6,0.385,0.114,No,,,,
250235305001,Plymouth,915.0,1.0,PLYMOUTH WATER DEPARTMENT,0.6,0.6,0.0,,No,,,,
250235305002,Plymouth,833.0,1.0,PLYMOUTH WATER DEPARTMENT,0.6,0.6,0.0,,Yes,Income,15.4,11.4,54693.0
250235305003,Plymouth,1156.0,1.0,PLYMOUTH WATER DEPARTMENT,0.6,0.6,0.0,,No,,,,
250235305004,Plymouth,645.0,1.0,PLYMOUTH WATER DEPARTMENT,0.6,0.6,0.0,,No,,,,
250235305005,Plymouth,2195.0,0.951,PLYMOUTH WATER DEPARTMENT,0.6,0.6,0.049,0.11,No,,,,
250235306001,Plymouth,676.0,0.296,PLYMOUTH WATER DEPARTMENT,0.6,0.6,0.704,0.069,No,,,,
250235306002,Plymouth,1273.0,0.0,,,,1.0,0.098,No,,,,
250235306003,Plymouth,1210.0,0.142,AGAWAM SPRINGS WATER COMPANY; MASAC PLYMOUTH,0.0,0.0,0.858,0.101,No,,,,
250235306004,Plymouth,1587.0,0.137,PLYMOUTH WATER DEPARTMENT,0.6,0.6,0.863,0.1,No,,,,
250235306005,Plymouth,1710.0,0.756,PLYMOUTH WATER DEPARTMENT,0.6,0.6,0.244,0.083,Yes,Minority,38.5,0.0,138929.0
250235307001,Plymouth,1201.0,0.963,PLYMOUTH WATER DEPARTMENT,0.6,0.6,0.037,0.03,No,,,,
250235307002,Plymouth,2208.0,0.899,"AQUARION WATER COMPANY, PINEHILLS; PLYMOUTH WATER DEPARTMENT",0.0,2.1,0.101,0.168,No,,,,
250235307003,Plymouth,2538.0,0.913,"AQUARION WATER COMPANY, PINEHILLS; PLYMOUTH WATER DEPARTMENT",0.4,1.1,0.087,0.143,No,,,,
250235308011,Plymouth,3629.0,0.892,"AQUARION WATER COMPANY, PINEHILLS; PLYMOUTH WATER DEPARTMENT",0.3,1.3,0.108,0.133,No,,,,
250235308012,Plymouth,2580.0,0.98,PLYMOUTH WATER DEPARTMENT,0.6,0.6,0.02,0.119,No,,,,
250235308021,Plymouth,699.0,1.0,PLYMOUTH WATER DEPARTMENT,0.6,0.6,0.0,,No,,,,
250235308022,Plymouth,669.0,1.0,PLYMOUTH WATER DEPARTMENT,0.6,0.6,0.0,,No,,,,
250235308023,Plymouth,1132.0,1.0,PLYMOUTH WATER DEPARTMENT,0.6,0.6,0.0,,No,,,,
250235308024,Plymouth,1181.0,1.0,PLYMOUTH WATER DEPARTMENT,0.6,0.6,0.0,,No,,,,
250235308025,Plymouth,953.0,1.0,PLYMOUTH WATER DEPARTMENT,0.6,0.6,0.0,,No,,,,
250235309021,Plymouth,2202.0,0.031,PLYMOUTH WATER DEPARTMENT,0.6,0.6,0.969,0.121,No,,,,
250235309022,Plymouth,2310.0,0.935,PLYMOUTH WATER DEPARTMENT,0.6,0.6,0.065,0.115,No,,,,
250235309031,Plymouth,1609.0,0.434,AQUARION WATER COMPANY,2.4,2.6,0.566,0.148,No,,,,
250235309032,Plymouth,2278.0,0.16,AGAWAM SPRINGS WATER COMPANY; AQUARION WATER COMPANY,0.2,0.2,0.84,0.135,No,,,,
250235309033,Plymouth,2111.0,0.251,AQUARION WATER COMPANY; LONG POND REALTY TRUST; PLYMOUTH WATER DEPARTMENT,2.0,2.2,0.749,0.148,No,,,,
250235309041,Plymouth,2345.0,0.416,BUZZARDS BAY WATER DISTRICT,0.0,0.5,0.584,0.116,No,,,,
250235309042,Plymouth,911.0,0.02,HERRING COVE CONDOMINIUMS TRUST,13.3,14.6,0.98,0.177,No,,,,
250235401011,Lakeville,1151.0,0.029,TAUNTON WATER DIVISION,1.0,2.1,0.971,0.178,No,,,,
250235401012,Lakeville,1695.0,0.06,TAUNTON WATER DIVISION,1.0,2.1,0.94,0.199,No,,,,
250235401013,Lakeville,1589.0,0.548,MIDDLEBOROUGH WATER SUPPLY; TAUNTON WATER DIVISION,6.0,11.2,0.452,0.252,No,,,,
250235401021,Lakeville,2642.0,0.0,,,,1.0,0.187,No,,,,
250235401031,Lakeville,2588.0,0.024,TAUNTON WATER DIVISION,1.0,2.1,0.976,0.188,No,,,,
250235401032,Lakeville,1858.0,0.0,,,,1.0,0.193,No,,,,
250235411001,Rochester,1960.0,0.059,MARION WATER DIVISION,0.7,2.0,0.941,0.092,No,,,,
250235411002,Rochester,2232.0,0.0,,,,1.0,0.074,No,,,,
250235411003,Rochester,1525.0,0.0,,,,1.0,0.151,No,,,,
250235421011,Middleborough,1729.0,0.703,MIDDLEBOROUGH WATER SUPPLY,7.3,13.8,0.297,0.134,No,,,,
250235421012,Middleborough,2315.0,0.622,MIDDLEBOROUGH WATER SUPPLY,7.3,13.8,0.378,0.153,No,,,,
250235421013,Middleborough,2274.0,0.248,MIDDLEBOROUGH WATER SUPPLY,7.3,13.8,0.752,0.211,No,,,,
250235421014,Middleborough,1036.0,0.598,MIDDLEBOROUGH WATER SUPPLY,7.3,13.8,0.402,0.105,No,,,,
250235421021,Middleborough,2659.0,0.554,MIDDLEBOROUGH WATER SUPPLY,7.3,13.8,0.446,0.076,No,,,,
250235422001,Middleborough,2035.0,0.744,MIDDLEBOROUGH WATER SUPPLY; TAUNTON WATER DIVISION,7.3,13.7,0.256,0.195,No,,,,
250235422002,Middleborough,2548.0,0.889,MIDDLEBOROUGH WATER SUPPLY,7.3,13.8,0.111,0.214,No,,,,
250235422003,Middleborough,1728.0,1.0,MIDDLEBOROUGH WATER SUPPLY,7.3,13.8,0.0,,No,,,,
250235423011,Middleborough,1480.0,1.0,MIDDLEBOROUGH WATER SUPPLY,7.3,13.8,0.0,,No,,,,
250235423012,Middleborough,1321.0,1.0,MIDDLEBOROUGH WATER SUPPLY,7.3,13.8,0.0,,No,,,,
250235423013,Middleborough,785.0,1.0,MIDDLEBOROUGH WATER SUPPLY,7.3,13.8,0.0,,No,,,,
250235423021,Middleborough,692.0,1.0,MIDDLEBOROUGH WATER SUPPLY,7.3,13.8,0.0,,No,,,,
250235423022,Middleborough,1892.0,0.988,MIDDLEBOROUGH WATER SUPPLY,7.3,13.8,0.012,0.184,No,,,,
250235423023,Middleborough,1751.0,1.0,MIDDLEBOROUGH WATER SUPPLY,7.3,13.8,0.0,,Yes,Income,17.0,0.0,50634.0
250235431001,Plympton,2930.0,0.0,,,,1.0,0.126,No,,,,
250235441001,Carver,1302.0,0.0,,,,1.0,0.179,No,,,,
250235441002,Carver,1511.0,0.034,NORTH CARVER WATER DISTRICT; WATERVIEW PARK LLC,0.0,26.9,0.966,0.241,No,,,,
250235441003,Carver,1673.0,0.0,,,,1.0,0.272,No,,,,
250235441004,Carver,1084.0,0.0,,,,1.0,0.239,No,,,,
250235442001,Carver,1844.0,0.311,CRANBERRY VILLAGE RESIDENTS ASSOCIATION; PINETREE VILLAGE; TOWNHOUSES @ COPPER LANTERN,1.9,2.2,0.689,0.173,Yes,Income,9.1,0.0,47109.0
250235442002,Carver,1261.0,0.046,MEADOW WOODS MOBILE HOME PARK,6.4,8.3,0.954,0.171,No,,,,
250235442003,Carver,1293.0,0.291,SOUTH MEADOW VILLAGE,0.0,0.0,0.709,0.145,Yes,Income,8.7,7.6,44000.0
250235442004,Carver,1677.0,0.166,CARVER MUNICIPAL BUILDINGS; SOUTH MEADOW VILLAGE,0.0,0.0,0.834,0.2,No,,,,
250235451001,Wareham,1561.0,1.0,WAREHAM FIRE DISTRICT,0.2,0.3,0.0,,Yes,Income,20.2,2.3,41675.0
250235451002,Wareham,1015.0,1.0,WAREHAM FIRE DISTRICT,0.2,0.3,0.0,,No,,,,
250235451003,Wareham,2528.0,1.0,WAREHAM FIRE DISTRICT,0.2,0.3,0.0,,No,,,,
250235451004,Wareham,1740.0,1.0,WAREHAM FIRE DISTRICT,0.2,0.3,0.0,,No,,,,
250235452001,Wareham,673.0,1.0,WAREHAM FIRE DISTRICT,0.2,0.3,0.0,,Yes,Minority,30.9,0.0,61199.0
250235452002,Wareham,1697.0,1.0,WAREHAM FIRE DISTRICT,0.2,0.3,0.0,,No,,,,
250235452003,Wareham,1903.0,0.958,ONSET FIRE DISTRICTWATER DEPT.; WAREHAM FIRE DISTRICT,0.7,0.8,0.042,0.174,No,,,,
250235452004,Wareham,2205.0,1.0,WAREHAM FIRE DISTRICT,0.2,0.3,0.0,,No,,,,
250235453001,Wareham,1617.0,0.857,ONSET FIRE DISTRICTWATER DEPT.,5.8,6.3,0.143,0.155,Yes,Income,23.9,0.0,33614.0
250235453002,Wareham,1109.0,1.0,ONSET FIRE DISTRICTWATER DEPT.,5.8,6.3,0.0,,No,,,,
250235453003,Wareham,693.0,0.957,ONSET FIRE DISTRICTWATER DEPT.,5.8,6.3,0.043,0.122,No,,,,
250235453004,Wareham,1044.0,1.0,ONSET FIRE DISTRICTWATER DEPT.,5.8,6.3,0.0,,No,,,,
250235454001,Wareham,827.0,1.0,WAREHAM FIRE DISTRICT,0.2,0.3,0.0,,No,,,,
250235454002,Wareham,1719.0,1.0,WAREHAM FIRE DISTRICT,0.2,0.3,0.0,,No,,,,
250235454003,Wareham,780.0,1.0,WAREHAM FIRE DISTRICT,0.2,0.3,0.0,,No,,,,
250235454004,Wareham,831.0,1.0,WAREHAM FIRE DISTRICT,0.2,0.3,0.0,,Yes,Income,21.3,0.0,45588.0
250235454005,Wareham,1361.0,1.0,WAREHAM FIRE DISTRICT,0.2,0.3,0.0,,Yes,Income,16.4,4.3,30963.0
250235601001,Mattapoisett,1377.0,0.28,MATTAPOISETT WATER DEPARTMENT,0.0,0.0,0.72,0.073,No,,,,
250235601002,Mattapoisett,497.0,1.0,MATTAPOISETT WATER DEPARTMENT,0.0,0.0,0.0,,No,,,,
250235601003,Mattapoisett,1420.0,0.969,MATTAPOISETT WATER DEPARTMENT,0.0,0.0,0.031,0.055,No,,,,
250235601004,Mattapoisett,1637.0,0.731,MATTAPOISETT WATER DEPARTMENT,0.0,0.0,0.269,0.074,No,,,,
250235601005,Mattapoisett,762.0,1.0,MATTAPOISETT WATER DEPARTMENT,0.0,0.0,0.0,,No,,,,
250235601006,Mattapoisett,815.0,1.0,MATTAPOISETT WATER DEPARTMENT,0.0,0.0,0.0,,No,,,,
250235611001,Marion,1533.0,1.0,MARION WATER DIVISION,0.7,2.0,0.0,,No,,,,
250235611002,Marion,909.0,0.994,MARION WATER DIVISION,0.7,2.0,0.006,0.057,No,,,,
250235611003,Marion,994.0,1.0,MARION WATER DIVISION,0.7,2.0,0.0,,No,,,,
250235611004,Marion,1184.0,0.818,MARION WATER DIVISION,0.7,2.0,0.182,0.066,Yes,Minority,25.5,0.0,85863.0
250235611005,Marion,727.0,1.0,MARION WATER DIVISION,0.7,2.0,0.0,,No,,,,
250235614001,Bridgewater,2717.0,1.0,BRIDGEWATER WATER DEPARTMENT,20.5,21.9,0.0,,No,,,,
250235614002,Bridgewater,2315.0,1.0,BRIDGEWATER WATER DEPARTMENT,20.5,21.9,0.0,,Yes,Minority,27.3,0.0,70746.0
250235614003,Bridgewater,1193.0,1.0,BRIDGEWATER WATER DEPARTMENT,20.5,21.9,0.0,,No,,,,
250239802001,Bridgewater,1575.0,0.907,BRIDGEWATER WATER DEPARTMENT; MCI BRIDGEWATER,1.5,2.6,0.093,0.292,Yes,Minority,47.6,0.0,120270.0
250239803001,Bridgewater,2820.0,1.0,BRIDGEWATER WATER DEPARTMENT,20.5,21.9,0.0,,Yes,Minority and income,27.7,0.0,20500.0
250250001011,Boston,1052.0,1.0,BOSTON WATER AND SEWER COMMISSION (MWRA),0.0,0.0,0.0,,Yes,Minority,38.9,11.5,109028.0
250250001012,Boston,824.0,1.0,BOSTON WATER AND SEWER COMMISSION (MWRA),0.0,0.0,0.0,,Yes,Minority,31.1,0.0,128750.0
250250001021,Boston,1020.0,1.0,BOSTON WATER AND SEWER COMMISSION (MWRA),0.0,0.0,0.0,,Yes,Minority,44.6,15.6,109762.0
250250001022,Boston,2694.0,1.0,BOSTON WATER AND SEWER COMMISSION (MWRA),0.0,0.0,0.0,,Yes,Minority,62.9,14.3,76591.0
250250002011,Boston,966.0,1.0,BOSTON WATER AND SEWER COMMISSION (MWRA),0.0,0.0,0.0,,Yes,Minority,32.7,18.6,86719.0
250250002012,Boston,863.0,1.0,BOSTON WATER AND SEWER COMMISSION (MWRA),0.0,0.0,0.0,,Yes,Minority,27.7,10.9,121095.0
250250002013,Boston,1303.0,1.0,BOSTON WATER AND SEWER COMMISSION (MWRA),0.0,0.0,0.0,,Yes,Minority,33.6,19.4,91696.0
250250002014,Boston,821.0,1.0,BOSTON WATER AND SEWER COMMISSION (MWRA),0.0,0.0,0.0,,Yes,Minority,30.2,1.7,101818.0
250250002021,Boston,828.0,1.0,BOSTON WATER AND SEWER COMMISSION (MWRA),0.0,0.0,0.0,,Yes,Minority,29.5,7.6,97105.0
250250002022,Boston,804.0,1.0,BOSTON WATER AND SEWER COMMISSION (MWRA),0.0,0.0,0.0,,Yes,Minority,29.9,8.0,101450.0
250250002023,Boston,2516.0,1.0,BOSTON WATER AND SEWER COMMISSION (MWRA),0.0,0.0,0.0,,Yes,Minority,50.5,14.1,74375.0
250250003011,Boston,715.0,1.0,BOSTON WATER AND SEWER COMMISSION (MWRA),0.0,0.0,0.0,,Yes,Minority,33.6,2.9,111875.0
250250003012,Boston,831.0,1.0,BOSTON WATER AND SEWER COMMISSION (MWRA),0.0,0.0,0.0,,No,,,,
250250003013,Boston,656.0,1.0,BOSTON WATER AND SEWER COMMISSION (MWRA),0.0,0.0,0.0,,No,,,,
250250003014,Boston,934.0,1.0,BOSTON WATER AND SEWER COMMISSION (MWRA),0.0,0.0,0.0,,Yes,Minority,33.9,7.0,106359.0
250250003021,Boston,1471.0,1.0,BOSTON WATER AND SEWER COMMISSION (MWRA),0.0,0.0,0.0,,Yes,Minority,32.0,0.0,105230.0
250250003022,Boston,1601.0,1.0,BOSTON WATER AND SEWER COMMISSION (MWRA),0.0,0.0,0.0,,Yes,Minority,36.2,10.1,99181.0
250250004011,Boston,1521.0,1.0,BOSTON WATER AND SEWER COMMISSION (MWRA),0.0,0.0,0.0,,Yes,Minority,32.7,0.0,74679.0
250250004012,Boston,1204.0,1.0,BOSTON WATER AND SEWER COMMISSION (MWRA),0.0,0.0,0.0,,Yes,Minority,35.9,8.8,82232.0
250250004013,Boston,1056.0,1.0,BOSTON WATER AND SEWER COMMISSION (MWRA),0.0,0.0,0.0,,Yes,Minority,32.3,6.0,90536.0
250250004014,Boston,2072.0,1.0,BOSTON WATER AND SEWER COMMISSION (MWRA),0.0,0.0,0.0,,Yes,"Minority, income and English isolation",41.7,64.5,11799.0
250250004021,Boston,1469.0,1.0,BOSTON WATER AND SEWER COMMISSION (MWRA),0.0,0.0,0.0,,Yes,Minority,31.4,1.1,74565.0
250250004022,Boston,967.0,1.0,BOSTON WATER AND SEWER COMMISSION (MWRA),0.0,0.0,0.0,,Yes,Minority,34.4,0.0,113015.0
250250004023,Boston,1208.0,1.0,BOSTON WATER AND SEWER COMMISSION (MWRA),0.0,0.0,0.0,,Yes,Minority,26.8,0.5,139071.0
250250005021,Boston,1043.0,1.0,BOSTON WATER AND SEWER COMMISSION (MWRA),0.0,0.0,0.0,,Yes,Minority,29.3,4.3,87941.0
250250005022,Boston,1710.0,1.0,BOSTON WATER AND SEWER COMMISSION (MWRA),0.0,0.0,0.0,,Yes,Minority,25.4,0.9,73889.0
250250005023,Boston,1577.0,1.0,BOSTON WATER AND SEWER COMMISSION (MWRA),0.0,0.0,0.0,,Yes,Minority and income,33.4,15.9,46818.0
250250005024,Boston,2656.0,1.0,BOSTON WATER AND SEWER COMMISSION (MWRA),0.0,0.0,0.0,,No,,,,
250250005031,Boston,787.0,1.0,BOSTON WATER AND SEWER COMMISSION (MWRA),0.0,0.0,0.0,,Yes,Minority,33.5,5.9,107639.0
250250005032,Boston,1631.0,1.0,BOSTON WATER AND SEWER COMMISSION (MWRA),0.0,0.0,0.0,,Yes,Minority,32.7,10.4,74869.0
250250005051,Boston,809.0,1.0,BOSTON WATER AND SEWER COMMISSION (MWRA),0.0,0.0,0.0,,Yes,Minority,37.2,0.0,100451.0
250250005052,Boston,888.0,1.0,BOSTON WATER AND SEWER COMMISSION (MWRA),0.0,0.0,0.0,,Yes,Minority and income,39.4,9.7,40758.0
250250005053,Boston,499.0,1.0,BOSTON WATER AND SEWER COMMISSION (MWRA),0.0,0.0,0.0,,Yes,Minority,32.5,10.7,73333.0
250250005061,Boston,1478.0,1.0,BOSTON WATER AND SEWER COMMISSION (MWRA),0.0,0.0,0.0,,Yes,Minority,31.3,23.6,55577.0
250250005062,Boston,1417.0,1.0,BOSTON WATER AND SEWER COMMISSION (MWRA),0.0,0.0,0.0,,Yes,Minority,30.6,6.3,99038.0
250250006011,Boston,685.0,1.0,BOSTON WATER AND SEWER COMMISSION (MWRA),0.0,0.0,0.0,,Yes,Minority,41.5,16.3,133750.0
250250006012,Boston,1211.0,1.0,BOSTON WATER AND SEWER COMMISSION (MWRA),0.0,0.0,0.0,,Yes,Minority,34.1,3.9,89276.0
250250006013,Boston,846.0,1.0,BOSTON WATER AND SEWER COMMISSION (MWRA),0.0,0.0,0.0,,Yes,Minority,33.9,10.0,112031.0
250250006014,Boston,1016.0,1.0,BOSTON WATER AND SEWER COMMISSION (MWRA),0.0,0.0,0.0,,Yes,Minority,43.4,5.8,106607.0
250250006031,Boston,1757.0,1.0,BOSTON WATER AND SEWER COMMISSION (MWRA),0.0,0.0,0.0,,Yes,"Minority, income and English isolation",77.2,28.5,25039.0
250250006041,Boston,1519.0,1.0,BOSTON WATER AND SEWER COMMISSION (MWRA),0.0,0.0,0.0,,Yes,Minority and income,49.7,22.5,50869.0
250250006042,Boston,1072.0,1.0,BOSTON WATER AND SEWER COMMISSION (MWRA),0.0,0.0,0.0,,Yes,Minority and English isolation,42.8,28.3,57237.0
250250007011,Boston,616.0,1.0,BOSTON WATER AND SEWER COMMISSION (MWRA),0.0,0.0,0.0,,Yes,Minority,34.1,9.6,89044.0
250250007012,Boston,869.0,1.0,BOSTON WATER AND SEWER COMMISSION (MWRA),0.0,0.0,0.0,,Yes,Minority,37.7,19.1,66518.0
250250007013,Boston,1521.0,1.0,BOSTON WATER AND SEWER COMMISSION (MWRA),0.0,0.0,0.0,,Yes,Minority,39.9,2.3,88625.0
250250007014,Boston,1511.0,1.0,BOSTON WATER AND SEWER COMMISSION (MWRA),0.0,0.0,0.0,,Yes,Minority,48.2,21.7,68333.0
250250007031,Boston,1045.0,1.0,BOSTON WATER AND SEWER COMMISSION (MWRA),0.0,0.0,0.0,,Yes,Minority and income,54.4,4.0,34871.0
250250007032,Boston,1397.0,1.0,BOSTON WATER AND SEWER COMMISSION (MWRA),0.0,0.0,0.0,,Yes,Minority and income,44.6,7.2,52738.0
250250007041,Boston,1814.0,1.0,BOSTON WATER AND SEWER COMMISSION (MWRA),0.0,0.0,0.0,,Yes,Minority,46.8,6.1,65078.0
250250007042,Boston,1299.0,1.0,BOSTON WATER AND SEWER COMMISSION (MWRA),0.0,0.0,0.0,,Yes,Minority,49.3,1.3,97167.0
250250007043,Boston,1122.0,1.0,BOSTON WATER AND SEWER COMMISSION (MWRA),0.0,0.0,0.0,,Yes,Minority,43.9,5.3,71464.0
250250007044,Boston,1077.0,1.0,BOSTON WATER AND SEWER COMMISSION (MWRA),0.0,0.0,0.0,,Yes,Minority and income,61.5,22.5,44941.0
250250008041,Boston,2027.0,1.0,BOSTON WATER AND SEWER COMMISSION (MWRA),0.0,0.0,0.0,,Yes,Minority and income,59.9,13.3,50909.0
250250008042,Boston,1786.0,1.0,BOSTON WATER AND SEWER COMMISSION (MWRA),0.0,0.0,0.0,,Yes,Minority,52.5,2.9,106250.0
250250008051,Boston,1797.0,1.0,BOSTON WATER AND SEWER COMMISSION (MWRA),0.0,0.0,0.0,,Yes,Minority,48.9,18.4,59792.0
250250008052,Boston,1136.0,1.0,BOSTON WATER AND SEWER COMMISSION (MWRA),0.0,0.0,0.0,,Yes,Minority and income,57.4,20.6,44643.0
250250008053,Boston,1683.0,1.0,BOSTON WATER AND SEWER COMMISSION (MWRA),0.0,0.0,0.0,,Yes,Minority and income,53.0,23.6,27314.0
250250008061,Boston,53.0,1.0,BOSTON WATER AND SEWER COMMISSION (MWRA),0.0,0.0,0.0,,Yes,Minority and income,50.9,0.0,54821.0
250250008062,Boston,1901.0,1.0,BOSTON WATER AND SEWER COMMISSION (MWRA),0.0,0.0,0.0,,Yes,Minority and income,51.7,1.8,53713.0
250250008063,Boston,18.0,1.0,BOSTON WATER AND SEWER COMMISSION (MWRA),0.0,0.0,0.0,,No,,,,
250250008071,Boston,2282.0,1.0,BOSTON WATER AND SEWER COMMISSION (MWRA),0.0,0.0,0.0,,Yes,Minority,46.3,0.0,0.0
250250101031,Boston,2126.0,1.0,BOSTON WATER AND SEWER COMMISSION (MWRA),0.0,0.0,0.0,,Yes,"Minority, income and English isolation",44.7,34.3,32572.0
250250101032,Boston,1200.0,1.0,BOSTON WATER AND SEWER COMMISSION (MWRA),0.0,0.0,0.0,,Yes,Minority,47.8,0.0,0.0
250250101033,Boston,1371.0,1.0,BOSTON WATER AND SEWER COMMISSION (MWRA),0.0,0.0,0.0,,Yes,Minority,37.4,9.4,0.0
250250101041,Boston,1398.0,1.0,BOSTON WATER AND SEWER COMMISSION (MWRA),0.0,0.0,0.0,,Yes,Minority,29.1,0.0,90917.0
250250101042,Boston,2503.0,1.0,BOSTON WATER AND SEWER COMMISSION (MWRA),0.0,0.0,0.0,,Yes,Minority,39.9,2.3,95139.0
250250101043,Boston,1162.0,1.0,BOSTON WATER AND SEWER COMMISSION (MWRA),0.0,0.0,0.0,,Yes,Minority and income,44.9,22.3,26463.0
250250102041,Boston,1131.0,1.0,BOSTON WATER AND SEWER COMMISSION (MWRA),0.0,0.0,0.0,,Yes,Minority and income,61.5,13.4,33657.0
250250102042,Boston,1344.0,1.0,BOSTON WATER AND SEWER COMMISSION (MWRA),0.0,0.0,0.0,,Yes,Minority,46.4,2.5,82000.0
250250102043,Boston,968.0,1.0,BOSTON WATER AND SEWER COMMISSION (MWRA),0.0,0.0,0.0,,Yes,Minority and income,44.7,11.5,34167.0
250250102051,Boston,1260.0,1.0,BOSTON WATER AND SEWER COMMISSION (MWRA),0.0,0.0,0.0,,Yes,Minority,51.0,15.3,68750.0
250250102052,Boston,920.0,1.0,BOSTON WATER AND SEWER COMMISSION (MWRA),0.0,0.0,0.0,,Yes,Minority,52.1,0.0,81020.0
250250102053,Boston,1644.0,1.0,BOSTON WATER AND SEWER COMMISSION (MWRA),0.0,0.0,0.0,,Yes,Minority and income,54.6,2.1,37719.0
250250102054,Boston,1082.0,1.0,BOSTON WATER AND SEWER COMMISSION (MWRA),0.0,0.0,0.0,,Yes,"Minority, income and English isolation",50.4,33.2,37719.0
250250102061,Boston,879.0,1.0,BOSTON WATER AND SEWER COMMISSION (MWRA),0.0,0.0,0.0,,Yes,Minority,39.8,6.6,110994.0
250250102062,Boston,1275.0,1.0,BOSTON WATER AND SEWER COMMISSION (MWRA),0.0,0.0,0.0,,Yes,Minority and income,59.9,11.0,13500.0
250250103001,Boston,1638.0,1.0,BOSTON WATER AND SEWER COMMISSION (MWRA),0.0,0.0,0.0,,Yes,Minority and income,33.0,17.9,14271.0
250250103002,Boston,3548.0,1.0,BOSTON WATER AND SEWER COMMISSION (MWRA),0.0,0.0,0.0,,Yes,Minority,29.9,8.9,73611.0
250250104031,Boston,1347.0,1.0,BOSTON WATER AND SEWER COMMISSION (MWRA),0.0,0.0,0.0,,Yes,Minority and income,57.7,19.2,25000.0
250250104032,Boston,998.0,1.0,BOSTON WATER AND SEWER COMMISSION (MWRA),0.0,0.0,0.0,,Yes,Minority and income,49.0,3.0,34175.0
250250104033,Boston,834.0,1.0,BOSTON WATER AND SEWER COMMISSION (MWRA),0.0,0.0,0.0,,Yes,Minority,41.0,6.0,115625.0
250250104041,Boston,1744.0,1.0,BOSTON WATER AND SEWER COMMISSION (MWRA),0.0,0.0,0.0,,Yes,Minority,41.3,12.8,58393.0
250250104042,Boston,1861.0,1.0,BOSTON WATER AND SEWER COMMISSION (MWRA),0.0,0.0,0.0,,Yes,Minority and income,41.7,22.7,28250.0
250250104043,Boston,1403.0,1.0,BOSTON WATER AND SEWER COMMISSION (MWRA),0.0,0.0,0.0,,Yes,Minority and income,51.1,12.5,19583.0
250250104044,Boston,739.0,1.0,BOSTON WATER AND SEWER COMMISSION (MWRA),0.0,0.0,0.0,,Yes,Minority and income,32.7,7.9,39250.0
250250104051,Boston,4004.0,1.0,BOSTON WATER AND SEWER COMMISSION (MWRA),0.0,0.0,0.0,,Yes,Minority,38.6,0.0,0.0
250250104052,Boston,2357.0,1.0,BOSTON WATER AND SEWER COMMISSION (MWRA),0.0,0.0,0.0,,Yes,Minority and income,49.3,16.1,26023.0
250250104053,Boston,492.0,1.0,BOSTON WATER AND SEWER COMMISSION (MWRA),0.0,0.0,0.0,,Yes,"Minority, income and English isolation",71.7,56.5,16471.0
250250104081,Boston,1438.0,1.0,BOSTON WATER AND SEWER COMMISSION (MWRA),0.0,0.0,0.0,,Yes,Minority,42.9,4.9,64714.0
250250105001,Boston,1816.0,1.0,BOSTON WATER AND SEWER COMMISSION (MWRA),0.0,0.0,0.0,,Yes,Minority and income,41.9,0.0,51588.0
250250105002,Boston,1208.0,1.0,BOSTON WATER AND SEWER COMMISSION (MWRA),0.0,0.0,0.0,,Yes,"Minority, income and English isolation",57.3,55.1,46008.0
250250105003,Boston,852.0,1.0,BOSTON WATER AND SEWER COMMISSION (MWRA),0.0,0.0,0.0,,Yes,Minority,39.6,12.5,64827.0
250250106001,Boston,1330.0,1.0,BOSTON WATER AND SEWER COMMISSION (MWRA),0.0,0.0,0.0,,Yes,Minority,30.6,2.1,132361.0
250250106002,Boston,1574.0,1.0,BOSTON WATER AND SEWER COMMISSION (MWRA),0.0,0.0,0.0,,Yes,Minority,26.9,11.2,106250.0
250250106003,Boston,625.0,1.0,BOSTON WATER AND SEWER COMMISSION (MWRA),0.0,0.0,0.0,,Yes,Minority,36.3,14.7,87770.0
250250107011,Boston,1057.0,1.0,BOSTON WATER AND SEWER COMMISSION (MWRA),0.0,0.0,0.0,,Yes,Minority,28.2,0.0,98681.0
250250107012,Boston,705.0,1.0,BOSTON WATER AND SEWER COMMISSION (MWRA),0.0,0.0,0.0,,No,,,,
250250107013,Boston,781.0,1.0,BOSTON WATER AND SEWER COMMISSION (MWRA),0.0,0.0,0.0,,No,,,,
250250107021,Boston,830.0,1.0,BOSTON WATER AND SEWER COMMISSION (MWRA),0.0,0.0,0.0,,No,,,,
250250107022,Boston,520.0,1.0,BOSTON WATER AND SEWER COMMISSION (MWRA),0.0,0.0,0.0,,No,,,,
250250107023,Boston,978.0,1.0,BOSTON WATER AND SEWER COMMISSION (MWRA),0.0,0.0,0.0,,No,,,,
250250108011,Boston,740.0,1.0,BOSTON WATER AND SEWER COMMISSION (MWRA),0.0,0.0,0.0,,Yes,Minority,33.0,0.0,100735.0
250250108012,Boston,967.0,1.0,BOSTON WATER AND SEWER COMMISSION (MWRA),0.0,0.0,0.0,,No,,,,
250250108013,Boston,1149.0,1.0,BOSTON WATER AND SEWER COMMISSION (MWRA),0.0,0.0,0.0,,No,,,,
250250108021,Boston,1069.0,1.0,BOSTON WATER AND SEWER COMMISSION (MWRA),0.0,0.0,0.0,,No,,,,
250250108022,Boston,1391.0,1.0,BOSTON WATER AND SEWER COMMISSION (MWRA),0.0,0.0,0.0,,No,,,,
250250108023,Boston,598.0,1.0,BOSTON WATER AND SEWER COMMISSION (MWRA),0.0,0.0,0.0,,No,,,,
250250201011,Boston,804.0,1.0,BOSTON WATER AND SEWER COMMISSION (MWRA),0.0,0.0,0.0,,No,,,,
250250201012,Boston,935.0,1.0,BOSTON WATER AND SEWER COMMISSION (MWRA),0.0,0.0,0.0,,No,,,,
250250201013,Boston,1253.0,1.0,BOSTON WATER AND SEWER COMMISSION (MWRA),0.0,0.0,0.0,,No,,,,
250250201014,Boston,1243.0,1.0,BOSTON WATER AND SEWER COMMISSION (MWRA),0.0,0.0,0.0,,No,,,,
250250202001,Boston,1259.0,1.0,BOSTON WATER AND SEWER COMMISSION (MWRA),0.0,0.0,0.0,,Yes,Minority,27.2,2.4,74841.0
250250202002,Boston,1319.0,1.0,BOSTON WATER AND SEWER COMMISSION (MWRA),0.0,0.0,0.0,,Yes,Minority,27.3,0.0,98173.0
250250202003,Boston,1226.0,1.0,BOSTON WATER AND SEWER COMMISSION (MWRA),0.0,0.0,0.0,,No,,,,
250250203011,Boston,2166.0,1.0,BOSTON WATER AND SEWER COMMISSION (MWRA),0.0,0.0,0.0,,Yes,Minority,40.5,7.4,95179.0
250250203021,Boston,1293.0,1.0,BOSTON WATER AND SEWER COMMISSION (MWRA),0.0,0.0,0.0,,No,,,,
250250203041,Boston,1283.0,1.0,BOSTON WATER AND SEWER COMMISSION (MWRA),0.0,0.0,0.0,,Yes,Minority,27.1,2.0,165833.0
250250203042,Boston,623.0,1.0,BOSTON WATER AND SEWER COMMISSION (MWRA),0.0,0.0,0.0,,Yes,Minority,46.4,6.7,170417.0
250250203051,Boston,1378.0,1.0,BOSTON WATER AND SEWER COMMISSION (MWRA),0.0,0.0,0.0,,Yes,Minority,37.4,0.0,154357.0
250250203052,Boston,2255.0,1.0,BOSTON WATER AND SEWER COMMISSION (MWRA),0.0,0.0,0.0,,Yes,Minority,32.9,7.2,91953.0
250250301001,Boston,1197.0,1.0,BOSTON WATER AND SEWER COMMISSION (MWRA),0.0,0.0,0.0,,No,,,,
250250301002,Boston,918.0,1.0,BOSTON WATER AND SEWER COMMISSION (MWRA),0.0,0.0,0.0,,No,,,,
250250302001,Boston,825.0,1.0,BOSTON WATER AND SEWER COMMISSION (MWRA),0.0,0.0,0.0,,No,,,,
250250302002,Boston,990.0,1.0,BOSTON WATER AND SEWER COMMISSION (MWRA),0.0,0.0,0.0,,No,,,,
250250303011,Boston,1103.0,1.0,BOSTON WATER AND SEWER COMMISSION (MWRA),0.0,0.0,0.0,,No,,,,
250250303012,Boston,282.0,1.0,BOSTON WATER AND SEWER COMMISSION (MWRA),0.0,0.0,0.0,,No,,,,
250250303021,Boston,1844.0,1.0,BOSTON WATER AND SEWER COMMISSION (MWRA),0.0,0.0,0.0,,Yes,Minority,29.5,0.0,141841.0
250250304001,Boston,599.0,1.0,BOSTON WATER AND SEWER COMMISSION (MWRA),0.0,0.0,0.0,,No,,,,
250250304002,Boston,1025.0,1.0,BOSTON WATER AND SEWER COMMISSION (MWRA),0.0,0.0,0.0,,No,,,,
250250304003,Boston,978.0,1.0,BOSTON WATER AND SEWER COMMISSION (MWRA),0.0,0.0,0.0,,Yes,English isolation,13.7,28.9,72335.0
250250304004,Boston,1558.0,1.0,BOSTON WATER AND SEWER COMMISSION (MWRA),0.0,0.0,0.0,,No,,,,
250250305001,Boston,823.0,1.0,BOSTON WATER AND SEWER COMMISSION (MWRA),0.0,0.0,0.0,,No,,,,
250250305002,Boston,1067.0,1.0,BOSTON WATER AND SEWER COMMISSION (MWRA),0.0,0.0,0.0,,No,,,,
250250305003,Boston,825.0,1.0,BOSTON WATER AND SEWER COMMISSION (MWRA),0.0,0.0,0.0,,No,,,,
250250401001,Boston,1052.0,0.979,BOSTON WATER AND SEWER COMMISSION (MWRA),0.0,0.0,0.021,0.243,No,,,,
250250401002,Boston,1308.0,1.0,BOSTON WATER AND SEWER COMMISSION (MWRA),0.0,0.0,0.0,,No,,,,
250250402001,Boston,636.0,1.0,BOSTON WATER AND SEWER COMMISSION (MWRA),0.0,0.0,0.0,,Yes,Minority and income,81.3,12.3,16250.0
250250402002,Boston,958.0,1.0,BOSTON WATER AND SEWER COMMISSION (MWRA),0.0,0.0,0.0,,Yes,Minority,25.1,3.5,179266.0
250250403001,Boston,774.0,1.0,BOSTON WATER AND SEWER COMMISSION (MWRA),0.0,0.0,0.0,,Yes,Minority,71.8,4.3,0.0
250250403002,Boston,1486.0,1.0,BOSTON WATER AND SEWER COMMISSION (MWRA),0.0,0.0,0.0,,No,,,,
250250403003,Boston,739.0,1.0,BOSTON WATER AND SEWER COMMISSION (MWRA),0.0,0.0,0.0,,No,,,,
250250403004,Boston,699.0,1.0,BOSTON WATER AND SEWER COMMISSION (MWRA),0.0,0.0,0.0,,No,,,,
250250403005,Boston,827.0,1.0,BOSTON WATER AND SEWER COMMISSION (MWRA),0.0,0.0,0.0,,No,,,,
250250404011,Boston,1957.0,1.0,BOSTON WATER AND SEWER COMMISSION (MWRA),0.0,0.0,0.0,,Yes,Minority,29.3,6.5,86734.0
250250404012,Boston,965.0,1.0,BOSTON WATER AND SEWER COMMISSION (MWRA),0.0,0.0,0.0,,No,,,,
250250406001,Boston,1760.0,1.0,BOSTON WATER AND SEWER COMMISSION (MWRA),0.0,0.0,0.0,,Yes,Minority,27.7,0.0,127344.0
250250406002,Boston,1923.0,1.0,BOSTON WATER AND SEWER COMMISSION (MWRA),0.0,0.0,0.0,,No,,,,
250250408011,Boston,1190.0,1.0,BOSTON WATER AND SEWER COMMISSION (MWRA),0.0,0.0,0.0,,Yes,Minority and income,86.8,24.2,12116.0
250250408012,Boston,765.0,1.0,BOSTON WATER AND SEWER COMMISSION (MWRA),0.0,0.0,0.0,,Yes,Minority and income,82.7,8.3,31151.0
250250408013,Boston,2081.0,1.0,BOSTON WATER AND SEWER COMMISSION (MWRA),0.0,0.0,0.0,,No,,,,
250250501011,Boston,1643.0,1.0,BOSTON WATER AND SEWER COMMISSION (MWRA),0.0,0.0,0.0,,Yes,Minority,76.6,23.7,82583.0
250250501012,Boston,1389.0,1.0,BOSTON WATER AND SEWER COMMISSION (MWRA),0.0,0.0,0.0,,Yes,"Minority, income and English isolation",76.4,37.5,22910.0
250250501013,Boston,1885.0,1.0,BOSTON WATER AND SEWER COMMISSION (MWRA),0.0,0.0,0.0,,Yes,Minority,71.9,22.6,71053.0
250250502001,Boston,2140.0,1.0,BOSTON WATER AND SEWER COMMISSION (MWRA),0.0,0.0,0.0,,Yes,Minority,72.9,13.2,67564.0
250250502002,Boston,1238.0,1.0,BOSTON WATER AND SEWER COMMISSION (MWRA),0.0,0.0,0.0,,Yes,Minority,64.5,24.0,76635.0
250250502003,Boston,788.0,1.0,BOSTON WATER AND SEWER COMMISSION (MWRA),0.0,0.0,0.0,,Yes,"Minority, income and English isolation",71.3,53.7,54911.0
250250502004,Boston,1031.0,1.0,BOSTON WATER AND SEWER COMMISSION (MWRA),0.0,0.0,0.0,,Yes,Minority and English isolation,78.6,53.4,63438.0
250250503001,Boston,1475.0,1.0,BOSTON WATER AND SEWER COMMISSION (MWRA),0.0,0.0,0.0,,Yes,Minority,55.2,9.9,66250.0
250250503002,Boston,777.0,1.0,BOSTON WATER AND SEWER COMMISSION (MWRA),0.0,0.0,0.0,,Yes,Minority and income,79.0,24.3,44464.0
250250503003,Boston,1006.0,1.0,BOSTON WATER AND SEWER COMMISSION (MWRA),0.0,0.0,0.0,,Yes,"Minority, income and English isolation",57.6,24.6,12013.0
250250504001,Boston,603.0,1.0,BOSTON WATER AND SEWER COMMISSION (MWRA),0.0,0.0,0.0,,Yes,Minority,73.0,3.3,65441.0
250250504002,Boston,1769.0,1.0,BOSTON WATER AND SEWER COMMISSION (MWRA),0.0,0.0,0.0,,Yes,Minority,47.6,20.0,80268.0
250250505001,Boston,2174.0,1.0,BOSTON WATER AND SEWER COMMISSION (MWRA),0.0,0.0,0.0,,Yes,Minority,57.1,20.8,86750.0
250250506001,Boston,1162.0,1.0,BOSTON WATER AND SEWER COMMISSION (MWRA),0.0,0.0,0.0,,Yes,Minority and English isolation,68.7,38.6,73750.0
250250506002,Boston,912.0,1.0,BOSTON WATER AND SEWER COMMISSION (MWRA),0.0,0.0,0.0,,Yes,Minority,63.0,19.1,106071.0
250250507001,Boston,1766.0,1.0,BOSTON WATER AND SEWER COMMISSION (MWRA),0.0,0.0,0.0,,Yes,Minority and English isolation,72.5,33.9,61339.0
250250507002,Boston,1341.0,1.0,BOSTON WATER AND SEWER COMMISSION (MWRA),0.0,0.0,0.0,,Yes,"Minority, income and English isolation",71.9,58.5,52491.0
250250507003,Boston,1413.0,1.0,BOSTON WATER AND SEWER COMMISSION (MWRA),0.0,0.0,0.0,,Yes,Minority and English isolation,71.3,62.1,81897.0
250250509011,Boston,1421.0,1.0,BOSTON WATER AND SEWER COMMISSION (MWRA),0.0,0.0,0.0,,Yes,Minority and English isolation,82.6,36.4,76591.0
250250509012,Boston,1860.0,1.0,BOSTON WATER AND SEWER COMMISSION (MWRA),0.0,0.0,0.0,,Yes,Minority,68.2,18.3,81250.0
250250509013,Boston,961.0,1.0,BOSTON WATER AND SEWER COMMISSION (MWRA),0.0,0.0,0.0,,Yes,"Minority, income and English isolation",73.8,43.4,37333.0
250250510001,Boston,2134.0,1.0,BOSTON WATER AND SEWER COMMISSION (MWRA),0.0,0.0,0.0,,Yes,Minority,55.2,15.9,66845.0
250250510002,Boston,1055.0,1.0,BOSTON WATER AND SEWER COMMISSION (MWRA),0.0,0.0,0.0,,Yes,Minority and income,56.2,15.5,21438.0
250250510003,Boston,1128.0,1.0,BOSTON WATER AND SEWER COMMISSION (MWRA),0.0,0.0,0.0,,Yes,Minority,56.8,8.0,84784.0
250250511011,Boston,1803.0,1.0,BOSTON WATER AND SEWER COMMISSION (MWRA),0.0,0.0,0.0,,Yes,Minority and English isolation,62.1,26.4,67930.0
250250511012,Boston,1831.0,1.0,BOSTON WATER AND SEWER COMMISSION (MWRA),0.0,0.0,0.0,,Yes,"Minority, income and English isolation",68.2,28.9,48707.0
250250511013,Boston,1727.0,1.0,BOSTON WATER AND SEWER COMMISSION (MWRA),0.0,0.0,0.0,,Yes,Minority,53.0,0.0,121875.0
250250511014,Boston,1099.0,1.0,BOSTON WATER AND SEWER COMMISSION (MWRA),0.0,0.0,0.0,,Yes,Minority,39.6,4.5,77870.0
250250512001,Boston,833.0,1.0,BOSTON WATER AND SEWER COMMISSION (MWRA),0.0,0.0,0.0,,Yes,Minority and English isolation,37.5,25.7,150313.0
250250512002,Boston,1703.0,1.0,BOSTON WATER AND SEWER COMMISSION (MWRA),0.0,0.0,0.0,,Yes,Minority,50.0,8.5,69103.0
250250512003,Boston,918.0,1.0,BOSTON WATER AND SEWER COMMISSION (MWRA),0.0,0.0,0.0,,Yes,Minority,29.8,7.3,90917.0
250250601011,Boston,1171.0,1.0,BOSTON WATER AND SEWER COMMISSION (MWRA),0.0,0.0,0.0,,No,,,,
250250601012,Boston,667.0,1.0,BOSTON WATER AND SEWER COMMISSION (MWRA),0.0,0.0,0.0,,No,,,,
250250601013,Boston,1067.0,1.0,BOSTON WATER AND SEWER COMMISSION (MWRA),0.0,0.0,0.0,,No,,,,
250250601014,Boston,768.0,1.0,BOSTON WATER AND SEWER COMMISSION (MWRA),0.0,0.0,0.0,,No,,,,
250250602001,Boston,996.0,1.0,BOSTON WATER AND SEWER COMMISSION (MWRA),0.0,0.0,0.0,,No,,,,
250250602002,Boston,1332.0,1.0,BOSTON WATER AND SEWER COMMISSION (MWRA),0.0,0.0,0.0,,No,,,,
250250603011,Boston,1491.0,1.0,BOSTON WATER AND SEWER COMMISSION (MWRA),0.0,0.0,0.0,,No,,,,
250250603012,Boston,810.0,1.0,BOSTON WATER AND SEWER COMMISSION (MWRA),0.0,0.0,0.0,,No,,,,
250250603013,Boston,1308.0,1.0,BOSTON WATER AND SEWER COMMISSION (MWRA),0.0,0.0,0.0,,No,,,,
250250604001,Boston,1139.0,1.0,BOSTON WATER AND SEWER COMMISSION (MWRA),0.0,0.0,0.0,,No,,,,
250250604002,Boston,1152.0,1.0,BOSTON WATER AND SEWER COMMISSION (MWRA),0.0,0.0,0.0,,No,,,,
250250604003,Boston,1014.0,1.0,BOSTON WATER AND SEWER COMMISSION (MWRA),0.0,0.0,0.0,,No,,,,
250250604004,Boston,1224.0,1.0,BOSTON WATER AND SEWER COMMISSION (MWRA),0.0,0.0,0.0,,No,,,,
250250604005,Boston,666.0,1.0,BOSTON WATER AND SEWER COMMISSION (MWRA),0.0,0.0,0.0,,No,,,,
250250605011,Boston,886.0,1.0,BOSTON WATER AND SEWER COMMISSION (MWRA),0.0,0.0,0.0,,No,,,,
250250605012,Boston,936.0,1.0,BOSTON WATER AND SEWER COMMISSION (MWRA),0.0,0.0,0.0,,No,,,,
250250605013,Boston,1162.0,1.0,BOSTON WATER AND SEWER COMMISSION (MWRA),0.0,0.0,0.0,,No,,,,
250250605014,Boston,840.0,1.0,BOSTON WATER AND SEWER COMMISSION (MWRA),0.0,0.0,0.0,,No,,,,
250250605015,Boston,909.0,1.0,BOSTON WATER AND SEWER COMMISSION (MWRA),0.0,0.0,0.0,,No,,,,
250250606011,Boston,2006.0,1.0,BOSTON WATER AND SEWER COMMISSION (MWRA),0.0,0.0,0.0,,No,,,,
250250606021,Boston,331.0,1.0,BOSTON WATER AND SEWER COMMISSION (MWRA),0.0,0.0,0.0,,No,,,,
250250606031,Boston,1502.0,1.0,BOSTON WATER AND SEWER COMMISSION (MWRA),0.0,0.0,0.0,,No,,,,
250250606041,Boston,1814.0,1.0,BOSTON WATER AND SEWER COMMISSION (MWRA),0.0,0.0,0.0,,Yes,Minority,24.8,0.7,243719.0
250250606042,Boston,989.0,1.0,BOSTON WATER AND SEWER COMMISSION (MWRA),0.0,0.0,0.0,,Yes,Minority,24.7,0.0,176000.0
250250607001,Boston,997.0,1.0,BOSTON WATER AND SEWER COMMISSION (MWRA),0.0,0.0,0.0,,Yes,Minority and income,88.2,17.5,22374.0
250250607002,Boston,692.0,1.0,BOSTON WATER AND SEWER COMMISSION (MWRA),0.0,0.0,0.0,,Yes,"Minority, income and English isolation",84.0,57.4,14167.0
250250608001,Boston,733.0,1.0,BOSTON WATER AND SEWER COMMISSION (MWRA),0.0,0.0,0.0,,No,,,,
250250608002,Boston,960.0,1.0,BOSTON WATER AND SEWER COMMISSION (MWRA),0.0,0.0,0.0,,No,,,,
250250608003,Boston,1243.0,1.0,BOSTON WATER AND SEWER COMMISSION (MWRA),0.0,0.0,0.0,,No,,,,
250250608004,Boston,1923.0,1.0,BOSTON WATER AND SEWER COMMISSION (MWRA),0.0,0.0,0.0,,No,,,,
250250610001,Boston,1170.0,1.0,BOSTON WATER AND SEWER COMMISSION (MWRA),0.0,0.0,0.0,,No,,,,
250250610002,Boston,535.0,1.0,BOSTON WATER AND SEWER COMMISSION (MWRA),0.0,0.0,0.0,,Yes,Minority and income,85.8,17.7,23784.0
250250610003,Boston,711.0,1.0,BOSTON WATER AND SEWER COMMISSION (MWRA),0.0,0.0,0.0,,Yes,Minority and income,85.7,23.8,22250.0
250250611011,Boston,682.0,1.0,BOSTON WATER AND SEWER COMMISSION (MWRA),0.0,0.0,0.0,,Yes,Minority and income,73.2,18.3,31786.0
250250611012,Boston,2028.0,1.0,BOSTON WATER AND SEWER COMMISSION (MWRA),0.0,0.0,0.0,,Yes,"Minority, income and English isolation",83.6,34.2,11870.0
250250612011,Boston,2013.0,1.0,BOSTON WATER AND SEWER COMMISSION (MWRA),0.0,0.0,0.0,,No,,,,
250250612031,Boston,2686.0,1.0,BOSTON WATER AND SEWER COMMISSION (MWRA),0.0,0.0,0.0,,Yes,Minority,26.5,0.0,193068.0
250250612041,Boston,937.0,1.0,BOSTON WATER AND SEWER COMMISSION (MWRA),0.0,0.0,0.0,,No,,,,
250250701021,Boston,897.0,1.0,BOSTON WATER AND SEWER COMMISSION (MWRA),0.0,0.0,0.0,,Yes,"Minority, income and English isolation",51.4,52.4,15847.0
250250701022,Boston,2202.0,1.0,BOSTON WATER AND SEWER COMMISSION (MWRA),0.0,0.0,0.0,,Yes,Minority,35.1,9.6,172917.0
250250701023,Boston,588.0,1.0,BOSTON WATER AND SEWER COMMISSION (MWRA),0.0,0.0,0.0,,Yes,Minority,43.9,0.0,136071.0
250250701031,Boston,751.0,1.0,BOSTON WATER AND SEWER COMMISSION (MWRA),0.0,0.0,0.0,,Yes,Minority,68.6,7.7,58872.0
250250701041,Boston,890.0,1.0,BOSTON WATER AND SEWER COMMISSION (MWRA),0.0,0.0,0.0,,Yes,Minority,30.1,5.4,129792.0
250250701042,Boston,610.0,1.0,BOSTON WATER AND SEWER COMMISSION (MWRA),0.0,0.0,0.0,,Yes,Minority,31.5,0.0,196250.0
250250701043,Boston,1362.0,1.0,BOSTON WATER AND SEWER COMMISSION (MWRA),0.0,0.0,0.0,,Yes,Minority and English isolation,40.4,27.4,0.0
250250702011,Boston,932.0,1.0,BOSTON WATER AND SEWER COMMISSION (MWRA),0.0,0.0,0.0,,Yes,"Minority, income and English isolation",94.2,70.4,17132.0
250250702012,Boston,3058.0,1.0,BOSTON WATER AND SEWER COMMISSION (MWRA),0.0,0.0,0.0,,Yes,Minority,28.8,19.9,171359.0
250250702021,Boston,4325.0,1.0,BOSTON WATER AND SEWER COMMISSION (MWRA),0.0,0.0,0.0,,Yes,"Minority, income and English isolation",64.4,37.3,37917.0
250250702022,Boston,1135.0,1.0,BOSTON WATER AND SEWER COMMISSION (MWRA),0.0,0.0,0.0,,Yes,"Minority, income and English isolation",93.8,53.4,20900.0
250250703011,Boston,1048.0,1.0,BOSTON WATER AND SEWER COMMISSION (MWRA),0.0,0.0,0.0,,No,,,,
250250703012,Boston,1165.0,1.0,BOSTON WATER AND SEWER COMMISSION (MWRA),0.0,0.0,0.0,,Yes,Minority,25.2,0.0,189815.0
250250703021,Boston,806.0,1.0,BOSTON WATER AND SEWER COMMISSION (MWRA),0.0,0.0,0.0,,Yes,Minority,27.0,0.0,165426.0
250250703022,Boston,615.0,1.0,BOSTON WATER AND SEWER COMMISSION (MWRA),0.0,0.0,0.0,,No,,,,
250250703023,Boston,669.0,1.0,BOSTON WATER AND SEWER COMMISSION (MWRA),0.0,0.0,0.0,,Yes,Minority,49.2,22.0,0.0
250250704021,Boston,2049.0,1.0,BOSTON WATER AND SEWER COMMISSION (MWRA),0.0,0.0,0.0,,Yes,Minority,34.4,3.3,126050.0
250250704022,Boston,1512.0,1.0,BOSTON WATER AND SEWER COMMISSION (MWRA),0.0,0.0,0.0,,Yes,"Minority, income and English isolation",91.5,50.1,17582.0
250250705011,Boston,1149.0,1.0,BOSTON WATER AND SEWER COMMISSION (MWRA),0.0,0.0,0.0,,No,,,,
250250705012,Boston,1074.0,1.0,BOSTON WATER AND SEWER COMMISSION (MWRA),0.0,0.0,0.0,,Yes,Minority,31.7,14.0,185288.0
250250705021,Boston,1067.0,1.0,BOSTON WATER AND SEWER COMMISSION (MWRA),0.0,0.0,0.0,,Yes,Minority,29.2,6.7,176063.0
250250705022,Boston,2326.0,1.0,BOSTON WATER AND SEWER COMMISSION (MWRA),0.0,0.0,0.0,,Yes,"Minority, income and English isolation",66.1,45.5,16046.0
250250706001,Boston,1161.0,1.0,BOSTON WATER AND SEWER COMMISSION (MWRA),0.0,0.0,0.0,,No,,,,
250250706002,Boston,1126.0,1.0,BOSTON WATER AND SEWER COMMISSION (MWRA),0.0,0.0,0.0,,No,,,,
250250707001,Boston,1236.0,1.0,BOSTON WATER AND SEWER COMMISSION (MWRA),0.0,0.0,0.0,,Yes,Minority and income,55.3,10.2,37404.0
250250707002,Boston,1291.0,1.0,BOSTON WATER AND SEWER COMMISSION (MWRA),0.0,0.0,0.0,,Yes,Minority,36.5,1.0,132500.0
250250708011,Boston,1056.0,1.0,BOSTON WATER AND SEWER COMMISSION (MWRA),0.0,0.0,0.0,,Yes,Minority,45.9,8.5,100592.0
250250708021,Boston,1552.0,1.0,BOSTON WATER AND SEWER COMMISSION (MWRA),0.0,0.0,0.0,,Yes,Minority,43.5,15.8,0.0
250250708022,Boston,1133.0,1.0,BOSTON WATER AND SEWER COMMISSION (MWRA),0.0,0.0,0.0,,Yes,Minority,27.2,0.0,96250.0
250250709011,Boston,1165.0,1.0,BOSTON WATER AND SEWER COMMISSION (MWRA),0.0,0.0,0.0,,Yes,"Minority, income and English isolation",75.0,46.7,36051.0
250250709021,Boston,1211.0,1.0,BOSTON WATER AND SEWER COMMISSION (MWRA),0.0,0.0,0.0,,Yes,Minority,54.6,16.3,0.0
250250709022,Boston,1089.0,1.0,BOSTON WATER AND SEWER COMMISSION (MWRA),0.0,0.0,0.0,,Yes,Minority,40.0,0.0,145357.0
250250711011,Boston,1540.0,1.0,BOSTON WATER AND SEWER COMMISSION (MWRA),0.0,0.0,0.0,,Yes,Minority,35.8,0.0,108696.0
250250711012,Boston,916.0,1.0,BOSTON WATER AND SEWER COMMISSION (MWRA),0.0,0.0,0.0,,Yes,Minority,73.1,13.0,111528.0
250250711013,Boston,996.0,1.0,BOSTON WATER AND SEWER COMMISSION (MWRA),0.0,0.0,0.0,,Yes,Minority and English isolation,47.6,24.8,64202.0
250250711014,Boston,659.0,1.0,BOSTON WATER AND SEWER COMMISSION (MWRA),0.0,0.0,0.0,,Yes,Minority,51.4,3.0,88315.0
250250712011,Boston,1013.0,1.0,BOSTON WATER AND SEWER COMMISSION (MWRA),0.0,0.0,0.0,,Yes,Minority,37.1,4.2,154615.0
250250712012,Boston,1231.0,1.0,BOSTON WATER AND SEWER COMMISSION (MWRA),0.0,0.0,0.0,,Yes,Minority and income,47.1,17.2,48233.0
250250712013,Boston,192.0,1.0,BOSTON WATER AND SEWER COMMISSION (MWRA),0.0,0.0,0.0,,Yes,Minority,39.1,0.0,155595.0
250250712014,Boston,1078.0,1.0,BOSTON WATER AND SEWER COMMISSION (MWRA),0.0,0.0,0.0,,Yes,"Minority, income and English isolation",95.6,35.2,17661.0
250250801001,Boston,2125.0,1.0,BOSTON WATER AND SEWER COMMISSION (MWRA),0.0,0.0,0.0,,Yes,Minority and income,74.4,17.7,40263.0
250250801002,Boston,775.0,1.0,BOSTON WATER AND SEWER COMMISSION (MWRA),0.0,0.0,0.0,,Yes,Minority and income,96.3,7.8,50272.0
250250803001,Boston,686.0,1.0,BOSTON WATER AND SEWER COMMISSION (MWRA),0.0,0.0,0.0,,Yes,Minority and income,98.0,12.9,42617.0
250250803002,Boston,1550.0,1.0,BOSTON WATER AND SEWER COMMISSION (MWRA),0.0,0.0,0.0,,Yes,Minority and income,91.5,4.0,43935.0
250250804011,Boston,1910.0,1.0,BOSTON WATER AND SEWER COMMISSION (MWRA),0.0,0.0,0.0,,Yes,Minority and income,86.0,3.8,31136.0
250250804012,Boston,1481.0,1.0,BOSTON WATER AND SEWER COMMISSION (MWRA),0.0,0.0,0.0,,Yes,"Minority, income and English isolation",94.3,36.3,16339.0
250250805001,Boston,1198.0,1.0,BOSTON WATER AND SEWER COMMISSION (MWRA),0.0,0.0,0.0,,Yes,Minority,84.0,7.8,56250.0
250250805002,Boston,2090.0,1.0,BOSTON WATER AND SEWER COMMISSION (MWRA),0.0,0.0,0.0,,Yes,"Minority, income and English isolation",94.4,26.0,24094.0
250250806011,Boston,4013.0,1.0,BOSTON WATER AND SEWER COMMISSION (MWRA),0.0,0.0,0.0,,Yes,Minority and income,58.9,15.2,25721.0
250250806012,Boston,158.0,1.0,BOSTON WATER AND SEWER COMMISSION (MWRA),0.0,0.0,0.0,,Yes,Minority and income,92.4,18.7,14234.0
250250806013,Boston,561.0,1.0,BOSTON WATER AND SEWER COMMISSION (MWRA),0.0,0.0,0.0,,Yes,"Minority, income and English isolation",84.5,27.1,8531.0
250250808011,Boston,2384.0,1.0,BOSTON WATER AND SEWER COMMISSION (MWRA),0.0,0.0,0.0,,Yes,Minority and income,51.2,17.8,13325.0
250250808012,Boston,1898.0,1.0,BOSTON WATER AND SEWER COMMISSION (MWRA),0.0,0.0,0.0,,Yes,Minority and income,96.1,14.4,33629.0
250250809001,Boston,1330.0,1.0,BOSTON WATER AND SEWER COMMISSION (MWRA),0.0,0.0,0.0,,Yes,Minority,67.7,4.0,58542.0
250250809002,Boston,1780.0,1.0,BOSTON WATER AND SEWER COMMISSION (MWRA),0.0,0.0,0.0,,Yes,Minority,40.4,0.0,66552.0
250250809003,Boston,1266.0,1.0,BOSTON WATER AND SEWER COMMISSION (MWRA),0.0,0.0,0.0,,Yes,Minority,44.5,0.0,91250.0
250250810011,Boston,1062.0,1.0,BOSTON WATER AND SEWER COMMISSION (MWRA),0.0,0.0,0.0,,Yes,Minority,32.9,0.0,72609.0
250250810012,Boston,1445.0,1.0,BOSTON WATER AND SEWER COMMISSION (MWRA),0.0,0.0,0.0,,Yes,Minority and income,55.0,6.7,45395.0
250250810013,Boston,744.0,1.0,BOSTON WATER AND SEWER COMMISSION (MWRA),0.0,0.0,0.0,,Yes,"Minority, income and English isolation",84.3,52.1,22730.0
250250810014,Boston,1896.0,1.0,BOSTON WATER AND SEWER COMMISSION (MWRA),0.0,0.0,0.0,,Yes,"Minority, income and English isolation",79.5,32.1,16648.0
250250810015,Boston,548.0,1.0,BOSTON WATER AND SEWER COMMISSION (MWRA),0.0,0.0,0.0,,Yes,Minority,84.3,15.9,0.0
250250811011,Boston,372.0,1.0,BOSTON WATER AND SEWER COMMISSION (MWRA),0.0,0.0,0.0,,Yes,Minority,46.2,17.2,77702.0
250250811012,Boston,1112.0,1.0,BOSTON WATER AND SEWER COMMISSION (MWRA),0.0,0.0,0.0,,Yes,Minority,45.5,9.3,83472.0
250250811021,Boston,1572.0,1.0,BOSTON WATER AND SEWER COMMISSION (MWRA),0.0,0.0,0.0,,Yes,Minority and income,57.2,21.0,41591.0
250250811022,Boston,1593.0,1.0,BOSTON WATER AND SEWER COMMISSION (MWRA),0.0,0.0,0.0,,Yes,Minority and English isolation,63.9,37.2,74295.0
250250812001,Boston,1393.0,1.0,BOSTON WATER AND SEWER COMMISSION (MWRA),0.0,0.0,0.0,,Yes,Minority,63.6,17.7,70956.0
250250812002,Boston,1492.0,1.0,BOSTON WATER AND SEWER COMMISSION (MWRA),0.0,0.0,0.0,,Yes,Minority and income,96.0,18.2,25240.0
250250812003,Boston,621.0,1.0,BOSTON WATER AND SEWER COMMISSION (MWRA),0.0,0.0,0.0,,Yes,Minority and income,98.2,16.1,13462.0
250250813011,Boston,767.0,1.0,BOSTON WATER AND SEWER COMMISSION (MWRA),0.0,0.0,0.0,,Yes,"Minority, income and English isolation",87.6,39.2,17391.0
250250813012,Boston,1627.0,1.0,BOSTON WATER AND SEWER COMMISSION (MWRA),0.0,0.0,0.0,,Yes,"Minority, income and English isolation",85.2,40.4,13811.0
250250813021,Boston,1121.0,1.0,BOSTON WATER AND SEWER COMMISSION (MWRA),0.0,0.0,0.0,,Yes,Minority and income,96.4,24.1,22524.0
250250813022,Boston,1959.0,1.0,BOSTON WATER AND SEWER COMMISSION (MWRA),0.0,0.0,0.0,,Yes,Minority,89.0,13.8,0.0
250250814001,Boston,820.0,1.0,BOSTON WATER AND SEWER COMMISSION (MWRA),0.0,0.0,0.0,,Yes,Minority and income,74.8,0.0,49205.0
250250814002,Boston,1009.0,1.0,BOSTON WATER AND SEWER COMMISSION (MWRA),0.0,0.0,0.0,,Yes,Minority,60.2,0.0,97250.0
250250814003,Boston,1401.0,1.0,BOSTON WATER AND SEWER COMMISSION (MWRA),0.0,0.0,0.0,,Yes,Minority and income,74.2,20.8,43151.0
250250814004,Boston,544.0,1.0,BOSTON WATER AND SEWER COMMISSION (MWRA),0.0,0.0,0.0,,Yes,Minority and income,63.1,0.0,37656.0
250250815001,Boston,1085.0,1.0,BOSTON WATER AND SEWER COMMISSION (MWRA),0.0,0.0,0.0,,Yes,Minority and income,73.5,0.0,45179.0
250250815002,Boston,1364.0,1.0,BOSTON WATER AND SEWER COMMISSION (MWRA),0.0,0.0,0.0,,Yes,Minority,91.3,14.3,55662.0
250250817001,Boston,623.0,1.0,BOSTON WATER AND SEWER COMMISSION (MWRA),0.0,0.0,0.0,,Yes,Minority and income,99.0,13.4,21193.0
250250817002,Boston,995.0,1.0,BOSTON WATER AND SEWER COMMISSION (MWRA),0.0,0.0,0.0,,Yes,Minority and income,95.7,23.7,24058.0
250250817003,Boston,882.0,1.0,BOSTON WATER AND SEWER COMMISSION (MWRA),0.0,0.0,0.0,,Yes,Minority and income,92.6,0.0,28641.0
250250817004,Boston,950.0,1.0,BOSTON WATER AND SEWER COMMISSION (MWRA),0.0,0.0,0.0,,Yes,Minority and income,93.9,17.7,38802.0
250250817005,Boston,691.0,1.0,BOSTON WATER AND SEWER COMMISSION (MWRA),0.0,0.0,0.0,,Yes,Minority and income,88.1,0.0,43241.0
250250818001,Boston,1313.0,1.0,BOSTON WATER AND SEWER COMMISSION (MWRA),0.0,0.0,0.0,,Yes,Minority and income,90.5,23.8,20500.0
250250818002,Boston,1006.0,1.0,BOSTON WATER AND SEWER COMMISSION (MWRA),0.0,0.0,0.0,,Yes,Minority,92.2,12.6,58833.0
250250818003,Boston,1248.0,1.0,BOSTON WATER AND SEWER COMMISSION (MWRA),0.0,0.0,0.0,,Yes,Minority and income,95.8,11.8,22135.0
250250819001,Boston,1090.0,1.0,BOSTON WATER AND SEWER COMMISSION (MWRA),0.0,0.0,0.0,,Yes,Minority and income,96.8,8.2,36071.0
250250819002,Boston,644.0,1.0,BOSTON WATER AND SEWER COMMISSION (MWRA),0.0,0.0,0.0,,Yes,Minority and income,97.0,13.3,16419.0
250250819003,Boston,816.0,1.0,BOSTON WATER AND SEWER COMMISSION (MWRA),0.0,0.0,0.0,,Yes,Minority,92.9,15.6,0.0
250250819004,Boston,1121.0,1.0,BOSTON WATER AND SEWER COMMISSION (MWRA),0.0,0.0,0.0,,Yes,"Minority, income and English isolation",98.7,24.5,31116.0
250250820001,Boston,1498.0,1.0,BOSTON WATER AND SEWER COMMISSION (MWRA),0.0,0.0,0.0,,Yes,Minority,95.0,7.2,90673.0
250250820002,Boston,747.0,1.0,BOSTON WATER AND SEWER COMMISSION (MWRA),0.0,0.0,0.0,,Yes,Minority and income,97.3,12.0,48693.0
250250820003,Boston,950.0,1.0,BOSTON WATER AND SEWER COMMISSION (MWRA),0.0,0.0,0.0,,Yes,Minority and income,96.4,21.2,39926.0
250250821001,Boston,1323.0,1.0,BOSTON WATER AND SEWER COMMISSION (MWRA),0.0,0.0,0.0,,Yes,"Minority, income and English isolation",98.1,49.1,21848.0
250250821002,Boston,1543.0,1.0,BOSTON WATER AND SEWER COMMISSION (MWRA),0.0,0.0,0.0,,Yes,Minority,97.3,13.8,0.0
250250821003,Boston,2358.0,1.0,BOSTON WATER AND SEWER COMMISSION (MWRA),0.0,0.0,0.0,,Yes,Minority and income,95.8,23.3,24092.0
250250901001,Boston,1610.0,1.0,BOSTON WATER AND SEWER COMMISSION (MWRA),0.0,0.0,0.0,,Yes,Minority and income,99.5,22.8,24052.0
250250901002,Boston,645.0,1.0,BOSTON WATER AND SEWER COMMISSION (MWRA),0.0,0.0,0.0,,Yes,Minority and income,96.3,21.5,46042.0
250250901003,Boston,856.0,1.0,BOSTON WATER AND SEWER COMMISSION (MWRA),0.0,0.0,0.0,,Yes,Minority,96.0,16.2,59432.0
250250901004,Boston,1285.0,1.0,BOSTON WATER AND SEWER COMMISSION (MWRA),0.0,0.0,0.0,,Yes,Minority and income,97.3,14.0,23914.0
250250901005,Boston,775.0,1.0,BOSTON WATER AND SEWER COMMISSION (MWRA),0.0,0.0,0.0,,Yes,Minority and income,95.9,7.2,52763.0
250250902001,Boston,712.0,1.0,BOSTON WATER AND SEWER COMMISSION (MWRA),0.0,0.0,0.0,,Yes,"Minority, income and English isolation",94.1,36.0,27330.0
250250902002,Boston,716.0,1.0,BOSTON WATER AND SEWER COMMISSION (MWRA),0.0,0.0,0.0,,Yes,"Minority, income and English isolation",95.7,28.8,30478.0
250250902003,Boston,984.0,1.0,BOSTON WATER AND SEWER COMMISSION (MWRA),0.0,0.0,0.0,,Yes,Minority and income,96.7,17.9,30000.0
250250903001,Boston,1033.0,1.0,BOSTON WATER AND SEWER COMMISSION (MWRA),0.0,0.0,0.0,,Yes,"Minority, income and English isolation",95.8,24.9,32022.0
250250903002,Boston,1681.0,1.0,BOSTON WATER AND SEWER COMMISSION (MWRA),0.0,0.0,0.0,,Yes,"Minority, income and English isolation",98.6,33.1,50855.0
250250903003,Boston,1081.0,1.0,BOSTON WATER AND SEWER COMMISSION (MWRA),0.0,0.0,0.0,,Yes,Minority and income,98.5,0.0,27050.0
250250904001,Boston,921.0,1.0,BOSTON WATER AND SEWER COMMISSION (MWRA),0.0,0.0,0.0,,Yes,Minority,97.2,0.0,56250.0
250250904002,Boston,1462.0,1.0,BOSTON WATER AND SEWER COMMISSION (MWRA),0.0,0.0,0.0,,Yes,Minority,95.3,18.9,0.0
250250904003,Boston,898.0,1.0,BOSTON WATER AND SEWER COMMISSION (MWRA),0.0,0.0,0.0,,Yes,Minority and income,95.2,9.6,28529.0
250250904004,Boston,820.0,1.0,BOSTON WATER AND SEWER COMMISSION (MWRA),0.0,0.0,0.0,,Yes,Minority,96.3,10.8,73889.0
250250906001,Boston,1099.0,1.0,BOSTON WATER AND SEWER COMMISSION (MWRA),0.0,0.0,0.0,,Yes,"Minority, income and English isolation",92.9,26.5,45714.0
250250906002,Boston,1351.0,1.0,BOSTON WATER AND SEWER COMMISSION (MWRA),0.0,0.0,0.0,,Yes,"Minority, income and English isolation",92.8,37.9,42917.0
250250907001,Boston,1171.0,1.0,BOSTON WATER AND SEWER COMMISSION (MWRA),0.0,0.0,0.0,,Yes,Minority,41.9,5.7,156034.0
250250907002,Boston,1260.0,1.0,BOSTON WATER AND SEWER COMMISSION (MWRA),0.0,0.0,0.0,,Yes,Minority,26.6,22.3,77991.0
250250907003,Boston,1178.0,1.0,BOSTON WATER AND SEWER COMMISSION (MWRA),0.0,0.0,0.0,,Yes,Minority,42.3,16.3,70795.0
250250907004,Boston,1064.0,1.0,BOSTON WATER AND SEWER COMMISSION (MWRA),0.0,0.0,0.0,,Yes,Minority,46.1,13.8,157607.0
250250909011,Boston,1403.0,1.0,BOSTON WATER AND SEWER COMMISSION (MWRA),0.0,0.0,0.0,,Yes,"Minority, income and English isolation",75.1,28.9,26827.0
250250909012,Boston,2197.0,1.0,BOSTON WATER AND SEWER COMMISSION (MWRA),0.0,0.0,0.0,,Yes,Minority and income,70.1,18.4,23403.0
250250910011,Boston,645.0,1.0,BOSTON WATER AND SEWER COMMISSION (MWRA),0.0,0.0,0.0,,Yes,Minority and English isolation,79.8,42.4,0.0
250250910012,Boston,796.0,1.0,BOSTON WATER AND SEWER COMMISSION (MWRA),0.0,0.0,0.0,,Yes,Minority,55.4,15.7,0.0
250250910013,Boston,748.0,1.0,BOSTON WATER AND SEWER COMMISSION (MWRA),0.0,0.0,0.0,,No,,,,
250250910014,Boston,1066.0,1.0,BOSTON WATER AND SEWER COMMISSION (MWRA),0.0,0.0,0.0,,Yes,Minority,34.9,0.0,77500.0
250250911001,Boston,1441.0,1.0,BOSTON WATER AND SEWER COMMISSION (MWRA),0.0,0.0,0.0,,Yes,Minority,41.2,11.2,108500.0
250250911002,Boston,1195.0,1.0,BOSTON WATER AND SEWER COMMISSION (MWRA),0.0,0.0,0.0,,Yes,Minority,38.8,9.8,82900.0
250250911003,Boston,823.0,1.0,BOSTON WATER AND SEWER COMMISSION (MWRA),0.0,0.0,0.0,,Yes,Minority and income,59.3,9.2,45809.0
250250911004,Boston,679.0,1.0,BOSTON WATER AND SEWER COMMISSION (MWRA),0.0,0.0,0.0,,Yes,Minority,66.7,4.8,104600.0
250250911005,Boston,778.0,1.0,BOSTON WATER AND SEWER COMMISSION (MWRA),0.0,0.0,0.0,,Yes,Minority,50.0,19.9,98125.0
250250912001,Boston,1057.0,1.0,BOSTON WATER AND SEWER COMMISSION (MWRA),0.0,0.0,0.0,,Yes,Minority,56.4,16.5,92813.0
250250912002,Boston,1363.0,1.0,BOSTON WATER AND SEWER COMMISSION (MWRA),0.0,0.0,0.0,,Yes,Minority,66.8,10.9,102035.0
250250912003,Boston,720.0,1.0,BOSTON WATER AND SEWER COMMISSION (MWRA),0.0,0.0,0.0,,Yes,Minority,71.4,0.0,117778.0
250250913001,Boston,1456.0,1.0,BOSTON WATER AND SEWER COMMISSION (MWRA),0.0,0.0,0.0,,Yes,Minority and income,84.5,18.5,44635.0
250250913002,Boston,1170.0,1.0,BOSTON WATER AND SEWER COMMISSION (MWRA),0.0,0.0,0.0,,Yes,Minority and income,93.9,14.2,40054.0
250250914001,Boston,1748.0,1.0,BOSTON WATER AND SEWER COMMISSION (MWRA),0.0,0.0,0.0,,Yes,Minority and income,93.7,20.7,46042.0
250250914002,Boston,1138.0,1.0,BOSTON WATER AND SEWER COMMISSION (MWRA),0.0,0.0,0.0,,Yes,Minority and income,92.0,10.8,44545.0
250250915001,Boston,1926.0,1.0,BOSTON WATER AND SEWER COMMISSION (MWRA),0.0,0.0,0.0,,Yes,Minority,77.6,21.7,55357.0
250250915002,Boston,1740.0,1.0,BOSTON WATER AND SEWER COMMISSION (MWRA),0.0,0.0,0.0,,Yes,Minority and English isolation,93.3,26.0,59886.0
250250915003,Boston,922.0,1.0,BOSTON WATER AND SEWER COMMISSION (MWRA),0.0,0.0,0.0,,Yes,Minority and income,92.1,18.1,45000.0
250250916001,Boston,1284.0,1.0,BOSTON WATER AND SEWER COMMISSION (MWRA),0.0,0.0,0.0,,Yes,Minority,78.0,16.1,77882.0
250250916002,Boston,1250.0,1.0,BOSTON WATER AND SEWER COMMISSION (MWRA),0.0,0.0,0.0,,Yes,Minority,91.0,12.3,0.0
250250916003,Boston,666.0,1.0,BOSTON WATER AND SEWER COMMISSION (MWRA),0.0,0.0,0.0,,Yes,"Minority, income and English isolation",89.8,45.3,17850.0
250250917001,Boston,1313.0,1.0,BOSTON WATER AND SEWER COMMISSION (MWRA),0.0,0.0,0.0,,Yes,Minority,90.3,8.7,64211.0
250250917002,Boston,1123.0,1.0,BOSTON WATER AND SEWER COMMISSION (MWRA),0.0,0.0,0.0,,Yes,Minority and income,96.3,22.3,53044.0
250250917003,Boston,767.0,1.0,BOSTON WATER AND SEWER COMMISSION (MWRA),0.0,0.0,0.0,,Yes,"Minority, income and English isolation",95.0,30.8,51818.0
250250918001,Boston,1570.0,1.0,BOSTON WATER AND SEWER COMMISSION (MWRA),0.0,0.0,0.0,,Yes,Minority,93.8,8.5,0.0
250250918002,Boston,1096.0,1.0,BOSTON WATER AND SEWER COMMISSION (MWRA),0.0,0.0,0.0,,Yes,Minority and income,96.8,23.0,40966.0
250250918003,Boston,1052.0,1.0,BOSTON WATER AND SEWER COMMISSION (MWRA),0.0,0.0,0.0,,Yes,Minority,94.1,10.9,60938.0
250250919001,Boston,959.0,1.0,BOSTON WATER AND SEWER COMMISSION (MWRA),0.0,0.0,0.0,,Yes,Minority and income,96.4,11.2,26713.0
250250919002,Boston,918.0,1.0,BOSTON WATER AND SEWER COMMISSION (MWRA),0.0,0.0,0.0,,Yes,Minority and income,93.7,9.7,40900.0
250250919003,Boston,1718.0,1.0,BOSTON WATER AND SEWER COMMISSION (MWRA),0.0,0.0,0.0,,Yes,Minority and income,98.1,13.8,51806.0
250250919004,Boston,683.0,1.0,BOSTON WATER AND SEWER COMMISSION (MWRA),0.0,0.0,0.0,,Yes,Minority and English isolation,97.4,28.0,64231.0
250250920001,Boston,1354.0,1.0,BOSTON WATER AND SEWER COMMISSION (MWRA),0.0,0.0,0.0,,Yes,"Minority, income and English isolation",90.3,25.4,53750.0
250250920002,Boston,1823.0,1.0,BOSTON WATER AND SEWER COMMISSION (MWRA),0.0,0.0,0.0,,Yes,Minority,91.3,9.3,64211.0
250250920003,Boston,981.0,1.0,BOSTON WATER AND SEWER COMMISSION (MWRA),0.0,0.0,0.0,,Yes,Minority,92.8,13.9,76905.0
250250920004,Boston,1022.0,1.0,BOSTON WATER AND SEWER COMMISSION (MWRA),0.0,0.0,0.0,,Yes,Minority and income,95.8,11.4,48485.0
250250921011,Boston,1158.0,1.0,BOSTON WATER AND SEWER COMMISSION (MWRA),0.0,0.0,0.0,,Yes,Minority and English isolation,56.3,41.8,63083.0
250250921012,Boston,1238.0,1.0,BOSTON WATER AND SEWER COMMISSION (MWRA),0.0,0.0,0.0,,Yes,Minority and English isolation,87.0,36.8,79375.0
250250921013,Boston,914.0,1.0,BOSTON WATER AND SEWER COMMISSION (MWRA),0.0,0.0,0.0,,Yes,Minority,50.4,0.0,103359.0
250250921014,Boston,1021.0,1.0,BOSTON WATER AND SEWER COMMISSION (MWRA),0.0,0.0,0.0,,Yes,"Minority, income and English isolation",75.8,42.3,41324.0
250250921015,Boston,2590.0,1.0,BOSTON WATER AND SEWER COMMISSION (MWRA),0.0,0.0,0.0,,Yes,Minority,79.4,14.3,57285.0
250250922001,Boston,972.0,1.0,BOSTON WATER AND SEWER COMMISSION (MWRA),0.0,0.0,0.0,,Yes,Minority,80.9,12.8,107237.0
250250922002,Boston,856.0,1.0,BOSTON WATER AND SEWER COMMISSION (MWRA),0.0,0.0,0.0,,Yes,Minority,76.6,2.8,119531.0
250250922003,Boston,812.0,1.0,BOSTON WATER AND SEWER COMMISSION (MWRA),0.0,0.0,0.0,,Yes,Minority,78.3,11.4,64293.0
250250922004,Boston,962.0,1.0,BOSTON WATER AND SEWER COMMISSION (MWRA),0.0,0.0,0.0,,Yes,Minority and income,80.4,3.8,37933.0
250250923001,Boston,781.0,1.0,BOSTON WATER AND SEWER COMMISSION (MWRA),0.0,0.0,0.0,,Yes,Minority,96.0,8.2,76786.0
250250923002,Boston,784.0,1.0,BOSTON WATER AND SEWER COMMISSION (MWRA),0.0,0.0,0.0,,Yes,Minority,95.8,12.1,56250.0
250250923003,Boston,1071.0,1.0,BOSTON WATER AND SEWER COMMISSION (MWRA),0.0,0.0,0.0,,Yes,Minority,96.5,3.0,55313.0
250250923004,Boston,665.0,1.0,BOSTON WATER AND SEWER COMMISSION (MWRA),0.0,0.0,0.0,,Yes,Minority and English isolation,97.4,26.8,64107.0
250250924001,Boston,820.0,1.0,BOSTON WATER AND SEWER COMMISSION (MWRA),0.0,0.0,0.0,,Yes,Minority,95.9,23.8,56172.0
250250924002,Boston,1223.0,1.0,BOSTON WATER AND SEWER COMMISSION (MWRA),0.0,0.0,0.0,,Yes,Minority and income,95.5,7.6,21595.0
250250924003,Boston,1811.0,1.0,BOSTON WATER AND SEWER COMMISSION (MWRA),0.0,0.0,0.0,,Yes,Minority and income,97.3,11.0,45843.0
250250924004,Boston,1434.0,1.0,BOSTON WATER AND SEWER COMMISSION (MWRA),0.0,0.0,0.0,,Yes,Minority and income,99.3,8.2,22168.0
250250924005,Boston,779.0,1.0,BOSTON WATER AND SEWER COMMISSION (MWRA),0.0,0.0,0.0,,Yes,Minority and English isolation,95.6,27.5,0.0
250251001001,Boston,611.0,1.0,BOSTON WATER AND SEWER COMMISSION (MWRA),0.0,0.0,0.0,,Yes,Minority,95.6,0.0,0.0
250251001002,Boston,735.0,1.0,BOSTON WATER AND SEWER COMMISSION (MWRA),0.0,0.0,0.0,,Yes,Minority and income,98.8,7.9,35424.0
250251001003,Boston,984.0,1.0,BOSTON WATER AND SEWER COMMISSION (MWRA),0.0,0.0,0.0,,Yes,Minority and income,97.0,9.0,44615.0
250251001004,Boston,1008.0,1.0,BOSTON WATER AND SEWER COMMISSION (MWRA),0.0,0.0,0.0,,Yes,Minority and income,96.9,18.1,54949.0
250251001005,Boston,689.0,1.0,BOSTON WATER AND SEWER COMMISSION (MWRA),0.0,0.0,0.0,,Yes,Minority and income,95.9,0.0,26331.0
250251001006,Boston,868.0,1.0,BOSTON WATER AND SEWER COMMISSION (MWRA),0.0,0.0,0.0,,Yes,Minority and income,98.5,2.6,25188.0
250251001007,Boston,827.0,1.0,BOSTON WATER AND SEWER COMMISSION (MWRA),0.0,0.0,0.0,,Yes,Minority,98.4,17.5,0.0
250251002001,Boston,1059.0,1.0,BOSTON WATER AND SEWER COMMISSION (MWRA),0.0,0.0,0.0,,Yes,Minority,97.7,16.6,66195.0
250251002002,Boston,727.0,1.0,BOSTON WATER AND SEWER COMMISSION (MWRA),0.0,0.0,0.0,,Yes,Minority and income,98.3,0.0,42232.0
250251002003,Boston,1133.0,1.0,BOSTON WATER AND SEWER COMMISSION (MWRA),0.0,0.0,0.0,,Yes,Minority,99.1,6.7,61181.0
250251003001,Boston,1288.0,1.0,BOSTON WATER AND SEWER COMMISSION (MWRA),0.0,0.0,0.0,,Yes,Minority,95.8,5.8,70351.0
250251003002,Boston,874.0,1.0,BOSTON WATER AND SEWER COMMISSION (MWRA),0.0,0.0,0.0,,Yes,Minority and income,96.8,4.0,52171.0
250251003003,Boston,842.0,1.0,BOSTON WATER AND SEWER COMMISSION (MWRA),0.0,0.0,0.0,,Yes,Minority,95.8,6.5,72232.0
250251003004,Boston,733.0,1.0,BOSTON WATER AND SEWER COMMISSION (MWRA),0.0,0.0,0.0,,Yes,Minority and income,98.5,9.0,29954.0
250251004001,Boston,1267.0,1.0,BOSTON WATER AND SEWER COMMISSION (MWRA),0.0,0.0,0.0,,Yes,Minority,82.6,5.7,0.0
250251004002,Boston,1270.0,1.0,BOSTON WATER AND SEWER COMMISSION (MWRA),0.0,0.0,0.0,,Yes,Minority,72.5,4.4,107969.0
250251004003,Boston,833.0,1.0,BOSTON WATER AND SEWER COMMISSION (MWRA),0.0,0.0,0.0,,Yes,Minority,89.0,4.7,100913.0
250251004004,Boston,1698.0,1.0,BOSTON WATER AND SEWER COMMISSION (MWRA),0.0,0.0,0.0,,Yes,Minority,93.8,9.9,69659.0
250251005001,Boston,1220.0,1.0,BOSTON WATER AND SEWER COMMISSION (MWRA),0.0,0.0,0.0,,Yes,Minority,82.9,9.0,0.0
250251005002,Boston,1007.0,1.0,BOSTON WATER AND SEWER COMMISSION (MWRA),0.0,0.0,0.0,,Yes,Minority,58.4,4.3,105781.0
250251005003,Boston,1418.0,1.0,BOSTON WATER AND SEWER COMMISSION (MWRA),0.0,0.0,0.0,,Yes,Minority and English isolation,86.7,29.9,0.0
250251005004,Boston,1502.0,1.0,BOSTON WATER AND SEWER COMMISSION (MWRA),0.0,0.0,0.0,,Yes,Minority,96.5,8.9,63673.0
250251005005,Boston,1429.0,1.0,BOSTON WATER AND SEWER COMMISSION (MWRA),0.0,0.0,0.0,,Yes,Minority and income,95.5,20.2,46312.0
250251006011,Boston,1027.0,1.0,BOSTON WATER AND SEWER COMMISSION (MWRA),0.0,0.0,0.0,,Yes,Minority,26.3,8.6,97024.0
250251006012,Boston,945.0,1.0,BOSTON WATER AND SEWER COMMISSION (MWRA),0.0,0.0,0.0,,Yes,Minority,39.0,0.0,97594.0
250251006013,Boston,1320.0,1.0,BOSTON WATER AND SEWER COMMISSION (MWRA),0.0,0.0,0.0,,Yes,Minority,72.0,0.0,76287.0
250251006014,Boston,2050.0,1.0,BOSTON WATER AND SEWER COMMISSION (MWRA),0.0,0.0,0.0,,Yes,Minority,80.9,10.7,93487.0
250251006031,Boston,1483.0,1.0,BOSTON WATER AND SEWER COMMISSION (MWRA),0.0,0.0,0.0,,Yes,Minority,35.7,4.5,94474.0
250251006032,Boston,689.0,1.0,BOSTON WATER AND SEWER COMMISSION (MWRA),0.0,0.0,0.0,,Yes,Minority,36.4,2.9,87647.0
250251007001,Boston,1078.0,1.0,BOSTON WATER AND SEWER COMMISSION (MWRA),0.0,0.0,0.0,,No,,,,
250251007002,Boston,1008.0,1.0,BOSTON WATER AND SEWER COMMISSION (MWRA),0.0,0.0,0.0,,Yes,Income,17.7,0.0,31293.0
250251007003,Boston,724.0,1.0,BOSTON WATER AND SEWER COMMISSION (MWRA),0.0,0.0,0.0,,No,,,,
250251007004,Boston,839.0,1.0,BOSTON WATER AND SEWER COMMISSION (MWRA),0.0,0.0,0.0,,No,,,,
250251007005,Boston,683.0,1.0,BOSTON WATER AND SEWER COMMISSION (MWRA),0.0,0.0,0.0,,No,,,,
250251008001,Boston,716.0,1.0,BOSTON WATER AND SEWER COMMISSION (MWRA),0.0,0.0,0.0,,Yes,Minority,61.9,13.1,63514.0
250251008002,Boston,983.0,1.0,BOSTON WATER AND SEWER COMMISSION (MWRA),0.0,0.0,0.0,,Yes,Minority,41.5,16.7,94295.0
250251008003,Boston,924.0,1.0,BOSTON WATER AND SEWER COMMISSION (MWRA),0.0,0.0,0.0,,Yes,Minority,39.5,0.0,98304.0
250251008004,Boston,1033.0,1.0,BOSTON WATER AND SEWER COMMISSION (MWRA),0.0,0.0,0.0,,Yes,Minority,31.8,7.5,79554.0
250251008005,Boston,907.0,1.0,BOSTON WATER AND SEWER COMMISSION (MWRA),0.0,0.0,0.0,,Yes,Minority,48.8,3.5,70862.0
250251008006,Boston,1228.0,1.0,BOSTON WATER AND SEWER COMMISSION (MWRA),0.0,0.0,0.0,,Yes,Minority and English isolation,58.2,34.0,61731.0
250251009001,Boston,730.0,1.0,BOSTON WATER AND SEWER COMMISSION (MWRA),0.0,0.0,0.0,,Yes,Minority,66.2,0.0,77500.0
250251009002,Boston,578.0,1.0,BOSTON WATER AND SEWER COMMISSION (MWRA),0.0,0.0,0.0,,Yes,Minority,72.8,8.5,92797.0
250251009003,Boston,1011.0,1.0,BOSTON WATER AND SEWER COMMISSION (MWRA),0.0,0.0,0.0,,Yes,Minority,80.7,0.0,130150.0
250251009004,Boston,1829.0,1.0,BOSTON WATER AND SEWER COMMISSION (MWRA),0.0,0.0,0.0,,Yes,Minority,78.5,6.2,89205.0
250251010011,Boston,680.0,1.0,BOSTON WATER AND SEWER COMMISSION (MWRA),0.0,0.0,0.0,,Yes,Minority,98.4,9.7,0.0
250251010012,Boston,764.0,1.0,BOSTON WATER AND SEWER COMMISSION (MWRA),0.0,0.0,0.0,,Yes,Minority,98.3,6.7,0.0
250251010013,Boston,845.0,1.0,BOSTON WATER AND SEWER COMMISSION (MWRA),0.0,0.0,0.0,,Yes,Minority,98.7,17.8,70189.0
250251010014,Boston,970.0,1.0,BOSTON WATER AND SEWER COMMISSION (MWRA),0.0,0.0,0.0,,Yes,Minority and income,96.5,0.0,33275.0
250251010015,Boston,985.0,1.0,BOSTON WATER AND SEWER COMMISSION (MWRA),0.0,0.0,0.0,,Yes,Minority,99.0,11.3,78838.0
250251010016,Boston,1351.0,1.0,BOSTON WATER AND SEWER COMMISSION (MWRA),0.0,0.0,0.0,,Yes,Minority,97.9,9.4,112200.0
250251010021,Boston,1034.0,1.0,BOSTON WATER AND SEWER COMMISSION (MWRA),0.0,0.0,0.0,,Yes,Minority and income,94.7,3.8,19460.0
250251010022,Boston,2580.0,1.0,BOSTON WATER AND SEWER COMMISSION (MWRA),0.0,0.0,0.0,,Yes,Minority and income,95.9,9.8,43100.0
250251010023,Boston,2098.0,1.0,BOSTON WATER AND SEWER COMMISSION (MWRA),0.0,0.0,0.0,,Yes,Minority,98.4,10.3,58219.0
250251011011,Boston,1033.0,1.0,BOSTON WATER AND SEWER COMMISSION (MWRA),0.0,0.0,0.0,,Yes,Minority and income,97.6,3.2,54141.0
250251011012,Boston,1456.0,1.0,BOSTON WATER AND SEWER COMMISSION (MWRA),0.0,0.0,0.0,,Yes,Minority and income,97.5,11.1,50441.0
250251011013,Boston,1033.0,1.0,BOSTON WATER AND SEWER COMMISSION (MWRA),0.0,0.0,0.0,,Yes,Minority and income,95.5,0.0,36033.0
250251011021,Boston,841.0,1.0,BOSTON WATER AND SEWER COMMISSION (MWRA),0.0,0.0,0.0,,Yes,"Minority, income and English isolation",99.2,24.9,54844.0
250251011022,Boston,1579.0,1.0,BOSTON WATER AND SEWER COMMISSION (MWRA),0.0,0.0,0.0,,Yes,Minority,98.7,9.0,56250.0
250251011023,Boston,777.0,1.0,BOSTON WATER AND SEWER COMMISSION (MWRA),0.0,0.0,0.0,,Yes,Minority and income,99.0,3.8,53207.0
250251011024,Boston,1569.0,1.0,BOSTON WATER AND SEWER COMMISSION (MWRA),0.0,0.0,0.0,,Yes,Minority and income,98.5,20.8,28333.0
250251101041,Boston,820.0,1.0,BOSTON WATER AND SEWER COMMISSION (MWRA),0.0,0.0,0.0,,Yes,Minority and income,61.8,5.0,47244.0
250251101042,Boston,1357.0,1.0,BOSTON WATER AND SEWER COMMISSION (MWRA),0.0,0.0,0.0,,Yes,Minority and English isolation,91.2,29.7,57583.0
250251101051,Boston,2120.0,1.0,BOSTON WATER AND SEWER COMMISSION (MWRA),0.0,0.0,0.0,,Yes,Minority,41.8,0.0,109412.0
250251101061,Boston,662.0,1.0,BOSTON WATER AND SEWER COMMISSION (MWRA),0.0,0.0,0.0,,Yes,Minority,61.5,6.6,85341.0
250251101062,Boston,694.0,1.0,BOSTON WATER AND SEWER COMMISSION (MWRA),0.0,0.0,0.0,,Yes,Minority,34.4,0.0,83421.0
250251102011,Boston,2091.0,1.0,BOSTON WATER AND SEWER COMMISSION (MWRA),0.0,0.0,0.0,,Yes,Minority and income,83.8,12.9,55240.0
250251103011,Boston,1137.0,1.0,BOSTON WATER AND SEWER COMMISSION (MWRA),0.0,0.0,0.0,,Yes,Minority,77.7,9.8,68345.0
250251103012,Boston,1363.0,1.0,BOSTON WATER AND SEWER COMMISSION (MWRA),0.0,0.0,0.0,,Yes,Minority,43.6,7.6,103125.0
250251104011,Boston,1967.0,1.0,BOSTON WATER AND SEWER COMMISSION (MWRA),0.0,0.0,0.0,,Yes,Minority and English isolation,77.3,31.2,64115.0
250251104012,Boston,1658.0,1.0,BOSTON WATER AND SEWER COMMISSION (MWRA),0.0,0.0,0.0,,Yes,Minority,49.6,1.7,124583.0
250251104031,Boston,945.0,1.0,BOSTON WATER AND SEWER COMMISSION (MWRA),0.0,0.0,0.0,,Yes,Minority and income,71.5,22.5,52917.0
250251104032,Boston,811.0,1.0,BOSTON WATER AND SEWER COMMISSION (MWRA),0.0,0.0,0.0,,Yes,Minority,44.0,0.0,120938.0
250251104033,Boston,731.0,1.0,BOSTON WATER AND SEWER COMMISSION (MWRA),0.0,0.0,0.0,,Yes,Minority,62.8,0.0,114250.0
250251104034,Boston,1014.0,1.0,BOSTON WATER AND SEWER COMMISSION (MWRA),0.0,0.0,0.0,,Yes,Minority,38.7,7.8,132039.0
250251104035,Boston,936.0,1.0,BOSTON WATER AND SEWER COMMISSION (MWRA),0.0,0.0,0.0,,Yes,Minority,46.0,6.3,109676.0
250251105011,Boston,844.0,1.0,BOSTON WATER AND SEWER COMMISSION (MWRA),0.0,0.0,0.0,,Yes,Minority,34.2,6.3,102927.0
250251105012,Boston,1542.0,1.0,BOSTON WATER AND SEWER COMMISSION (MWRA),0.0,0.0,0.0,,Yes,Minority,33.6,5.7,94250.0
250251105013,Boston,916.0,1.0,BOSTON WATER AND SEWER COMMISSION (MWRA),0.0,0.0,0.0,,Yes,Minority,28.2,0.0,124485.0
250251105021,Boston,1382.0,1.0,BOSTON WATER AND SEWER COMMISSION (MWRA),0.0,0.0,0.0,,Yes,Minority,40.0,13.5,124313.0
250251105022,Boston,1861.0,1.0,BOSTON WATER AND SEWER COMMISSION (MWRA),0.0,0.0,0.0,,Yes,Minority,47.9,8.9,90197.0
250251105023,Boston,757.0,1.0,BOSTON WATER AND SEWER COMMISSION (MWRA),0.0,0.0,0.0,,Yes,Minority,49.9,17.9,0.0
250251106011,Boston,1682.0,1.0,BOSTON WATER AND SEWER COMMISSION (MWRA),0.0,0.0,0.0,,No,,,,
250251106012,Boston,957.0,1.0,BOSTON WATER AND SEWER COMMISSION (MWRA),0.0,0.0,0.0,,No,,,,
250251106071,Boston,1017.0,1.0,BOSTON WATER AND SEWER COMMISSION (MWRA),0.0,0.0,0.0,,No,,,,
250251106072,Boston,1600.0,1.0,BOSTON WATER AND SEWER COMMISSION (MWRA),0.0,0.0,0.0,,Yes,Minority,25.1,0.0,125347.0
250251106073,Boston,1586.0,1.0,BOSTON WATER AND SEWER COMMISSION (MWRA),0.0,0.0,0.0,,Yes,Minority,24.6,0.0,121154.0
250251106074,Boston,1073.0,1.0,BOSTON WATER AND SEWER COMMISSION (MWRA),0.0,0.0,0.0,,No,,,,
250251201031,Boston,1642.0,1.0,BOSTON WATER AND SEWER COMMISSION (MWRA),0.0,0.0,0.0,,No,,,,
250251201041,Boston,908.0,1.0,BOSTON WATER AND SEWER COMMISSION (MWRA),0.0,0.0,0.0,,Yes,Minority,25.6,0.0,110776.0
250251201042,Boston,1465.0,1.0,BOSTON WATER AND SEWER COMMISSION (MWRA),0.0,0.0,0.0,,Yes,Minority,39.0,7.0,100331.0
250251201051,Boston,766.0,1.0,BOSTON WATER AND SEWER COMMISSION (MWRA),0.0,0.0,0.0,,No,,,,
250251201052,Boston,1013.0,1.0,BOSTON WATER AND SEWER COMMISSION (MWRA),0.0,0.0,0.0,,Yes,Minority,27.0,0.0,162500.0
250251201053,Boston,713.0,1.0,BOSTON WATER AND SEWER COMMISSION (MWRA),0.0,0.0,0.0,,No,,,,
250251202011,Boston,1287.0,1.0,BOSTON WATER AND SEWER COMMISSION (MWRA),0.0,0.0,0.0,,Yes,Minority,32.3,8.1,98598.0
250251202012,Boston,1872.0,1.0,BOSTON WATER AND SEWER COMMISSION (MWRA),0.0,0.0,0.0,,Yes,Minority,54.0,16.0,63068.0
250251202013,Boston,1201.0,1.0,BOSTON WATER AND SEWER COMMISSION (MWRA),0.0,0.0,0.0,,Yes,Minority,48.3,0.0,117250.0
250251203011,Boston,1212.0,1.0,BOSTON WATER AND SEWER COMMISSION (MWRA),0.0,0.0,0.0,,Yes,Minority,61.2,6.0,138365.0
250251203012,Boston,1016.0,1.0,BOSTON WATER AND SEWER COMMISSION (MWRA),0.0,0.0,0.0,,Yes,Minority,65.6,10.0,65758.0
250251203013,Boston,1527.0,1.0,BOSTON WATER AND SEWER COMMISSION (MWRA),0.0,0.0,0.0,,Yes,Minority,48.7,10.2,104583.0
250251203014,Boston,1365.0,1.0,BOSTON WATER AND SEWER COMMISSION (MWRA),0.0,0.0,0.0,,Yes,Minority,50.8,1.4,92679.0
250251204001,Boston,906.0,1.0,BOSTON WATER AND SEWER COMMISSION (MWRA),0.0,0.0,0.0,,Yes,Minority,24.8,0.0,106619.0
250251204002,Boston,719.0,1.0,BOSTON WATER AND SEWER COMMISSION (MWRA),0.0,0.0,0.0,,No,,,,
250251204003,Boston,907.0,1.0,BOSTON WATER AND SEWER COMMISSION (MWRA),0.0,0.0,0.0,,No,,,,
250251204004,Boston,1923.0,1.0,BOSTON WATER AND SEWER COMMISSION (MWRA),0.0,0.0,0.0,,Yes,Minority,29.4,3.9,111053.0
250251204005,Boston,1551.0,1.0,BOSTON WATER AND SEWER COMMISSION (MWRA),0.0,0.0,0.0,,Yes,Minority,31.2,5.9,87333.0
250251205001,Boston,923.0,1.0,BOSTON WATER AND SEWER COMMISSION (MWRA),0.0,0.0,0.0,,Yes,Minority,66.7,16.6,81583.0
250251205002,Boston,758.0,1.0,BOSTON WATER AND SEWER COMMISSION (MWRA),0.0,0.0,0.0,,Yes,Minority and English isolation,53.7,46.4,212813.0
250251205003,Boston,742.0,1.0,BOSTON WATER AND SEWER COMMISSION (MWRA),0.0,0.0,0.0,,Yes,Minority,64.3,14.7,72344.0
250251206001,Boston,910.0,1.0,BOSTON WATER AND SEWER COMMISSION (MWRA),0.0,0.0,0.0,,Yes,Minority,31.3,0.0,145568.0
250251206002,Boston,850.0,1.0,BOSTON WATER AND SEWER COMMISSION (MWRA),0.0,0.0,0.0,,Yes,Minority,26.6,0.0,110000.0
250251206003,Boston,806.0,1.0,BOSTON WATER AND SEWER COMMISSION (MWRA),0.0,0.0,0.0,,Yes,Minority,25.2,0.0,169125.0
250251207001,Boston,1000.0,1.0,BOSTON WATER AND SEWER COMMISSION (MWRA),0.0,0.0,0.0,,Yes,Minority,46.9,5.5,100000.0
250251207002,Boston,1139.0,1.0,BOSTON WATER AND SEWER COMMISSION (MWRA),0.0,0.0,0.0,,Yes,Minority,35.0,3.1,104000.0
250251301011,Boston,1528.0,1.0,BOSTON WATER AND SEWER COMMISSION (MWRA),0.0,0.0,0.0,,Yes,Minority,36.1,4.3,105867.0
250251301012,Boston,715.0,1.0,BOSTON WATER AND SEWER COMMISSION (MWRA),0.0,0.0,0.0,,No,,,,
250251301013,Boston,854.0,1.0,BOSTON WATER AND SEWER COMMISSION (MWRA),0.0,0.0,0.0,,No,,,,
250251301014,Boston,725.0,1.0,BOSTON WATER AND SEWER COMMISSION (MWRA),0.0,0.0,0.0,,No,,,,
250251301015,Boston,1148.0,1.0,BOSTON WATER AND SEWER COMMISSION (MWRA),0.0,0.0,0.0,,No,,,,
250251301016,Boston,1078.0,1.0,BOSTON WATER AND SEWER COMMISSION (MWRA),0.0,0.0,0.0,,No,,,,
250251302001,Boston,648.0,1.0,BOSTON WATER AND SEWER COMMISSION (MWRA),0.0,0.0,0.0,,No,,,,
250251302002,Boston,878.0,1.0,BOSTON WATER AND SEWER COMMISSION (MWRA),0.0,0.0,0.0,,No,,,,
250251302003,Boston,1539.0,1.0,BOSTON WATER AND SEWER COMMISSION (MWRA),0.0,0.0,0.0,,No,,,,
250251302004,Boston,716.0,1.0,BOSTON WATER AND SEWER COMMISSION (MWRA),0.0,0.0,0.0,,No,,,,
250251302005,Boston,927.0,1.0,BOSTON WATER AND SEWER COMMISSION (MWRA),0.0,0.0,0.0,,No,,,,
250251303001,Boston,901.0,1.0,BOSTON WATER AND SEWER COMMISSION (MWRA),0.0,0.0,0.0,,No,,,,
250251303002,Boston,1103.0,1.0,BOSTON WATER AND SEWER COMMISSION (MWRA),0.0,0.0,0.0,,No,,,,
250251303003,Boston,815.0,1.0,BOSTON WATER AND SEWER COMMISSION (MWRA),0.0,0.0,0.0,,No,,,,
250251303004,Boston,1025.0,1.0,BOSTON WATER AND SEWER COMMISSION (MWRA),0.0,0.0,0.0,,Yes,Minority,37.1,0.0,88967.0
250251303005,Boston,652.0,1.0,BOSTON WATER AND SEWER COMMISSION (MWRA),0.0,0.0,0.0,,No,,,,
250251304021,Boston,1050.0,1.0,BOSTON WATER AND SEWER COMMISSION (MWRA),0.0,0.0,0.0,,Yes,Minority,27.3,0.0,67826.0
250251304022,Boston,906.0,1.0,BOSTON WATER AND SEWER COMMISSION (MWRA),0.0,0.0,0.0,,Yes,Minority,29.7,0.0,127167.0
250251304023,Boston,977.0,1.0,BOSTON WATER AND SEWER COMMISSION (MWRA),0.0,0.0,0.0,,Yes,Minority,25.8,5.1,132031.0
250251304024,Boston,1900.0,1.0,BOSTON WATER AND SEWER COMMISSION (MWRA),0.0,0.0,0.0,,Yes,Minority and income,33.2,9.1,47275.0
250251304041,Boston,2039.0,1.0,BOSTON WATER AND SEWER COMMISSION (MWRA),0.0,0.0,0.0,,Yes,Minority,44.8,5.4,57500.0
250251304042,Boston,1034.0,1.0,BOSTON WATER AND SEWER COMMISSION (MWRA),0.0,0.0,0.0,,Yes,Minority,32.0,8.5,104679.0
250251304061,Boston,2092.0,1.0,BOSTON WATER AND SEWER COMMISSION (MWRA),0.0,0.0,0.0,,Yes,"Minority, income and English isolation",92.0,24.7,41696.0
250251304062,Boston,2978.0,1.0,BOSTON WATER AND SEWER COMMISSION (MWRA),0.0,0.0,0.0,,Yes,Minority,60.4,19.5,61524.0
250251304063,Boston,569.0,1.0,BOSTON WATER AND SEWER COMMISSION (MWRA),0.0,0.0,0.0,,Yes,Minority and English isolation,53.1,34.3,68125.0
250251401021,Boston,1201.0,1.0,BOSTON WATER AND SEWER COMMISSION (MWRA),0.0,0.0,0.0,,Yes,Minority,85.3,7.9,120491.0
250251401022,Boston,1188.0,1.0,BOSTON WATER AND SEWER COMMISSION (MWRA),0.0,0.0,0.0,,Yes,Minority,59.7,4.7,76422.0
250251401023,Boston,1050.0,1.0,BOSTON WATER AND SEWER COMMISSION (MWRA),0.0,0.0,0.0,,Yes,Minority,53.4,9.1,109444.0
250251401024,Boston,1519.0,1.0,BOSTON WATER AND SEWER COMMISSION (MWRA),0.0,0.0,0.0,,Yes,Minority,72.5,3.4,108155.0
250251401051,Boston,2353.0,1.0,BOSTON WATER AND SEWER COMMISSION (MWRA),0.0,0.0,0.0,,Yes,Minority,56.0,6.0,77316.0
250251401052,Boston,1239.0,1.0,BOSTON WATER AND SEWER COMMISSION (MWRA),0.0,0.0,0.0,,Yes,Minority,92.3,0.0,97390.0
250251401061,Boston,1465.0,1.0,BOSTON WATER AND SEWER COMMISSION (MWRA),0.0,0.0,0.0,,Yes,Minority and income,81.7,11.4,53750.0
250251401062,Boston,713.0,1.0,BOSTON WATER AND SEWER COMMISSION (MWRA),0.0,0.0,0.0,,Yes,Minority and income,91.7,21.5,17500.0
250251401071,Boston,1976.0,1.0,BOSTON WATER AND SEWER COMMISSION (MWRA),0.0,0.0,0.0,,Yes,Minority,72.2,14.3,78125.0
250251401072,Boston,802.0,1.0,BOSTON WATER AND SEWER COMMISSION (MWRA),0.0,0.0,0.0,,Yes,Minority,75.3,9.2,78047.0
250251402011,Boston,1207.0,1.0,BOSTON WATER AND SEWER COMMISSION (MWRA),0.0,0.0,0.0,,Yes,Minority and English isolation,73.8,28.8,71806.0
250251402012,Boston,1104.0,1.0,BOSTON WATER AND SEWER COMMISSION (MWRA),0.0,0.0,0.0,,Yes,Minority,59.1,0.6,109500.0
250251402021,Boston,971.0,1.0,BOSTON WATER AND SEWER COMMISSION (MWRA),0.0,0.0,0.0,,Yes,Minority,75.5,9.8,84167.0
250251402022,Boston,1428.0,1.0,BOSTON WATER AND SEWER COMMISSION (MWRA),0.0,0.0,0.0,,Yes,Minority and income,83.3,13.0,41964.0
250251402023,Boston,1120.0,1.0,BOSTON WATER AND SEWER COMMISSION (MWRA),0.0,0.0,0.0,,Yes,Minority,55.4,17.1,102697.0
250251402024,Boston,1535.0,1.0,BOSTON WATER AND SEWER COMMISSION (MWRA),0.0,0.0,0.0,,Yes,Minority,61.8,5.7,99750.0
250251402025,Boston,770.0,1.0,BOSTON WATER AND SEWER COMMISSION (MWRA),0.0,0.0,0.0,,Yes,Minority,41.9,0.0,131375.0
250251403001,Boston,1036.0,1.0,BOSTON WATER AND SEWER COMMISSION (MWRA),0.0,0.0,0.0,,Yes,Minority,85.7,16.7,88090.0
250251403002,Boston,923.0,1.0,BOSTON WATER AND SEWER COMMISSION (MWRA),0.0,0.0,0.0,,Yes,Minority,80.2,12.6,91681.0
250251403003,Boston,1478.0,1.0,BOSTON WATER AND SEWER COMMISSION (MWRA),0.0,0.0,0.0,,Yes,Minority,83.6,10.4,60192.0
250251403004,Boston,753.0,1.0,BOSTON WATER AND SEWER COMMISSION (MWRA),0.0,0.0,0.0,,Yes,Minority,85.7,0.0,150823.0
250251403005,Boston,1233.0,1.0,BOSTON WATER AND SEWER COMMISSION (MWRA),0.0,0.0,0.0,,Yes,Minority,88.0,20.4,73857.0
250251403006,Boston,1420.0,1.0,BOSTON WATER AND SEWER COMMISSION (MWRA),0.0,0.0,0.0,,Yes,Minority and English isolation,93.7,32.9,67396.0
250251404001,Boston,684.0,1.0,BOSTON WATER AND SEWER COMMISSION (MWRA),0.0,0.0,0.0,,Yes,Minority and English isolation,95.3,31.6,0.0
250251404002,Boston,1028.0,1.0,BOSTON WATER AND SEWER COMMISSION (MWRA),0.0,0.0,0.0,,Yes,Minority,97.9,0.0,67688.0
250251404003,Boston,1008.0,1.0,BOSTON WATER AND SEWER COMMISSION (MWRA),0.0,0.0,0.0,,Yes,Minority,94.8,0.0,96756.0
250251404004,Boston,811.0,1.0,BOSTON WATER AND SEWER COMMISSION (MWRA),0.0,0.0,0.0,,Yes,Minority and income,97.7,0.0,33932.0
250251404005,Boston,1520.0,1.0,BOSTON WATER AND SEWER COMMISSION (MWRA),0.0,0.0,0.0,,Yes,Minority,96.4,0.0,76029.0
250251404006,Boston,1645.0,1.0,BOSTON WATER AND SEWER COMMISSION (MWRA),0.0,0.0,0.0,,Yes,Minority,92.0,18.6,76226.0
250251404007,Boston,1163.0,1.0,BOSTON WATER AND SEWER COMMISSION (MWRA),0.0,0.0,0.0,,Yes,Minority,84.3,6.3,90167.0
250251601021,Chelsea,798.0,1.0,CHELSEA WATER DEPT. (MWRA),0.0,0.0,0.0,,Yes,Minority and English isolation,79.6,25.7,59201.0
250251601022,Chelsea,1613.0,1.0,CHELSEA WATER DEPT. (MWRA),0.0,0.0,0.0,,Yes,Minority and English isolation,95.6,39.3,63469.0
250251601023,Chelsea,864.0,1.0,CHELSEA WATER DEPT. (MWRA),0.0,0.0,0.0,,Yes,Minority,89.7,7.4,81313.0
250251601024,Chelsea,548.0,1.0,CHELSEA WATER DEPT. (MWRA),0.0,0.0,0.0,,Yes,"Minority, income and English isolation",88.7,34.1,25451.0
250251601031,Chelsea,1599.0,1.0,CHELSEA WATER DEPT. (MWRA),0.0,0.0,0.0,,Yes,Minority and English isolation,92.0,40.5,0.0
250251601032,Chelsea,1081.0,1.0,CHELSEA WATER DEPT. (MWRA),0.0,0.0,0.0,,Yes,Minority and English isolation,93.3,67.9,69713.0
250251601033,Chelsea,994.0,1.0,CHELSEA WATER DEPT. (MWRA),0.0,0.0,0.0,,Yes,Minority,75.8,14.1,65865.0
250251601034,Chelsea,972.0,1.0,CHELSEA WATER DEPT. (MWRA),0.0,0.0,0.0,,Yes,Minority and English isolation,75.2,32.3,198000.0
250251602001,Chelsea,1393.0,1.0,CHELSEA WATER DEPT. (MWRA),0.0,0.0,0.0,,Yes,Minority and English isolation,92.7,45.7,61679.0
250251602002,Chelsea,1063.0,1.0,CHELSEA WATER DEPT. (MWRA),0.0,0.0,0.0,,Yes,"Minority, income and English isolation",93.9,59.0,40450.0
250251602003,Chelsea,852.0,1.0,CHELSEA WATER DEPT. (MWRA),0.0,0.0,0.0,,Yes,Minority and English isolation,90.7,48.8,58688.0
250251602004,Chelsea,846.0,1.0,CHELSEA WATER DEPT. (MWRA),0.0,0.0,0.0,,Yes,Minority and income,82.6,21.6,51827.0
250251603001,Chelsea,728.0,1.0,CHELSEA WATER DEPT. (MWRA),0.0,0.0,0.0,,Yes,Minority,48.9,20.5,78427.0
250251603002,Chelsea,2025.0,1.0,CHELSEA WATER DEPT. (MWRA),0.0,0.0,0.0,,Yes,Minority and income,42.5,17.7,51429.0
250251604001,Chelsea,1209.0,1.0,CHELSEA WATER DEPT. (MWRA),0.0,0.0,0.0,,Yes,"Minority, income and English isolation",87.5,36.5,47330.0
250251604002,Chelsea,931.0,1.0,CHELSEA WATER DEPT. (MWRA),0.0,0.0,0.0,,Yes,"Minority, income and English isolation",90.2,52.9,35069.0
250251604003,Chelsea,890.0,1.0,CHELSEA WATER DEPT. (MWRA),0.0,0.0,0.0,,Yes,Minority,45.1,6.4,105880.0
250251604004,Chelsea,848.0,1.0,CHELSEA WATER DEPT. (MWRA),0.0,0.0,0.0,,Yes,Minority and income,89.9,22.4,25125.0
250251605011,Chelsea,2159.0,1.0,CHELSEA WATER DEPT. (MWRA),0.0,0.0,0.0,,Yes,Minority,90.4,13.9,75156.0
250251605012,Chelsea,1338.0,1.0,CHELSEA WATER DEPT. (MWRA),0.0,0.0,0.0,,Yes,Minority and income,86.4,8.2,47188.0
250251605013,Chelsea,1009.0,1.0,CHELSEA WATER DEPT. (MWRA),0.0,0.0,0.0,,Yes,Minority,90.6,16.2,101875.0
250251605014,Chelsea,721.0,1.0,CHELSEA WATER DEPT. (MWRA),0.0,0.0,0.0,,Yes,"Minority, income and English isolation",81.3,55.4,11630.0
250251605015,Chelsea,878.0,1.0,CHELSEA WATER DEPT. (MWRA),0.0,0.0,0.0,,Yes,Minority and income,87.1,0.0,49464.0
250251605021,Chelsea,1820.0,1.0,CHELSEA WATER DEPT. (MWRA),0.0,0.0,0.0,,Yes,"Minority, income and English isolation",86.7,30.7,28333.0
250251605023,Chelsea,1616.0,1.0,CHELSEA WATER DEPT. (MWRA),0.0,0.0,0.0,,Yes,Minority,80.0,14.5,60479.0
250251605024,Chelsea,1263.0,1.0,CHELSEA WATER DEPT. (MWRA),0.0,0.0,0.0,,Yes,"Minority, income and English isolation",77.2,26.6,51322.0
250251605025,Chelsea,905.0,1.0,CHELSEA WATER DEPT. (MWRA),0.0,0.0,0.0,,Yes,Minority,78.5,24.2,67818.0
250251606011,Chelsea,296.0,1.0,CHELSEA WATER DEPT. (MWRA),0.0,0.0,0.0,,Yes,Minority and income,26.0,0.0,53200.0
250251606012,Chelsea,1101.0,1.0,CHELSEA WATER DEPT. (MWRA),0.0,0.0,0.0,,Yes,Minority,69.0,20.6,61417.0
250251606013,Chelsea,1784.0,1.0,CHELSEA WATER DEPT. (MWRA),0.0,0.0,0.0,,Yes,Minority,79.9,16.5,75664.0
250251606014,Chelsea,1150.0,1.0,CHELSEA WATER DEPT. (MWRA),0.0,0.0,0.0,,Yes,Minority,75.1,19.2,111932.0
250251606021,Chelsea,1415.0,1.0,CHELSEA WATER DEPT. (MWRA),0.0,0.0,0.0,,Yes,Minority,78.7,20.7,62708.0
250251606022,Chelsea,968.0,1.0,CHELSEA WATER DEPT. (MWRA),0.0,0.0,0.0,,Yes,Minority,68.5,9.1,78182.0
250251606023,Chelsea,1125.0,1.0,CHELSEA WATER DEPT. (MWRA),0.0,0.0,0.0,,Yes,Minority,65.3,21.1,91990.0
250251606024,Chelsea,877.0,1.0,CHELSEA WATER DEPT. (MWRA),0.0,0.0,0.0,,Yes,"Minority, income and English isolation",87.9,44.8,22455.0
250251606025,Chelsea,1108.0,1.0,CHELSEA WATER DEPT. (MWRA),0.0,0.0,0.0,,Yes,Minority,69.2,8.7,72938.0
250251701011,Revere,1909.0,1.0,REVERE WATER DIVISION (MWRA),0.0,0.0,0.0,,Yes,Minority,56.4,19.1,65642.0
250251701012,Revere,1258.0,1.0,REVERE WATER DIVISION (MWRA),0.0,0.0,0.0,,Yes,Minority,54.5,12.2,103036.0
250251701013,Revere,856.0,1.0,REVERE WATER DIVISION (MWRA),0.0,0.0,0.0,,Yes,Minority,57.6,0.0,135898.0
250251701021,Revere,950.0,1.0,REVERE WATER DIVISION (MWRA),0.0,0.0,0.0,,Yes,Minority and English isolation,59.1,25.3,104186.0
250251701022,Revere,1423.0,1.0,REVERE WATER DIVISION (MWRA),0.0,0.0,0.0,,Yes,Minority,58.8,0.0,84567.0
250251701023,Revere,940.0,1.0,REVERE WATER DIVISION (MWRA),0.0,0.0,0.0,,Yes,Minority,58.7,0.0,75548.0
250251701024,Revere,1702.0,1.0,REVERE WATER DIVISION (MWRA),0.0,0.0,0.0,,Yes,Minority and income,69.7,18.4,39107.0
250251702001,Revere,1336.0,1.0,REVERE WATER DIVISION (MWRA),0.0,0.0,0.0,,Yes,Minority and income,40.6,6.2,21378.0
250251702002,Revere,1593.0,1.0,REVERE WATER DIVISION (MWRA),0.0,0.0,0.0,,Yes,"Minority, income and English isolation",52.7,26.6,53393.0
250251702003,Revere,804.0,1.0,REVERE WATER DIVISION (MWRA),0.0,0.0,0.0,,Yes,Minority and income,57.5,22.6,49320.0
250251702004,Revere,1572.0,1.0,REVERE WATER DIVISION (MWRA),0.0,0.0,0.0,,Yes,Minority and income,41.7,1.4,45139.0
250251703011,Revere,2795.0,1.0,REVERE WATER DIVISION (MWRA),0.0,0.0,0.0,,Yes,Minority,41.4,12.0,106756.0
250251703012,Revere,1901.0,1.0,REVERE WATER DIVISION (MWRA),0.0,0.0,0.0,,Yes,Minority,42.7,6.0,76080.0
250251703013,Revere,1503.0,1.0,REVERE WATER DIVISION (MWRA),0.0,0.0,0.0,,Yes,Minority,47.8,3.2,73715.0
250251703014,Revere,846.0,1.0,REVERE WATER DIVISION (MWRA),0.0,0.0,0.0,,Yes,Minority,35.8,0.0,91563.0
250251703021,Revere,1184.0,1.0,REVERE WATER DIVISION (MWRA),0.0,0.0,0.0,,Yes,Minority,50.6,9.3,120446.0
250251703022,Revere,1355.0,1.0,REVERE WATER DIVISION (MWRA),0.0,0.0,0.0,,Yes,Minority,61.1,16.4,85865.0
250251703023,Revere,1512.0,1.0,REVERE WATER DIVISION (MWRA),0.0,0.0,0.0,,Yes,Minority,59.3,17.6,79120.0
250251704001,Revere,1398.0,1.0,REVERE WATER DIVISION (MWRA),0.0,0.0,0.0,,Yes,Minority,53.2,2.1,72500.0
250251704002,Revere,1266.0,1.0,REVERE WATER DIVISION (MWRA),0.0,0.0,0.0,,Yes,Minority and income,49.1,21.6,27356.0
250251704003,Revere,1356.0,1.0,REVERE WATER DIVISION (MWRA),0.0,0.0,0.0,,Yes,Minority and income,64.8,24.1,46420.0
250251704004,Revere,447.0,1.0,REVERE WATER DIVISION (MWRA),0.0,0.0,0.0,,Yes,Minority and English isolation,48.5,41.0,71687.0
250251704005,Revere,1294.0,1.0,REVERE WATER DIVISION (MWRA),0.0,0.0,0.0,,Yes,Minority,56.0,22.8,105875.0
250251705021,Revere,1122.0,1.0,REVERE WATER DIVISION (MWRA),0.0,0.0,0.0,,Yes,Minority,29.1,5.6,122266.0
250251705022,Revere,1424.0,1.0,REVERE WATER DIVISION (MWRA),0.0,0.0,0.0,,Yes,Minority and income,34.4,8.8,28018.0
250251705023,Revere,861.0,1.0,REVERE WATER DIVISION (MWRA),0.0,0.0,0.0,,Yes,Minority and income,40.0,0.0,35515.0
250251705031,Revere,1698.0,1.0,REVERE WATER DIVISION (MWRA),0.0,0.0,0.0,,Yes,Minority,43.6,4.8,70197.0
250251705041,Revere,2105.0,1.0,REVERE WATER DIVISION (MWRA),0.0,0.0,0.0,,Yes,Minority,49.1,21.1,90540.0
250251705042,Revere,1052.0,1.0,REVERE WATER DIVISION (MWRA),0.0,0.0,0.0,,Yes,Minority,58.1,5.9,76574.0
250251706011,Revere,1747.0,1.0,REVERE WATER DIVISION (MWRA),0.0,0.0,0.0,,Yes,Minority,57.7,23.8,56875.0
250251706012,Revere,1719.0,1.0,REVERE WATER DIVISION (MWRA),0.0,0.0,0.0,,Yes,Minority,61.4,2.6,117436.0
250251706013,Revere,1609.0,1.0,REVERE WATER DIVISION (MWRA),0.0,0.0,0.0,,Yes,Minority,60.0,12.6,79224.0
250251706014,Revere,1172.0,1.0,REVERE WATER DIVISION (MWRA),0.0,0.0,0.0,,Yes,Minority and income,56.4,18.9,53098.0
250251707011,Revere,1181.0,1.0,REVERE WATER DIVISION (MWRA),0.0,0.0,0.0,,Yes,Minority and income,55.9,7.4,34420.0
250251707012,Revere,1521.0,1.0,REVERE WATER DIVISION (MWRA),0.0,0.0,0.0,,Yes,Minority,55.4,17.7,63688.0
250251707021,Revere,1242.0,1.0,REVERE WATER DIVISION (MWRA),0.0,0.0,0.0,,Yes,"Minority, income and English isolation",80.1,30.9,27083.0
250251707022,Revere,1867.0,1.0,REVERE WATER DIVISION (MWRA),0.0,0.0,0.0,,Yes,Minority and income,71.8,20.5,54911.0
250251707023,Revere,2015.0,1.0,REVERE WATER DIVISION (MWRA),0.0,0.0,0.0,,Yes,Minority and income,79.7,10.3,49260.0
250251707024,Revere,1282.0,1.0,REVERE WATER DIVISION (MWRA),0.0,0.0,0.0,,Yes,Minority and English isolation,74.6,32.5,65802.0
250251707025,Revere,1589.0,1.0,REVERE WATER DIVISION (MWRA),0.0,0.0,0.0,,Yes,Minority,70.2,20.7,60271.0
250251708001,Revere,1974.0,0.991,REVERE WATER DIVISION (MWRA),0.0,0.0,0.009,0.175,Yes,Minority,52.5,19.7,65455.0
250251708002,Revere,1572.0,1.0,REVERE WATER DIVISION (MWRA),0.0,0.0,0.0,,Yes,Minority and income,55.2,4.6,53420.0
250251708003,Revere,1184.0,1.0,REVERE WATER DIVISION (MWRA),0.0,0.0,0.0,,Yes,Minority and income,53.1,20.9,44250.0
250251708004,Revere,1043.0,1.0,REVERE WATER DIVISION (MWRA),0.0,0.0,0.0,,Yes,Minority,53.3,22.8,76974.0
250251801011,Winthrop,1426.0,1.0,"WINTHROP WATER DIVISION, (MWRA)",0.0,0.0,0.0,,No,,,,
250251801012,Winthrop,1292.0,1.0,"WINTHROP WATER DIVISION, (MWRA)",0.0,0.0,0.0,,No,,,,
250251801013,Winthrop,766.0,1.0,"WINTHROP WATER DIVISION, (MWRA)",0.0,0.0,0.0,,Yes,Income,19.2,13.2,42485.0
250251801014,Winthrop,2320.0,1.0,"WINTHROP WATER DIVISION, (MWRA)",0.0,0.0,0.0,,Yes,Minority,28.6,6.3,75941.0
250251802001,Winthrop,1429.0,1.0,"WINTHROP WATER DIVISION, (MWRA)",0.0,0.0,0.0,,Yes,Minority,26.2,0.0,87194.0
250251802002,Winthrop,749.0,1.0,"WINTHROP WATER DIVISION, (MWRA)",0.0,0.0,0.0,,Yes,Income,18.3,3.2,53587.0
250251802003,Winthrop,695.0,1.0,"WINTHROP WATER DIVISION, (MWRA)",0.0,0.0,0.0,,Yes,Income,20.9,0.0,52118.0
250251802004,Winthrop,1453.0,1.0,"WINTHROP WATER DIVISION, (MWRA)",0.0,0.0,0.0,,No,,,,
250251803011,Winthrop,661.0,1.0,"WINTHROP WATER DIVISION, (MWRA)",0.0,0.0,0.0,,No,,,,
250251803012,Winthrop,838.0,1.0,"WINTHROP WATER DIVISION, (MWRA)",0.0,0.0,0.0,,No,,,,
250251803013,Winthrop,812.0,1.0,"WINTHROP WATER DIVISION, (MWRA)",0.0,0.0,0.0,,No,,,,
250251803014,Winthrop,858.0,1.0,"WINTHROP WATER DIVISION, (MWRA)",0.0,0.0,0.0,,No,,,,
250251804001,Winthrop,1016.0,1.0,"WINTHROP WATER DIVISION, (MWRA)",0.0,0.0,0.0,,No,,,,
250251804002,Winthrop,912.0,1.0,"WINTHROP WATER DIVISION, (MWRA)",0.0,0.0,0.0,,No,,,,
250251805001,Winthrop,1277.0,1.0,"WINTHROP WATER DIVISION, (MWRA)",0.0,0.0,0.0,,Yes,Minority,27.6,0.0,64375.0
250251805002,Winthrop,628.0,1.0,"WINTHROP WATER DIVISION, (MWRA)",0.0,0.0,0.0,,No,,,,
250251805003,Winthrop,1244.0,1.0,"WINTHROP WATER DIVISION, (MWRA)",0.0,0.0,0.0,,Yes,Minority,30.9,9.4,72292.0
250251805004,Winthrop,940.0,1.0,"WINTHROP WATER DIVISION, (MWRA)",0.0,0.0,0.0,,No,,,,
250259803001,Boston,113.0,1.0,BOSTON WATER AND SEWER COMMISSION (MWRA),0.0,0.0,0.0,,Yes,Minority,62.8,0.0,0.0
250259807001,Boston,7.0,1.0,BOSTON WATER AND SEWER COMMISSION (MWRA),0.0,0.0,0.0,,No,,,,
250259809001,Boston,125.0,1.0,BOSTON WATER AND SEWER COMMISSION (MWRA),0.0,0.0,0.0,,Yes,Minority,42.4,0.0,117824.0
250259810001,Boston,11.0,1.0,BOSTON WATER AND SEWER COMMISSION (MWRA),0.0,0.0,0.0,,No,,,,
250259811002,Boston,6.0,1.0,BOSTON WATER AND SEWER COMMISSION (MWRA),0.0,0.0,0.0,,No,,,,
250259811003,Boston,91.0,1.0,BOSTON WATER AND SEWER COMMISSION (MWRA),0.0,0.0,0.0,,Yes,Minority and income,70.3,0.0,44423.0
250259812022,Boston,6.0,1.0,BOSTON WATER AND SEWER COMMISSION (MWRA),0.0,0.0,0.0,,No,,,,
250259813001,Boston,79.0,1.0,BOSTON WATER AND SEWER COMMISSION (MWRA),0.0,0.0,0.0,,Yes,Minority,31.6,0.0,128000.0
250259815011,Boston,13.0,1.0,BOSTON WATER AND SEWER COMMISSION (MWRA),0.0,0.0,0.0,,No,,,,
250259815021,Revere,7.0,1.0,REVERE WATER DIVISION (MWRA),0.0,0.0,0.0,,No,,,,
250259816001,Boston,2.0,1.0,BOSTON WATER AND SEWER COMMISSION (MWRA),0.0,0.0,0.0,,No,,,,
250259817001,Boston,4.0,1.0,BOSTON WATER AND SEWER COMMISSION (MWRA),0.0,0.0,0.0,,No,,,,
250259818001,Boston,23.0,1.0,BOSTON WATER AND SEWER COMMISSION (MWRA),0.0,0.0,0.0,,No,,,,
250277001001,Ashburnham,982.0,0.091,ASHBURNHAM WATER DEPARTMENT,0.0,1.0,0.909,0.057,No,,,,
250277001002,Ashburnham,965.0,0.387,ASHBURNHAM WATER DEPARTMENT,0.0,1.0,0.613,0.081,No,,,,
250277001003,Ashburnham,964.0,0.315,ASHBURNHAM WATER DEPARTMENT,0.0,1.0,0.685,0.148,No,,,,
250277001004,Ashburnham,2019.0,0.458,ASHBURNHAM WATER DEPARTMENT,0.0,1.0,0.542,0.076,No,,,,
250277001005,Ashburnham,739.0,0.122,ASHBURNHAM WATER DEPARTMENT,0.0,1.0,0.878,0.127,No,,,,
250277001006,Ashburnham,646.0,0.029,ASHBURNHAM WATER DEPARTMENT,0.0,1.0,0.971,0.08,No,,,,
250277011011,Winchendon,2011.0,0.098,ASHBURNHAM WATER DEPARTMENT; WINCHENDON WATER DEPARTMENT,0.0,1.0,0.902,0.099,No,,,,
250277011012,Winchendon,1240.0,0.207,WINCHENDON WATER DEPARTMENT,0.0,1.0,0.793,0.137,No,,,,
250277011013,Winchendon,1538.0,0.032,TEMPLETON MUNIC. LIGHT AND WATER PLANT; WINCHENDON WATER DEPARTMENT,5.0,9.5,0.968,0.113,No,,,,
250277011021,Winchendon,1337.0,1.0,WINCHENDON WATER DEPARTMENT,0.0,1.0,0.0,,Yes,Income,12.4,0.0,48676.0
250277011022,Winchendon,892.0,1.0,WINCHENDON WATER DEPARTMENT,0.0,1.0,0.0,,No,,,,
250277011023,Winchendon,633.0,0.791,WINCHENDON WATER DEPARTMENT,0.0,1.0,0.209,0.103,No,,,,
250277011024,Winchendon,772.0,1.0,WINCHENDON WATER DEPARTMENT,0.0,1.0,0.0,,No,,,,
250277022011,Royalston,1250.0,0.0,,,,1.0,0.04,No,,,,
250277022021,Winchendon,1941.0,0.184,WINCHENDON WATER DEPARTMENT,0.0,1.0,0.816,0.068,No,,,,
250277031001,Athol,1032.0,1.0,ATHOL DPW  WATER DIVISION,7.4,7.4,0.0,,Yes,Income,17.9,1.9,40750.0
250277031002,Athol,1275.0,1.0,ATHOL DPW  WATER DIVISION,7.4,7.4,0.0,,Yes,Income,18.4,1.6,48576.0
250277031003,Athol,2208.0,0.524,ATHOL DPW  WATER DIVISION,7.4,7.4,0.476,0.091,No,,,,
250277032001,Athol,1221.0,1.0,ATHOL DPW  WATER DIVISION,7.4,7.4,0.0,,No,,,,
250277032002,Athol,1421.0,0.554,ATHOL DPW  WATER DIVISION,7.4,7.4,0.446,0.123,No,,,,
250277032003,Athol,997.0,0.442,ATHOL DPW  WATER DIVISION,7.4,7.4,0.558,0.141,No,,,,
250277033001,Athol,2153.0,0.711,APPLEWOOD HOME FOR ELDERS; ATHOL DPW  WATER DIVISION,7.2,7.2,0.289,0.092,Yes,Income,15.4,1.2,32227.0
250277033002,Athol,1638.0,0.081,ATHOL DPW  WATER DIVISION,7.4,7.4,0.919,0.067,No,,,,
250277042011,Phillipston,1726.0,0.0,,,,1.0,0.159,No,,,,
250277042021,Petersham,1194.0,0.006,BARRE MHP/WATERWHEEL VILLAGE,0.0,0.0,0.994,0.113,No,,,,
250277051011,Templeton,1188.0,0.035,TEMPLETON MUNIC. LIGHT AND WATER PLANT,5.4,10.2,0.965,0.082,No,,,,
250277051012,Templeton,1252.0,0.236,GARDNER WATER DEPARTMENT; TEMPLETON MUNIC. LIGHT AND WATER PLANT,5.2,9.2,0.764,0.114,No,,,,
250277051013,Templeton,1247.0,0.136,TEMPLETON MUNIC. LIGHT AND WATER PLANT,5.4,10.2,0.864,0.148,No,,,,
250277051021,Templeton,663.0,0.443,TEMPLETON MUNIC. LIGHT AND WATER PLANT,5.4,10.2,0.557,0.082,No,,,,
250277051022,Templeton,1716.0,0.57,TEMPLETON MUNIC. LIGHT AND WATER PLANT,5.4,10.2,0.43,0.081,No,,,,
250277051023,Templeton,623.0,0.453,TEMPLETON MUNIC. LIGHT AND WATER PLANT,5.4,10.2,0.547,0.115,No,,,,
250277051024,Templeton,1460.0,0.601,TEMPLETON MUNIC. LIGHT AND WATER PLANT,5.4,10.2,0.399,0.11,No,,,,
250277061001,Hubbardston,2798.0,0.016,BRIARWOOD TOWNHOMES,0.0,0.0,0.984,0.088,No,,,,
250277061002,Hubbardston,1530.0,0.0,,,,1.0,0.128,No,,,,
250277071001,Gardner,1853.0,0.711,GARDNER WATER DEPARTMENT,4.3,4.3,0.289,0.206,Yes,Minority and income,27.7,3.1,44167.0
250277071002,Gardner,2232.0,0.919,GARDNER WATER DEPARTMENT,4.3,4.3,0.081,0.203,Yes,Income,16.0,0.8,47460.0
250277072001,Gardner,995.0,1.0,GARDNER WATER DEPARTMENT,4.3,4.3,0.0,,Yes,Income,23.1,0.0,49531.0
250277072002,Gardner,1125.0,1.0,GARDNER WATER DEPARTMENT,4.3,4.3,0.0,,Yes,Income,19.6,6.6,30947.0
250277073001,Gardner,1168.0,1.0,GARDNER WATER DEPARTMENT,4.3,4.3,0.0,,Yes,Income,16.8,3.7,30972.0
250277073002,Gardner,1829.0,1.0,GARDNER WATER DEPARTMENT,4.3,4.3,0.0,,Yes,Income,18.4,1.2,36219.0
250277073003,Gardner,1059.0,1.0,GARDNER WATER DEPARTMENT,4.3,4.3,0.0,,Yes,Income,24.5,0.0,38994.0
250277074001,Gardner,2647.0,0.745,GARDNER WATER DEPARTMENT,4.3,4.3,0.255,0.207,No,,,,
250277074002,Gardner,1196.0,1.0,GARDNER WATER DEPARTMENT,4.3,4.3,0.0,,Yes,Income,17.5,0.0,50074.0
250277074003,Gardner,1061.0,0.828,GARDNER WATER DEPARTMENT,4.3,4.3,0.172,0.136,No,,,,
250277075001,Gardner,2053.0,0.752,GARDNER WATER DEPARTMENT,4.3,4.3,0.248,0.114,Yes,Income,21.3,4.1,49097.0
250277075002,Gardner,2123.0,0.423,GARDNER WATER DEPARTMENT,4.3,4.3,0.577,0.113,Yes,Minority,35.0,2.1,67941.0
250277075003,Gardner,1946.0,1.0,GARDNER WATER DEPARTMENT,4.3,4.3,0.0,,No,,,,
250277081001,Westminster,1666.0,0.545,WESTMINSTER DEPARTMENT OF PUBLIC WORKS,3.1,3.2,0.455,0.17,No,,,,
250277081002,Westminster,917.0,0.079,LEINO PARK WATER DISTRICT; WESTMINSTER DEPARTMENT OF PUBLIC WORKS,3.1,3.2,0.921,0.065,No,,,,
250277081003,Westminster,2445.0,0.125,WESTMINSTER DEPARTMENT OF PUBLIC WORKS,3.1,3.2,0.875,0.189,No,,,,
250277081004,Westminster,1878.0,0.256,HOLMES PARK WATER DISTRICT; WESTMINSTER DEPARTMENT OF PUBLIC WORKS,3.1,3.2,0.744,0.076,No,,,,
250277081005,Westminster,1307.0,0.396,LEINO PARK WATER DISTRICT; WESTMINSTER DEPARTMENT OF PUBLIC WORKS,3.1,3.2,0.604,0.089,No,,,,
250277091001,Leominster,1938.0,0.413,LEOMINSTER WATER DIVISION,0.6,1.3,0.587,0.068,No,,,,
250277091002,Leominster,1292.0,0.217,LEOMINSTER WATER DIVISION,0.6,1.3,0.783,0.122,No,,,,
250277091003,Leominster,1126.0,1.0,LEOMINSTER WATER DIVISION,0.6,1.3,0.0,,Yes,Minority and income,53.6,6.0,53301.0
250277092011,Leominster,2031.0,1.0,LEOMINSTER WATER DIVISION,0.6,1.3,0.0,,No,,,,
250277092012,Leominster,1183.0,1.0,LEOMINSTER WATER DIVISION,0.6,1.3,0.0,,Yes,Minority and income,34.6,0.0,48654.0
250277092013,Leominster,2604.0,0.833,LEOMINSTER WATER DIVISION,0.6,1.3,0.167,0.257,Yes,Minority and income,41.7,3.1,54180.0
250277092014,Leominster,1994.0,0.626,LEOMINSTER WATER DIVISION,0.6,1.3,0.374,0.163,No,,,,
250277092031,Leominster,779.0,0.47,LEOMINSTER WATER DIVISION,0.6,1.3,0.53,0.169,Yes,Minority,31.2,0.0,120833.0
250277092032,Leominster,1715.0,1.0,LEOMINSTER WATER DIVISION,0.6,1.3,0.0,,Yes,Minority and income,50.1,15.7,40121.0
250277092033,Leominster,910.0,1.0,LEOMINSTER WATER DIVISION,0.6,1.3,0.0,,Yes,"Minority, income and English isolation",35.4,50.1,46126.0
250277092041,Leominster,1189.0,0.804,LEOMINSTER WATER DIVISION,0.6,1.3,0.196,0.237,Yes,Minority,43.8,14.7,92567.0
250277092042,Leominster,1087.0,1.0,LEOMINSTER WATER DIVISION,0.6,1.3,0.0,,Yes,Minority and income,49.1,7.4,34291.0
250277092043,Leominster,1802.0,0.866,LEOMINSTER WATER DIVISION,0.6,1.3,0.134,0.116,Yes,Minority,30.4,0.0,87559.0
250277094001,Leominster,2231.0,1.0,LEOMINSTER WATER DIVISION,0.6,1.3,0.0,,Yes,Minority and income,54.8,9.1,53008.0
250277094002,Leominster,1492.0,1.0,LEOMINSTER WATER DIVISION,0.6,1.3,0.0,,Yes,Minority and income,44.4,18.0,53137.0
250277094003,Leominster,1216.0,0.962,LEOMINSTER WATER DIVISION,0.6,1.3,0.038,0.166,Yes,Minority and income,50.7,20.1,18563.0
250277095011,Leominster,2134.0,0.542,LEOMINSTER WATER DIVISION,0.6,1.3,0.458,0.211,No,,,,
250277095021,Leominster,1262.0,1.0,LEOMINSTER WATER DIVISION,0.6,1.3,0.0,,Yes,Minority,38.1,0.0,58750.0
250277095022,Leominster,2935.0,0.925,LEOMINSTER WATER DIVISION,0.6,1.3,0.075,0.299,Yes,Minority,26.7,2.5,98768.0
250277095023,Leominster,1990.0,1.0,LEOMINSTER WATER DIVISION,0.6,1.3,0.0,,Yes,Minority,31.0,0.0,56554.0
250277096001,Leominster,643.0,0.913,LEOMINSTER WATER DIVISION,0.6,1.3,0.087,0.296,Yes,Minority and income,49.0,15.9,43576.0
250277096002,Leominster,748.0,0.888,LEOMINSTER WATER DIVISION,0.6,1.3,0.112,0.294,Yes,Minority,36.9,8.8,61750.0
250277096003,Leominster,1037.0,1.0,LEOMINSTER WATER DIVISION,0.6,1.3,0.0,,Yes,Minority and income,61.4,9.1,52135.0
250277097011,Leominster,1334.0,1.0,LEOMINSTER WATER DIVISION,0.6,1.3,0.0,,Yes,"Minority, income and English isolation",63.3,25.2,41235.0
250277097012,Leominster,1155.0,0.836,LEOMINSTER WATER DIVISION,0.6,1.3,0.164,0.157,Yes,Minority,42.2,11.5,67553.0
250277097013,Leominster,800.0,1.0,LEOMINSTER WATER DIVISION,0.6,1.3,0.0,,No,,,,
250277097014,Leominster,1177.0,0.968,LEOMINSTER WATER DIVISION,0.6,1.3,0.032,0.129,Yes,Minority,25.8,0.0,110833.0
250277097015,Leominster,1482.0,1.0,LEOMINSTER WATER DIVISION,0.6,1.3,0.0,,Yes,Minority,27.1,0.0,67188.0
250277097021,Leominster,1235.0,1.0,LEOMINSTER WATER DIVISION,0.6,1.3,0.0,,Yes,Minority,30.4,1.4,72744.0
250277097022,Leominster,1261.0,1.0,LEOMINSTER WATER DIVISION,0.6,1.3,0.0,,Yes,Minority and income,37.4,0.0,51736.0
250277101001,Fitchburg,1360.0,1.0,FITCHBURG DPW  DIVISION OF WATER SUPPLY,3.1,3.2,0.0,,Yes,Minority,49.3,7.2,64597.0
250277101002,Fitchburg,685.0,1.0,FITCHBURG DPW  DIVISION OF WATER SUPPLY,3.1,3.2,0.0,,Yes,Minority and income,62.9,0.0,41800.0
250277101003,Fitchburg,752.0,1.0,FITCHBURG DPW  DIVISION OF WATER SUPPLY,3.1,3.2,0.0,,Yes,Minority,57.7,0.0,63427.0
250277101004,Fitchburg,1018.0,1.0,FITCHBURG DPW  DIVISION OF WATER SUPPLY,3.1,3.2,0.0,,Yes,Minority,57.3,6.7,62868.0
250277102001,Fitchburg,973.0,1.0,FITCHBURG DPW  DIVISION OF WATER SUPPLY,3.1,3.2,0.0,,Yes,Minority and income,60.6,2.6,26461.0
250277102002,Fitchburg,723.0,1.0,FITCHBURG DPW  DIVISION OF WATER SUPPLY,3.1,3.2,0.0,,Yes,Minority,33.3,3.1,58295.0
250277102003,Fitchburg,991.0,1.0,FITCHBURG DPW  DIVISION OF WATER SUPPLY,3.1,3.2,0.0,,Yes,Minority and English isolation,36.4,39.0,76591.0
250277102004,Fitchburg,1117.0,1.0,FITCHBURG DPW  DIVISION OF WATER SUPPLY,3.1,3.2,0.0,,Yes,Minority and income,53.7,4.2,40577.0
250277102005,Fitchburg,2037.0,1.0,FITCHBURG DPW  DIVISION OF WATER SUPPLY,3.1,3.2,0.0,,No,,,,
250277102006,Fitchburg,1198.0,1.0,FITCHBURG DPW  DIVISION OF WATER SUPPLY,3.1,3.2,0.0,,No,,,,
250277103001,Fitchburg,1724.0,0.563,FITCHBURG DPW  DIVISION OF WATER SUPPLY,3.1,3.2,0.437,0.223,Yes,Minority,38.5,1.5,75164.0
250277103002,Fitchburg,1858.0,1.0,FITCHBURG DPW  DIVISION OF WATER SUPPLY,3.1,3.2,0.0,,Yes,Minority,34.8,0.0,66648.0
250277104001,Fitchburg,1155.0,1.0,FITCHBURG DPW  DIVISION OF WATER SUPPLY,3.1,3.2,0.0,,Yes,Minority,49.2,1.3,66146.0
250277104002,Fitchburg,1049.0,1.0,FITCHBURG DPW  DIVISION OF WATER SUPPLY,3.1,3.2,0.0,,Yes,Minority and income,26.5,0.0,48958.0
250277105001,Fitchburg,1035.0,1.0,FITCHBURG DPW  DIVISION OF WATER SUPPLY,3.1,3.2,0.0,,Yes,Minority and income,57.8,5.8,54750.0
250277105002,Fitchburg,1417.0,1.0,FITCHBURG DPW  DIVISION OF WATER SUPPLY,3.1,3.2,0.0,,Yes,Minority and income,60.7,3.2,16875.0
250277105003,Fitchburg,943.0,1.0,FITCHBURG DPW  DIVISION OF WATER SUPPLY,3.1,3.2,0.0,,Yes,Minority and income,50.5,0.0,52200.0
250277106011,Fitchburg,1372.0,1.0,FITCHBURG DPW  DIVISION OF WATER SUPPLY,3.1,3.2,0.0,,Yes,Minority,60.5,16.3,66032.0
250277106012,Fitchburg,1913.0,1.0,FITCHBURG DPW  DIVISION OF WATER SUPPLY,3.1,3.2,0.0,,Yes,Minority and income,58.8,0.0,44476.0
250277106021,Fitchburg,880.0,1.0,FITCHBURG DPW  DIVISION OF WATER SUPPLY,3.1,3.2,0.0,,Yes,Minority and income,56.9,1.5,25920.0
250277106022,Fitchburg,1454.0,1.0,FITCHBURG DPW  DIVISION OF WATER SUPPLY,3.1,3.2,0.0,,Yes,Minority,60.9,15.8,80230.0
250277106023,Fitchburg,1679.0,1.0,FITCHBURG DPW  DIVISION OF WATER SUPPLY,3.1,3.2,0.0,,Yes,Minority,39.8,2.0,80455.0
250277107001,Fitchburg,736.0,1.0,FITCHBURG DPW  DIVISION OF WATER SUPPLY,3.1,3.2,0.0,,Yes,Minority and income,56.0,23.5,16731.0
250277107002,Fitchburg,1064.0,1.0,FITCHBURG DPW  DIVISION OF WATER SUPPLY,3.1,3.2,0.0,,Yes,Minority and income,55.8,13.2,20216.0
250277108001,Fitchburg,1507.0,1.0,FITCHBURG DPW  DIVISION OF WATER SUPPLY,3.1,3.2,0.0,,Yes,Minority and income,44.8,13.5,54342.0
250277108002,Fitchburg,1229.0,1.0,FITCHBURG DPW  DIVISION OF WATER SUPPLY,3.1,3.2,0.0,,Yes,Minority and income,52.6,0.0,40690.0
250277108003,Fitchburg,1035.0,1.0,FITCHBURG DPW  DIVISION OF WATER SUPPLY,3.1,3.2,0.0,,Yes,Minority and income,53.2,3.7,28764.0
250277108004,Fitchburg,1014.0,1.0,FITCHBURG DPW  DIVISION OF WATER SUPPLY,3.1,3.2,0.0,,Yes,Minority and income,58.5,0.0,53686.0
250277110001,Fitchburg,1211.0,1.0,FITCHBURG DPW  DIVISION OF WATER SUPPLY,3.1,3.2,0.0,,Yes,Minority and income,39.8,0.0,45114.0
250277110002,Fitchburg,881.0,1.0,FITCHBURG DPW  DIVISION OF WATER SUPPLY,3.1,3.2,0.0,,Yes,Minority,53.2,7.7,88125.0
250277110003,Fitchburg,981.0,1.0,FITCHBURG DPW  DIVISION OF WATER SUPPLY,3.1,3.2,0.0,,Yes,Minority,63.2,2.7,0.0
250277111001,Fitchburg,2436.0,1.0,FITCHBURG DPW  DIVISION OF WATER SUPPLY,3.1,3.2,0.0,,Yes,Minority,33.9,0.0,92339.0
250277111002,Fitchburg,2519.0,0.501,FITCHBURG DPW  DIVISION OF WATER SUPPLY,3.1,3.2,0.499,0.089,No,,,,
250277121011,Lunenburg,1306.0,0.6,LUNENBURG WATER DISTRICT,8.2,10.8,0.4,0.221,No,,,,
250277121012,Lunenburg,2522.0,0.85,LEOMINSTER WATER DIVISION; LUNENBURG WATER DISTRICT,6.2,8.3,0.15,0.263,No,,,,
250277121013,Lunenburg,2178.0,0.595,LEOMINSTER WATER DIVISION; LUNENBURG WATER DISTRICT,6.0,8.1,0.405,0.308,No,,,,
250277121014,Lunenburg,1343.0,0.035,LUNENBURG WATER DISTRICT,8.2,10.8,0.965,0.131,No,,,,
250277121021,Lunenburg,2625.0,0.211,LUNENBURG WATER DISTRICT,8.2,10.8,0.789,0.196,No,,,,
250277121022,Lunenburg,1808.0,0.035,LUNENBURG WATER DISTRICT,8.2,10.8,0.965,0.226,No,,,,
250277131001,Lancaster,2099.0,0.843,LANCASTER WATER DEPARTMENT,3.3,4.5,0.157,0.177,No,,,,
250277131002,Lancaster,1838.0,1.0,LANCASTER WATER DEPARTMENT,3.3,4.5,0.0,,No,,,,
250277131003,Lancaster,1188.0,0.381,LANCASTER WATER DEPARTMENT,3.3,4.5,0.619,0.199,No,,,,
250277131004,Lancaster,3316.0,0.467,LANCASTER WATER DEPARTMENT; LANCASTER WOODS CONDOMINIUMS; MCI SHIRLEY,7.7,11.1,0.533,0.105,Yes,Minority,36.0,0.0,108676.0
250277151001,Bolton,2701.0,0.079,HUDSON WATER SUPPLY,0.4,11.8,0.921,0.179,No,,,,
250277151002,Bolton,1264.0,0.095,SUNSET RIDGE CONDOMINIUMS,2.8,2.9,0.905,0.187,No,,,,
250277151003,Bolton,1700.0,0.058,REGENCY AT BOLTON CONDOMINIUMS,0.0,0.0,0.942,0.16,No,,,,
250277161011,Clinton,2148.0,1.0,CLINTON WATER DEPT,0.0,2.2,0.0,,No,,,,
250277161012,Clinton,1553.0,1.0,CLINTON WATER DEPT,0.0,2.2,0.0,,No,,,,
250277161021,Clinton,1330.0,1.0,CLINTON WATER DEPT,0.0,2.2,0.0,,Yes,Minority and income,36.8,0.0,46023.0
250277161022,Clinton,1222.0,1.0,CLINTON WATER DEPT,0.0,2.2,0.0,,Yes,Minority,42.5,0.0,61361.0
250277161023,Clinton,945.0,1.0,CLINTON WATER DEPT,0.0,2.2,0.0,,No,,,,
250277161024,Clinton,1310.0,1.0,CLINTON WATER DEPT,0.0,2.2,0.0,,Yes,Minority,24.9,2.0,81757.0
250277162001,Clinton,1688.0,1.0,CLINTON WATER DEPT,0.0,2.2,0.0,,Yes,Minority,35.8,8.0,63750.0
250277162002,Clinton,1265.0,1.0,CLINTON WATER DEPT,0.0,2.2,0.0,,Yes,Minority and income,30.1,5.6,51027.0
250277163001,Clinton,950.0,1.0,CLINTON WATER DEPT,0.0,2.2,0.0,,Yes,Minority,28.1,7.1,94500.0
250277163002,Clinton,1890.0,1.0,CLINTON WATER DEPT,0.0,2.2,0.0,,Yes,Minority,27.2,1.6,87240.0
250277163003,Clinton,1127.0,1.0,CLINTON WATER DEPT,0.0,2.2,0.0,,Yes,Minority and income,42.9,11.4,50078.0
250277171001,Berlin,3158.0,0.17,HUDSON WATER SUPPLY; RIVERBRIDGE; SAWYER HILL ECOVILLAGE; WHITNEY ESTATES CONDOMINIUMS,0.6,7.4,0.83,0.162,No,,,,
250277181001,Boylston,3243.0,0.528,BOYLSTON WATER DISTRICT,2.6,7.1,0.472,0.132,No,,,,
250277181002,Boylston,1606.0,0.995,BOYLSTON WATER DISTRICT,2.6,7.1,0.005,0.151,No,,,,
250277191001,Sterling,1751.0,0.91,STERLING WATER DEPARTMENT,11.1,13.6,0.09,0.161,No,,,,
250277191002,Sterling,1461.0,0.517,STERLING WATER DEPARTMENT,11.1,13.6,0.483,0.096,No,,,,
250277191003,Sterling,1337.0,0.683,STERLING WATER DEPARTMENT,11.1,13.6,0.317,0.141,No,,,,
250277191004,Sterling,1713.0,0.957,STERLING WATER DEPARTMENT,11.1,13.6,0.043,0.26,No,,,,
250277191005,Sterling,1723.0,0.998,STERLING WATER DEPARTMENT,11.1,13.6,0.002,0.113,No,,,,
250277201001,Princeton,2097.0,0.0,,,,1.0,0.17,No,,,,
250277201002,Princeton,1398.0,0.0,,,,1.0,0.142,No,,,,
250277211011,Oakham,1851.0,0.0,,,,1.0,0.055,No,,,,
250277211031,Rutland,2242.0,0.231,RUTLAND WATER DEPARTMENT,0.0,0.0,0.769,0.098,No,,,,
250277211032,Rutland,2784.0,0.166,RUTLAND WATER DEPARTMENT,0.0,0.0,0.834,0.078,No,,,,
250277211041,Rutland,2107.0,0.752,RUTLAND WATER DEPARTMENT,0.0,0.0,0.248,0.127,No,,,,
250277211042,Rutland,1916.0,0.049,COOL SANDY BEACH COMMUNITY WATER SYSTEM; RUTLAND WATER DEPARTMENT,0.0,0.0,0.951,0.075,No,,,,
250277221001,Barre,1780.0,0.056,BARRE MHP/WATERWHEEL VILLAGE,0.0,0.0,0.944,0.051,No,,,,
250277221002,Barre,1029.0,0.375,BARRE WATER DEPARTMENT,0.0,0.0,0.625,0.098,No,,,,
250277221003,Barre,1904.0,0.051,BARRE WATER DEPARTMENT,0.0,0.0,0.949,0.073,No,,,,
250277221004,Barre,817.0,0.78,BARRE WATER DEPARTMENT,0.0,0.0,0.22,0.101,No,,,,
250277231001,Hardwick,1811.0,0.232,HARDWICK CENTER WATER DISTRICT; WHEELWRIGHT WATER DISTRICT,1.1,1.5,0.768,0.045,No,,,,
250277231002,Hardwick,856.0,0.599,GILBERTVILLE WATER DISTRICT,0.0,0.0,0.401,0.076,Yes,Income,12.3,0.0,39205.0
250277231003,New Braintree,996.0,0.0,,,,1.0,0.044,No,,,,
250277241001,West Brookfield,1372.0,0.0,,,,1.0,0.099,No,,,,
250277241002,West Brookfield,1074.0,0.453,WEST BROOKFIELD WATER DEPARTMENT,4.4,5.2,0.547,0.2,No,,,,
250277241003,West Brookfield,1387.0,0.286,WEST BROOKFIELD WATER DEPARTMENT,4.4,5.2,0.714,0.165,Yes,Income,10.8,0.0,36913.0
250277251001,North Brookfield,947.0,0.241,NORTH BROOKFIELD WATER DEPARTMENT,0.0,0.0,0.759,0.085,No,,,,
250277251002,North Brookfield,861.0,0.806,NORTH BROOKFIELD WATER DEPARTMENT,0.0,0.0,0.194,0.105,No,,,,
250277251003,North Brookfield,785.0,0.504,NORTH BROOKFIELD WATER DEPARTMENT,0.0,0.0,0.496,0.112,Yes,Income,11.8,0.0,51053.0
250277251004,North Brookfield,610.0,0.834,NORTH BROOKFIELD WATER DEPARTMENT,0.0,0.0,0.166,0.101,No,,,,
250277251005,North Brookfield,1532.0,0.006,NORTH BROOKFIELD WATER DEPARTMENT,0.0,0.0,0.994,0.072,No,,,,
250277261001,Spencer,1813.0,0.175,SPENCER WATER DEPARTMENT,2.9,3.2,0.825,0.105,No,,,,
250277261002,Spencer,1143.0,0.153,SPENCER WATER DEPARTMENT,2.9,3.2,0.847,0.152,No,,,,
250277261003,Spencer,1193.0,0.0,,,,1.0,0.105,No,,,,
250277261004,Spencer,1093.0,0.254,SPENCER WATER DEPARTMENT,2.9,3.2,0.746,0.111,No,,,,
250277261005,Spencer,940.0,0.147,SAINT JOSEPHS ABBEY; SPENCER WATER DEPARTMENT,0.1,0.1,0.853,0.08,No,,,,
250277262001,Spencer,1795.0,0.865,SPENCER WATER DEPARTMENT,2.9,3.2,0.135,0.201,No,,,,
250277262002,Spencer,877.0,1.0,SPENCER WATER DEPARTMENT,2.9,3.2,0.0,,No,,,,
250277262003,Spencer,1800.0,0.822,SPENCER WATER DEPARTMENT,2.9,3.2,0.178,0.293,Yes,Income,20.8,0.0,37448.0
250277262004,Spencer,1338.0,1.0,SPENCER WATER DEPARTMENT,2.9,3.2,0.0,,Yes,Income,17.3,0.0,28977.0
250277271001,Paxton,1753.0,0.21,PAXTON WATER DEPARTMENT,3.2,3.3,0.79,0.129,No,,,,
250277271002,Paxton,3251.0,0.598,PAXTON WATER DEPARTMENT,3.2,3.3,0.402,0.154,No,,,,
250277281001,Holden,2300.0,0.403,"HOLDEN WATER DIVISION, DPW",3.8,5.6,0.597,0.2,No,,,,
250277281002,Holden,1818.0,1.0,"HOLDEN WATER DIVISION, DPW",3.8,5.6,0.0,,No,,,,
250277281003,Holden,1270.0,0.379,"HOLDEN WATER DIVISION, DPW",3.8,5.6,0.621,0.201,No,,,,
250277282001,Holden,935.0,1.0,"HOLDEN WATER DIVISION, DPW",3.8,5.6,0.0,,No,,,,
250277282002,Holden,646.0,1.0,"HOLDEN WATER DIVISION, DPW",3.8,5.6,0.0,,No,,,,
250277282003,Holden,1021.0,1.0,"HOLDEN WATER DIVISION, DPW",3.8,5.6,0.0,,No,,,,
250277282004,Holden,1443.0,1.0,"HOLDEN WATER DIVISION, DPW",3.8,5.6,0.0,,No,,,,
250277283001,Holden,2267.0,1.0,"HOLDEN WATER DIVISION, DPW",3.8,5.6,0.0,,No,,,,
250277283002,Holden,2649.0,1.0,"HOLDEN WATER DIVISION, DPW",3.8,5.6,0.0,,No,,,,
250277284001,Holden,2322.0,0.834,"HOLDEN WATER DIVISION, DPW",3.8,5.6,0.166,0.175,No,,,,
250277284002,Holden,985.0,0.766,"HOLDEN WATER DIVISION, DPW",3.8,5.6,0.234,0.154,No,,,,
250277284003,Holden,2249.0,0.273,"HOLDEN WATER DIVISION, DPW",3.8,5.6,0.727,0.154,No,,,,
250277291001,West Boylston,2595.0,0.407,WEST BOYLSTON WATER DISTRICT,1.8,2.1,0.593,0.277,No,,,,
250277291002,West Boylston,2413.0,0.735,WEST BOYLSTON WATER DISTRICT,1.8,2.1,0.265,0.153,No,,,,
250277292001,West Boylston,803.0,1.0,WEST BOYLSTON WATER DISTRICT,1.8,2.1,0.0,,No,,,,
250277292002,West Boylston,2066.0,1.0,WEST BOYLSTON WATER DISTRICT,1.8,2.1,0.0,,No,,,,
250277301001,Worcester,869.0,1.0,"WORCESTER DPWP, WATER SUPPLY DIVISION",3.2,3.3,0.0,,Yes,Minority,40.7,0.0,104228.0
250277301002,Worcester,1390.0,1.0,"WORCESTER DPWP, WATER SUPPLY DIVISION",3.2,3.3,0.0,,Yes,Minority,34.7,0.0,76351.0
250277301003,Worcester,2422.0,1.0,"WORCESTER DPWP, WATER SUPPLY DIVISION",3.2,3.3,0.0,,Yes,Minority,39.8,4.6,79926.0
250277301004,Worcester,1823.0,1.0,"WORCESTER DPWP, WATER SUPPLY DIVISION",3.2,3.3,0.0,,Yes,Minority,37.7,0.0,60430.0
250277302001,Worcester,1247.0,1.0,"WORCESTER DPWP, WATER SUPPLY DIVISION",3.2,3.3,0.0,,Yes,Minority,36.1,0.0,107574.0
250277302002,Worcester,1539.0,1.0,"WORCESTER DPWP, WATER SUPPLY DIVISION",3.2,3.3,0.0,,Yes,Minority,44.4,16.5,55938.0
250277302003,Worcester,761.0,1.0,"WORCESTER DPWP, WATER SUPPLY DIVISION",3.2,3.3,0.0,,Yes,"Minority, income and English isolation",25.4,38.0,44681.0
250277302004,Worcester,1223.0,1.0,"WORCESTER DPWP, WATER SUPPLY DIVISION",3.2,3.3,0.0,,No,,,,
250277302005,Worcester,1376.0,1.0,"WORCESTER DPWP, WATER SUPPLY DIVISION",3.2,3.3,0.0,,Yes,Minority,26.3,0.0,68917.0
250277303001,Worcester,975.0,1.0,"WORCESTER DPWP, WATER SUPPLY DIVISION",3.2,3.3,0.0,,Yes,Minority,39.4,7.8,55733.0
250277303002,Worcester,1544.0,1.0,"WORCESTER DPWP, WATER SUPPLY DIVISION",3.2,3.3,0.0,,Yes,Minority,40.5,9.0,79118.0
250277303003,Worcester,1146.0,1.0,"WORCESTER DPWP, WATER SUPPLY DIVISION",3.2,3.3,0.0,,Yes,Minority,25.5,4.4,87625.0
250277303004,Worcester,750.0,1.0,"WORCESTER DPWP, WATER SUPPLY DIVISION",3.2,3.3,0.0,,Yes,Minority,39.1,0.0,55682.0
250277303005,Worcester,808.0,1.0,"WORCESTER DPWP, WATER SUPPLY DIVISION",3.2,3.3,0.0,,Yes,Minority,31.7,0.0,87656.0
250277304011,Worcester,1035.0,1.0,"WORCESTER DPWP, WATER SUPPLY DIVISION",3.2,3.3,0.0,,Yes,Minority,40.5,14.7,67969.0
250277304012,Worcester,1484.0,1.0,"WORCESTER DPWP, WATER SUPPLY DIVISION",3.2,3.3,0.0,,Yes,Minority,32.2,6.3,87875.0
250277304013,Worcester,2089.0,1.0,"WORCESTER DPWP, WATER SUPPLY DIVISION",3.2,3.3,0.0,,Yes,Minority and income,75.4,19.0,31365.0
250277304014,Worcester,1384.0,1.0,"WORCESTER DPWP, WATER SUPPLY DIVISION",3.2,3.3,0.0,,Yes,Minority and income,79.8,10.7,20417.0
250277304021,Worcester,1022.0,1.0,"WORCESTER DPWP, WATER SUPPLY DIVISION",3.2,3.3,0.0,,Yes,Minority and income,52.9,0.0,54875.0
250277304022,Worcester,1044.0,1.0,"WORCESTER DPWP, WATER SUPPLY DIVISION",3.2,3.3,0.0,,Yes,Minority,69.6,14.0,61607.0
250277305001,Worcester,928.0,1.0,"WORCESTER DPWP, WATER SUPPLY DIVISION",3.2,3.3,0.0,,Yes,Minority and income,42.0,0.0,49046.0
250277305002,Worcester,1187.0,1.0,"WORCESTER DPWP, WATER SUPPLY DIVISION",3.2,3.3,0.0,,Yes,Minority,70.5,21.0,59375.0
250277305003,Worcester,2051.0,1.0,"WORCESTER DPWP, WATER SUPPLY DIVISION",3.2,3.3,0.0,,Yes,Minority and income,41.8,6.1,44125.0
250277306001,Worcester,3217.0,1.0,"WORCESTER DPWP, WATER SUPPLY DIVISION",3.2,3.3,0.0,,No,,,,
250277306002,Worcester,1019.0,1.0,"WORCESTER DPWP, WATER SUPPLY DIVISION",3.2,3.3,0.0,,Yes,Income,21.7,0.0,17179.0
250277306003,Worcester,1262.0,1.0,"WORCESTER DPWP, WATER SUPPLY DIVISION",3.2,3.3,0.0,,No,,,,
250277306004,Worcester,2467.0,1.0,"WORCESTER DPWP, WATER SUPPLY DIVISION",3.2,3.3,0.0,,No,,,,
250277306005,Worcester,1333.0,1.0,"WORCESTER DPWP, WATER SUPPLY DIVISION",3.2,3.3,0.0,,Yes,Minority and income,24.9,0.0,34952.0
250277307001,Worcester,1648.0,1.0,"WORCESTER DPWP, WATER SUPPLY DIVISION",3.2,3.3,0.0,,No,,,,
250277307002,Worcester,832.0,1.0,"WORCESTER DPWP, WATER SUPPLY DIVISION",3.2,3.3,0.0,,Yes,Minority,32.3,0.0,98269.0
250277307003,Worcester,2747.0,1.0,"WORCESTER DPWP, WATER SUPPLY DIVISION",3.2,3.3,0.0,,Yes,Minority and income,34.1,0.0,44099.0
250277307004,Worcester,2140.0,1.0,"WORCESTER DPWP, WATER SUPPLY DIVISION",3.2,3.3,0.0,,Yes,Minority,36.8,5.5,81708.0
250277308011,Worcester,1048.0,1.0,"WORCESTER DPWP, WATER SUPPLY DIVISION",3.2,3.3,0.0,,No,,,,
250277308012,Worcester,1923.0,1.0,"WORCESTER DPWP, WATER SUPPLY DIVISION",3.2,3.3,0.0,,No,,,,
250277308013,Worcester,852.0,1.0,"WORCESTER DPWP, WATER SUPPLY DIVISION",3.2,3.3,0.0,,No,,,,
250277308021,Worcester,886.0,1.0,"WORCESTER DPWP, WATER SUPPLY DIVISION",3.2,3.3,0.0,,No,,,,
250277308022,Worcester,1336.0,1.0,"WORCESTER DPWP, WATER SUPPLY DIVISION",3.2,3.3,0.0,,Yes,Minority,29.3,7.9,80300.0
250277309011,Worcester,888.0,1.0,"WORCESTER DPWP, WATER SUPPLY DIVISION",3.2,3.3,0.0,,No,,,,
250277309012,Worcester,1538.0,1.0,"WORCESTER DPWP, WATER SUPPLY DIVISION",3.2,3.3,0.0,,Yes,Minority,28.9,15.5,69306.0
250277309013,Worcester,1302.0,1.0,"WORCESTER DPWP, WATER SUPPLY DIVISION",3.2,3.3,0.0,,No,,,,
250277309021,Worcester,2321.0,1.0,"WORCESTER DPWP, WATER SUPPLY DIVISION",3.2,3.3,0.0,,Yes,Minority,26.4,0.0,98073.0
250277309022,Worcester,833.0,1.0,"WORCESTER DPWP, WATER SUPPLY DIVISION",3.2,3.3,0.0,,Yes,Minority,35.9,11.9,72667.0
250277309023,Worcester,1262.0,1.0,"WORCESTER DPWP, WATER SUPPLY DIVISION",3.2,3.3,0.0,,Yes,Minority,24.6,0.0,101750.0
250277310011,Worcester,2468.0,1.0,"WORCESTER DPWP, WATER SUPPLY DIVISION",3.2,3.3,0.0,,Yes,Minority,48.9,8.7,82917.0
250277310021,Worcester,994.0,1.0,"WORCESTER DPWP, WATER SUPPLY DIVISION",3.2,3.3,0.0,,Yes,Minority,47.9,5.5,63115.0
250277310022,Worcester,2272.0,1.0,"WORCESTER DPWP, WATER SUPPLY DIVISION",3.2,3.3,0.0,,Yes,Minority and income,57.9,10.1,41745.0
250277310023,Worcester,2781.0,1.0,"WORCESTER DPWP, WATER SUPPLY DIVISION",3.2,3.3,0.0,,Yes,Minority and income,50.9,9.7,48705.0
250277310024,Worcester,1034.0,1.0,"WORCESTER DPWP, WATER SUPPLY DIVISION",3.2,3.3,0.0,,Yes,Minority,60.5,7.6,0.0
250277311011,Worcester,939.0,1.0,"WORCESTER DPWP, WATER SUPPLY DIVISION",3.2,3.3,0.0,,Yes,Minority and income,67.9,18.8,30238.0
250277311012,Worcester,953.0,1.0,"WORCESTER DPWP, WATER SUPPLY DIVISION",3.2,3.3,0.0,,Yes,Minority and income,62.1,4.6,53147.0
250277311013,Worcester,995.0,1.0,"WORCESTER DPWP, WATER SUPPLY DIVISION",3.2,3.3,0.0,,Yes,Minority and income,33.8,1.5,50568.0
250277311014,Worcester,1640.0,1.0,"WORCESTER DPWP, WATER SUPPLY DIVISION",3.2,3.3,0.0,,Yes,Minority and income,66.3,11.2,40847.0
250277311021,Worcester,925.0,1.0,"WORCESTER DPWP, WATER SUPPLY DIVISION",3.2,3.3,0.0,,Yes,Minority,26.4,0.0,118594.0
250277311022,Worcester,1032.0,1.0,"WORCESTER DPWP, WATER SUPPLY DIVISION",3.2,3.3,0.0,,Yes,Minority and income,50.7,9.6,46964.0
250277311023,Worcester,900.0,1.0,"WORCESTER DPWP, WATER SUPPLY DIVISION",3.2,3.3,0.0,,Yes,Minority,36.2,0.0,118750.0
250277312021,Worcester,1375.0,1.0,"WORCESTER DPWP, WATER SUPPLY DIVISION",3.2,3.3,0.0,,Yes,Minority,27.6,0.0,0.0
250277312031,Worcester,1793.0,1.0,"WORCESTER DPWP, WATER SUPPLY DIVISION",3.2,3.3,0.0,,Yes,Minority and income,73.7,16.8,14852.0
250277312032,Worcester,1616.0,1.0,"WORCESTER DPWP, WATER SUPPLY DIVISION",3.2,3.3,0.0,,Yes,Minority and income,59.5,5.6,32567.0
250277312033,Worcester,1675.0,1.0,"WORCESTER DPWP, WATER SUPPLY DIVISION",3.2,3.3,0.0,,Yes,"Minority, income and English isolation",67.4,29.4,39276.0
250277312034,Worcester,1006.0,1.0,"WORCESTER DPWP, WATER SUPPLY DIVISION",3.2,3.3,0.0,,Yes,Minority and income,66.9,0.0,41058.0
250277312041,Worcester,1470.0,1.0,"WORCESTER DPWP, WATER SUPPLY DIVISION",3.2,3.3,0.0,,Yes,Minority and income,73.3,10.6,44784.0
250277312042,Worcester,1061.0,1.0,"WORCESTER DPWP, WATER SUPPLY DIVISION",3.2,3.3,0.0,,Yes,Minority and income,73.9,10.1,31406.0
250277313001,Worcester,1376.0,1.0,"WORCESTER DPWP, WATER SUPPLY DIVISION",3.2,3.3,0.0,,Yes,Minority and income,80.8,12.1,16719.0
250277313002,Worcester,1409.0,1.0,"WORCESTER DPWP, WATER SUPPLY DIVISION",3.2,3.3,0.0,,Yes,"Minority, income and English isolation",88.6,42.6,37548.0
250277313003,Worcester,1638.0,1.0,"WORCESTER DPWP, WATER SUPPLY DIVISION",3.2,3.3,0.0,,Yes,Minority and income,78.0,19.3,38333.0
250277314001,Worcester,898.0,1.0,"WORCESTER DPWP, WATER SUPPLY DIVISION",3.2,3.3,0.0,,Yes,"Minority, income and English isolation",84.9,25.5,14744.0
250277314002,Worcester,906.0,1.0,"WORCESTER DPWP, WATER SUPPLY DIVISION",3.2,3.3,0.0,,Yes,"Minority, income and English isolation",79.1,30.7,22778.0
250277314003,Worcester,1184.0,1.0,"WORCESTER DPWP, WATER SUPPLY DIVISION",3.2,3.3,0.0,,Yes,Minority and income,74.8,17.2,47419.0
250277314004,Worcester,1379.0,1.0,"WORCESTER DPWP, WATER SUPPLY DIVISION",3.2,3.3,0.0,,Yes,Minority and income,85.4,0.0,46908.0
250277314005,Worcester,830.0,1.0,"WORCESTER DPWP, WATER SUPPLY DIVISION",3.2,3.3,0.0,,Yes,Minority and income,77.7,0.0,27981.0
250277315001,Worcester,731.0,1.0,"WORCESTER DPWP, WATER SUPPLY DIVISION",3.2,3.3,0.0,,Yes,Minority and income,84.3,19.4,16319.0
250277315002,Worcester,1136.0,1.0,"WORCESTER DPWP, WATER SUPPLY DIVISION",3.2,3.3,0.0,,Yes,Minority and income,68.9,18.1,14179.0
250277315003,Worcester,1418.0,1.0,"WORCESTER DPWP, WATER SUPPLY DIVISION",3.2,3.3,0.0,,Yes,Minority and income,79.9,4.2,39240.0
250277315004,Worcester,828.0,1.0,"WORCESTER DPWP, WATER SUPPLY DIVISION",3.2,3.3,0.0,,Yes,Minority,84.9,9.9,0.0
250277315005,Worcester,1330.0,1.0,"WORCESTER DPWP, WATER SUPPLY DIVISION",3.2,3.3,0.0,,Yes,Minority,62.6,14.9,0.0
250277316011,Worcester,1375.0,1.0,"WORCESTER DPWP, WATER SUPPLY DIVISION",3.2,3.3,0.0,,Yes,Minority and income,48.4,9.9,17012.0
250277316012,Worcester,930.0,1.0,"WORCESTER DPWP, WATER SUPPLY DIVISION",3.2,3.3,0.0,,Yes,Minority and income,65.8,7.1,41481.0
250277316013,Worcester,1277.0,1.0,"WORCESTER DPWP, WATER SUPPLY DIVISION",3.2,3.3,0.0,,Yes,Minority and income,48.1,23.2,40984.0
250277316014,Worcester,735.0,1.0,"WORCESTER DPWP, WATER SUPPLY DIVISION",3.2,3.3,0.0,,Yes,Minority and income,35.1,0.0,25772.0
250277316015,Worcester,495.0,1.0,"WORCESTER DPWP, WATER SUPPLY DIVISION",3.2,3.3,0.0,,Yes,Minority and income,41.8,19.9,44145.0
250277316021,Worcester,1014.0,1.0,"WORCESTER DPWP, WATER SUPPLY DIVISION",3.2,3.3,0.0,,Yes,Minority and income,34.7,0.0,45135.0
250277316022,Worcester,2253.0,1.0,"WORCESTER DPWP, WATER SUPPLY DIVISION",3.2,3.3,0.0,,Yes,"Minority, income and English isolation",34.4,25.2,25921.0
250277317001,Worcester,1061.0,1.0,"WORCESTER DPWP, WATER SUPPLY DIVISION",3.2,3.3,0.0,,Yes,Minority and income,49.4,20.8,32813.0
250277317002,Worcester,1559.0,1.0,"WORCESTER DPWP, WATER SUPPLY DIVISION",3.2,3.3,0.0,,Yes,Minority and income,46.1,11.6,34856.0
250277317003,Worcester,1439.0,1.0,"WORCESTER DPWP, WATER SUPPLY DIVISION",3.2,3.3,0.0,,Yes,Minority and income,61.0,9.1,40993.0
250277318011,Worcester,963.0,1.0,"WORCESTER DPWP, WATER SUPPLY DIVISION",3.2,3.3,0.0,,Yes,Minority and income,44.1,0.0,47208.0
250277318012,Worcester,1862.0,1.0,"WORCESTER DPWP, WATER SUPPLY DIVISION",3.2,3.3,0.0,,Yes,"Minority, income and English isolation",50.4,29.2,15176.0
250277318021,Worcester,898.0,1.0,"WORCESTER DPWP, WATER SUPPLY DIVISION",3.2,3.3,0.0,,Yes,Minority and income,60.9,23.2,43583.0
250277318022,Worcester,1500.0,1.0,"WORCESTER DPWP, WATER SUPPLY DIVISION",3.2,3.3,0.0,,Yes,"Minority, income and English isolation",91.9,33.9,11543.0
250277318023,Worcester,987.0,1.0,"WORCESTER DPWP, WATER SUPPLY DIVISION",3.2,3.3,0.0,,Yes,Minority,77.0,18.4,97885.0
250277318024,Worcester,733.0,1.0,"WORCESTER DPWP, WATER SUPPLY DIVISION",3.2,3.3,0.0,,Yes,"Minority, income and English isolation",69.2,51.1,33203.0
250277319001,Worcester,1195.0,1.0,"WORCESTER DPWP, WATER SUPPLY DIVISION",3.2,3.3,0.0,,Yes,Minority and income,68.8,19.1,33804.0
250277319002,Worcester,1499.0,1.0,"WORCESTER DPWP, WATER SUPPLY DIVISION",3.2,3.3,0.0,,Yes,Minority and income,70.7,19.8,53375.0
250277319003,Worcester,1001.0,1.0,"WORCESTER DPWP, WATER SUPPLY DIVISION",3.2,3.3,0.0,,Yes,Minority and income,74.5,17.5,43646.0
250277319004,Worcester,2656.0,1.0,"WORCESTER DPWP, WATER SUPPLY DIVISION",3.2,3.3,0.0,,Yes,Minority and income,71.4,18.5,37429.0
250277320011,Worcester,1874.0,1.0,"WORCESTER DPWP, WATER SUPPLY DIVISION",3.2,3.3,0.0,,Yes,"Minority, income and English isolation",85.2,50.9,15718.0
250277320012,Worcester,1565.0,1.0,"WORCESTER DPWP, WATER SUPPLY DIVISION",3.2,3.3,0.0,,Yes,Minority and income,73.5,14.1,30000.0
250277320021,Worcester,1444.0,1.0,"WORCESTER DPWP, WATER SUPPLY DIVISION",3.2,3.3,0.0,,Yes,Minority,62.9,14.8,65965.0
250277320022,Worcester,2101.0,1.0,"WORCESTER DPWP, WATER SUPPLY DIVISION",3.2,3.3,0.0,,Yes,Minority,39.7,8.7,60893.0
250277320023,Worcester,803.0,1.0,"WORCESTER DPWP, WATER SUPPLY DIVISION",3.2,3.3,0.0,,Yes,Minority,33.4,0.0,67188.0
250277322011,Worcester,855.0,1.0,"WORCESTER DPWP, WATER SUPPLY DIVISION",3.2,3.3,0.0,,Yes,Minority and income,35.6,11.3,45224.0
250277322012,Worcester,2409.0,1.0,"WORCESTER DPWP, WATER SUPPLY DIVISION",3.2,3.3,0.0,,Yes,Minority,47.6,12.2,76250.0
250277322021,Worcester,1387.0,1.0,"WORCESTER DPWP, WATER SUPPLY DIVISION",3.2,3.3,0.0,,Yes,Minority and income,41.9,23.5,51163.0
250277322022,Worcester,2296.0,1.0,"WORCESTER DPWP, WATER SUPPLY DIVISION",3.2,3.3,0.0,,Yes,Minority,38.9,9.1,92344.0
250277322031,Worcester,1070.0,1.0,"WORCESTER DPWP, WATER SUPPLY DIVISION",3.2,3.3,0.0,,Yes,Minority and English isolation,56.7,25.9,75401.0
250277322032,Worcester,1134.0,1.0,"WORCESTER DPWP, WATER SUPPLY DIVISION",3.2,3.3,0.0,,Yes,Minority and English isolation,51.8,33.4,68902.0
250277322033,Worcester,1008.0,1.0,"WORCESTER DPWP, WATER SUPPLY DIVISION",3.2,3.3,0.0,,Yes,Minority and income,68.8,14.6,39732.0
250277323011,Worcester,1538.0,1.0,"WORCESTER DPWP, WATER SUPPLY DIVISION",3.2,3.3,0.0,,Yes,Minority,42.7,4.6,61607.0
250277323012,Worcester,3297.0,1.0,"WORCESTER DPWP, WATER SUPPLY DIVISION",3.2,3.3,0.0,,Yes,Minority,35.1,4.7,68795.0
250277323021,Worcester,2958.0,1.0,"WORCESTER DPWP, WATER SUPPLY DIVISION",3.2,3.3,0.0,,Yes,Minority and income,56.1,14.8,39207.0
250277323022,Worcester,1758.0,1.0,"WORCESTER DPWP, WATER SUPPLY DIVISION",3.2,3.3,0.0,,Yes,Minority,46.0,21.7,77561.0
250277324001,Worcester,1433.0,1.0,"WORCESTER DPWP, WATER SUPPLY DIVISION",3.2,3.3,0.0,,Yes,Minority,64.5,4.3,60851.0
250277324002,Worcester,1740.0,1.0,"WORCESTER DPWP, WATER SUPPLY DIVISION",3.2,3.3,0.0,,Yes,Minority,64.7,14.1,66250.0
250277324003,Worcester,1234.0,1.0,"WORCESTER DPWP, WATER SUPPLY DIVISION",3.2,3.3,0.0,,Yes,"Minority, income and English isolation",76.3,29.2,37964.0
250277324004,Worcester,945.0,1.0,"WORCESTER DPWP, WATER SUPPLY DIVISION",3.2,3.3,0.0,,Yes,Minority and income,75.7,14.8,52621.0
250277324005,Worcester,967.0,1.0,"WORCESTER DPWP, WATER SUPPLY DIVISION",3.2,3.3,0.0,,Yes,"Minority, income and English isolation",82.5,34.6,31406.0
250277324006,Worcester,1699.0,1.0,"WORCESTER DPWP, WATER SUPPLY DIVISION",3.2,3.3,0.0,,Yes,Minority and income,73.0,8.7,35217.0
250277325001,Worcester,1323.0,1.0,"WORCESTER DPWP, WATER SUPPLY DIVISION",3.2,3.3,0.0,,Yes,Minority and income,60.4,8.7,29886.0
250277325002,Worcester,1167.0,1.0,"WORCESTER DPWP, WATER SUPPLY DIVISION",3.2,3.3,0.0,,Yes,Minority and income,75.3,10.9,32845.0
250277326001,Worcester,1355.0,1.0,"WORCESTER DPWP, WATER SUPPLY DIVISION",3.2,3.3,0.0,,Yes,"Minority, income and English isolation",72.9,33.5,22578.0
250277326002,Worcester,1365.0,1.0,"WORCESTER DPWP, WATER SUPPLY DIVISION",3.2,3.3,0.0,,Yes,Minority and income,71.4,19.1,51458.0
250277326003,Worcester,1056.0,1.0,"WORCESTER DPWP, WATER SUPPLY DIVISION",3.2,3.3,0.0,,Yes,Minority,60.7,0.0,58958.0
250277326004,Worcester,771.0,1.0,"WORCESTER DPWP, WATER SUPPLY DIVISION",3.2,3.3,0.0,,Yes,Minority,64.1,2.6,60047.0
250277326005,Worcester,901.0,1.0,"WORCESTER DPWP, WATER SUPPLY DIVISION",3.2,3.3,0.0,,Yes,"Minority, income and English isolation",71.9,43.5,37839.0
250277327001,Worcester,1379.0,1.0,"WORCESTER DPWP, WATER SUPPLY DIVISION",3.2,3.3,0.0,,Yes,Minority and income,60.8,14.8,24044.0
250277327002,Worcester,1009.0,1.0,"WORCESTER DPWP, WATER SUPPLY DIVISION",3.2,3.3,0.0,,Yes,Minority and income,68.4,3.0,53750.0
250277327003,Worcester,1334.0,1.0,"WORCESTER DPWP, WATER SUPPLY DIVISION",3.2,3.3,0.0,,Yes,Minority and income,68.0,9.4,47788.0
250277327004,Worcester,977.0,1.0,"WORCESTER DPWP, WATER SUPPLY DIVISION",3.2,3.3,0.0,,Yes,Minority and income,67.5,0.0,28997.0
250277328011,Worcester,2253.0,1.0,"WORCESTER DPWP, WATER SUPPLY DIVISION",3.2,3.3,0.0,,Yes,Minority,32.9,1.7,77821.0
250277328012,Worcester,3121.0,1.0,"WORCESTER DPWP, WATER SUPPLY DIVISION",3.2,3.3,0.0,,Yes,Minority,42.8,5.4,70766.0
250277328021,Worcester,2321.0,1.0,"WORCESTER DPWP, WATER SUPPLY DIVISION",3.2,3.3,0.0,,Yes,Minority,41.8,10.4,63676.0
250277328022,Worcester,1340.0,1.0,"WORCESTER DPWP, WATER SUPPLY DIVISION",3.2,3.3,0.0,,Yes,Minority,57.4,8.7,73250.0
250277328023,Worcester,959.0,1.0,"WORCESTER DPWP, WATER SUPPLY DIVISION",3.2,3.3,0.0,,Yes,Minority,64.5,13.1,0.0
250277329011,Worcester,1141.0,1.0,"WORCESTER DPWP, WATER SUPPLY DIVISION",3.2,3.3,0.0,,Yes,Minority and income,51.4,8.8,32768.0
250277329012,Worcester,2763.0,1.0,"WORCESTER DPWP, WATER SUPPLY DIVISION",3.2,3.3,0.0,,Yes,Minority,51.8,7.6,63737.0
250277329013,Worcester,1171.0,1.0,"WORCESTER DPWP, WATER SUPPLY DIVISION",3.2,3.3,0.0,,Yes,Minority,54.5,14.7,71458.0
250277329014,Worcester,1454.0,1.0,"WORCESTER DPWP, WATER SUPPLY DIVISION",3.2,3.3,0.0,,Yes,Minority,39.5,5.4,64798.0
250277329015,Worcester,915.0,1.0,"WORCESTER DPWP, WATER SUPPLY DIVISION",3.2,3.3,0.0,,Yes,Minority and income,59.0,17.7,12080.0
250277329021,Worcester,3299.0,1.0,"WORCESTER DPWP, WATER SUPPLY DIVISION",3.2,3.3,0.0,,Yes,Minority,31.1,0.0,0.0
250277330001,Worcester,827.0,1.0,"WORCESTER DPWP, WATER SUPPLY DIVISION",3.2,3.3,0.0,,Yes,Minority and income,77.9,0.0,41667.0
250277330002,Worcester,1762.0,1.0,"WORCESTER DPWP, WATER SUPPLY DIVISION",3.2,3.3,0.0,,Yes,Minority and income,64.7,6.7,41369.0
250277330003,Worcester,1684.0,1.0,"WORCESTER DPWP, WATER SUPPLY DIVISION",3.2,3.3,0.0,,Yes,Minority and income,81.2,14.5,33799.0
250277331011,Worcester,1033.0,1.0,"WORCESTER DPWP, WATER SUPPLY DIVISION",3.2,3.3,0.0,,Yes,Minority,46.5,6.5,57500.0
250277331012,Worcester,1240.0,1.0,"WORCESTER DPWP, WATER SUPPLY DIVISION",3.2,3.3,0.0,,Yes,Minority,37.3,0.0,66369.0
250277331021,Worcester,1051.0,1.0,"WORCESTER DPWP, WATER SUPPLY DIVISION",3.2,3.3,0.0,,Yes,Minority and income,57.3,8.3,43696.0
250277331022,Worcester,1657.0,1.0,"WORCESTER DPWP, WATER SUPPLY DIVISION",3.2,3.3,0.0,,Yes,Minority,41.9,7.6,74712.0
250277351001,Leicester,1057.0,0.623,CHERRY VALLEY/ ROCHDALE WATER DISTRICT; LEICESTER WATER SUPPLY DISTRICT,17.3,19.1,0.377,0.155,No,,,,
250277351002,Leicester,1136.0,0.157,CHERRY VALLEY/ ROCHDALE WATER DISTRICT; HILLCREST WATER DISTRICT,0.2,0.2,0.843,0.221,No,,,,
250277351003,Leicester,2550.0,0.0,,,,1.0,0.209,No,,,,
250277351004,Leicester,1902.0,0.509,HILLCREST WATER DISTRICT; LEICESTER WATER SUPPLY DISTRICT,10.2,11.0,0.491,0.304,No,,,,
250277352001,Leicester,1271.0,0.432,CHERRY VALLEY/ ROCHDALE WATER DISTRICT; LEICESTER WATER SUPPLY DISTRICT,10.1,11.1,0.568,0.226,Yes,Minority,26.0,0.0,103021.0
250277352002,Leicester,840.0,0.474,CHERRY VALLEY/ ROCHDALE WATER DISTRICT,0.0,0.0,0.526,0.346,No,,,,
250277352003,Leicester,1450.0,0.197,CHERRY VALLEY/ ROCHDALE WATER DISTRICT; STAFFORDSHIRE COUNTRY ESTATES,7.1,12.5,0.803,0.233,Yes,Minority,26.5,0.0,97821.0
250277352004,Leicester,881.0,0.378,CHERRY VALLEY/ ROCHDALE WATER DISTRICT,0.0,0.0,0.622,0.181,No,,,,
250277361001,Auburn,830.0,1.0,AUBURN WATER DISTRICT,8.5,12.2,0.0,,No,,,,
250277361002,Auburn,1858.0,0.547,AUBURN WATER DISTRICT,8.5,12.2,0.453,0.216,No,,,,
250277362001,Auburn,852.0,0.837,AUBURN WATER DISTRICT,8.5,12.2,0.163,0.3,No,,,,
250277362002,Auburn,1705.0,1.0,AUBURN WATER DISTRICT,8.5,12.2,0.0,,No,,,,
250277362003,Auburn,1428.0,1.0,AUBURN WATER DISTRICT,8.5,12.2,0.0,,No,,,,
250277363001,Auburn,767.0,1.0,AUBURN WATER DISTRICT,8.5,12.2,0.0,,No,,,,
250277363002,Auburn,1722.0,0.987,AUBURN WATER DISTRICT,8.5,12.2,0.013,0.318,No,,,,
250277364001,Auburn,1571.0,0.856,AUBURN WATER DISTRICT; ELM HILL WATER DISTRICT,6.1,8.1,0.144,0.384,No,,,,
250277364002,Auburn,1542.0,1.0,ELM HILL WATER DISTRICT,3.2,3.3,0.0,,No,,,,
250277365001,Auburn,647.0,1.0,AUBURN WATER DISTRICT,8.5,12.2,0.0,,No,,,,
250277365002,Auburn,630.0,1.0,AUBURN WATER DISTRICT,8.5,12.2,0.0,,No,,,,
250277365003,Auburn,948.0,0.34,AUBURN WATER DISTRICT,8.5,12.2,0.66,0.27,Yes,Income,10.1,0.0,44773.0
250277365004,Auburn,1226.0,1.0,AUBURN WATER DISTRICT,8.5,12.2,0.0,,No,,,,
250277365005,Auburn,1163.0,0.266,AUBURN WATER DISTRICT,8.5,12.2,0.734,0.254,No,,,,
250277371001,Millbury,1114.0,0.712,"AQUARION WATER COMPANY, MILLBURY",1.1,2.9,0.288,0.29,No,,,,
250277371002,Millbury,1604.0,0.014,"AQUARION WATER COMPANY, MILLBURY",1.1,2.9,0.986,0.233,No,,,,
250277371003,Millbury,2663.0,0.752,"AQUARION WATER COMPANY, MILLBURY",1.1,2.9,0.248,0.266,No,,,,
250277372001,Millbury,835.0,1.0,"AQUARION WATER COMPANY, MILLBURY",1.1,2.9,0.0,,Yes,Income,16.6,0.0,53875.0
250277372002,Millbury,925.0,1.0,"AQUARION WATER COMPANY, MILLBURY",1.1,2.9,0.0,,Yes,Income,13.7,0.0,53375.0
250277373001,Millbury,1514.0,0.363,"AQUARION WATER COMPANY, MILLBURY",1.1,2.9,0.637,0.354,No,,,,
250277373002,Millbury,1416.0,0.607,"AQUARION WATER COMPANY, MILLBURY",1.1,2.9,0.393,0.274,No,,,,
250277373003,Millbury,1819.0,0.884,"AQUARION WATER COMPANY, MILLBURY",1.1,2.9,0.116,0.405,No,,,,
250277373004,Millbury,1941.0,0.506,"AQUARION WATER COMPANY, MILLBURY",1.1,2.9,0.494,0.318,No,,,,
250277381001,Grafton,1165.0,0.461,GRAFTON WATER DISTRICT; SOUTH GRAFTON WATER DISTRICT,5.9,6.7,0.539,0.289,No,,,,
250277381002,Grafton,1463.0,0.938,SOUTH GRAFTON WATER DISTRICT,5.7,6.6,0.062,0.303,Yes,Minority,28.0,0.0,67273.0
250277381003,Grafton,2386.0,0.382,GRAFTON WATER DISTRICT; SOUTH GRAFTON WATER DISTRICT,9.2,9.3,0.618,0.229,Yes,Minority,35.8,0.0,127619.0
250277382011,Grafton,2171.0,0.863,GRAFTON WATER DISTRICT,10.7,10.5,0.137,0.242,No,,,,
250277382012,Grafton,2275.0,0.693,GRAFTON WATER DISTRICT,10.7,10.5,0.307,0.251,No,,,,
250277382021,Grafton,2380.0,0.874,GRAFTON WATER DISTRICT,10.7,10.5,0.126,0.294,No,,,,
250277382022,Grafton,1320.0,0.103,GRAFTON WATER DISTRICT,10.7,10.5,0.897,0.24,No,,,,
250277382023,Grafton,3068.0,0.199,GRAFTON WATER DISTRICT,10.7,10.5,0.801,0.215,No,,,,
250277391011,Shrewsbury,1286.0,0.903,SHREWSBURY WATER DEPARTMENT,11.0,14.4,0.097,0.288,No,,,,
250277391012,Shrewsbury,1248.0,0.841,SHREWSBURY WATER DEPARTMENT,11.0,14.4,0.159,0.305,Yes,Minority,32.1,0.0,72425.0
250277391013,Shrewsbury,2752.0,0.895,SHREWSBURY WATER DEPARTMENT,11.0,14.4,0.105,0.403,Yes,Minority,44.4,2.8,131200.0
250277391021,Shrewsbury,2476.0,0.815,SHREWSBURY WATER DEPARTMENT,11.0,14.4,0.185,0.273,Yes,Minority,57.2,0.0,148523.0
250277391022,Shrewsbury,2756.0,0.907,SHREWSBURY WATER DEPARTMENT,11.0,14.4,0.093,0.292,Yes,Minority,58.2,11.8,100313.0
250277392011,Shrewsbury,2006.0,1.0,SHREWSBURY WATER DEPARTMENT,11.0,14.4,0.0,,Yes,Minority,35.0,6.3,80756.0
250277392012,Shrewsbury,1502.0,1.0,SHREWSBURY WATER DEPARTMENT,11.0,14.4,0.0,,Yes,Minority,52.8,21.8,74873.0
250277392021,Shrewsbury,1439.0,1.0,SHREWSBURY WATER DEPARTMENT,11.0,14.4,0.0,,Yes,Minority,40.3,4.1,94946.0
250277392022,Shrewsbury,1809.0,1.0,SHREWSBURY WATER DEPARTMENT,11.0,14.4,0.0,,Yes,Minority,40.0,16.2,92500.0
250277393001,Shrewsbury,1775.0,1.0,SHREWSBURY WATER DEPARTMENT,11.0,14.4,0.0,,No,,,,
250277393002,Shrewsbury,2229.0,1.0,SHREWSBURY WATER DEPARTMENT,11.0,14.4,0.0,,Yes,Minority,38.2,0.9,85625.0
250277394011,Shrewsbury,2794.0,0.889,SHREWSBURY WATER DEPARTMENT,11.0,14.4,0.111,0.33,Yes,Minority,35.8,1.7,128750.0
250277394012,Shrewsbury,902.0,1.0,SHREWSBURY WATER DEPARTMENT,11.0,14.4,0.0,,Yes,Minority,38.1,0.0,173566.0
250277394013,Shrewsbury,1417.0,1.0,SHREWSBURY WATER DEPARTMENT,11.0,14.4,0.0,,Yes,Minority,54.5,0.0,64309.0
250277394014,Shrewsbury,1441.0,1.0,SHREWSBURY WATER DEPARTMENT,11.0,14.4,0.0,,No,,,,
250277394021,Shrewsbury,2548.0,0.794,SHREWSBURY WATER DEPARTMENT,11.0,14.4,0.206,0.345,No,,,,
250277395001,Shrewsbury,3199.0,0.859,SHREWSBURY WATER DEPARTMENT,11.0,14.4,0.141,0.386,Yes,Minority,30.6,4.2,190865.0
250277395002,Shrewsbury,756.0,1.0,SHREWSBURY WATER DEPARTMENT,11.0,14.4,0.0,,No,,,,
250277395003,Shrewsbury,2855.0,0.696,SHREWSBURY WATER DEPARTMENT,11.0,14.4,0.304,0.336,No,,,,
250277395004,Shrewsbury,1135.0,0.419,SHREWSBURY WATER DEPARTMENT,11.0,14.4,0.581,0.309,Yes,Minority,29.8,0.0,114198.0
250277401011,Northborough,1601.0,0.923,NORTHBOROUGH WATER DEPARTMENT (MWRA),0.0,0.0,0.077,0.295,No,,,,
250277401012,Northborough,2774.0,0.431,NORTHBOROUGH WATER DEPARTMENT (MWRA),0.0,0.0,0.569,0.252,No,,,,
250277401013,Northborough,1852.0,0.23,NORTHBOROUGH WATER DEPARTMENT (MWRA),0.0,0.0,0.77,0.197,No,,,,
250277401021,Northborough,2937.0,0.906,MARLBOROUGH DPW  WATER DIV. (MWRA); NORTHBOROUGH WATER DEPARTMENT (MWRA),0.0,0.0,0.094,0.227,No,,,,
250277401022,Northborough,1704.0,0.913,NORTHBOROUGH WATER DEPARTMENT (MWRA),0.0,0.0,0.087,0.207,No,,,,
250277401023,Northborough,1625.0,0.924,NORTHBOROUGH WATER DEPARTMENT (MWRA),0.0,0.0,0.076,0.301,No,,,,
250277402001,Northborough,901.0,1.0,NORTHBOROUGH WATER DEPARTMENT (MWRA),0.0,0.0,0.0,,No,,,,
250277402002,Northborough,1321.0,1.0,NORTHBOROUGH WATER DEPARTMENT (MWRA),0.0,0.0,0.0,,No,,,,
250277402003,Northborough,1026.0,1.0,NORTHBOROUGH WATER DEPARTMENT (MWRA),0.0,0.0,0.0,,No,,,,
250277411011,Southborough,921.0,0.604,SOUTHBOROUGH DPW WATER DIVISION (MWRA),0.0,0.0,0.396,0.138,No,,,,
250277411012,Southborough,1907.0,0.626,SOUTHBOROUGH DPW WATER DIVISION (MWRA),0.0,0.0,0.374,0.199,No,,,,
250277411013,Southborough,1818.0,0.662,FRAMINGHAM WATER DEPT. (MWRA); SOUTHBOROUGH DPW WATER DIVISION (MWRA),0.0,0.0,0.338,0.084,No,,,,
250277411021,Southborough,1215.0,0.538,SOUTHBOROUGH DPW WATER DIVISION (MWRA),0.0,0.0,0.462,0.102,No,,,,
250277411022,Southborough,1882.0,0.594,SOUTHBOROUGH DPW WATER DIVISION (MWRA),0.0,0.0,0.406,0.241,No,,,,
250277411023,Southborough,1342.0,0.63,SOUTHBOROUGH DPW WATER DIVISION (MWRA),0.0,0.0,0.37,0.231,No,,,,
250277411024,Southborough,1365.0,0.966,SOUTHBOROUGH DPW WATER DIVISION (MWRA),0.0,0.0,0.034,0.227,No,,,,
250277423001,Westborough,976.0,1.0,WESTBOROUGH WATER DEPARTMENT,2.6,6.1,0.0,,No,,,,
250277423002,Westborough,857.0,1.0,WESTBOROUGH WATER DEPARTMENT,2.6,6.1,0.0,,No,,,,
250277423003,Westborough,759.0,1.0,WESTBOROUGH WATER DEPARTMENT,2.6,6.1,0.0,,No,,,,
250277423004,Westborough,875.0,1.0,WESTBOROUGH WATER DEPARTMENT,2.6,6.1,0.0,,No,,,,
250277423005,Westborough,788.0,1.0,WESTBOROUGH WATER DEPARTMENT,2.6,6.1,0.0,,Yes,Minority,47.8,8.6,89191.0
250277424011,Westborough,2539.0,0.961,WESTBOROUGH WATER DEPARTMENT,2.6,6.1,0.039,0.216,Yes,Minority,31.1,0.0,218859.0
250277424012,Westborough,1008.0,0.96,WESTBOROUGH WATER DEPARTMENT,2.6,6.1,0.04,0.241,Yes,Minority,24.6,0.0,213409.0
250277424013,Westborough,2130.0,0.831,WESTBOROUGH WATER DEPARTMENT,2.6,6.1,0.169,0.231,No,,,,
250277424021,Westborough,1277.0,0.974,WESTBOROUGH WATER DEPARTMENT,2.6,6.1,0.026,0.23,No,,,,
250277424022,Westborough,2036.0,1.0,WESTBOROUGH WATER DEPARTMENT,2.6,6.1,0.0,,Yes,Minority,67.4,2.9,168125.0
250277424023,Westborough,1733.0,1.0,WESTBOROUGH WATER DEPARTMENT,2.6,6.1,0.0,,Yes,Minority,84.4,9.6,85938.0
250277431001,Upton,2523.0,0.043,UPTON DPW WATER/WASTEWATER DIVISION,1.5,2.8,0.957,0.134,No,,,,
250277431002,Upton,2272.0,0.906,UPTON DPW WATER/WASTEWATER DIVISION,1.6,2.8,0.094,0.144,No,,,,
250277431003,Upton,957.0,0.795,UPTON DPW WATER/WASTEWATER DIVISION,1.6,2.8,0.205,0.13,No,,,,
250277431004,Upton,2248.0,0.291,UPTON DPW WATER/WASTEWATER DIVISION,1.6,2.8,0.709,0.151,No,,,,
250277441021,Milford,2588.0,1.0,MILFORD WATER DEPARTMENT,2.2,15.2,0.0,,Yes,Minority,27.1,0.0,92384.0
250277441022,Milford,1283.0,0.902,MILFORD WATER DEPARTMENT,2.2,15.2,0.098,0.355,No,,,,
250277441023,Milford,1681.0,1.0,MILFORD WATER DEPARTMENT,2.2,15.2,0.0,,No,,,,
250277441031,Milford,1525.0,0.706,MILFORD WATER DEPARTMENT,2.2,15.2,0.294,0.24,No,,,,
250277441032,Milford,1255.0,0.553,MILFORD WATER DEPARTMENT,2.2,15.2,0.447,0.326,Yes,Minority,35.1,7.2,79233.0
250277441041,Milford,1576.0,1.0,MILFORD WATER DEPARTMENT,2.2,15.2,0.0,,Yes,Minority,26.6,0.0,110365.0
250277441042,Milford,1708.0,1.0,MILFORD WATER DEPARTMENT,2.2,15.2,0.0,,Yes,Minority,29.1,0.0,84605.0
250277441043,Milford,1883.0,1.0,MILFORD WATER DEPARTMENT,2.2,15.2,0.0,,No,,,,
250277442011,Milford,2009.0,1.0,MILFORD WATER DEPARTMENT,2.2,15.2,0.0,,Yes,Minority,36.6,2.2,76250.0
250277442012,Milford,815.0,1.0,MILFORD WATER DEPARTMENT,2.2,15.2,0.0,,Yes,Minority,42.9,0.0,97625.0
250277442021,Milford,1290.0,1.0,MILFORD WATER DEPARTMENT,2.2,15.2,0.0,,Yes,Minority,43.2,15.2,78147.0
250277442022,Milford,934.0,1.0,MILFORD WATER DEPARTMENT,2.2,15.2,0.0,,Yes,Minority,39.7,21.9,57266.0
250277442023,Milford,898.0,1.0,MILFORD WATER DEPARTMENT,2.2,15.2,0.0,,No,,,,
250277442024,Milford,2217.0,0.985,MILFORD WATER DEPARTMENT,2.2,15.2,0.015,0.311,Yes,Minority,35.5,10.5,90000.0
250277443001,Milford,1151.0,1.0,MILFORD WATER DEPARTMENT,2.2,15.2,0.0,,Yes,Minority,57.9,24.2,56944.0
250277443002,Milford,1356.0,1.0,MILFORD WATER DEPARTMENT,2.2,15.2,0.0,,Yes,"Minority, income and English isolation",58.0,33.8,34219.0
250277443003,Milford,842.0,1.0,MILFORD WATER DEPARTMENT,2.2,15.2,0.0,,Yes,Minority and income,59.0,23.7,47156.0
250277443004,Milford,1101.0,1.0,MILFORD WATER DEPARTMENT,2.2,15.2,0.0,,Yes,Minority and income,54.1,0.0,51513.0
250277444001,Milford,1245.0,1.0,MILFORD WATER DEPARTMENT,2.2,15.2,0.0,,Yes,Minority,33.1,2.4,85568.0
250277444002,Milford,1732.0,1.0,MILFORD WATER DEPARTMENT,2.2,15.2,0.0,,Yes,Minority,27.1,8.3,69830.0
250277444003,Milford,1290.0,1.0,MILFORD WATER DEPARTMENT,2.2,15.2,0.0,,Yes,Minority,57.2,23.1,58864.0
250277451001,Hopedale,2579.0,0.952,HOPEDALE WATER DEPARTMENT,3.9,11.1,0.048,0.23,No,,,,
250277451002,Hopedale,1461.0,0.562,HOPEDALE WATER DEPARTMENT,3.9,11.1,0.438,0.399,No,,,,
250277451003,Hopedale,1977.0,0.704,HOPEDALE WATER DEPARTMENT,3.9,11.1,0.296,0.319,No,,,,
250277461001,Mendon,1880.0,0.0,,,,1.0,0.246,No,,,,
250277461002,Mendon,1248.0,0.1,MENDON HOUSING AUTHORITY,0.0,0.0,0.9,0.272,No,,,,
250277461003,Mendon,1766.0,0.0,,,,1.0,0.224,No,,,,
250277461004,Mendon,1334.0,0.044,MENDON WATER DEPARTMENT,3.9,11.1,0.956,0.303,No,,,,
250277471011,Blackstone,3092.0,0.853,BLACKSTONE WATER DEPARTMENT,6.5,10.0,0.147,0.265,No,,,,
250277471012,Blackstone,1048.0,1.0,BLACKSTONE WATER DEPARTMENT,6.5,10.0,0.0,,No,,,,
250277471013,Blackstone,1166.0,1.0,BLACKSTONE WATER DEPARTMENT,6.5,10.0,0.0,,Yes,Income,9.6,4.8,54643.0
250277471021,Blackstone,1915.0,0.595,BLACKSTONE WATER DEPARTMENT,6.5,10.0,0.405,0.239,No,,,,
250277471022,Blackstone,1987.0,1.0,BLACKSTONE WATER DEPARTMENT,6.5,10.0,0.0,,No,,,,
250277481001,Millville,1843.0,0.0,,,,1.0,0.223,No,,,,
250277481002,Millville,1331.0,0.0,,,,1.0,0.228,No,,,,
250277491001,Uxbridge,1944.0,0.159,"UXBRIDGE DPW,  WATER DIVISION",13.7,14.9,0.841,0.166,No,,,,
250277491002,Uxbridge,2824.0,0.579,"UXBRIDGE DPW,  WATER DIVISION",13.7,14.9,0.421,0.254,No,,,,
250277491003,Uxbridge,2183.0,0.776,"UXBRIDGE DPW,  WATER DIVISION",13.7,14.9,0.224,0.129,No,,,,
250277491004,Uxbridge,1420.0,0.0,,,,1.0,0.107,No,,,,
250277492001,Uxbridge,3337.0,0.662,"UXBRIDGE DPW,  WATER DIVISION",13.7,14.9,0.338,0.267,No,,,,
250277492002,Uxbridge,1284.0,1.0,"UXBRIDGE DPW,  WATER DIVISION",13.7,14.9,0.0,,No,,,,
250277492003,Uxbridge,1170.0,1.0,"UXBRIDGE DPW,  WATER DIVISION",13.7,14.9,0.0,,No,,,,
250277501001,Northbridge,1558.0,0.922,NORTHBRIDGE WATER DIVISION; WHITINSVILLE WATER COMPANY,4.2,7.5,0.078,0.143,No,,,,
250277501002,Northbridge,2743.0,1.0,WHITINSVILLE WATER COMPANY,4.2,7.5,0.0,,No,,,,
250277501003,Northbridge,1851.0,1.0,"UXBRIDGE DPW,  WATER DIVISION; WHITINSVILLE WATER COMPANY",4.4,7.7,0.0,,No,,,,
250277502001,Northbridge,2394.0,0.617,NORTHBRIDGE WATER DIVISION; WHITINSVILLE WATER COMPANY,4.2,7.5,0.383,0.142,No,,,,
250277502002,Northbridge,1313.0,0.893,NORTHBRIDGE WATER DIVISION; WHITINSVILLE WATER COMPANY,4.2,7.6,0.107,0.177,No,,,,
250277502003,Northbridge,3453.0,0.651,NORTHBRIDGE WATER DIVISION; WHITINSVILLE WATER COMPANY,4.2,7.6,0.349,0.229,No,,,,
250277503001,Northbridge,3023.0,0.923,NORTHBRIDGE WATER DIVISION,4.2,7.6,0.077,0.198,No,,,,
250277511011,Sutton,2538.0,0.683,WILKINSONVILLE WATER DISTRICT,11.6,11.6,0.317,0.252,No,,,,
250277511012,Sutton,958.0,0.39,WILKINSONVILLE WATER DISTRICT,11.6,11.6,0.61,0.216,No,,,,
250277511013,Sutton,1180.0,0.339,MANCHAUG WATER DISTRICT OF SUTTON; WHITINSVILLE WATER COMPANY,4.2,7.5,0.661,0.198,No,,,,
250277511014,Sutton,1714.0,0.396,MANCHAUG WATER DISTRICT OF SUTTON; WHITINSVILLE WATER COMPANY,4.2,7.5,0.604,0.148,No,,,,
250277511021,Sutton,1604.0,0.0,,,,1.0,0.207,No,,,,
250277511022,Sutton,1363.0,0.065,WILKINSONVILLE WATER DISTRICT,11.6,11.6,0.935,0.196,No,,,,
250277521011,Douglas,2945.0,0.079,DOUGLAS WATER DEPARTMENT,1.1,3.0,0.921,0.164,No,,,,
250277521012,Douglas,2702.0,0.228,DOUGLAS WATER DEPARTMENT,1.1,3.0,0.772,0.199,No,,,,
250277521021,Douglas,1162.0,0.011,DOUGLAS WATER DEPARTMENT,1.1,3.0,0.989,0.144,No,,,,
250277521022,Douglas,2174.0,0.0,,,,1.0,0.124,No,,,,
250277531001,Oxford,741.0,0.907,AQUARION WATER COMPANY OXFORD,2.8,5.7,0.093,0.136,No,,,,
250277531002,Oxford,1031.0,0.0,,,,1.0,0.13,No,,,,
250277531003,Oxford,1808.0,0.017,AQUARION WATER COMPANY OXFORD,2.8,5.7,0.983,0.155,No,,,,
250277531004,Oxford,1847.0,0.192,AQUARION WATER COMPANY OXFORD; CHERRY VALLEY/ ROCHDALE WATER DISTRICT; PINEWOOD ON THE GREEN CONDOS,2.6,5.3,0.808,0.157,No,,,,
250277531005,Oxford,1827.0,0.269,AQUARION WATER COMPANY OXFORD,2.8,5.7,0.731,0.117,No,,,,
250277532001,Oxford,2120.0,0.725,AQUARION WATER COMPANY OXFORD,2.8,5.7,0.275,0.166,No,,,,
250277532002,Oxford,1142.0,0.789,AQUARION WATER COMPANY OXFORD,2.8,5.7,0.211,0.146,Yes,Income,10.1,0.0,31563.0
250277532003,Oxford,615.0,0.637,AQUARION WATER COMPANY OXFORD,2.8,5.7,0.363,0.209,No,,,,
250277532004,Oxford,2216.0,0.98,AQUARION WATER COMPANY OXFORD,2.8,5.7,0.02,0.184,No,,,,
250277541001,Webster,1375.0,0.26,WEBSTER WATER DEPARTMENT,3.9,9.8,0.74,0.217,No,,,,
250277541002,Webster,1924.0,0.483,WEBSTER WATER DEPARTMENT,3.9,9.8,0.517,0.207,No,,,,
250277541003,Webster,1738.0,0.696,WEBSTER WATER DEPARTMENT,3.9,9.8,0.304,0.232,No,,,,
250277541004,Webster,1741.0,0.766,WEBSTER WATER DEPARTMENT,3.9,9.8,0.234,0.277,Yes,Income,21.8,0.0,55208.0
250277542001,Webster,1485.0,0.974,WEBSTER WATER DEPARTMENT,3.9,9.8,0.026,0.354,No,,,,
250277542002,Webster,1012.0,1.0,WEBSTER WATER DEPARTMENT,3.9,9.8,0.0,,Yes,Minority and income,34.7,8.6,48098.0
250277542003,Webster,1272.0,1.0,WEBSTER WATER DEPARTMENT,3.9,9.8,0.0,,Yes,Minority and income,34.0,0.0,33438.0
250277543001,Webster,1019.0,0.881,WEBSTER WATER DEPARTMENT,3.9,9.8,0.119,0.433,Yes,Minority,31.7,8.1,60566.0
250277543002,Webster,1250.0,1.0,WEBSTER WATER DEPARTMENT,3.9,9.8,0.0,,Yes,Minority and income,34.9,10.4,36750.0
250277543003,Webster,830.0,0.882,WEBSTER WATER DEPARTMENT,3.9,9.8,0.118,0.499,Yes,Minority and income,41.9,6.6,24693.0
250277544001,Webster,1169.0,0.936,WEBSTER WATER DEPARTMENT,3.9,9.8,0.064,0.334,No,,,,
250277544002,Webster,998.0,0.8,WEBSTER WATER DEPARTMENT,3.9,9.8,0.2,0.388,No,,,,
250277544003,Webster,956.0,1.0,WEBSTER WATER DEPARTMENT,3.9,9.8,0.0,,Yes,Minority and income,36.9,0.0,41050.0
250277544004,Webster,1007.0,1.0,WEBSTER WATER DEPARTMENT,3.9,9.8,0.0,,Yes,Minority and income,34.0,0.0,39531.0
250277551001,Dudley,1655.0,0.796,DUDLEY WATER DEPARTMENT,0.0,18.5,0.204,0.387,No,,,,
250277551002,Dudley,1795.0,0.87,DUDLEY WATER DEPARTMENT,0.0,18.5,0.13,0.502,Yes,Income,19.3,3.9,30576.0
250277552011,Dudley,1191.0,0.248,DUDLEY WATER DEPARTMENT,0.0,18.5,0.752,0.252,No,,,,
250277552012,Dudley,2120.0,0.332,DUDLEY WATER DEPARTMENT,0.0,18.5,0.668,0.331,No,,,,
250277552013,Dudley,1197.0,0.189,DUDLEY WATER DEPARTMENT,0.0,18.5,0.811,0.321,No,,,,
250277552021,Dudley,1846.0,0.405,DUDLEY WATER DEPARTMENT,0.0,18.5,0.595,0.301,Yes,Minority,48.8,4.3,83929.0
250277552022,Dudley,1029.0,0.0,,,,1.0,0.206,No,,,,
250277552023,Dudley,1088.0,0.119,DUDLEY WATER DEPARTMENT,0.0,18.5,0.881,0.264,Yes,Income,13.1,0.0,51688.0
250277561011,Charlton,2286.0,0.0,,,,1.0,0.159,No,,,,
250277561012,Charlton,1186.0,0.752,SOUTHBRIDGE WATER DEPARTMENT,0.0,0.0,0.248,0.167,No,,,,
250277561013,Charlton,1066.0,0.169,CADY BROOK CROSSING CONDOMINIUMS; SOUTHBRIDGE WATER DEPARTMENT,0.0,0.0,0.831,0.155,No,,,,
250277561021,Charlton,3075.0,0.033,SOUTHBRIDGE WATER DEPARTMENT,0.0,0.0,0.967,0.153,No,,,,
250277561022,Charlton,2255.0,0.004,SOUTHBRIDGE WATER DEPARTMENT,0.0,0.0,0.996,0.104,No,,,,
250277561023,Charlton,1393.0,0.031,SOUTHBRIDGE WATER DEPARTMENT,0.0,0.0,0.969,0.152,No,,,,
250277561024,Charlton,2054.0,0.004,SOUTHBRIDGE WATER DEPARTMENT,0.0,0.0,0.996,0.115,No,,,,
250277571001,Southbridge,1294.0,0.782,SOUTHBRIDGE WATER DEPARTMENT,0.0,0.0,0.218,0.123,Yes,Minority,45.1,6.5,72500.0
250277571002,Southbridge,1620.0,1.0,SOUTHBRIDGE WATER DEPARTMENT,0.0,0.0,0.0,,Yes,Minority and income,40.0,2.7,42045.0
250277571003,Southbridge,977.0,1.0,SOUTHBRIDGE WATER DEPARTMENT,0.0,0.0,0.0,,Yes,Minority,34.9,8.4,61100.0
250277571004,Southbridge,739.0,1.0,SOUTHBRIDGE WATER DEPARTMENT,0.0,0.0,0.0,,Yes,Minority and income,39.5,5.8,54023.0
250277572001,Southbridge,1017.0,1.0,SOUTHBRIDGE WATER DEPARTMENT,0.0,0.0,0.0,,Yes,Minority and income,65.9,22.5,35089.0
250277572002,Southbridge,677.0,1.0,SOUTHBRIDGE WATER DEPARTMENT,0.0,0.0,0.0,,Yes,Minority and income,65.9,17.7,17188.0
250277572003,Southbridge,860.0,1.0,SOUTHBRIDGE WATER DEPARTMENT,0.0,0.0,0.0,,Yes,Minority and income,53.3,10.1,31438.0
250277573001,Southbridge,1302.0,1.0,SOUTHBRIDGE WATER DEPARTMENT,0.0,0.0,0.0,,Yes,Minority and income,51.8,7.6,47065.0
250277573002,Southbridge,1903.0,1.0,SOUTHBRIDGE WATER DEPARTMENT,0.0,0.0,0.0,,Yes,Minority and income,63.4,19.8,29858.0
250277574001,Southbridge,838.0,1.0,SOUTHBRIDGE WATER DEPARTMENT,0.0,0.0,0.0,,Yes,Minority,32.1,2.6,78462.0
250277574002,Southbridge,662.0,1.0,SOUTHBRIDGE WATER DEPARTMENT,0.0,0.0,0.0,,Yes,Minority,28.2,0.0,73558.0
250277574003,Southbridge,1313.0,1.0,SOUTHBRIDGE WATER DEPARTMENT,0.0,0.0,0.0,,Yes,Minority and income,37.9,10.1,50972.0
250277575001,Southbridge,1659.0,0.48,SOUTHBRIDGE WATER DEPARTMENT,0.0,0.0,0.52,0.084,Yes,Minority and income,41.8,6.6,37429.0
250277575002,Southbridge,913.0,1.0,SOUTHBRIDGE WATER DEPARTMENT,0.0,0.0,0.0,,Yes,Minority,26.9,1.6,61700.0
250277575003,Southbridge,726.0,0.431,SOUTHBRIDGE WATER DEPARTMENT,0.0,0.0,0.569,0.06,No,,,,
250277575004,Southbridge,1240.0,0.79,SOUTHBRIDGE WATER DEPARTMENT,0.0,0.0,0.21,0.07,No,,,,
250277581011,Sturbridge,1684.0,0.219,STURBRIDGE RETIREMENT COOP. CORP.; STURBRIDGE WATER DEPARTMENT,4.6,4.7,0.781,0.108,No,,,,
250277581031,Sturbridge,2155.0,0.02,STURBRIDGE WATER DEPARTMENT,3.1,3.3,0.98,0.147,No,,,,
250277581032,Sturbridge,1302.0,0.581,STURBRIDGE WATER DEPARTMENT,3.1,3.3,0.419,0.248,No,,,,
250277581033,Sturbridge,1525.0,0.18,STURBRIDGE WATER DEPARTMENT,3.1,3.3,0.82,0.186,No,,,,
250277581041,Sturbridge,1676.0,0.39,STURBRIDGE WATER DEPARTMENT,3.1,3.3,0.61,0.191,No,,,,
250277581042,Sturbridge,1525.0,0.381,STURBRIDGE WATER DEPARTMENT,3.1,3.3,0.619,0.194,No,,,,
250277591001,East Brookfield,2224.0,0.344,EAST BROOKFIELD WATER DEPARTMENT,0.0,0.0,0.656,0.114,No,,,,
250277601001,Brookfield,865.0,0.397,"BROOKFIELD WATER DEPARTMENT; NANATOMQUA MOBILE HOME PARK; WAGON WHEEL COMMUNITY, INC.",1.2,2.9,0.603,0.137,Yes,Income,7.4,0.0,34779.0
250277601002,Brookfield,1596.0,0.041,BROOKFIELD MEADOWS MHP,0.0,0.0,0.959,0.134,No,,,,
250277601003,Brookfield,978.0,0.632,BROOKFIELD WATER DEPARTMENT,0.0,0.0,0.368,0.143,No,,,,
250277611001,Warren,1339.0,0.291,WARREN WATER DISTRICT,0.0,2.4,0.709,0.171,Yes,Income,10.5,0.0,50128.0
250277611002,Warren,1046.0,0.281,WEST WARREN WATER DISTRICT,0.0,0.0,0.719,0.092,No,,,,
250277611003,Warren,982.0,0.774,WARREN WATER DISTRICT,0.0,2.4,0.226,0.143,Yes,Income,12.8,0.0,48711.0
250277611004,Warren,1608.0,0.085,HERITAGE ASSOCIATION,0.0,2.4,0.915,0.071,No,,,,
250277612001,Westborough,2352.0,0.932,WESTBOROUGH WATER DEPARTMENT,2.6,6.1,0.068,0.286,Yes,Minority,46.7,1.5,133317.0
250277612002,Westborough,2340.0,0.691,WESTBOROUGH WATER DEPARTMENT,2.6,6.1,0.309,0.277,Yes,Minority and income,52.4,21.6,53810.0
250277612003,Westborough,1897.0,1.0,WESTBOROUGH WATER DEPARTMENT,2.6,6.1,0.0,,Yes,Minority,27.7,2.5,79222.0
250277613001,Grafton,1049.0,0.796,GRAFTON WATER DISTRICT,10.7,10.5,0.204,0.295,No,,,,
250277613002,Grafton,1102.0,0.525,GRAFTON WATER DISTRICT,10.7,10.5,0.475,0.236,No,,,,
250277613003,Grafton,1285.0,1.0,GRAFTON WATER DISTRICT,10.7,10.5,0.0,,No,,,,
250277614011,Harvard,1100.0,0.05,HARVARD WATER DEPARTMENT,8.1,10.0,0.95,0.196,No,,,,
250277614012,Harvard,785.0,0.0,,,,1.0,0.208,No,,,,
250277614013,Harvard,1194.0,0.0,,,,1.0,0.189,No,,,,
250277614014,Harvard,1106.0,0.0,,,,1.0,0.159,No,,,,
250277614021,Harvard,1276.0,0.024,FOXGLOVE APARTMENTS,0.0,8.0,0.976,0.207,No,,,,
250277614022,Harvard,1390.0,1.0,DEVENS  MASSDEVELOPMENT,0.0,24.8,0.0,,Yes,Minority,47.7,0.0,133594.0
