unit_id,town,land_km2,population,reported_pfas_releases,risk_score,risk_per_km2_percentile
hex4_00000,Mount Washington,1.2906,0.5840397212788866,0,0.0065,0.14
hex4_00001,Mount Washington,2.6298,1.1900970645821058,0,0.01049,0.21
hex4_00002,Mount Washington,2.9046,1.3144328746326868,0,0.01727,0.48
hex4_00003,Mount Washington,1.5994,1.071732712541795,0,0.02623,1.36
hex4_00004,Mount Washington,0.4964,0.22464599627796428,0,0.00719,0.16
hex4_00005,Mount Washington,3.9991,1.9117246600569873,0,0.01223,0.13
hex4_00006,Mount Washington,3.9942,1.6711452925688182,0,0.01976,0.3
hex4_00007,Mount Washington,3.9876,22.877210829614313,0,0.04193,1.02
hex4_00008,Mount Washington,3.9995,13.193364352965911,0,0.06554,1.99
hex4_00009,Mount Washington,3.4386,3.2102595285713793,0,0.09929,6.57
hex4_00010,Egremont,2.1704,19.58713842271437,0,0.15227,34.42
hex4_00011,Egremont,0.8316,12.127339836194194,0,0.17055,45.16
hex4_00012,Mount Washington,2.7934,11.134232386778478,0,0.01809,0.57
hex4_00013,Mount Washington,3.7929,7.1651729651350085,0,0.02357,0.54
hex4_00014,Mount Washington,3.9793,47.62827193400998,0,0.04303,1.13
hex4_00015,Mount Washington,3.9899,28.47713462281571,0,0.07084,2.27
hex4_00016,Mount Washington,3.99,9.928005963192874,0,0.12037,7.45
hex4_00017,Egremont,3.9983,58.95013464611062,0,0.26297,30.93
hex4_00018,Egremont,3.8147,106.53618927505246,0,0.32425,44.98
hex4_00019,Egremont,3.7124,99.22257292650195,0,0.25321,33.08
hex4_00020,Egremont,2.6287,45.59936323383867,0,0.1454,23.77
hex4_00021,Alford,1.3276,20.826765227301433,0,0.12376,28.19
hex4_00022,Sheffield,0.5346,1.4305394785121732,0,0.01951,0.95
hex4_00023,Sheffield,3.9252,23.778018525930765,0,0.03614,0.91
hex4_00024,Mount Washington,3.9899,15.91503341401913,0,0.04521,1.18
hex4_00025,Mount Washington,3.9865,5.228715397960109,0,0.04978,1.27
hex4_00026,Mount Washington,3.9938,20.007561400351634,0,0.09513,4.24
hex4_00027,Egremont,3.9939,39.52448914039853,0,0.17401,16.7
hex4_00028,Egremont,3.9528,167.560867771401,0,0.29806,38.3
hex4_00029,Egremont,3.9843,121.3662772725517,0,0.37073,50.65
hex4_00030,Egremont,3.9566,162.09475795795822,0,0.29219,37.19
hex4_00031,Alford,3.9735,94.88061181783142,0,0.1892,18.81
hex4_00032,Alford,3.9918,73.25983983320003,0,0.17737,17.06
hex4_00033,Alford,3.2344,22.675614880379364,0,0.1316,14.46
hex4_00034,Alford,1.9107,18.49935181046065,0,0.08957,17.2
hex4_00035,Alford,0.6263,5.888212158890212,0,0.08063,14.3
hex4_00036,Sheffield,3.0088,27.410422322693588,0,0.0452,1.7
hex4_00037,Sheffield,3.9964,57.78259352004438,0,0.08011,2.74
hex4_00038,Sheffield,3.9649,92.61856068269827,0,0.0902,3.87
hex4_00039,Sheffield,3.9636,65.7869178353008,0,0.08097,2.97
hex4_00040,Sheffield,3.9349,66.57361091328,0,0.13046,9.31
hex4_00041,Egremont,3.9771,163.96115883623213,0,0.24398,27.89
hex4_00042,Egremont,3.9907,195.66950607795394,0,0.3216,42.01
hex4_00043,Egremont,3.9514,151.90899806948642,0,0.34103,46.07
hex4_00044,Great Barrington,3.9738,67.57312906032004,0,0.24509,28.08
hex4_00045,Alford,3.9804,117.87290585985926,0,0.3017,38.5
hex4_00046,Alford,3.9865,48.439327184206135,0,0.15328,12.9
hex4_00047,Alford,3.9897,37.72278985176539,0,0.13838,10.36
hex4_00048,Alford,3.9931,44.63576800043029,0,0.12754,8.27
hex4_00049,West Stockbridge,3.6676,48.53231669816399,0,0.13186,11.15
hex4_00050,West Stockbridge,2.4808,43.53024527576188,0,0.17977,36.14
hex4_00051,West Stockbridge,1.1109,53.38371362512528,0,0.21458,60.57
hex4_00052,Sheffield,0.8751,4.628029380660787,0,0.04091,2.99
hex4_00053,Sheffield,3.9978,48.682622794290126,0,0.09559,4.33
hex4_00054,Sheffield,3.9481,44.29262409079073,0,0.14533,11.88
hex4_00055,Sheffield,3.9067,91.5051324856986,0,0.08888,3.88
hex4_00056,Sheffield,3.9402,57.73784300818585,0,0.09427,4.35
hex4_00057,Sheffield,3.9072,51.519227844480085,0,0.12116,7.84
hex4_00058,Great Barrington,3.9699,61.174297102830195,0,0.2045,21.17
hex4_00059,Great Barrington,3.9439,157.62835650437535,0,0.2694,33.2
hex4_00060,Great Barrington,3.9669,172.16464390456946,0,0.27717,34.15
hex4_00061,Great Barrington,3.8057,157.68478466197962,0,0.27888,36.78
hex4_00062,Great Barrington,3.6915,56.52152461911394,0,0.16644,17.34
hex4_00063,Great Barrington,3.8322,73.86049398075784,0,0.17452,17.56
hex4_00064,West Stockbridge,3.9989,27.902559314291125,0,0.15884,13.85
hex4_00065,West Stockbridge,3.984,46.34954510405051,0,0.14725,11.99
hex4_00066,West Stockbridge,3.9895,44.384081778017396,0,0.18439,18.08
hex4_00067,West Stockbridge,3.9192,99.74974342944336,0,0.2635,32.18
hex4_00068,Richmond,3.919,98.64974122363631,0,0.25557,30.43
hex4_00069,Richmond,3.03,24.043867952623195,0,0.22805,38.23
hex4_00070,Richmond,1.6729,23.134590949773965,0,0.24972,70.75
hex4_00071,Richmond,0.4365,4.58146652548254,0,0.19495,54.05
hex4_00072,Sheffield,3.3826,28.575007757367747,0,0.08575,4.83
hex4_00073,Sheffield,3.994,62.75420301836221,0,0.13859,10.38
hex4_00074,Sheffield,3.9884,153.70484136766675,0,0.12514,8.04
hex4_00075,Sheffield,3.8741,345.71430412944824,0,0.14577,12.42
hex4_00076,Sheffield,3.6,71.34046116199784,0,0.10818,7.32
hex4_00077,Sheffield,3.8338,101.4378373314923,0,0.28465,37.5
hex4_00078,Great Barrington,3.8881,136.13524078149732,0,0.25987,31.72
hex4_00079,Great Barrington,3.9317,1583.5307581814861,0,0.3659,50.67
hex4_00080,Great Barrington,3.871,970.5877034702856,0,0.31111,41.83
hex4_00081,Great Barrington,3.9045,319.66658653103207,0,0.234,26.72
hex4_00082,Great Barrington,3.8047,1199.8122408685524,0,0.4345,64.88
hex4_00083,West Stockbridge,3.909,287.2480071658494,0,0.21204,22.98
hex4_00084,West Stockbridge,3.9678,86.41378645160674,0,0.17676,17.11
hex4_00085,West Stockbridge,3.9628,61.421067505186286,0,0.25511,29.91
hex4_00086,West Stockbridge,3.9837,126.11349360237054,0,0.37156,50.83
hex4_00087,West Stockbridge,3.713,353.13646099824734,0,0.44453,67.84
hex4_00088,Richmond,3.9634,164.33812096535274,0,0.4424,63.2
hex4_00089,Richmond,3.9716,104.90434716377229,0,0.31229,40.29
hex4_00090,Richmond,3.9941,50.83969369417777,0,0.3099,39.54
hex4_00091,Richmond,3.495,51.36442292471469,0,0.21638,28.21
hex4_00092,Hancock,2.2343,16.25367531574449,0,0.12252,23.39
hex4_00093,Hancock,0.8927,5.916280995475228,0,0.10994,23.45
hex4_00094,Sheffield,1.1864,29.534256170353455,0,0.0836,15.43
hex4_00095,Sheffield,3.6662,183.39429644401193,0,0.15556,15.89
hex4_00096,Sheffield,3.9496,150.7744788654174,0,0.11891,7.36
hex4_00097,Sheffield,3.6695,198.94811605355386,0,0.11764,8.39
hex4_00098,Sheffield,3.7669,111.92865049396258,0,0.08583,3.92
hex4_00099,Sheffield,3.9696,62.134416029845326,0,0.12696,8.32
hex4_00100,Great Barrington,3.9911,72.85893519093122,0,0.14499,11.49
hex4_00101,Great Barrington,3.9173,89.19159153787906,0,0.1536,13.46
hex4_00102,Great Barrington,3.895,909.7718131629166,0,0.33201,45.14
hex4_00103,Great Barrington,3.7743,232.94409247917287,0,0.21263,24.65
hex4_00104,Great Barrington,3.861,181.04310466243953,0,0.3483,48.94
hex4_00105,Stockbridge,3.9684,105.83989658884198,0,0.25733,30.21
hex4_00106,Stockbridge,3.8844,118.43511793032549,0,0.31402,42.12
hex4_00107,Stockbridge,3.9629,83.60446192772673,0,0.21749,23.43
hex4_00108,Stockbridge,3.938,54.25243045493558,0,0.24559,28.44
hex4_00109,West Stockbridge,3.9614,89.02704100615449,0,0.23117,25.83
hex4_00110,Richmond,3.9908,137.93125679119325,0,0.31967,41.56
hex4_00111,Richmond,3.9836,158.8884081863082,0,0.36542,49.83
hex4_00112,Richmond,3.9896,102.293277550913,0,0.26347,31.14
hex4_00113,Richmond,3.9947,155.84882976946162,0,0.20094,20.46
hex4_00114,Hancock,3.9969,42.50118452557883,0,0.17011,15.97
hex4_00115,Hancock,3.9966,26.48834128744233,0,0.09888,4.6
hex4_00116,Hancock,3.8762,25.690066587092428,0,0.10408,5.35
hex4_00117,Hancock,2.7992,8.733930113922662,0,0.05877,3.2
hex4_00118,Hancock,1.4351,2.3568387111384266,0,0.04933,4.56
hex4_00119,Sheffield,3.6097,359.4931160808496,0,0.17478,19.28
hex4_00120,Sheffield,3.9009,122.99339330070963,0,0.18513,18.7
hex4_00121,Sheffield,3.8794,92.32264333669055,0,0.13134,9.77
hex4_00122,Sheffield,3.984,85.44186902898572,0,0.06276,1.79
hex4_00123,Sheffield,3.9608,52.01431394212834,0,0.07754,2.67
hex4_00124,Sheffield,3.9956,36.18085181754434,0,0.08374,3.19
hex4_00125,Great Barrington,3.99,72.68891297738395,0,0.09801,4.49
hex4_00126,Great Barrington,3.9923,101.16335275108743,0,0.12047,7.46
hex4_00127,Great Barrington,3.9786,98.06117984303877,0,0.13427,9.67
hex4_00128,Great Barrington,3.8864,101.2028050765797,0,0.22017,24.84
hex4_00129,Great Barrington,3.9934,65.8060875830382,0,0.3205,41.76
hex4_00130,Stockbridge,3.9577,103.26937010849736,0,0.24982,29.01
hex4_00131,Stockbridge,3.8221,352.79291510029316,0,0.28199,37.14
hex4_00132,Stockbridge,3.9925,169.37060652947446,0,0.38426,53.07
hex4_00133,Stockbridge,3.366,132.58850448063703,0,0.29084,46.12
hex4_00134,Stockbridge,3.5569,51.396476971908555,0,0.24676,33.81
hex4_00135,Lenox,3.9514,51.75810247951761,0,0.30793,39.79
hex4_00136,Richmond,3.9749,112.07258924436661,0,0.34077,45.62
hex4_00137,Richmond,3.7713,180.05558708759347,0,0.17745,18.45
hex4_00138,Pittsfield,3.42,84.30983199023235,0,0.21223,28.3
hex4_00139,Pittsfield,3.9935,68.4695866896337,0,0.19977,20.23
hex4_00140,Hancock,3.9974,106.84635358458281,0,0.18887,18.61
hex4_00141,Hancock,3.9865,14.482968187648307,0,0.08348,3.15
hex4_00142,Hancock,3.9792,5.4037853874860335,0,0.06751,2.09
hex4_00143,Hancock,3.9982,8.8940998367404,0,0.09263,4.08
hex4_00144,Hancock,3.3142,55.40994442274587,0,0.14039,15.84
hex4_00145,Hancock,2.0092,27.614810473392094,0,0.09698,19.21
hex4_00146,Hancock,0.7023,7.688416668534951,0,0.08053,14.23
hex4_00147,New Marlborough,1.7907,104.16278703950836,0,0.09967,20.15
hex4_00148,New Marlborough,3.99,219.303632557221,0,0.19811,20.1
hex4_00149,New Marlborough,3.9957,100.12998789521583,0,0.16918,15.8
hex4_00150,New Marlborough,3.9981,57.845255470144814,0,0.12404,7.86
hex4_00151,Sheffield,3.9959,99.15821861075095,0,0.07801,2.63
hex4_00152,Sheffield,3.695,46.164221648017715,0,0.071,2.56
hex4_00153,Great Barrington,3.9905,68.80406489297073,0,0.08328,3.11
hex4_00154,Great Barrington,3.8837,107.80583506740243,0,0.11558,7.14
hex4_00155,Great Barrington,3.9454,42.19813969244953,0,0.10367,5.21
hex4_00156,Great Barrington,3.9948,6.492745116816549,0,0.12039,7.39
hex4_00157,Great Barrington,3.9998,3.67315013648114,0,0.17025,15.98
hex4_00158,Stockbridge,3.9992,24.90414868174456,0,0.16068,14.18
hex4_00159,Stockbridge,3.9248,410.47741013103183,0,0.32077,42.8
hex4_00160,Stockbridge,3.9855,149.4206475477842,0,0.16892,15.88
hex4_00161,Stockbridge,3.985,41.85249089391054,0,0.21056,21.94
hex4_00162,Stockbridge,3.3708,111.61695206512996,0,0.23077,33.29
hex4_00163,Lenox,3.9304,190.16127753976235,0,0.32403,43.24
hex4_00164,Lenox,3.9525,48.808998974996186,0,0.28477,35.78
hex4_00165,Lenox,3.9505,49.61987563047635,0,0.32507,43.1
hex4_00166,Pittsfield,3.7416,202.13670581078733,0,0.31874,45.1
hex4_00167,Pittsfield,3.9956,1185.9199478754078,0,0.58982,81.56
hex4_00168,Pittsfield,3.9886,615.7793033945031,0,0.56072,78.56
hex4_00169,Pittsfield,3.9945,125.5892197219409,0,0.23714,26.4
hex4_00170,Pittsfield,3.9846,31.93276645451232,0,0.1559,13.39
hex4_00171,Hancock,3.9728,13.58458337602911,0,0.12063,7.55
hex4_00172,Hancock,3.9993,9.139382021339788,0,0.13487,9.65
hex4_00173,Hancock,3.9982,49.9639779272802,0,0.1345,9.59
hex4_00174,Hancock,3.9972,58.10108120370536,0,0.16643,15.25
hex4_00175,Hancock,3.742,38.82398782221506,0,0.1144,7.62
hex4_00176,Hancock,2.5809,24.3290107795776,0,0.14919,25.4
hex4_00177,Hancock,1.2176,10.558964281231273,0,0.13662,33.22
hex4_00178,New Marlborough,3.9822,42.822880971958455,0,0.08962,3.78
hex4_00179,New Marlborough,3.9773,87.72222518042439,0,0.14666,11.94
hex4_00180,New Marlborough,3.999,70.72557681779314,0,0.12994,8.72
hex4_00181,New Marlborough,3.9861,94.50543981715089,0,0.11663,6.78
hex4_00182,New Marlborough,3.9205,33.64555220144188,0,0.09648,4.53
hex4_00183,New Marlborough,3.935,124.96986976594269,0,0.15488,13.57
hex4_00184,Monterey,3.1813,165.2273799744103,0,0.19506,27.85
hex4_00185,Monterey,3.924,55.183369740650065,0,0.1658,15.7
hex4_00186,Monterey,3.9151,6.4356148911637865,0,0.09799,4.67
hex4_00187,Great Barrington,3.9591,1.332178316245314,0,0.1024,5.03
hex4_00188,Great Barrington,3.9963,10.24076279549139,0,0.15627,13.37
hex4_00189,Lee,3.9425,172.20294978131264,0,0.2101,22.3
hex4_00190,Lee,3.989,259.63752227720613,0,0.16743,15.55
hex4_00191,Lee,3.9905,232.92984489876955,0,0.12869,8.56
hex4_00192,Lenox,3.641,200.15723040474253,0,0.30066,43.35
hex4_00193,Lenox,3.973,540.4498213628816,0,0.49779,71.13
hex4_00194,Lenox,3.9975,921.1096335087486,0,0.58875,81.46
hex4_00195,Lenox,3.9316,258.6708979729934,0,0.34235,46.5
hex4_00196,Lenox,3.9236,92.87202908186052,0,0.27595,34.56
hex4_00197,Pittsfield,3.9311,126.92647818346543,0,0.37207,51.8
hex4_00198,Pittsfield,3.9776,1902.2251152332242,0,0.65046,87.58
hex4_00199,Pittsfield,2.3922,579.6094788359974,0,0.31246,73.83
hex4_00200,Pittsfield,3.2338,259.41810313246214,0,0.25274,39.95
hex4_00201,Lanesborough,3.9954,143.209241591029,0,0.21215,22.16
hex4_00202,Lanesborough,3.9989,21.275233979920422,0,0.17378,16.57
hex4_00203,Lanesborough,3.9991,14.020800995646301,0,0.15938,13.96
hex4_00204,Hancock,3.9936,41.59719179970989,0,0.15422,13.01
hex4_00205,Hancock,3.985,44.08504823942555,0,0.13561,9.88
hex4_00206,Hancock,3.9912,45.91712716421716,0,0.19969,20.24
hex4_00207,Hancock,3.9979,55.73761178232341,0,0.21799,23.16
hex4_00208,Williamstown,3.9882,28.00752844348501,0,0.14217,10.94
hex4_00209,Williamstown,3.1165,12.181092091444391,0,0.09572,7.7
hex4_00210,Williamstown,1.775,6.937588116818991,0,0.07233,11.35
hex4_00211,Williamstown,0.514,2.009144105109159,0,0.06841,10.02
hex4_00212,New Marlborough,2.3543,54.128959951696054,0,0.0722,7.64
hex4_00213,New Marlborough,3.9979,31.02559805767197,0,0.09775,4.46
hex4_00214,New Marlborough,3.9917,63.67252374405491,0,0.12446,7.93
hex4_00215,New Marlborough,3.9986,80.67077494503579,0,0.13063,8.95
hex4_00216,New Marlborough,3.9846,69.25225517750735,0,0.12537,8.05
hex4_00217,New Marlborough,3.9911,29.210000264381563,0,0.14273,11.03
hex4_00218,New Marlborough,3.8883,105.33110799655653,0,0.27089,34.03
hex4_00219,Monterey,3.9462,144.13280061404942,0,0.287,36.33
hex4_00220,Monterey,3.9785,14.667101704343033,0,0.14456,11.51
hex4_00221,Monterey,3.9791,5.266306510036749,0,0.10576,5.3
hex4_00222,Great Barrington,3.9886,3.9965881361292377,0,0.12348,7.79
hex4_00223,Lee,3.9906,26.23706270630181,0,0.15539,13.19
hex4_00224,Lee,3.8732,215.75859105749547,0,0.26448,33.18
hex4_00225,Lee,3.9714,984.2392365185133,0,0.18063,17.54
hex4_00226,Lee,3.632,933.1891100589452,0,0.32958,49.36
hex4_00227,Lenox,3.9334,485.1039875505594,0,0.56028,79.38
hex4_00228,Lenox,3.9977,867.9187867959814,0,0.48026,68.1
hex4_00229,Lenox,3.9968,291.7726182169919,0,0.32575,42.56
hex4_00230,Lenox,3.9912,788.2181571583252,0,0.41516,58.55
hex4_00231,Pittsfield,3.9154,396.1937827264365,0,0.37534,52.75
hex4_00232,Pittsfield,3.8988,2382.3884847795166,0,0.54676,78.38
hex4_00233,Pittsfield,3.9392,6708.892334103401,0,0.7384,93.56
hex4_00234,Pittsfield,3.6592,2044.5653213787352,0,0.48857,75.34
hex4_00235,Pittsfield,3.5392,1037.3001045393316,0,0.33049,50.92
hex4_00236,Lanesborough,3.9487,291.553892166971,0,0.27629,34.24
hex4_00237,Lanesborough,3.9863,57.5943730772825,0,0.20374,20.94
hex4_00238,Lanesborough,3.9855,36.30824623408604,0,0.17341,16.66
hex4_00239,Lanesborough,3.9906,41.25628315426779,0,0.11302,6.09
hex4_00240,Hancock,3.99,32.464389892593736,0,0.17668,17.0
hex4_00241,New Ashford,3.9915,30.804971735709692,0,0.18812,18.54
hex4_00242,Hancock,3.9909,44.662269383254966,0,0.20906,21.69
hex4_00243,Williamstown,3.9975,55.22003019061889,0,0.17126,16.14
hex4_00244,Williamstown,3.9973,62.07495002052626,0,0.14929,12.22
hex4_00245,Williamstown,3.9982,15.627516618403229,0,0.11379,6.23
hex4_00246,Williamstown,3.5713,13.822269128313138,0,0.13003,11.56
hex4_00247,Williamstown,2.3368,9.310195832751045,0,0.13699,25.99
hex4_00248,Williamstown,0.814,3.4546026312386644,0,0.12855,29.82
hex4_00249,New Marlborough,3.8278,42.69607733775842,0,0.08294,3.47
hex4_00250,New Marlborough,3.9323,18.39491123830224,0,0.10067,4.92
hex4_00251,New Marlborough,3.9912,80.37979794285347,0,0.23888,26.63
hex4_00252,New Marlborough,3.9719,44.47087955057675,0,0.13594,10.08
hex4_00253,New Marlborough,3.9831,31.596091142543713,0,0.12477,8.02
hex4_00254,New Marlborough,3.9922,54.84968556090455,0,0.1595,14.07
hex4_00255,Monterey,3.9931,70.93423674359951,0,0.24972,28.57
hex4_00256,Monterey,3.9749,47.87708237607784,0,0.18291,17.9
hex4_00257,Monterey,3.9726,7.892859245545292,0,0.13684,10.2
hex4_00258,Monterey,3.9704,11.931457539053127,0,0.13568,9.99
hex4_00259,Tyringham,3.9975,7.2145660342794,0,0.1464,11.71
hex4_00260,Lee,3.9976,36.59291175040663,0,0.14296,11.01
hex4_00261,Lee,3.9395,411.50487680789104,0,0.25315,29.77
hex4_00262,Lee,3.9695,1515.9380790300636,0,0.46557,66.76
hex4_00263,Lee,3.9339,735.5659500066331,0,0.62986,86.36
hex4_00264,Lee,3.5874,84.67434995258937,0,0.36322,56.9
hex4_00265,Lenox,3.701,29.412437895020542,0,0.20777,24.47
hex4_00266,Lenox,3.8045,82.31254914498165,0,0.18296,19.04
hex4_00267,Pittsfield,3.8182,273.3709579277846,0,0.20266,22.1
hex4_00268,Pittsfield,3.8257,984.7855110806076,0,0.2739,35.42
hex4_00269,Pittsfield,3.824,6561.868502752703,0,0.56837,82.03
hex4_00270,Pittsfield,3.973,6858.724369142571,0,0.58297,81.12
hex4_00271,Pittsfield,3.7328,1677.8542232043194,0,0.33424,48.45
hex4_00272,Lanesborough,2.7181,741.6932302743453,0,0.20711,38.75
hex4_00273,Lanesborough,3.9977,276.4161472703033,1,0.22965,25.2
hex4_00274,Lanesborough,3.9921,154.69145040339697,0,0.24701,28.17
hex4_00275,Lanesborough,3.9924,116.19680024507869,0,0.20314,20.73
hex4_00276,Lanesborough,3.9928,46.75370842868119,0,0.19481,19.49
hex4_00277,New Ashford,3.9869,94.83430137512077,0,0.34686,46.47
hex4_00278,New Ashford,3.9997,31.099108673272067,0,0.17119,16.13
hex4_00279,Williamstown,3.9984,18.0438352445916,0,0.20342,20.71
hex4_00280,Williamstown,3.9971,103.91572671918972,0,0.25487,29.5
hex4_00281,Williamstown,3.9899,140.7624983119408,0,0.22462,24.63
hex4_00282,Williamstown,3.9961,31.292605299424736,0,0.22238,24.22
hex4_00283,Williamstown,3.9983,37.49029882755108,0,0.32162,41.95
hex4_00284,Williamstown,3.9975,21.233874977828055,0,0.22434,24.43
hex4_00285,New Marlborough,2.5892,0.8944471237300071,0,0.03649,1.45
hex4_00286,New Marlborough,3.3065,6.3117354676608155,0,0.06724,2.88
hex4_00287,New Marlborough,3.9893,21.50849838931026,0,0.12024,7.41
hex4_00288,New Marlborough,3.9823,27.821547926638367,0,0.15507,13.21
hex4_00289,New Marlborough,3.9046,22.540979513473225,0,0.1345,10.18
hex4_00290,New Marlborough,3.9478,25.354156579489455,0,0.13667,10.29
hex4_00291,Monterey,3.977,41.65590031349672,0,0.16345,14.84
hex4_00292,Monterey,3.4168,218.3039608244248,0,0.27207,41.11
hex4_00293,Monterey,3.9469,87.96244255680965,0,0.18358,18.2
hex4_00294,Tyringham,3.9547,17.762214611347204,0,0.23645,26.56
hex4_00295,Tyringham,3.9917,45.619943572729575,0,0.28501,35.28
hex4_00296,Tyringham,3.9985,62.60747578204148,0,0.2379,26.49
hex4_00297,Tyringham,3.889,106.21491835899525,0,0.40223,58.12
hex4_00298,Lee,3.9831,216.0158266920607,1,0.2636,31.23
hex4_00299,Lee,3.9492,36.50276737509437,0,0.28646,36.24
hex4_00300,Lee,3.9169,7.370253642739801,0,0.20807,22.18
hex4_00301,Washington,3.7177,0.44406150684339196,0,0.12824,10.22
hex4_00302,Washington,3.929,0.03895365648041607,0,0.09085,4.05
hex4_00303,Washington,3.9092,38.97682016670061,0,0.14365,11.85
hex4_00304,Pittsfield,3.9993,211.6313796333062,0,0.3334,43.92
hex4_00305,Pittsfield,3.9793,2572.1371899061314,0,0.48392,69.07
hex4_00306,Pittsfield,3.8934,2411.8650825681466,0,0.49751,72.22
hex4_00307,Pittsfield,3.9933,1373.5821414068748,0,0.31518,40.52
hex4_00308,Lanesborough,3.9932,409.8103121866101,0,0.25517,29.53
hex4_00309,Lanesborough,3.9991,363.5797138840036,0,0.29159,36.53
hex4_00310,Lanesborough,3.9996,111.56887526596597,0,0.19247,19.1
hex4_00311,Lanesborough,3.9958,91.47740306191893,0,0.18755,18.42
hex4_00312,Lanesborough,3.9926,43.36991803649817,0,0.2128,22.32
hex4_00313,New Ashford,3.9852,25.925214344092854,0,0.25185,29.05
hex4_00314,New Ashford,3.9964,35.08155539175745,0,0.21785,23.13
hex4_00315,New Ashford,3.9989,29.16031201468898,0,0.13184,9.13
hex4_00316,Williamstown,3.9967,23.05611667413468,0,0.21882,23.38
hex4_00317,Williamstown,3.9978,29.977332758275047,0,0.23425,25.95
hex4_00318,Williamstown,3.9926,138.43265016050498,0,0.32577,42.71
hex4_00319,Williamstown,3.9972,204.05421252253697,0,0.39991,56.04
hex4_00320,Williamstown,3.9698,113.76385516845922,0,0.47408,67.59
hex4_00321,Williamstown,2.2488,25.79202607740682,0,0.47378,97.01
hex4_00322,New Marlborough,0.6946,0.34586143525140023,0,0.02068,0.98
hex4_00323,New Marlborough,3.866,2.1753616195419405,0,0.04989,1.32
hex4_00324,New Marlborough,3.5762,14.65131495924676,0,0.09308,5.08
hex4_00325,New Marlborough,3.8717,12.788638539607971,0,0.1417,11.67
hex4_00326,New Marlborough,3.9296,13.90383850070757,0,0.11526,6.86
hex4_00327,New Marlborough,3.9647,14.943235114769914,0,0.12014,7.5
hex4_00328,Monterey,3.9552,34.22997038624999,0,0.12746,8.54
hex4_00329,Monterey,3.5299,83.64443172489345,0,0.13967,13.67
hex4_00330,Monterey,3.8977,42.29485482732963,0,0.15201,13.32
hex4_00331,Tyringham,3.9837,32.36637120729533,0,0.22202,24.25
hex4_00332,Tyringham,3.9936,34.29620581904615,0,0.19789,20.05
hex4_00333,Tyringham,3.9993,21.33290740625198,0,0.17166,16.18
hex4_00334,Tyringham,3.7995,46.15997121886042,0,0.19298,20.66
hex4_00335,Lee,3.2829,75.71567992596727,0,0.17676,22.8
hex4_00336,Lee,3.9448,10.781456783526382,0,0.12572,8.23
hex4_00337,Washington,3.9424,2.326243237382646,0,0.11701,7.07
hex4_00338,Washington,3.7582,0.0,0,0.08949,4.21
hex4_00339,Washington,3.7397,0.0,0,0.08031,3.38
hex4_00340,Washington,3.9641,0.5421009113104246,0,0.08335,3.26
hex4_00341,Washington,3.9948,18.010337190851068,0,0.21044,21.87
hex4_00342,Dalton,3.9957,827.1533327273866,0,0.5759,80.01
hex4_00343,Pittsfield,3.9799,1497.7222364960587,0,0.75998,94.22
hex4_00344,Pittsfield,3.9009,593.4087081822962,0,0.72004,93.09
hex4_00345,Pittsfield,3.9831,762.0097563074931,0,0.38791,53.96
hex4_00346,Lanesborough,3.8264,230.7368030265118,0,0.24323,29.34
hex4_00347,Lanesborough,3.3407,165.68407984879454,0,0.18174,23.07
hex4_00348,Cheshire,3.7171,103.12551001628043,0,0.18946,20.82
hex4_00349,Cheshire,3.9959,72.31743674507621,0,0.14506,11.4
hex4_00350,Cheshire,3.9989,36.472871305278744,0,0.23029,25.26
hex4_00351,New Ashford,3.9997,17.7687868939349,0,0.26257,30.77
hex4_00352,New Ashford,3.9998,3.667520458159946,0,0.14287,10.99
hex4_00353,Williamstown,3.997,11.344308609566703,0,0.14571,11.62
hex4_00354,Williamstown,3.9968,11.578536509520767,0,0.18297,17.77
hex4_00355,Williamstown,3.9972,111.40561684976265,0,0.38462,53.03
hex4_00356,Williamstown,3.9965,505.1251694137866,0,0.62868,85.43
hex4_00357,Williamstown,3.9524,3543.261475468681,0,0.74203,93.61
hex4_00358,Williamstown,3.9455,807.5753318543693,0,0.58773,82.1
hex4_00359,Sandisfield,3.2199,6.11713898693486,0,0.03641,1.16
hex4_00360,Sandisfield,3.9573,48.988009228310595,0,0.08328,3.29
hex4_00361,Sandisfield,3.9518,12.628888949448214,0,0.08067,2.94
hex4_00362,Sandisfield,3.9174,23.087719741665275,0,0.12813,8.97
hex4_00363,Sandisfield,3.7797,68.27303925635908,0,0.12472,9.15
hex4_00364,Sandisfield,3.9234,40.580346187031736,0,0.11317,6.55
hex4_00365,Sandisfield,3.8876,44.050775025608544,0,0.11589,7.2
hex4_00366,Monterey,3.8889,44.56708825782232,0,0.15291,13.55
hex4_00367,Tyringham,3.9688,30.372258511947617,0,0.15772,13.87
hex4_00368,Tyringham,3.9546,11.201370221797802,0,0.15444,13.33
hex4_00369,Tyringham,3.9883,21.579914944342054,0,0.16992,16.0
hex4_00370,Tyringham,3.9889,11.676236638538144,0,0.16539,15.12
hex4_00371,Tyringham,3.8196,20.23327245308967,0,0.15586,14.55
hex4_00372,Lee,3.9044,50.29321231917615,0,0.1067,5.6
hex4_00373,Washington,3.9243,3.7709920516010556,0,0.08611,3.62
hex4_00374,Washington,3.9876,1.3115480867696077,0,0.09497,4.22
hex4_00375,Washington,3.9215,1.2294173920093434,0,0.12788,8.88
hex4_00376,Washington,3.4244,0.0590734075017955,0,0.12554,11.76
hex4_00377,Washington,3.9818,5.311313630305886,0,0.1864,18.33
hex4_00378,Dalton,3.9154,43.184488950507614,0,0.28415,36.28
hex4_00379,Dalton,3.9964,73.00354431369576,0,0.4542,64.4
hex4_00380,Dalton,3.9993,689.2950711385338,0,0.41192,57.9
hex4_00381,Dalton,3.9552,1957.5857347708065,0,0.71345,92.14
hex4_00382,Dalton,3.9831,165.16782567887998,0,0.23549,26.28
hex4_00383,Cheshire,3.9951,73.93193661481837,0,0.25828,30.09
hex4_00384,Cheshire,3.7337,266.9021861467405,0,0.28177,38.32
hex4_00385,Cheshire,2.9706,358.18101453173136,0,0.37996,72.36
hex4_00386,Cheshire,3.9952,146.12274221754762,0,0.22199,24.15
hex4_00387,Cheshire,3.996,46.47844581878049,0,0.20368,20.83
hex4_00388,New Ashford,3.9977,1.6826804475187183,0,0.13416,9.54
hex4_00389,New Ashford,3.9962,4.803938983746818,0,0.11699,6.82
hex4_00390,Williamstown,3.9974,9.590205116314513,0,0.15861,13.78
hex4_00391,Williamstown,3.9833,11.659346131936397,0,0.27744,34.01
hex4_00392,Williamstown,3.9935,328.8051732204769,0,0.47181,66.99
hex4_00393,Williamstown,3.9476,834.1608639237462,0,0.6302,86.22
hex4_00394,Williamstown,3.9734,411.47075734810005,0,0.49843,71.25
hex4_00395,Williamstown,1.8718,136.12587002817253,0,0.50615,99.16
hex4_00396,Sandisfield,1.1173,4.884874753165837,0,0.03212,1.83
hex4_00397,Sandisfield,3.9618,33.564670738252296,0,0.07013,2.24
hex4_00398,Sandisfield,3.9483,35.400307047651935,0,0.10938,5.83
hex4_00399,Sandisfield,3.9331,38.21509903165009,0,0.14494,11.9
hex4_00400,Sandisfield,3.9563,40.52987906184418,0,0.24699,28.49
hex4_00401,Sandisfield,3.8815,18.559491027924064,0,0.10831,5.92
hex4_00402,Sandisfield,3.9351,25.636388983420808,0,0.106,5.41
hex4_00403,Sandisfield,3.9627,54.893391250766534,0,0.1419,11.06
hex4_00404,Otis,3.9543,73.20522900034689,0,0.18599,18.44
hex4_00405,Otis,3.7722,29.10243390716286,0,0.14571,13.03
hex4_00406,Otis,3.9554,17.010430518338335,0,0.14686,12.08
hex4_00407,Becket,3.942,47.13879058455678,0,0.23253,26.24
hex4_00408,Becket,3.9295,28.759078642635895,0,0.21168,22.82
hex4_00409,Becket,3.6635,24.299590227290125,0,0.14599,13.94
hex4_00410,Becket,3.6989,7.066628931975174,0,0.1063,6.46
hex4_00411,Becket,3.8963,7.307416016268494,0,0.13199,9.79
hex4_00412,Washington,3.9944,2.9366815245133298,0,0.21483,22.73
hex4_00413,Washington,3.9961,4.394357496093059,0,0.27508,33.43
hex4_00414,Washington,3.9925,9.819894579717081,0,0.27188,32.97
hex4_00415,Washington,3.9968,27.353189521730798,0,0.32837,43.05
hex4_00416,Hinsdale,3.9796,19.624488536568556,0,0.25725,30.07
hex4_00417,Hinsdale,3.9862,74.36602073127203,0,0.23672,26.42
hex4_00418,Dalton,3.987,718.7595187766252,0,0.45568,64.94
hex4_00419,Dalton,3.8841,1334.4941544826702,0,0.46013,67.23
hex4_00420,Dalton,3.9802,180.55231504308136,0,0.25232,29.17
hex4_00421,Dalton,3.9962,17.326242027524025,0,0.2066,21.35
hex4_00422,Cheshire,3.9954,71.8394985573344,0,0.26932,32.38
hex4_00423,Cheshire,3.9889,923.9741093200699,0,0.48747,69.52
hex4_00424,Cheshire,3.9846,290.08246916088547,0,0.26637,31.77
hex4_00425,Adams,3.9954,90.34702996130434,0,0.27158,32.9
hex4_00426,Adams,3.9898,27.846558959697994,0,0.18937,18.72
hex4_00427,Adams,3.9942,2.74815523071685,0,0.184,17.95
hex4_00428,Adams,3.9785,2.133136688909805,0,0.1696,16.04
hex4_00429,North Adams,3.8517,21.722069831388414,0,0.29495,39.04
hex4_00430,North Adams,3.9286,1684.9438476133064,0,0.55704,79.09
hex4_00431,Clarksburg,3.9991,50.26419858143319,0,0.30565,38.86
hex4_00432,Clarksburg,3.8198,50.12413295489987,0,0.33379,46.75
hex4_00433,Sandisfield,3.5613,14.645915572767862,0,0.05211,1.59
hex4_00434,Sandisfield,3.9181,12.089839221910532,0,0.07923,2.83
hex4_00435,Sandisfield,3.9491,12.33093239728256,0,0.10879,5.75
hex4_00436,Sandisfield,3.9442,39.14316757195548,0,0.13992,10.88
hex4_00437,Sandisfield,3.9152,27.534601797808197,0,0.12367,8.09
hex4_00438,Sandisfield,3.9057,18.156178703900448,0,0.11585,7.03
hex4_00439,Sandisfield,3.7058,13.48808725621499,0,0.12722,10.09
hex4_00440,Otis,3.7762,35.32069233110942,0,0.17597,18.24
hex4_00441,Otis,3.9219,79.68294136616183,0,0.21205,22.93
hex4_00442,Otis,3.9695,33.11608827990888,0,0.17578,17.02
hex4_00443,Otis,3.8618,72.14938881200854,0,0.24622,29.48
hex4_00444,Becket,3.7361,144.33658208064617,0,0.36146,53.45
hex4_00445,Becket,3.9421,21.642729475068098,0,0.19311,19.62
hex4_00446,Becket,3.7498,25.436880183546386,0,0.1559,15.18
hex4_00447,Becket,3.8825,28.374030127968343,0,0.20444,21.85
hex4_00448,Washington,3.9915,34.77812959889236,0,0.27233,33.11
hex4_00449,Washington,3.9982,51.895804923564505,0,0.39206,54.54
hex4_00450,Washington,3.9908,71.70167210119014,0,0.37326,51.05
hex4_00451,Hinsdale,3.9942,102.62618941970545,0,0.45153,64.02
hex4_00452,Hinsdale,3.787,133.0952091703243,0,0.4405,66.14
hex4_00453,Hinsdale,3.8636,515.5177553457141,0,0.47107,69.3
hex4_00454,Hinsdale,3.9875,215.0829743366716,0,0.19989,20.32
hex4_00455,Dalton,3.9883,223.88010254498334,0,0.21094,21.96
hex4_00456,Dalton,3.991,154.69458566752866,0,0.24554,27.98
hex4_00457,Dalton,3.9961,2.119619951540891,0,0.15608,13.35
hex4_00458,Dalton,3.9962,11.743417981913307,0,0.26024,30.37
hex4_00459,Cheshire,3.9986,83.33964248784149,0,0.24934,28.42
hex4_00460,Cheshire,3.9927,116.78854287469534,0,0.25338,29.26
hex4_00461,Cheshire,3.988,204.65295435074933,0,0.30311,38.66
hex4_00462,Adams,3.9781,1630.0665503912987,0,0.51684,73.47
hex4_00463,Adams,3.9949,1316.0224365821948,0,0.37648,51.42
hex4_00464,Adams,3.9999,26.97543259438008,0,0.26538,31.34
hex4_00465,North Adams,3.9665,23.314335936927378,0,0.32913,43.57
hex4_00466,North Adams,3.9755,490.32100953336857,0,0.47812,68.18
hex4_00467,North Adams,3.9511,713.4280665750234,0,0.53333,75.98
hex4_00468,Clarksburg,3.9988,19.794445062992164,0,0.27619,33.56
hex4_00469,Clarksburg,1.4869,7.360433045273791,0,0.20386,57.38
hex4_00470,Sandisfield,1.5105,0.15667249960831137,0,0.03203,1.81
hex4_00471,Sandisfield,3.9141,8.778629734939216,0,0.06612,2.08
hex4_00472,Sandisfield,3.9173,11.339828465903684,0,0.08717,3.71
hex4_00473,Sandisfield,3.9295,38.23230990812463,0,0.1121,6.26
hex4_00474,Sandisfield,3.9888,22.866429598039517,0,0.11524,6.59
hex4_00475,Sandisfield,3.9704,17.063449995695137,0,0.1473,12.06
hex4_00476,Sandisfield,3.9405,20.642866174687796,0,0.17302,16.79
hex4_00477,Sandisfield,3.9246,47.394016947318384,0,0.19234,19.63
hex4_00478,Otis,3.9307,198.584826992628,0,0.40036,57.31
hex4_00479,Otis,3.9443,69.14089452923933,0,0.22983,25.76
hex4_00480,Otis,3.9046,17.549838454555193,0,0.20425,21.62
hex4_00481,Becket,3.67,122.98239105605673,0,0.28815,40.16
hex4_00482,Becket,3.9398,63.97807905398942,0,0.24149,27.8
hex4_00483,Becket,3.5216,20.870124157412114,0,0.19877,24.7
hex4_00484,Becket,3.8254,51.277792764627875,0,0.21155,23.75
hex4_00485,Becket,3.9874,95.36411801366418,0,0.31909,41.54
hex4_00486,Washington,3.9933,74.1586920908996,0,0.26242,30.82
hex4_00487,Washington,3.9508,86.3422037393672,0,0.29655,38.11
hex4_00488,Hinsdale,3.883,34.82172222762794,0,0.26481,33.01
hex4_00489,Hinsdale,3.9949,30.633642518768664,0,0.31041,39.61
hex4_00490,Hinsdale,3.9925,161.14117146341403,0,0.31475,40.5
hex4_00491,Hinsdale,3.9665,228.97347085095439,0,0.25248,29.41
hex4_00492,Hinsdale,3.3466,100.52374928442597,0,0.13655,14.53
hex4_00493,Hinsdale,3.6947,81.43784591111358,0,0.17165,18.17
hex4_00494,Windsor,3.9999,45.758055971478065,0,0.19163,18.9
hex4_00495,Windsor,3.9958,37.854264384090555,0,0.21369,22.43
hex4_00496,Cheshire,3.9927,49.64146364095019,0,0.29759,37.75
hex4_00497,Cheshire,3.9969,100.39572149664265,0,0.29497,37.16
hex4_00498,Cheshire,3.9962,207.2782727223805,0,0.29469,37.1
hex4_00499,Adams,3.9966,237.2889999923289,0,0.31474,40.38
hex4_00500,Adams,3.9671,2853.8823933075964,0,0.51237,72.9
hex4_00501,Adams,3.9412,1484.2733294515797,0,0.54068,77.05
hex4_00502,North Adams,3.943,283.2405081831053,0,0.69545,91.12
hex4_00503,North Adams,3.9388,205.2448160822554,0,0.64375,87.54
hex4_00504,North Adams,3.9213,5515.703932117135,0,0.80556,96.33
hex4_00505,Clarksburg,3.9994,883.6657515799577,0,0.50149,71.18
hex4_00506,Clarksburg,3.5627,62.29006468461315,0,0.36105,57.03
hex4_00507,Sandisfield,3.8627,0.5859865426316248,0,0.04926,1.29
hex4_00508,Sandisfield,3.907,13.498166029330868,0,0.0822,3.28
hex4_00509,Sandisfield,3.9064,122.9245876269499,0,0.23031,26.2
hex4_00510,Sandisfield,3.9363,16.86184115515583,0,0.10822,5.64
hex4_00511,Sandisfield,3.9447,15.265723966694807,0,0.14703,12.21
hex4_00512,Otis,3.9217,20.009074477757345,0,0.18089,18.01
hex4_00513,Otis,3.9234,54.12066984238346,0,0.2058,21.73
hex4_00514,Otis,3.9711,44.00902497114721,0,0.1835,18.06
hex4_00515,Otis,3.9231,56.09886298414752,0,0.20225,21.25
hex4_00516,Otis,3.9334,24.004774225596222,0,0.20577,21.64
hex4_00517,Becket,3.842,67.53509427540716,0,0.29667,39.32
hex4_00518,Becket,3.9365,207.6306179842931,0,0.41191,58.89
hex4_00519,Becket,3.9725,33.300626963820065,0,0.27517,33.74
hex4_00520,Becket,3.4571,32.26662188368522,0,0.30658,47.88
hex4_00521,Becket,3.993,95.76725146118251,0,0.36205,49.29
hex4_00522,Washington,3.9928,129.1043394181586,0,0.38274,52.71
hex4_00523,Washington,3.9567,25.968506111740403,0,0.16349,14.98
hex4_00524,Washington,3.9625,30.98187641745205,0,0.16614,15.52
hex4_00525,Peru,3.9834,27.755652581315317,0,0.19008,18.87
hex4_00526,Hinsdale,3.9928,57.172059653497456,0,0.23821,26.54
hex4_00527,Hinsdale,3.3025,112.48523955161579,0,0.16827,20.8
hex4_00528,Hinsdale,3.4851,215.7057735598094,0,0.21423,27.96
hex4_00529,Hinsdale,3.9928,20.31213811060975,0,0.15395,12.94
hex4_00530,Windsor,3.9928,38.43615555207283,0,0.22395,24.4
hex4_00531,Windsor,3.9942,48.90559480699076,0,0.22583,24.74
hex4_00532,Windsor,3.9886,35.624149612056485,0,0.22327,24.36
hex4_00533,Windsor,3.995,59.23821638048476,0,0.25381,29.32
hex4_00534,Cheshire,3.9964,46.8112728026346,0,0.21277,22.25
hex4_00535,Cheshire,3.9957,84.65154111236377,0,0.22119,23.79
hex4_00536,Adams,3.9979,115.90923318509793,0,0.21458,22.64
hex4_00537,Adams,3.9989,64.24514093961288,0,0.24117,27.06
hex4_00538,Adams,3.999,86.12996340847486,0,0.36951,50.31
hex4_00539,North Adams,3.9825,321.888470225702,0,0.67306,89.22
hex4_00540,North Adams,3.9161,1138.9540071389783,0,0.64108,87.61
hex4_00541,North Adams,3.933,1758.2512117785986,0,0.61686,85.18
hex4_00542,Clarksburg,3.9388,349.64874868730885,0,0.54296,77.43
hex4_00543,Clarksburg,1.0054,37.153000906817326,0,0.31638,85.73
hex4_00544,Tolland,1.8064,5.212024945870328,0,0.03775,2.45
hex4_00545,Tolland,3.7235,13.628405052683924,0,0.05798,1.75
hex4_00546,Tolland,3.9927,23.79784368184463,0,0.06888,2.15
hex4_00547,Tolland,3.9537,13.898144583092446,0,0.07212,2.42
hex4_00548,Tolland,3.9505,12.10177875334513,0,0.09526,4.4
hex4_00549,Tolland,3.8054,2.277167399474914,0,0.10739,6.03
hex4_00550,Otis,2.5784,177.45239921840204,0,0.20292,40.34
hex4_00551,Otis,3.4488,152.95676594742156,0,0.22419,30.28
hex4_00552,Otis,3.177,41.632995698955035,0,0.10494,9.2
hex4_00553,Otis,3.9302,25.125529845334377,0,0.1909,19.38
hex4_00554,Otis,3.7857,69.74527095196144,0,0.32691,46.09
hex4_00555,Becket,3.6298,202.01789218631808,0,0.38787,60.28
hex4_00556,Becket,3.9525,82.1363276179585,0,0.31663,41.58
hex4_00557,Becket,3.7738,90.43897302996189,0,0.3371,48.24
hex4_00558,Becket,3.996,52.65588445823632,0,0.38318,52.78
hex4_00559,Middlefield,3.9932,26.37901074724048,0,0.27092,32.72
hex4_00560,Middlefield,3.9902,16.77976889333548,0,0.15557,13.3
hex4_00561,Middlefield,3.993,5.530318717758354,0,0.12265,7.71
hex4_00562,Peru,3.991,21.772613524598672,0,0.14151,10.86
hex4_00563,Peru,3.9216,111.69037502108691,0,0.21427,23.29
hex4_00564,Peru,3.9993,60.88604309654726,0,0.18237,17.59
hex4_00565,Peru,4.0001,164.26748012973982,0,0.19353,19.26
hex4_00566,Peru,3.9985,34.98125713574022,0,0.17098,16.11
hex4_00567,Windsor,3.9903,25.705927905251144,0,0.19272,19.22
hex4_00568,Windsor,3.986,43.94203987203123,0,0.32883,43.26
hex4_00569,Windsor,3.9862,29.89964608382551,0,0.19887,20.19
hex4_00570,Windsor,3.9879,30.84474750338426,0,0.21318,22.41
hex4_00571,Savoy,3.9946,25.60945347721098,0,0.15027,12.4
hex4_00572,Savoy,3.9925,26.348952733313663,0,0.13828,10.31
hex4_00573,Savoy,3.9944,19.70515166617069,0,0.1553,13.16
hex4_00574,Savoy,3.9248,30.152619086499485,0,0.2064,21.82
hex4_00575,Adams,3.9024,18.116855189177045,0,0.20838,22.36
hex4_00576,North Adams,3.9387,97.96430139215019,0,0.35235,48.33
hex4_00577,North Adams,3.9988,108.88741175933119,0,0.40428,56.83
hex4_00578,North Adams,3.9977,192.26233695422857,0,0.31114,39.68
hex4_00579,Clarksburg,3.9817,269.3076520950472,1,0.29621,37.61
hex4_00580,Clarksburg,3.2299,168.47456049880427,0,0.28372,47.09
hex4_00581,Tolland,3.9887,30.856098648732875,0,0.06432,1.9
hex4_00582,Tolland,3.9981,42.39095654413431,0,0.07228,2.38
hex4_00583,Tolland,3.9575,18.8936348737131,0,0.06777,2.11
hex4_00584,Tolland,3.2819,12.788702584168163,0,0.06251,2.52
hex4_00585,Tolland,3.5978,3.7392071143234826,0,0.06893,2.54
hex4_00586,Blandford,2.7705,115.22904754337495,0,0.16281,26.1
hex4_00587,Otis,3.5985,154.89931650283225,0,0.19254,22.44
hex4_00588,Otis,3.4258,46.91846504448541,0,0.10872,8.2
hex4_00589,Otis,3.814,39.89928986640063,0,0.14726,12.99
hex4_00590,Otis,3.6535,38.520099522599885,0,0.20612,24.68
hex4_00591,Becket,3.8267,36.792994157254164,0,0.28195,37.03
hex4_00592,Becket,3.959,43.36765864168059,0,0.24081,27.51
hex4_00593,Becket,3.9622,32.70317073988549,0,0.24095,27.49
hex4_00594,Becket,3.9675,48.141249606788776,0,0.32951,43.62
hex4_00595,Middlefield,3.9939,23.58761040041105,0,0.36394,49.58
hex4_00596,Middlefield,3.9968,37.517080171542084,0,0.30571,38.91
hex4_00597,Middlefield,3.9973,15.266517003425996,0,0.17566,16.82
hex4_00598,Middlefield,3.9956,21.521441532308454,0,0.14313,11.08
hex4_00599,Peru,3.9921,20.209910482911358,0,0.13645,10.01
hex4_00600,Peru,3.9922,19.16905801474487,0,0.12986,8.77
hex4_00601,Peru,3.9938,65.05773361842627,0,0.22318,24.32
hex4_00602,Peru,3.9893,38.67973124477369,0,0.15823,13.76
hex4_00603,Windsor,3.9987,37.88486526044775,0,0.23458,26.02
hex4_00604,Windsor,4.0001,23.830729386503023,0,0.24576,27.94
hex4_00605,Windsor,3.9969,21.14640846349716,0,0.21562,22.86
hex4_00606,Windsor,3.9983,11.546887638290105,0,0.12983,8.7
hex4_00607,Savoy,3.9993,51.95726112607494,0,0.18708,18.31
hex4_00608,Savoy,3.9961,39.87572571400144,0,0.23425,25.97
hex4_00609,Savoy,3.996,15.322857979551001,0,0.11709,6.84
hex4_00610,Savoy,3.9651,18.487335481658246,0,0.12717,8.41
hex4_00611,Savoy,3.9087,17.03841886963211,0,0.14345,11.8
hex4_00612,Florida,3.9192,13.364762005988563,0,0.19243,19.74
hex4_00613,Florida,3.9998,82.27696584650131,0,0.25598,29.62
hex4_00614,Florida,3.9992,177.88041695382586,0,0.37918,51.94
hex4_00615,Florida,3.9942,68.03627855235008,0,0.20439,20.98
hex4_00616,Florida,3.9923,14.479066214732697,0,0.17363,16.59
hex4_00617,Florida,0.7875,4.1496930023453515,0,0.13572,32.75
hex4_00618,Tolland,2.5238,4.760564436159302,0,0.04523,2.31
hex4_00619,Tolland,3.6835,98.37826572311316,0,0.07556,3.02
hex4_00620,Tolland,3.981,71.64655562945207,0,0.14737,12.03
hex4_00621,Tolland,3.9234,17.60640763435955,0,0.06309,1.84
hex4_00622,Tolland,3.9122,2.089858225435204,0,0.05399,1.41
hex4_00623,Tolland,3.9302,3.162781727326118,0,0.0633,1.86
hex4_00624,Blandford,3.9747,12.064342666291347,0,0.10971,5.78
hex4_00625,Blandford,3.9225,8.170525302928176,0,0.09868,4.73
hex4_00626,Blandford,3.9215,9.445537967473557,0,0.09902,4.76
hex4_00627,Blandford,3.9192,22.41437680855783,0,0.12186,7.91
hex4_00628,Blandford,3.9497,18.35243219112282,0,0.18492,18.35
hex4_00629,Becket,3.9889,37.83801684855274,0,0.24209,27.44
hex4_00630,Becket,3.9839,70.03085354434295,0,0.23402,26.08
hex4_00631,Becket,3.9515,10.853316671924782,0,0.28029,35.05
hex4_00632,Middlefield,3.9767,13.671910576871827,0,0.33148,43.91
hex4_00633,Middlefield,3.9999,30.507159065385395,0,0.3582,48.47
hex4_00634,Middlefield,3.9978,32.16323095452411,0,0.38045,52.34
hex4_00635,Middlefield,3.9982,16.989359534561146,0,0.15227,12.71
hex4_00636,Peru,3.9977,7.375283482182998,0,0.1114,5.89
hex4_00637,Peru,3.9988,18.936204751033472,0,0.12632,8.11
hex4_00638,Peru,4.0,44.58430443059963,0,0.14217,10.9
hex4_00639,Peru,3.9996,44.07805365021896,0,0.15318,12.83
hex4_00640,Peru,3.9954,33.947217108754614,0,0.22276,24.27
hex4_00641,Windsor,3.9999,48.062696530087194,0,0.30816,39.2
hex4_00642,Windsor,3.9985,11.323612313255024,0,0.19156,18.88
hex4_00643,Windsor,3.9993,9.302261885600718,0,0.16823,15.61
hex4_00644,Windsor,3.9997,22.19470747783932,0,0.18007,17.31
hex4_00645,Savoy,3.9999,83.05744970347655,0,0.25174,28.83
hex4_00646,Savoy,3.9995,22.78989284448196,0,0.16551,15.05
hex4_00647,Savoy,3.9961,4.3675797032887145,0,0.114,6.28
hex4_00648,Savoy,3.9926,3.704447570930993,0,0.09528,4.3
hex4_00649,Savoy,3.9996,14.624092282702602,0,0.16351,14.62
hex4_00650,Florida,3.9992,38.754622025247386,0,0.29558,37.25
hex4_00651,Florida,3.9993,31.514804421012656,0,0.25653,29.69
hex4_00652,Florida,3.9985,77.16259524903943,0,0.22953,25.18
hex4_00653,Monroe,3.9977,28.20231418779397,0,0.11285,6.05
hex4_00654,Monroe,2.9509,4.917616755232831,0,0.10153,10.13
hex4_00655,Tolland,0.4421,0.0,0,0.03001,1.68
hex4_00656,Tolland,3.9644,1.8480023444155933,0,0.05698,1.52
hex4_00657,Tolland,3.9952,35.880146557433456,0,0.08179,3.01
hex4_00658,Tolland,3.9635,8.056600607574776,0,0.06385,1.88
hex4_00659,Tolland,3.9347,0.7717037802486759,0,0.05561,1.47
hex4_00660,Tolland,3.9916,5.074270168011146,0,0.06617,2.0
hex4_00661,Blandford,3.9755,5.5684112400992305,0,0.10238,4.96
hex4_00662,Blandford,3.949,26.97924478314037,0,0.1349,9.95
hex4_00663,Blandford,3.7466,4.42533698993012,0,0.09548,4.87
hex4_00664,Blandford,3.9246,14.858055790761778,0,0.11138,6.18
hex4_00665,Blandford,3.9725,13.264076556769515,0,0.14001,10.76
hex4_00666,Blandford,3.9912,21.13291575157474,0,0.21464,22.71
hex4_00667,Chester,3.9911,11.738346019022286,0,0.21843,23.36
hex4_00668,Chester,3.9565,414.9222463370202,0,0.36347,49.94
hex4_00669,Chester,3.9369,88.62177355386396,0,0.26272,31.63
hex4_00670,Middlefield,3.9837,39.28763320765168,0,0.38264,52.93
hex4_00671,Middlefield,3.9997,39.62985506684786,0,0.29101,36.35
hex4_00672,Middlefield,3.9986,34.9838796995987,0,0.1943,19.42
hex4_00673,Middlefield,3.9985,12.674855665090691,0,0.14637,11.69
hex4_00674,Worthington,3.9996,12.421145955253202,0,0.13408,9.49
hex4_00675,Worthington,3.9966,32.44005209091078,0,0.18213,17.58
hex4_00676,Worthington,3.9942,54.79061310215461,0,0.20914,21.68
hex4_00677,Peru,3.9932,19.408755656674085,0,0.18801,18.47
hex4_00678,Windsor,3.9956,93.76569467852372,0,0.34869,46.66
hex4_00679,Windsor,3.9948,84.96662937588646,0,0.31402,40.25
hex4_00680,Windsor,3.9962,25.145315355125152,0,0.2073,21.48
hex4_00681,Windsor,3.9124,20.24102640399598,0,0.1927,19.89
hex4_00682,Savoy,3.9982,83.89333653773738,0,0.26137,30.59
hex4_00683,Savoy,3.9979,56.32314904658152,0,0.21765,23.11
hex4_00684,Savoy,3.9982,25.167233454713216,0,0.16388,14.73
hex4_00685,Savoy,3.9937,19.383224148764185,0,0.10997,5.73
hex4_00686,Savoy,3.9995,16.847135549437443,0,0.12216,7.57
hex4_00687,Florida,3.9959,35.282756667101324,0,0.23137,25.52
hex4_00688,Florida,3.8671,43.04957948318007,0,0.27874,35.89
hex4_00689,Florida,3.9996,25.98812973304988,0,0.15106,12.55
hex4_00690,Monroe,3.9982,4.164522939788029,0,0.13428,9.56
hex4_00691,Monroe,3.9843,7.197815896641518,0,0.11595,6.69
hex4_00692,Monroe,0.4826,0.771950224195048,0,0.08276,15.03
hex4_00693,Granville,2.8152,3.0297944757017596,0,0.07122,4.8
hex4_00694,Granville,3.9983,21.160879420370712,0,0.11355,6.19
hex4_00695,Granville,3.9606,14.604945754392737,0,0.1117,6.01
hex4_00696,Granville,3.9424,8.449259038569375,0,0.06974,2.22
hex4_00697,Granville,3.9929,15.348562173773894,0,0.09488,4.19
hex4_00698,Blandford,3.9579,17.740991074296502,0,0.12299,7.89
hex4_00699,Blandford,3.9866,11.844664950622388,0,0.16663,15.41
hex4_00700,Blandford,3.891,29.668500568570128,0,0.1308,9.58
hex4_00701,Blandford,3.9994,41.292195112759124,0,0.15095,12.49
hex4_00702,Blandford,3.9974,33.13690637720747,0,0.17092,16.09
hex4_00703,Blandford,3.9984,29.87007814866005,0,0.17996,17.29
hex4_00704,Chester,3.9635,20.010962487890694,0,0.17444,16.86
hex4_00705,Chester,3.9632,116.58004327886363,0,0.39585,55.9
hex4_00706,Chester,4.0001,27.08191082392387,0,0.20992,21.75
hex4_00707,Chester,4.0003,46.64192978636038,0,0.25317,29.1
hex4_00708,Chester,4.0003,37.39025815445221,0,0.25535,29.51
hex4_00709,Middlefield,3.9699,22.641475582693516,0,0.21865,23.54
hex4_00710,Worthington,3.996,29.33195372980004,0,0.19649,19.8
hex4_00711,Worthington,3.9946,13.289732744718595,0,0.18325,17.79
hex4_00712,Worthington,3.9954,13.1787683611017,0,0.18276,17.7
hex4_00713,Worthington,3.9969,62.70915971314071,0,0.28133,34.65
hex4_00714,Cummington,3.999,50.339986883162425,0,0.19948,20.17
hex4_00715,Cummington,3.9995,15.732861068773486,0,0.19565,19.55
hex4_00716,Cummington,3.9631,89.02556787856844,0,0.30392,39.09
hex4_00717,Plainfield,3.9965,55.0572246686973,0,0.24619,28.03
hex4_00718,Plainfield,3.9277,34.58598177575168,0,0.19994,20.74
hex4_00719,Plainfield,3.7641,62.2569797021022,0,0.22576,26.79
hex4_00720,Hawley,3.9897,34.794529383605635,0,0.20312,20.76
hex4_00721,Savoy,3.9994,13.609044635285331,0,0.14528,11.46
hex4_00722,Savoy,3.9984,19.565242774471447,0,0.1147,6.39
hex4_00723,Savoy,3.9999,5.7546029350802685,0,0.08728,3.54
hex4_00724,Florida,3.9268,7.487600098843853,0,0.12074,7.73
hex4_00725,Florida,3.8599,7.000322184676641,0,0.14608,12.58
hex4_00726,Rowe,3.5086,7.371999234526443,0,0.1526,16.63
hex4_00727,Florida,3.9648,5.3695440793751255,0,0.15077,12.64
hex4_00728,Monroe,3.9979,14.131940239704226,0,0.14439,11.31
hex4_00729,Monroe,2.5929,9.378597221989072,0,0.1712,31.13
hex4_00730,Granville,0.5993,5.386533667377169,0,0.09913,20.08
hex4_00731,Granville,3.9998,37.795751763959196,0,0.14525,11.42
hex4_00732,Granville,3.9976,85.73873258145045,0,0.31614,40.74
hex4_00733,Granville,3.9896,64.06833429539678,0,0.15508,13.14
hex4_00734,Granville,3.996,33.11903736521435,0,0.11872,7.09
hex4_00735,Granville,3.1339,23.395451810940777,0,0.10385,9.29
hex4_00736,Blandford,3.822,18.772665028448618,0,0.15892,15.2
hex4_00737,Blandford,3.8597,20.882462931699997,0,0.18747,19.37
hex4_00738,Blandford,3.9999,115.42359368721513,0,0.23103,25.34
hex4_00739,Blandford,3.9979,77.64999280270467,0,0.16859,15.64
hex4_00740,Blandford,3.9991,19.616880254767864,0,0.15349,12.87
hex4_00741,Chester,3.9998,5.700627036790012,0,0.12933,8.61
hex4_00742,Chester,3.9771,20.35694528457963,0,0.15936,14.14
hex4_00743,Chester,3.9971,23.511125424537024,0,0.14384,11.19
hex4_00744,Chester,3.9917,82.98428871158093,0,0.16627,15.29
hex4_00745,Chester,4.0003,40.00489858029877,0,0.18065,17.36
hex4_00746,Chester,3.9631,26.451845187426414,0,0.16425,15.09
hex4_00747,Worthington,3.9978,20.29540388147997,0,0.20516,21.07
hex4_00748,Worthington,3.9905,42.02046304814278,0,0.26493,31.38
hex4_00749,Worthington,3.9914,105.75031999820482,0,0.43144,61.07
hex4_00750,Worthington,3.9974,118.11242811690025,0,0.37754,51.6
hex4_00751,Worthington,4.0002,57.39949422279551,0,0.32247,42.03
hex4_00752,Cummington,3.9998,37.24421120775516,0,0.23967,26.7
hex4_00753,Cummington,3.9825,30.13606639502391,0,0.29402,37.18
hex4_00754,Plainfield,3.9823,60.95681952378908,0,0.31947,41.69
hex4_00755,Plainfield,3.997,30.28833504183152,0,0.21349,22.37
hex4_00756,Plainfield,3.9639,17.28440738553931,0,0.20087,20.6
hex4_00757,Hawley,3.7897,21.097241330716912,0,0.14351,12.6
hex4_00758,Hawley,3.9991,18.005125864584834,0,0.12835,8.43
hex4_00759,Hawley,3.9996,14.400101307165748,0,0.10711,5.32
hex4_00760,Hawley,3.9992,9.516135364365676,0,0.09575,4.37
hex4_00761,Charlemont,3.9955,2.6744633961236137,0,0.11098,5.85
hex4_00762,Charlemont,3.9026,4.017340345330902,0,0.15819,14.37
hex4_00763,Rowe,3.8217,6.397569489570851,0,0.19708,21.26
hex4_00764,Rowe,3.6884,9.110931658562796,0,0.20877,24.79
hex4_00765,Rowe,3.8835,14.220732774872094,0,0.19711,20.64
hex4_00766,Monroe,3.9725,34.19922354159071,0,0.26044,30.7
hex4_00767,Granville,2.9918,33.596331124967364,0,0.20195,32.47
hex4_00768,Granville,3.9926,42.78800264386355,0,0.22617,24.83
hex4_00769,Granville,3.9724,54.92705758751219,0,0.24187,27.55
hex4_00770,Granville,3.9841,11.818659467904114,0,0.12834,8.52
hex4_00771,Granville,3.8784,6.204940644283008,0,0.0792,2.95
hex4_00772,Blandford,2.2996,3.8948355229505536,0,0.07449,8.66
hex4_00773,Blandford,3.6757,23.242105618457806,0,0.14774,14.19
hex4_00774,Blandford,3.9901,304.5039483067353,0,0.3127,40.08
hex4_00775,Blandford,3.9798,45.495670532803544,0,0.16587,15.3
hex4_00776,Blandford,3.9938,5.01587073274132,0,0.1173,6.91
hex4_00777,Blandford,3.9779,12.522281277271363,0,0.104,5.15
hex4_00778,Chester,3.9365,17.204782106269086,0,0.1644,15.39
hex4_00779,Chester,3.9996,30.748610807728824,0,0.16384,14.71
hex4_00780,Chester,3.9963,45.11496814380038,0,0.18686,18.27
hex4_00781,Chester,3.965,49.181010650239024,0,0.11843,7.23
hex4_00782,Chester,3.9585,11.680473682529513,0,0.11632,6.93
hex4_00783,Worthington,3.9987,58.882642706557085,0,0.18514,18.1
hex4_00784,Worthington,3.9679,132.53546441117092,0,0.31747,41.52
hex4_00785,Worthington,3.9652,76.21507909720317,0,0.3503,47.54
hex4_00786,Worthington,3.967,82.2911057433161,0,0.4126,58.53
hex4_00787,Worthington,3.9984,106.65301412650945,0,0.33704,44.51
hex4_00788,Cummington,3.9946,43.71551466672967,0,0.22442,24.57
hex4_00789,Cummington,3.9856,59.109539683786174,0,0.24982,28.66
hex4_00790,Cummington,3.9655,36.0797604885258,0,0.29149,36.89
hex4_00791,Plainfield,3.9958,64.79169688908317,0,0.37781,51.67
hex4_00792,Plainfield,3.9702,49.593713599890535,0,0.28301,35.21
hex4_00793,Plainfield,3.9855,18.092411943783272,0,0.14378,11.28
hex4_00794,Hawley,3.999,1.3136332509556672,0,0.09344,4.12
hex4_00795,Hawley,3.9984,0.518025641025248,0,0.08405,3.24
hex4_00796,Hawley,3.9995,12.878438907393042,0,0.11769,6.94
hex4_00797,Hawley,3.9995,11.400558340030095,0,0.13664,9.97
hex4_00798,Charlemont,3.8132,54.71784870213468,0,0.22874,26.83
hex4_00799,Charlemont,3.9577,31.42154071085442,0,0.31811,41.85
hex4_00800,Rowe,3.9898,23.043424064164782,0,0.2686,32.31
hex4_00801,Rowe,3.9917,47.041055342868376,0,0.21805,23.27
hex4_00802,Rowe,3.9306,35.32278792030466,0,0.36523,50.62
hex4_00803,Monroe,1.9143,2.7283426254611407,0,0.20351,57.28
hex4_00804,Granville,0.748,7.586329416821148,0,0.22809,64.76
hex4_00805,Granville,3.9971,68.72713323559762,0,0.35331,47.56
hex4_00806,Granville,3.9642,181.23448851782803,0,0.38625,54.02
hex4_00807,Granville,3.9733,43.04062447950504,0,0.19175,19.19
hex4_00808,Granville,3.7029,1.1884547679361706,0,0.0801,3.45
hex4_00809,Russell,2.8484,2.080995958592571,0,0.06766,4.17
hex4_00810,Blandford,3.7414,54.28546988233917,0,0.15296,14.64
hex4_00811,Blandford,3.9912,139.67999943395586,0,0.16481,14.96
hex4_00812,Blandford,3.9815,31.353389667757764,0,0.12689,8.25
hex4_00813,Blandford,3.9618,10.585049487804334,0,0.10234,5.01
hex4_00814,Blandford,3.9971,45.444826704379544,0,0.13649,9.93
hex4_00815,Huntington,3.9514,148.7569476542562,0,0.13713,10.42
hex4_00816,Chester,3.9758,35.77357897423404,0,0.14502,11.63
hex4_00817,Chester,3.5133,20.025731021774938,0,0.15191,16.34
hex4_00818,Chester,3.9612,12.24245478094761,0,0.11619,6.87
hex4_00819,Chester,3.9979,12.816565974026704,0,0.10879,5.57
hex4_00820,Worthington,3.9914,51.534956196415344,0,0.13528,9.81
hex4_00821,Worthington,3.9394,40.63526737159066,0,0.17084,16.45
hex4_00822,Worthington,3.9486,38.836391915921624,0,0.22546,25.06
hex4_00823,Worthington,3.887,39.094722303115624,0,0.31601,42.42
hex4_00824,Chesterfield,3.9873,39.21596782978203,0,0.3051,38.95
hex4_00825,Cummington,3.9972,44.68470375884854,0,0.2318,25.6
hex4_00826,Cummington,3.9519,167.29945081571643,0,0.32929,43.89
hex4_00827,Cummington,3.9769,48.780208357109125,0,0.18322,17.99
hex4_00828,Plainfield,3.9998,68.11719484889102,0,0.25165,28.8
hex4_00829,Plainfield,3.9955,70.46485811554972,0,0.40001,56.11
hex4_00830,Plainfield,3.963,48.11798216529904,0,0.21987,24.02
hex4_00831,Hawley,3.9728,2.1112017880387843,0,0.10396,5.17
hex4_00832,Hawley,3.9945,6.205178764149491,0,0.08113,2.85
hex4_00833,Hawley,3.9956,40.47887289825082,0,0.12206,7.59
hex4_00834,Hawley,3.9915,30.033087117339285,0,0.1615,14.35
hex4_00835,Charlemont,3.8756,53.715674941785736,0,0.15833,14.59
hex4_00836,Charlemont,3.9871,38.69135183794491,0,0.25279,29.21
hex4_00837,Charlemont,3.9995,19.12390431578255,0,0.26757,31.79
hex4_00838,Rowe,3.9963,84.76543859604848,0,0.36741,50.01
hex4_00839,Rowe,3.9964,57.084375171214695,0,0.24472,27.74
hex4_00840,Rowe,3.9914,6.242061109791452,0,0.17233,16.31
hex4_00841,Granville,3.1632,95.98777059235712,0,0.35491,63.5
hex4_00842,Granville,3.9847,161.16548628863072,0,0.59204,82.01
hex4_00843,Granville,3.9856,62.7476400392626,0,0.28629,35.58
hex4_00844,Granville,3.9996,5.482152326705964,0,0.13119,9.0
hex4_00845,Russell,3.9796,30.197333513834533,0,0.11153,5.98
hex4_00846,Russell,3.9995,54.410491761987345,0,0.14021,10.67
hex4_00847,Russell,3.6679,71.55103705527992,0,0.22592,28.01
hex4_00848,Russell,3.9682,149.03265555794218,0,0.18875,18.78
hex4_00849,Russell,3.995,175.86429421840268,0,0.15516,13.12
hex4_00850,Blandford,3.9407,68.10746871384083,0,0.14408,11.65
hex4_00851,Huntington,3.8277,489.39731493356504,1,0.31755,43.55
hex4_00852,Huntington,3.8942,204.69024778206276,0,0.15387,13.64
hex4_00853,Huntington,3.4147,162.0117815693926,0,0.22923,32.02
hex4_00854,Huntington,3.8999,75.62946563572018,0,0.18721,18.99
hex4_00855,Huntington,3.995,30.4173095541586,0,0.14021,10.69
hex4_00856,Huntington,3.9973,17.488602684373,0,0.09576,4.39
hex4_00857,Chesterfield,3.9906,26.365240473317662,0,0.11531,6.6
hex4_00858,Chesterfield,3.9192,26.715884982415318,0,0.15759,14.21
hex4_00859,Chesterfield,3.8914,44.31546281790192,0,0.19175,19.9
hex4_00860,Chesterfield,3.9272,45.114733286488296,0,0.26655,32.77
hex4_00861,Chesterfield,4.0002,20.39483521122463,0,0.17366,16.5
hex4_00862,Cummington,3.9506,75.83169226744046,0,0.21952,24.13
hex4_00863,Cummington,3.9871,63.95651437477717,0,0.16329,14.69
hex4_00864,Plainfield,3.9914,23.525148150329038,0,0.16845,15.68
hex4_00865,Plainfield,3.9547,78.81576091357309,0,0.21287,22.75
hex4_00866,Plainfield,3.9962,39.6318914933189,0,0.19382,19.33
hex4_00867,Hawley,3.9857,31.683391311144113,0,0.16355,14.8
hex4_00868,Hawley,3.9893,31.35211530236908,0,0.15549,13.28
hex4_00869,Hawley,3.9842,26.392942788728213,0,0.09239,4.1
hex4_00870,Hawley,3.9985,39.966895847646214,0,0.11375,6.21
hex4_00871,Charlemont,3.8587,162.69389635998303,0,0.26066,32.5
hex4_00872,Charlemont,4.0,69.66031649587397,0,0.164,14.77
hex4_00873,Charlemont,4.0,69.81546757624555,0,0.24411,27.64
hex4_00874,Rowe,3.993,42.10948710268466,0,0.23096,25.43
hex4_00875,Rowe,3.672,32.97309786725723,0,0.18695,20.78
hex4_00876,Rowe,3.9919,44.99147697260172,0,0.154,12.98
hex4_00877,Rowe,1.7909,21.91768379377046,0,0.15706,40.18
hex4_00878,Granville,0.9743,41.579517754178255,0,0.29345,81.1
hex4_00879,Granville,3.7231,183.97420002164733,0,0.42219,64.27
hex4_00880,Granville,3.9749,174.67836636221412,0,0.36433,49.78
hex4_00881,Granville,3.6981,15.698488203654655,0,0.19687,22.23
hex4_00882,Granville,3.9765,30.181808549532143,0,0.18192,17.72
hex4_00883,Russell,3.9196,50.49004587308573,0,0.19777,20.51
hex4_00884,Russell,3.9982,114.1764982306336,0,0.16839,15.63
hex4_00885,Russell,3.9987,164.40181016702846,0,0.19198,19.01
hex4_00886,Russell,3.843,374.1150468986943,0,0.38253,55.66
hex4_00887,Montgomery,3.8801,197.48059375760639,0,0.15113,13.23
hex4_00888,Montgomery,3.9455,108.09351770551768,0,0.14499,11.87
hex4_00889,Huntington,3.9978,135.1941790432804,0,0.11592,6.64
hex4_00890,Huntington,3.9997,186.082146448998,0,0.19188,18.92
hex4_00891,Huntington,3.989,130.95492498627257,0,0.32168,42.04
hex4_00892,Huntington,3.9324,25.79190341376508,0,0.1649,15.54
hex4_00893,Huntington,3.9102,8.026722960733895,0,0.0956,4.44
hex4_00894,Huntington,3.9108,14.907895643353068,0,0.08835,3.83
hex4_00895,Chesterfield,3.9403,28.118308310510773,0,0.14642,12.1
hex4_00896,Chesterfield,3.9974,31.015423393382164,0,0.19666,19.85
hex4_00897,Chesterfield,3.9983,93.69820079814986,0,0.29716,37.52
hex4_00898,Chesterfield,3.9595,37.949944525896754,0,0.26226,31.29
hex4_00899,Cummington,3.9205,32.12221703941338,0,0.16187,14.93
hex4_00900,Cummington,3.991,47.43374280256379,0,0.11424,6.37
hex4_00901,Cummington,3.9687,50.126367302442205,0,0.12684,8.3
hex4_00902,Ashfield,3.9704,81.8228180807511,0,0.1874,18.56
hex4_00903,Ashfield,3.9935,38.84492477503086,0,0.17285,16.38
hex4_00904,Ashfield,3.9746,42.069167774817366,0,0.14471,11.54
hex4_00905,Ashfield,3.9951,59.88075578497334,0,0.16483,14.87
hex4_00906,Hawley,3.9846,24.20914713493795,0,0.10966,5.71
hex4_00907,Hawley,3.9931,11.441260552298793,0,0.11472,6.44
hex4_00908,Hawley,3.996,23.238945803073204,0,0.13167,9.11
hex4_00909,Charlemont,3.9264,91.40881682023605,0,0.17921,17.65
hex4_00910,Charlemont,3.9985,40.65973779696895,0,0.13453,9.61
hex4_00911,Charlemont,3.9984,53.502652795914244,0,0.1939,19.31
hex4_00912,Rowe,3.9933,20.968120635663386,0,0.10836,5.53
hex4_00913,Rowe,3.9942,51.450624317334885,0,0.14631,11.72
hex4_00914,Heath,3.7668,51.88079377279287,0,0.14463,12.89
hex4_00915,Southwick,0.5912,28.266691185936555,0,0.17139,45.61
hex4_00916,Southwick,3.4061,249.2125064296104,0,0.3303,53.61
hex4_00917,Southwick,3.9837,176.4632046691316,0,0.3974,55.84
hex4_00918,Southwick,3.9961,166.84045512304357,0,0.38527,53.21
hex4_00919,Westfield,3.9803,117.49151496001546,0,0.26415,31.36
hex4_00920,Westfield,3.9532,164.01003147515468,0,0.27378,33.69
hex4_00921,Westfield,3.9241,363.56704931204996,0,0.25303,29.94
hex4_00922,Russell,3.8443,152.51345456811703,0,0.15693,14.57
hex4_00923,Russell,3.8184,46.96035524133793,0,0.12676,9.36
hex4_00924,Montgomery,3.9798,39.39141798199492,0,0.15243,12.85
hex4_00925,Montgomery,3.9888,74.92054944326154,0,0.18641,18.26
hex4_00926,Montgomery,3.9883,129.43999828334236,0,0.15166,12.62
hex4_00927,Huntington,4.0003,51.947908032059004,0,0.14583,11.6
hex4_00928,Huntington,3.9968,129.04952669936017,0,0.22378,24.38
hex4_00929,Huntington,3.9002,168.28344463115837,0,0.2632,32.45
hex4_00930,Huntington,3.6256,63.428122812043036,0,0.11581,8.29
hex4_00931,Huntington,3.9977,22.876752751672676,0,0.09543,4.31
hex4_00932,Chesterfield,3.9941,36.40404984495095,0,0.12918,8.63
hex4_00933,Chesterfield,3.9964,141.34642846331968,0,0.17887,17.18
hex4_00934,Chesterfield,3.9602,147.74424604154595,0,0.30584,39.34
hex4_00935,Chesterfield,3.7372,85.1853798875212,0,0.24489,30.68
hex4_00936,Goshen,3.93,106.08095663212276,0,0.20565,21.66
hex4_00937,Goshen,3.952,42.01267430867688,0,0.16116,14.52
hex4_00938,Goshen,3.9732,63.984762741234405,0,0.14462,11.53
hex4_00939,Ashfield,3.8862,26.491592331885165,0,0.12769,9.02
hex4_00940,Ashfield,3.9423,40.5966286637789,0,0.17355,16.9
hex4_00941,Ashfield,3.9885,40.72979821633345,0,0.17365,16.68
hex4_00942,Ashfield,3.9787,45.89915064909938,0,0.21119,22.12
hex4_00943,Buckland,3.9919,50.8893847352241,0,0.15686,13.53
hex4_00944,Buckland,3.9943,62.55939891542845,0,0.18226,17.61
hex4_00945,Hawley,3.9973,26.159800145797924,0,0.14409,11.26
hex4_00946,Charlemont,3.8891,98.55998286179772,0,0.15253,13.48
hex4_00947,Heath,3.9998,52.80353150718225,0,0.20436,20.92
hex4_00948,Heath,3.9971,33.50181750462192,0,0.18552,18.13
hex4_00949,Heath,3.9939,68.09758772510814,0,0.16735,15.48
hex4_00950,Heath,3.9983,67.27259412069893,0,0.148,12.01
hex4_00951,Heath,4.0,25.515694200905795,0,0.11477,6.41
hex4_00952,Heath,1.4083,5.844081706147254,0,0.08596,16.23
hex4_00953,Southwick,0.919,44.83704556037834,0,0.18689,51.01
hex4_00954,Southwick,3.9742,332.3478286792509,0,0.34493,46.32
hex4_00955,Southwick,3.8806,380.3955538204187,0,0.50821,74.06
hex4_00956,Southwick,3.9942,248.5103949621518,0,0.3555,48.02
hex4_00957,Southwick,3.9971,282.33044936734734,0,0.41902,59.08
hex4_00958,Southwick,3.9965,491.86610578224094,0,0.39689,55.43
hex4_00959,Westfield,3.9616,581.5003410566567,0,0.33419,44.53
hex4_00960,Westfield,3.8497,3213.132737901599,0,0.39207,57.29
hex4_00961,Westfield,3.8804,392.49635320432736,0,0.20828,22.66
hex4_00962,Montgomery,3.9952,34.79819932267185,0,0.10066,4.74
hex4_00963,Montgomery,3.8496,40.33522736628682,0,0.12441,8.59
hex4_00964,Montgomery,3.9985,148.15036184122837,0,0.24235,27.37
hex4_00965,Montgomery,4.0003,91.95643645351038,0,0.15008,12.39
hex4_00966,Southampton,3.9992,18.63344789079396,0,0.12513,7.96
hex4_00967,Westhampton,3.9949,10.901737426160944,0,0.14393,11.22
hex4_00968,Westhampton,3.9996,39.87617771597736,0,0.16649,15.23
hex4_00969,Westhampton,3.9995,47.32478812897998,0,0.18302,17.74
hex4_00970,Westhampton,3.9987,25.985638964792496,0,0.14678,11.81
hex4_00971,Westhampton,3.9987,67.90632999191948,0,0.15219,12.65
hex4_00972,Chesterfield,3.9771,48.997897697759136,0,0.14821,12.19
hex4_00973,Chesterfield,3.8294,96.50742689043014,0,0.2064,22.84
hex4_00974,Chesterfield,3.9295,113.12663564759275,0,0.22969,25.86
hex4_00975,Goshen,3.9179,147.2958706557931,0,0.25747,30.84
hex4_00976,Goshen,3.9888,144.75759665946845,0,0.31414,40.4
hex4_00977,Goshen,3.824,60.01988320240976,0,0.16295,16.02
hex4_00978,Ashfield,3.9579,54.49872756112118,0,0.13799,10.52
hex4_00979,Ashfield,3.9782,47.91227980158567,0,0.17861,17.24
hex4_00980,Ashfield,3.9926,90.63351317479042,0,0.21085,21.93
hex4_00981,Ashfield,3.8908,93.04387635252777,0,0.22915,26.13
hex4_00982,Ashfield,3.9981,74.4077156435592,0,0.26524,31.32
hex4_00983,Buckland,3.9993,79.76167416636741,0,0.21419,22.52
hex4_00984,Buckland,3.999,49.4138661237151,0,0.16681,15.32
hex4_00985,Buckland,3.8822,53.66179299107565,0,0.17268,17.08
hex4_00986,Charlemont,3.9992,56.950813510279175,0,0.19924,20.14
hex4_00987,Heath,4.0,31.366748970176545,0,0.15882,13.84
hex4_00988,Heath,3.9988,44.404308469581984,0,0.13157,9.06
hex4_00989,Heath,3.9982,31.215753196028327,0,0.13822,10.26
hex4_00990,Heath,3.9997,48.28083517800291,0,0.08144,2.92
hex4_00991,Heath,3.5099,24.33365664699373,0,0.09642,5.62
hex4_00992,Southwick,2.635,165.054934584217,0,0.35336,75.57
hex4_00993,Southwick,3.906,446.55060413390765,0,0.64137,87.76
hex4_00994,Southwick,3.9784,315.5684785529383,0,0.59635,82.53
hex4_00995,Southwick,3.997,340.967257916978,0,0.41152,57.87
hex4_00996,Southwick,3.9955,391.59158449839725,0,0.35318,47.57
hex4_00997,Westfield,3.9948,1059.0645922206775,0,0.33991,45.03
hex4_00998,Westfield,3.8472,1814.4186662952347,0,0.28902,38.14
hex4_00999,Westfield,3.8678,631.5094874096665,0,0.30151,39.82
hex4_01000,Westfield,3.9921,308.8902925788317,0,0.16482,14.95
hex4_01001,Westfield,3.9926,137.6096872879807,1,0.17903,17.22
hex4_01002,Montgomery,3.9984,177.4144283894216,0,0.22141,23.86
hex4_01003,Southampton,3.35,80.92552773263328,0,0.12031,11.13
hex4_01004,Southampton,3.1883,50.45619576503874,0,0.12579,13.6
hex4_01005,Southampton,3.7073,27.109626115993443,0,0.16246,16.77
hex4_01006,Westhampton,3.9203,103.56102122720917,0,0.24666,28.82
hex4_01007,Westhampton,4.0002,85.78362942674356,0,0.2315,25.47
hex4_01008,Westhampton,3.9996,60.192653054399436,0,0.21607,22.89
hex4_01009,Westhampton,3.9777,120.51672941617834,0,0.21251,22.39
hex4_01010,Westhampton,3.9984,89.92793645137994,0,0.16788,15.57
hex4_01011,Chesterfield,3.9932,46.84486241362541,0,0.1528,12.8
hex4_01012,Chesterfield,3.9969,46.318056558784434,0,0.21745,23.09
hex4_01013,Goshen,3.8881,109.05612157839101,0,0.27977,35.69
hex4_01014,Goshen,3.9922,157.06882290469767,0,0.32108,41.92
hex4_01015,Goshen,3.5817,39.89333008574971,0,0.22817,29.43
hex4_01016,Goshen,3.9696,28.25449964255423,0,0.12767,8.5
hex4_01017,Ashfield,3.9678,34.30575316233193,0,0.14628,11.92
hex4_01018,Ashfield,3.9926,115.93437300346434,0,0.1901,18.79
hex4_01019,Ashfield,3.9426,285.4017004785733,0,0.35918,49.56
hex4_01020,Ashfield,3.9933,53.626609302845544,0,0.18864,18.6
hex4_01021,Ashfield,3.9925,59.336181312231574,0,0.32398,42.33
hex4_01022,Buckland,3.9949,97.60664413624023,0,0.15968,14.1
hex4_01023,Buckland,3.997,50.253003062580234,0,0.12911,8.57
hex4_01024,Charlemont,3.8819,81.0031339057948,0,0.13251,9.92
hex4_01025,Charlemont,3.9997,106.47722190840554,0,0.13209,9.16
hex4_01026,Heath,4.0,42.12322711040966,0,0.10627,5.26
hex4_01027,Heath,3.9412,91.03367863374807,0,0.09238,4.13
hex4_01028,Heath,3.9698,15.647095523257036,0,0.05856,1.61
hex4_01029,Heath,3.9992,11.506582233585133,0,0.05908,1.63
hex4_01030,Heath,1.036,3.3581307729337015,0,0.04292,3.36
hex4_01031,Southwick,0.2464,166.3977978096678,0,0.42238,97.08
hex4_01032,Southwick,2.1836,818.1752341270744,0,0.57267,99.3
hex4_01033,Southwick,3.8553,1629.3279281503758,0,0.73337,94.09
hex4_01034,Southwick,3.9671,273.95687476868744,0,0.51986,74.14
hex4_01035,Westfield,3.9888,1880.4283064329236,0,0.32982,43.4
hex4_01036,Westfield,3.8874,4059.4806716195876,0,0.41008,59.41
hex4_01037,Westfield,3.7875,4670.770269462536,0,0.42144,62.97
hex4_01038,Westfield,3.9447,848.0381706460348,0,0.37643,52.48
hex4_01039,Westfield,3.9643,954.8606520293033,0,0.25866,30.5
hex4_01040,Westfield,3.978,372.3691450804166,0,0.22831,25.17
hex4_01041,Southampton,3.9611,114.52157470038682,0,0.20393,21.16
hex4_01042,Southampton,3.959,189.18513255738472,0,0.17881,17.38
hex4_01043,Southampton,3.9972,118.55016009399003,0,0.25337,29.16
hex4_01044,Westhampton,3.9977,119.49600378038255,0,0.30959,39.48
hex4_01045,Westhampton,3.986,136.15508647632814,0,0.32304,42.22
hex4_01046,Westhampton,3.9952,245.49871068833374,0,0.42637,60.19
hex4_01047,Westhampton,3.8777,151.66779288917496,0,0.27098,34.17
hex4_01048,Westhampton,3.9113,79.11890900662083,0,0.19059,19.46
hex4_01049,Williamsburg,3.9934,50.562354261432105,0,0.14288,11.04
hex4_01050,Williamsburg,3.9926,118.82261169190723,0,0.14112,10.83
hex4_01051,Williamsburg,3.9894,71.94063564858318,0,0.1545,13.07
hex4_01052,Williamsburg,3.965,84.56953585600357,0,0.19499,19.81
hex4_01053,Williamsburg,3.9763,41.000265193682026,0,0.16603,15.37
hex4_01054,Goshen,3.9864,40.39233033889155,0,0.18392,18.02
hex4_01055,Ashfield,3.9839,79.13860615657329,0,0.1475,12.05
hex4_01056,Ashfield,3.9974,34.34008971661387,0,0.14756,11.96
hex4_01057,Ashfield,3.9992,77.57431241936467,0,0.15869,13.82
hex4_01058,Ashfield,3.9996,60.43991942833507,0,0.13768,10.17
hex4_01059,Ashfield,3.9958,45.81126034999917,0,0.13671,10.04
hex4_01060,Buckland,3.9923,103.68188581298513,0,0.13993,10.63
hex4_01061,Buckland,3.9838,79.36940675204522,0,0.12619,8.14
hex4_01062,Buckland,3.8361,125.88286251731623,0,0.12924,9.63
hex4_01063,Charlemont,3.9993,48.069916830788245,0,0.10317,4.99
hex4_01064,Colrain,3.999,16.014160962965335,0,0.07173,2.34
hex4_01065,Colrain,3.9997,45.117291774805594,0,0.08128,2.86
hex4_01066,Colrain,3.9929,27.24167107414795,0,0.07275,2.4
hex4_01067,Colrain,3.9998,62.17468087360203,0,0.06656,2.04
hex4_01068,Colrain,3.1898,22.571108701613078,0,0.05011,1.77
hex4_01069,Southwick,3.6668,760.6048696220752,0,0.55364,82.84
hex4_01070,Southwick,3.996,904.6607573396598,0,0.62672,85.16
hex4_01071,Southwick,3.9795,351.10441980890073,0,0.45043,64.1
hex4_01072,Westfield,3.8795,2089.9858374542723,0,0.39319,57.06
hex4_01073,Westfield,3.8022,5323.634313280193,0,0.59569,85.09
hex4_01074,Westfield,3.9595,3234.6494186500304,0,0.72627,92.86
hex4_01075,Westfield,3.9243,705.3677007381026,0,0.40999,58.8
hex4_01076,Westfield,3.9901,383.73218382824837,0,0.48448,68.8
hex4_01077,Southampton,3.9956,346.75696024568447,0,0.42448,59.8
hex4_01078,Southampton,3.9735,542.2703109604364,0,0.31696,41.27
hex4_01079,Southampton,3.9968,201.9010297294971,0,0.30583,38.97
hex4_01080,Southampton,3.9969,186.481657001845,0,0.25115,28.75
hex4_01081,Westhampton,3.9955,206.53875458260313,0,0.39007,54.16
hex4_01082,Westhampton,3.9826,208.3639763783427,0,0.30461,38.89
hex4_01083,Westhampton,3.9977,84.85126659208338,0,0.2314,25.49
hex4_01084,Westhampton,3.9803,81.34290235845775,0,0.19717,20.03
hex4_01085,Westhampton,4.0,38.19146809387548,0,0.13643,9.9
hex4_01086,Williamsburg,3.9901,73.52781251027939,0,0.10415,5.12
hex4_01087,Williamsburg,3.9965,356.74291932982896,0,0.257,29.84
hex4_01088,Williamsburg,3.9823,129.00839084043199,0,0.13158,9.22
hex4_01089,Williamsburg,3.9932,97.94378482850517,0,0.15757,13.62
hex4_01090,Conway,3.9331,87.96414150993144,0,0.15234,13.08
hex4_01091,Conway,3.9547,51.13234664919076,0,0.13648,10.24
hex4_01092,Conway,3.9986,37.089589043124654,0,0.16224,14.39
hex4_01093,Conway,3.9986,53.51315940994416,0,0.13103,8.99
hex4_01094,Ashfield,3.9994,47.71346745523573,0,0.12847,8.45
hex4_01095,Ashfield,3.9993,64.61740282717994,0,0.13931,10.51
hex4_01096,Ashfield,3.9995,96.24552190525255,0,0.17356,16.48
hex4_01097,Buckland,3.9722,147.4818913323888,0,0.17025,16.16
hex4_01098,Buckland,3.88,1348.6767454595156,0,0.31213,41.97
hex4_01099,Charlemont,3.7881,151.8283210625513,0,0.13998,11.97
hex4_01100,Colrain,3.9527,15.906484400775948,0,0.08047,2.9
hex4_01101,Colrain,3.9388,10.197533085010631,0,0.06952,2.2
hex4_01102,Colrain,3.9811,77.09792383698777,0,0.08574,3.4
hex4_01103,Colrain,3.9992,54.31171548605428,0,0.06959,2.18
hex4_01104,Colrain,3.998,64.37549475465218,0,0.05727,1.5
hex4_01105,Colrain,0.6856,6.916029513113261,0,0.038,2.51
hex4_01106,Agawam,1.4246,265.87058522156275,0,0.49014,99.02
hex4_01107,Southwick,3.9731,220.58984703536123,0,0.56544,79.33
hex4_01108,Southwick,3.9918,201.33430511403336,0,0.52249,73.99
hex4_01109,Westfield,3.9288,1581.3165278302345,0,0.51455,74.12
hex4_01110,Westfield,3.8125,1164.7289933674908,0,0.49279,72.99
hex4_01111,Westfield,3.9839,1533.0761998803698,0,0.52364,74.33
hex4_01112,Westfield,3.9519,394.9868247742432,0,0.53104,75.66
hex4_01113,Westfield,3.9306,200.49291829009846,1,0.42141,60.53
hex4_01114,Southampton,3.995,460.3905399288987,0,0.42421,59.73
hex4_01115,Southampton,3.9954,494.8931205779625,0,0.3611,49.01
hex4_01116,Southampton,3.99,524.1826236083937,0,0.3987,55.93
hex4_01117,Southampton,3.9949,987.548403327244,0,0.44251,62.66
hex4_01118,Southampton,3.9985,334.0899710984632,0,0.37775,51.62
hex4_01119,Easthampton,3.9946,713.3895369451376,0,0.46441,66.12
hex4_01120,Northampton,3.961,476.1796592004122,0,0.34081,45.8
hex4_01121,Northampton,3.9992,156.68901325363066,0,0.19573,19.58
hex4_01122,Northampton,3.9247,149.01443454756716,0,0.12451,8.16
hex4_01123,Northampton,3.9719,214.73253191709452,0,0.12706,8.34
hex4_01124,Williamsburg,3.9841,225.21871970602734,0,0.15236,12.78
hex4_01125,Williamsburg,3.9978,207.17238306447757,0,0.14882,12.12
hex4_01126,Williamsburg,3.9979,40.24642903770783,0,0.12274,7.66
hex4_01127,Williamsburg,3.9996,22.678609935516818,0,0.10036,4.71
hex4_01128,Conway,4.0001,0.41886649840943607,0,0.08951,3.74
hex4_01129,Conway,3.9996,20.123039912480348,0,0.14047,10.72
hex4_01130,Conway,3.9996,46.22902769976419,0,0.20782,21.5
hex4_01131,Conway,3.9986,56.948323864300654,0,0.15673,13.44
hex4_01132,Conway,3.9969,65.37205629559836,0,0.15215,12.69
hex4_01133,Conway,3.9698,114.27363578329158,0,0.19127,19.15
hex4_01134,Conway,3.9031,59.635024916260875,0,0.19265,19.96
hex4_01135,Shelburne,3.8568,161.16161385599096,0,0.1398,11.38
hex4_01136,Shelburne,3.9499,159.99958579647586,0,0.12881,8.9
hex4_01137,Shelburne,3.9372,118.60064147108095,0,0.10695,5.55
hex4_01138,Colrain,3.9233,116.19986750605285,0,0.12699,8.65
hex4_01139,Colrain,3.8978,123.14009772923428,0,0.11543,7.0
hex4_01140,Colrain,3.9971,41.8334852172959,0,0.06845,2.13
hex4_01141,Colrain,3.9967,26.06410930801528,0,0.05838,1.58
hex4_01142,Colrain,2.7844,28.80824919274067,0,0.05151,2.43
hex4_01143,Agawam,3.7547,1107.168567948241,0,0.29635,40.54
hex4_01144,Agawam,3.9806,1781.8902003985859,0,0.35895,48.92
hex4_01145,Agawam,3.9942,1650.0730852241684,0,0.30992,39.56
hex4_01146,Agawam,3.8376,823.378315034912,0,0.50058,73.67
hex4_01147,Westfield,3.9329,480.0894614863802,0,0.66912,89.55
hex4_01148,Westfield,3.9634,454.0907381726945,0,0.69518,90.87
hex4_01149,Westfield,3.9168,741.1014939093664,0,0.5946,83.16
hex4_01150,Westfield,3.188,1172.6105145428949,0,0.48142,82.85
hex4_01151,Southampton,3.9835,937.0958006722105,0,0.47641,67.73
hex4_01152,Southampton,3.9993,618.719546176612,0,0.42869,60.46
hex4_01153,Southampton,3.995,874.8699053797793,0,0.35388,47.72
hex4_01154,Easthampton,3.9359,1628.87371521072,0,0.29651,38.27
hex4_01155,Easthampton,3.992,1033.371670614774,0,0.26787,32.0
hex4_01156,Northampton,3.9792,512.907498877811,0,0.27708,33.99
hex4_01157,Northampton,3.9771,1728.3303497425745,0,0.27909,34.44
hex4_01158,Northampton,3.9703,440.7971651921308,0,0.22075,24.18
hex4_01159,Northampton,3.894,1146.1118588213026,0,0.21368,23.41
hex4_01160,Williamsburg,3.9527,678.0936939965214,0,0.30908,39.97
hex4_01161,Williamsburg,3.999,74.58967433057504,0,0.12959,8.68
hex4_01162,Whately,3.9984,44.90353706232218,0,0.17991,17.27
hex4_01163,Whately,3.9848,26.348840517215994,0,0.14226,10.95
hex4_01164,Whately,3.7688,13.638444938900864,0,0.101,5.33
hex4_01165,Conway,3.9991,30.966772326574066,0,0.176,16.84
hex4_01166,Conway,3.9947,96.87527580087212,0,0.27604,33.6
hex4_01167,Conway,3.9969,343.55910157233063,0,0.3735,51.03
hex4_01168,Conway,3.9888,86.44165771955453,0,0.14957,12.37
hex4_01169,Conway,3.9991,63.5848589371788,0,0.15312,12.82
hex4_01170,Shelburne,3.8532,46.647172995951095,0,0.13357,10.33
hex4_01171,Shelburne,3.9652,116.54788175207602,0,0.16166,14.5
hex4_01172,Shelburne,3.9961,43.102867011853945,0,0.09034,3.85
hex4_01173,Shelburne,3.9911,48.149104156439684,0,0.12112,7.54
hex4_01174,Colrain,3.9811,34.270565668083606,0,0.13273,9.38
hex4_01175,Colrain,3.9785,91.1784472502728,0,0.15186,12.74
hex4_01176,Colrain,3.9437,51.35676797635874,0,0.11353,6.52
hex4_01177,Colrain,3.9598,42.60419689779643,0,0.07972,2.76
hex4_01178,Colrain,3.9598,40.13538881111841,0,0.05727,1.54
hex4_01179,Agawam,2.1126,193.7746472823387,0,0.18747,47.93
hex4_01180,Agawam,3.9611,619.813425384588,0,0.20986,22.02
hex4_01181,Agawam,3.994,2796.558551788012,0,0.28937,36.12
hex4_01182,Agawam,3.7055,1499.6989681978607,0,0.19855,22.57
hex4_01183,West Springfield,3.9924,2973.4786735390653,0,0.46936,66.87
hex4_01184,West Springfield,3.9605,1145.5025733027846,0,0.65561,88.2
hex4_01185,West Springfield,3.9795,505.9192712030711,0,0.4903,69.97
hex4_01186,Holyoke,3.1675,63.567794508081775,0,0.20841,30.96
hex4_01187,Holyoke,3.9342,221.9139019412484,0,0.17317,16.88
hex4_01188,Holyoke,3.9972,481.68489591386225,0,0.24892,28.39
hex4_01189,Easthampton,4.0003,2054.0889868413838,0,0.43674,61.75
hex4_01190,Easthampton,3.9957,1139.502444710939,0,0.40001,56.09
hex4_01191,Easthampton,3.7704,4213.385170439979,0,0.32681,46.27
hex4_01192,Easthampton,3.9922,847.3715978512001,0,0.28713,35.65
hex4_01193,Northampton,3.9862,1194.3105645262538,0,0.33238,43.96
hex4_01194,Northampton,3.9461,2368.27475081028,0,0.45829,66.06
hex4_01195,Northampton,3.9064,2582.428831078878,0,0.34397,47.29
hex4_01196,Northampton,3.9973,324.0309952672493,0,0.16099,14.25
hex4_01197,Williamsburg,3.9917,232.50604473901296,0,0.17341,16.54
hex4_01198,Williamsburg,3.7324,90.87934690006803,0,0.20041,22.68
hex4_01199,Whately,3.9931,109.51748659537633,0,0.26234,30.8
hex4_01200,Whately,3.8824,98.712420849437,0,0.20035,21.28
hex4_01201,Conway,3.9979,40.66720718122005,0,0.16395,14.78
hex4_01202,Conway,3.9356,41.540646063824994,0,0.20784,21.91
hex4_01203,Conway,3.9958,65.16599300392568,0,0.18569,18.19
hex4_01204,Conway,4.0002,102.7059996800611,0,0.167,15.36
hex4_01205,Conway,3.9901,61.21546221808601,0,0.15037,12.46
hex4_01206,Shelburne,3.857,36.94157567713991,0,0.14682,12.67
hex4_01207,Shelburne,3.9959,60.2120552774083,0,0.14955,12.31
hex4_01208,Shelburne,3.9969,158.69300446903782,0,0.19263,19.17
hex4_01209,Shelburne,3.9829,81.31373674204936,0,0.12751,8.36
hex4_01210,Shelburne,3.9909,93.01685000807421,0,0.17304,16.41
hex4_01211,Colrain,3.9943,93.56418112377877,0,0.10227,4.94
hex4_01212,Colrain,3.9982,68.10982561874047,0,0.08766,3.6
hex4_01213,Colrain,3.9731,39.244168746340875,0,0.06412,1.92
hex4_01214,Colrain,3.9581,39.31244694416492,0,0.06423,1.95
hex4_01215,Colrain,2.3625,16.22017987503719,0,0.05032,3.33
hex4_01216,Agawam,0.4419,13.043198843235858,0,0.24962,70.66
hex4_01217,Agawam,3.9839,482.288880222463,0,0.13939,10.6
hex4_01218,Agawam,3.9441,1602.1214223412528,0,0.15751,14.05
hex4_01219,Agawam,3.9985,3647.144129444919,0,0.14017,10.65
hex4_01220,West Springfield,3.752,5033.84575490069,0,0.31297,44.01
hex4_01221,West Springfield,3.999,2801.699270313966,0,0.38132,52.41
hex4_01222,West Springfield,3.9996,1747.9935470306423,0,0.29587,37.28
hex4_01223,West Springfield,3.955,1105.235567309695,0,0.16213,14.75
hex4_01224,Holyoke,3.733,2974.027302209824,0,0.18298,19.65
hex4_01225,Holyoke,3.9946,3204.1595371313806,0,0.13965,10.58
hex4_01226,Holyoke,3.9853,1274.8891051752605,0,0.26934,32.54
hex4_01227,Holyoke,3.664,126.9042310659363,0,0.30101,43.01
hex4_01228,Easthampton,3.9659,1598.6651350376374,0,0.34594,46.61
hex4_01229,Easthampton,3.8584,2386.84187444457,0,0.45446,66.91
hex4_01230,Northampton,3.7725,217.85188593097303,0,0.31029,43.08
hex4_01231,Northampton,3.8563,4287.689611517903,0,0.44384,65.46
hex4_01232,Northampton,4.0003,3207.4956038928735,0,0.46715,66.4
hex4_01233,Northampton,3.8964,748.5760890980922,0,0.23506,27.12
hex4_01234,Hatfield,3.9988,247.6521871294377,0,0.24084,27.03
hex4_01235,Hatfield,3.9967,126.8071222488509,0,0.19468,19.44
hex4_01236,Whately,3.9907,84.03694086612802,0,0.2524,29.09
hex4_01237,Whately,3.9966,159.06841523278126,0,0.23962,26.76
hex4_01238,Whately,3.9971,65.48877529539423,0,0.18909,18.63
hex4_01239,Deerfield,3.9609,41.89491596140071,0,0.19226,19.35
hex4_01240,Deerfield,3.9995,25.39983220212227,0,0.20553,21.12
hex4_01241,Deerfield,3.9988,146.5453193624855,0,0.24221,27.31
hex4_01242,Conway,3.8494,89.77978057034757,0,0.18171,18.58
hex4_01243,Deerfield,3.8939,33.89372938757275,0,0.12477,8.38
hex4_01244,Shelburne,3.9952,59.22848860046194,0,0.17555,16.81
hex4_01245,Shelburne,3.9973,90.33697648154607,0,0.11939,7.21
hex4_01246,Shelburne,3.9863,66.29371139923494,0,0.1502,12.44
hex4_01247,Shelburne,3.9979,63.2095859460056,0,0.1499,12.33
hex4_01248,Colrain,3.9937,82.82415207111471,0,0.13256,9.34
hex4_01249,Colrain,3.9919,68.36889074497836,0,0.10198,4.9
hex4_01250,Colrain,3.9463,87.29960174934696,0,0.08694,3.65
hex4_01251,Leyden,3.9671,99.72811143774702,0,0.07505,2.47
hex4_01252,Leyden,3.9829,33.76558732969994,0,0.06002,1.74
hex4_01253,Agawam,2.8405,944.7168612965072,0,0.26371,50.58
hex4_01254,Agawam,3.9947,2774.0520215805955,0,0.23022,25.27
hex4_01255,Agawam,3.9876,3675.191926577262,0,0.29771,37.87
hex4_01256,West Springfield,3.7118,3698.022518083961,0,0.27154,36.69
hex4_01257,West Springfield,3.4332,8125.32213667684,0,0.42726,70.56
hex4_01258,West Springfield,3.4256,1633.3253177086629,0,0.53532,84.89
hex4_01259,West Springfield,3.2107,2267.229081165704,0,0.25917,42.06
hex4_01260,Chicopee,3.5126,5943.987005663656,0,0.08929,4.85
hex4_01261,Holyoke,3.6599,6168.944759124502,0,0.18936,21.44
hex4_01262,Holyoke,3.9982,11967.509454584913,0,0.24507,27.81
hex4_01263,Holyoke,3.4641,1952.9587588332981,0,0.1652,18.85
hex4_01264,Holyoke,3.554,312.3905495816044,0,0.22649,29.46
hex4_01265,Holyoke,3.9825,63.503907457490094,0,0.24081,27.24
hex4_01266,Easthampton,3.0382,315.5372896081512,0,0.33435,62.31
hex4_01267,Northampton,3.8037,2127.9276465030266,0,0.3582,51.37
hex4_01268,Northampton,3.9962,6423.7569733478185,0,0.69757,90.69
hex4_01269,Hadley,2.5195,471.253651363864,0,0.58674,98.57
hex4_01270,Hatfield,3.9311,561.0629000535779,0,0.53622,76.68
hex4_01271,Hatfield,3.9941,225.60609096080321,0,0.27951,34.26
hex4_01272,Hatfield,3.9712,324.8911842076906,0,0.33709,44.87
hex4_01273,Whately,3.9123,200.96489056470546,0,0.30476,39.75
hex4_01274,Whately,3.9217,235.84166251248683,0,0.42273,60.84
hex4_01275,Whately,3.9955,68.43899708643113,0,0.24202,27.33
hex4_01276,Deerfield,3.9872,175.85053155398361,0,0.38551,53.43
hex4_01277,Deerfield,3.9846,529.6999432291881,0,0.42967,60.91
hex4_01278,Deerfield,3.8165,312.28361547420957,0,0.35357,50.42
hex4_01279,Deerfield,3.9282,138.3420879727022,0,0.18063,17.88
hex4_01280,Deerfield,3.9845,83.74224479593215,0,0.15023,12.48
hex4_01281,Greenfield,3.9981,384.6965161480973,0,0.23584,26.22
hex4_01282,Greenfield,3.999,584.7934159492359,0,0.13884,10.43
hex4_01283,Greenfield,3.9313,443.5517702517769,0,0.15659,13.91
hex4_01284,Greenfield,3.9923,356.2087118547303,0,0.21494,22.79
hex4_01285,Colrain,3.9476,71.51053759597046,0,0.14929,12.56
hex4_01286,Leyden,3.9647,90.45357163687459,0,0.13303,9.52
hex4_01287,Leyden,3.9998,110.75698672932982,0,0.17452,16.74
hex4_01288,Leyden,3.9953,71.45674228370348,0,0.08675,3.51
hex4_01289,Leyden,1.9466,28.012257808840502,0,0.06588,9.07
hex4_01290,Longmeadow,1.667,274.78502531648945,0,0.28345,79.06
hex4_01291,Longmeadow,2.9367,596.0320687695418,0,0.28212,52.94
hex4_01292,Agawam,3.125,1962.4769115309691,0,0.2124,32.88
hex4_01293,Agawam,3.6544,1789.911264248216,0,0.24429,31.75
hex4_01294,Springfield,3.266,6800.8248267789595,0,0.41902,72.56
hex4_01295,Springfield,3.9441,10013.53029457677,0,0.36582,50.51
hex4_01296,Chicopee,3.8198,8947.048891080436,0,0.28505,37.84
hex4_01297,Chicopee,3.9919,3836.5466591964505,0,0.11876,7.12
hex4_01298,Chicopee,3.9346,6562.3352905957345,0,0.07772,2.68
hex4_01299,Holyoke,3.3828,8504.884970293144,0,0.11895,10.74
hex4_01300,South Hadley,3.1669,3575.1576641871234,0,0.19183,27.35
hex4_01301,South Hadley,3.9928,1312.9080205510904,0,0.26675,31.66
hex4_01302,South Hadley,3.3169,754.2676271531254,0,0.25047,38.36
hex4_01303,Holyoke,3.308,109.09976025782069,0,0.33526,57.04
hex4_01304,Hadley,3.0788,91.52224441408215,0,0.19726,29.66
hex4_01305,Northampton,3.4319,73.6453101481856,0,0.20707,27.15
hex4_01306,Hadley,3.3199,374.35521608366975,0,0.50185,82.92
hex4_01307,Hatfield,3.3927,251.4802480315715,0,0.33477,54.97
hex4_01308,Hatfield,3.8087,875.4647358997502,0,0.43478,64.83
hex4_01309,Hatfield,3.8649,299.7439120859943,0,0.30083,39.7
hex4_01310,Hatfield,3.9851,276.06183993358155,0,0.40653,57.42
hex4_01311,Whately,3.9599,189.0182151945009,0,0.2683,32.68
hex4_01312,Whately,3.9352,161.45898490672488,0,0.34481,46.95
hex4_01313,Deerfield,3.9739,1002.0584809079778,0,0.57729,80.47
hex4_01314,Deerfield,3.9972,473.54900860331475,0,0.58799,81.33
hex4_01315,Deerfield,3.9947,162.79766983971948,0,0.29018,36.32
hex4_01316,Deerfield,3.8709,186.52908446682508,0,0.22007,24.93
hex4_01317,Deerfield,3.7697,321.9673739006757,0,0.31801,44.55
hex4_01318,Deerfield,3.6073,560.872322426882,0,0.3158,46.89
hex4_01319,Greenfield,3.9203,4791.650162965067,0,0.49045,71.0
hex4_01320,Greenfield,3.9252,2623.194473898261,0,0.2064,21.78
hex4_01321,Greenfield,3.9171,513.980824809944,0,0.1986,20.62
hex4_01322,Greenfield,3.9209,222.90952113869463,0,0.2358,26.88
hex4_01323,Leyden,3.9727,50.449023124004874,0,0.15825,13.93
hex4_01324,Leyden,3.9994,32.54987132860243,0,0.09131,3.94
hex4_01325,Leyden,3.9977,52.79497442128969,0,0.08258,3.06
hex4_01326,Leyden,3.8482,72.28878272357802,0,0.07762,2.79
hex4_01327,Longmeadow,3.7012,2208.8733279481103,0,0.52423,79.02
hex4_01328,Longmeadow,3.9903,4259.793163661969,0,0.57307,79.63
hex4_01329,Springfield,3.4017,3295.407913114526,0,0.30342,48.11
hex4_01330,Springfield,3.4667,13686.281752934061,0,0.43319,70.88
hex4_01331,Springfield,4.0003,11866.166439138335,1,0.51955,73.4
hex4_01332,Springfield,3.9827,9481.223579573785,0,0.45871,65.55
hex4_01333,Chicopee,3.8071,7486.71762205532,0,0.24216,29.37
hex4_01334,Chicopee,3.9963,4296.106234337057,0,0.33928,44.89
hex4_01335,Chicopee,3.9946,4257.471155767159,0,0.15804,13.66
hex4_01336,Chicopee,3.7932,5117.612072345017,0,0.34147,48.74
hex4_01337,South Hadley,3.9802,3292.980741763427,0,0.42704,60.59
hex4_01338,South Hadley,3.9771,3170.807367304522,0,0.30934,39.65
hex4_01339,South Hadley,3.9434,771.2535009068738,0,0.35366,48.58
hex4_01340,South Hadley,3.9744,177.69258459157967,0,0.18884,18.74
hex4_01341,Hadley,3.9222,105.40025048834976,0,0.2131,23.02
hex4_01342,Hadley,3.3468,294.21540397619424,0,0.23197,33.77
hex4_01343,Hadley,3.8494,805.7904428250874,0,0.50888,74.66
hex4_01344,Hadley,3.4495,300.2680849248096,0,0.28419,43.19
hex4_01345,Hadley,3.3131,406.40996440209426,0,0.3744,63.99
hex4_01346,Hatfield,3.1399,105.74857861739083,0,0.3638,65.96
hex4_01347,Hatfield,3.4588,175.6494408114603,0,0.35968,58.51
hex4_01348,Sunderland,3.4771,642.4965169740757,0,0.46516,75.43
hex4_01349,Sunderland,3.4634,691.3685964961703,0,0.61756,91.59
hex4_01350,Deerfield,3.6956,619.0634642996936,0,0.51663,78.31
hex4_01351,Deerfield,3.9964,173.01450791170242,0,0.29959,38.03
hex4_01352,Deerfield,3.9991,183.6230415755957,0,0.21843,23.25
hex4_01353,Deerfield,3.9971,189.6124057809076,0,0.20645,21.3
hex4_01354,Deerfield,3.9741,35.004128443713675,0,0.18929,18.83
hex4_01355,Greenfield,3.5301,1557.446300623092,0,0.4308,69.41
hex4_01356,Greenfield,3.5091,3454.1888909175327,0,0.39966,64.6
hex4_01357,Greenfield,3.9925,850.6430444854367,0,0.31298,40.09
hex4_01358,Greenfield,3.9957,581.3398855645953,0,0.475,67.35
hex4_01359,Bernardston,3.9962,128.6147227265749,0,0.2896,36.16
hex4_01360,Bernardston,3.996,49.75185781002265,0,0.13038,8.91
hex4_01361,Bernardston,3.9993,59.534585234981485,0,0.10523,5.23
hex4_01362,Bernardston,3.997,34.17091667879136,0,0.08841,3.69
hex4_01363,Bernardston,1.5159,14.721502174390706,0,0.05849,6.75
hex4_01364,Longmeadow,0.6973,716.2382099841565,0,0.49685,99.09
hex4_01365,Longmeadow,3.9904,3256.587893576722,0,0.45795,65.28
hex4_01366,Longmeadow,3.9358,3128.4566322921496,0,0.35235,48.42
hex4_01367,Springfield,3.9896,17053.566389888583,0,0.51671,73.19
hex4_01368,Springfield,3.6951,12864.915650468278,0,0.54539,81.55
hex4_01369,Springfield,3.986,6724.152096488799,0,0.62849,85.61
hex4_01370,Springfield,4.0003,5807.345502435875,0,0.65601,87.69
hex4_01371,Chicopee,3.5637,1105.4652262143495,0,0.59497,88.56
hex4_01372,Chicopee,3.9972,1339.4339965478507,0,0.38928,53.98
hex4_01373,Chicopee,3.9979,2994.9311390548046,0,0.36773,50.06
hex4_01374,South Hadley,3.9408,1357.7781382320177,0,0.61119,84.39
hex4_01375,South Hadley,3.9676,1947.6884072629675,0,0.34866,47.15
hex4_01376,South Hadley,3.9448,1510.8241390210258,0,0.34024,46.02
hex4_01377,South Hadley,3.9227,531.2604795848048,0,0.26296,31.91
hex4_01378,South Hadley,3.9794,49.109885720810084,0,0.19099,18.95
hex4_01379,Hadley,3.9923,150.210691939911,0,0.22406,24.45
hex4_01380,Hadley,3.94,247.72035234257135,0,0.23745,27.04
hex4_01381,Hadley,3.9952,496.1267740341683,0,0.37885,51.98
hex4_01382,Hadley,3.9951,839.3569819548778,0,0.28895,36.03
hex4_01383,Hadley,3.883,233.48464147858658,0,0.40682,58.98
hex4_01384,Hadley,3.9845,421.02173032093566,0,0.36638,50.04
hex4_01385,Sunderland,3.9944,646.8878804816393,0,0.33894,44.84
hex4_01386,Sunderland,3.9966,893.7968447385015,0,0.36054,48.95
hex4_01387,Sunderland,3.9981,252.12279366623858,0,0.36166,49.08
hex4_01388,Sunderland,3.4959,211.55620149445335,0,0.27619,40.59
hex4_01389,Deerfield,3.472,110.39149299887778,0,0.27926,41.94
hex4_01390,Montague,3.3906,89.96875528661016,0,0.1687,20.12
hex4_01391,Deerfield,3.5407,64.41402817989814,0,0.17802,20.42
hex4_01392,Deerfield,3.5577,91.85836347387558,0,0.24158,32.83
hex4_01393,Montague,3.8841,1318.6404862453044,0,0.36572,51.33
hex4_01394,Greenfield,3.5012,2651.020323363286,0,0.4878,78.02
hex4_01395,Greenfield,3.9855,423.5673057694837,0,0.43148,61.27
hex4_01396,Greenfield,3.9948,323.9474476681186,0,0.47751,67.66
hex4_01397,Bernardston,3.9972,271.97514601041445,0,0.30517,38.82
hex4_01398,Bernardston,4.0,179.55123620770638,0,0.17681,16.95
hex4_01399,Bernardston,3.9985,79.71240900041198,0,0.1074,5.37
hex4_01400,Bernardston,3.5642,71.56537560729807,0,0.08504,4.28
hex4_01401,Longmeadow,2.5166,363.58631435212254,0,0.54641,97.57
hex4_01402,East Longmeadow,3.9717,2121.2369818309435,0,0.45643,65.33
hex4_01403,East Longmeadow,3.993,5354.152266653857,0,0.3701,50.46
hex4_01404,Springfield,3.9355,7941.5354274051715,0,0.47383,68.27
hex4_01405,Springfield,3.6432,4453.630896700158,0,0.4743,73.58
hex4_01406,Springfield,3.9975,6259.073314012524,0,0.7613,94.17
hex4_01407,Springfield,3.8149,1121.3191845285126,0,0.4681,69.72
hex4_01408,Chicopee,3.9803,1333.9166659168645,0,0.5378,76.05
hex4_01409,Chicopee,3.9981,107.53808419424008,1,0.33014,43.33
hex4_01410,Chicopee,3.9925,76.31475064781397,0,0.22132,23.95
hex4_01411,Granby,3.9918,484.521823477252,0,0.3295,43.31
hex4_01412,Granby,3.9968,684.3651719941195,0,0.33628,44.34
hex4_01413,Granby,3.999,288.66407548848207,0,0.23292,25.74
hex4_01414,Granby,3.9045,420.80923778543735,0,0.25562,30.64
hex4_01415,Amherst,3.9748,175.9451793903789,0,0.25019,28.85
hex4_01416,Amherst,3.9981,1236.040397148884,0,0.38606,53.34
hex4_01417,Amherst,3.9253,2157.2554326031,0,0.49388,71.38
hex4_01418,Hadley,3.9989,1140.732475385676,0,0.53367,75.32
hex4_01419,Hadley,3.9937,7495.855935538167,0,0.3194,41.47
hex4_01420,Amherst,3.9957,2871.269018455782,0,0.37574,51.21
hex4_01421,Amherst,3.9823,452.01901628168144,0,0.44749,63.68
hex4_01422,Sunderland,3.9961,193.96246559334799,0,0.38585,53.32
hex4_01423,Sunderland,3.9999,91.35638066613525,0,0.24536,27.87
hex4_01424,Sunderland,3.999,64.13042188629655,0,0.22871,25.09
hex4_01425,Sunderland,3.9789,145.25384922832512,1,0.3407,45.52
hex4_01426,Montague,3.9928,333.9314272565937,0,0.39439,55.06
hex4_01427,Montague,3.9532,454.4408548769703,0,0.25156,29.39
hex4_01428,Montague,3.9655,192.0961083496564,0,0.2624,31.22
hex4_01429,Montague,4.0001,272.7847682404037,0,0.45835,65.12
hex4_01430,Montague,2.3369,1504.7847029579875,0,0.49132,96.96
hex4_01431,Gill,3.7075,427.82103022925753,0,0.37696,57.22
hex4_01432,Gill,3.9452,110.95543006219673,0,0.29226,37.37
hex4_01433,Bernardston,3.9608,187.20041974550867,0,0.34274,46.2
hex4_01434,Bernardston,3.9834,495.30014464873,0,0.40483,57.19
hex4_01435,Bernardston,3.9996,121.8625710190804,0,0.12056,7.43
hex4_01436,Bernardston,3.9993,39.9524261841198,0,0.07576,2.49
hex4_01437,Bernardston,1.0982,9.187518829031747,0,0.05813,6.66
hex4_01438,East Longmeadow,3.9919,1252.6455469324283,0,0.59783,82.46
hex4_01439,East Longmeadow,3.9717,3231.9141112528655,0,0.70099,91.18
hex4_01440,Springfield,3.9642,4902.444005669706,0,0.47425,67.8
hex4_01441,Springfield,3.8991,3194.3280038693733,0,0.41226,59.5
hex4_01442,Springfield,3.9246,7088.752913671911,0,0.56301,79.61
hex4_01443,Springfield,3.6382,5698.061724988188,0,0.63019,90.32
hex4_01444,Springfield,3.7711,3525.569094908681,0,0.24926,31.18
hex4_01445,Ludlow,3.9962,1607.0699468431333,0,0.55615,77.9
hex4_01446,Ludlow,3.9139,1077.7630644004837,0,0.34853,48.04
hex4_01447,Granby,3.8547,301.7756698918578,0,0.38704,56.33
hex4_01448,Granby,3.9822,251.50028655048405,0,0.3255,42.83
hex4_01449,Granby,3.988,475.1136724767741,0,0.39592,55.4
hex4_01450,Granby,3.9487,332.2091194298158,0,0.21984,24.23
hex4_01451,Granby,3.9894,123.40701822723382,0,0.2205,23.7
hex4_01452,Amherst,3.9887,166.54180698742852,0,0.2941,37.09
hex4_01453,Amherst,3.9904,1194.9726307273654,0,0.57365,79.79
hex4_01454,Amherst,3.9568,873.2254704257023,0,0.5755,80.58
hex4_01455,Amherst,3.9943,5936.2481731130465,0,0.65977,88.01
hex4_01456,Amherst,3.9864,7834.531059830435,0,0.60378,83.01
hex4_01457,Amherst,3.9444,1963.5486926182402,0,0.49008,70.47
hex4_01458,Leverett,3.9916,303.2124007004824,0,0.46514,66.28
hex4_01459,Leverett,3.9207,199.5567055078889,0,0.33694,45.77
hex4_01460,Leverett,3.8808,114.79471976373162,0,0.23409,27.1
hex4_01461,Leverett,3.881,132.8475490603767,0,0.34974,48.86
hex4_01462,Montague,3.9613,143.88999857589152,0,0.34381,46.34
hex4_01463,Montague,3.9988,221.28838307217922,0,0.26912,32.27
hex4_01464,Montague,3.9596,349.5467048733759,0,0.21833,23.57
hex4_01465,Montague,3.8001,69.5893040503933,0,0.40533,60.14
hex4_01466,Montague,4.0001,79.1906680477102,0,0.39752,55.54
hex4_01467,Gill,3.5109,124.48796297786606,0,0.33685,52.84
hex4_01468,Gill,3.9831,114.51947252428926,0,0.26345,31.2
hex4_01469,Gill,3.9828,120.65299097707742,0,0.21493,22.87
hex4_01470,Bernardston,3.9929,241.33838503908137,0,0.23879,26.58
hex4_01471,Bernardston,3.9897,129.0441634419076,0,0.18065,17.49
hex4_01472,Bernardston,3.9997,63.676860636480825,0,0.10357,5.07
hex4_01473,Bernardston,3.241,32.86451775249078,0,0.08784,5.49
hex4_01474,East Longmeadow,2.6458,579.5997176036943,0,0.34675,74.17
hex4_01475,East Longmeadow,3.9807,1320.2093781820618,0,0.5522,77.7
hex4_01476,East Longmeadow,3.9923,2015.4911741231365,0,0.43434,61.55
hex4_01477,Springfield,3.9951,2930.188601479421,0,0.38062,52.37
hex4_01478,Springfield,3.9374,3515.6447044425195,0,0.37376,52.07
hex4_01479,Springfield,3.9796,3796.5668051673815,0,0.42335,59.92
hex4_01480,Springfield,3.636,5999.560370031291,0,0.32052,47.4
hex4_01481,Ludlow,3.8805,3846.2362322512145,0,0.43762,63.93
hex4_01482,Ludlow,3.9923,879.5305374332243,0,0.60481,83.05
hex4_01483,Ludlow,3.9964,227.4853950563931,0,0.38704,53.52
hex4_01484,Granby,3.9803,306.7530491562363,0,0.41687,58.96
hex4_01485,Granby,3.9729,202.12154247465156,0,0.28996,36.64
hex4_01486,Granby,3.9957,401.81014342167055,0,0.27137,32.84
hex4_01487,Granby,3.9899,193.73232163406772,0,0.26667,31.7
hex4_01488,Amherst,3.9963,135.8874763931614,0,0.28427,35.15
hex4_01489,Amherst,3.9979,410.1954250666697,0,0.48003,68.0
hex4_01490,Amherst,3.9761,676.9457369300932,0,0.60267,83.09
hex4_01491,Amherst,3.9542,1976.7301015771425,0,0.56593,79.52
hex4_01492,Amherst,3.9979,616.5219150255663,0,0.31594,40.63
hex4_01493,Amherst,3.9958,356.6731254889463,0,0.41699,58.71
hex4_01494,Amherst,3.953,376.8118284060634,0,0.54907,77.75
hex4_01495,Leverett,3.9829,157.23388493154735,0,0.36239,49.49
hex4_01496,Leverett,3.9101,98.79639070543548,0,0.30139,39.23
hex4_01497,Leverett,3.9384,104.9438070286185,0,0.20517,21.53
hex4_01498,Leverett,3.9982,192.74998523296767,0,0.39483,55.02
hex4_01499,Montague,3.9995,93.1524175164886,0,0.27147,32.79
hex4_01500,Montague,4.0,20.3076218408542,0,0.2106,21.84
hex4_01501,Montague,3.9512,71.18776370129916,0,0.28474,35.82
hex4_01502,Montague,3.8513,1042.6885616730679,0,0.6637,90.16
hex4_01503,Erving,3.574,121.17965998505494,0,0.37887,59.62
hex4_01504,Gill,3.9793,51.24594550857838,0,0.17629,17.04
hex4_01505,Gill,3.6938,123.83522640781526,0,0.22946,28.32
hex4_01506,Gill,3.9977,194.5820795392609,0,0.27999,34.33
hex4_01507,Bernardston,3.9697,168.35580703477765,0,0.31065,39.99
hex4_01508,Northfield,3.9066,51.06382686863643,0,0.25128,29.87
hex4_01509,Northfield,3.9924,25.35668012883639,0,0.16106,14.34
hex4_01510,Northfield,0.7486,4.236391635214412,0,0.10061,20.49
hex4_01511,East Longmeadow,0.4158,93.83143863950829,0,0.31092,84.63
hex4_01512,East Longmeadow,3.9883,913.0565113465252,0,0.47149,67.07
hex4_01513,Hampden,3.9932,1272.0846666483815,0,0.54954,77.25
hex4_01514,Wilbraham,3.9918,1770.1786651169818,0,0.44522,63.16
hex4_01515,Wilbraham,3.9997,1198.5144370386665,0,0.39078,54.2
hex4_01516,Wilbraham,3.9968,1795.040615384229,0,0.2829,34.88
hex4_01517,Wilbraham,3.9484,1852.4132153179935,0,0.27582,34.13
hex4_01518,Ludlow,3.8336,4471.105770410867,0,0.36874,52.98
hex4_01519,Ludlow,3.9652,1614.2842439797475,0,0.50136,71.65
hex4_01520,Ludlow,3.9982,427.2135172468154,0,0.35438,47.84
hex4_01521,Ludlow,3.992,100.023323242682,0,0.26238,30.88
hex4_01522,Granby,3.9916,178.60315976051464,0,0.31124,39.86
hex4_01523,Granby,3.9322,338.8526379397706,0,0.34388,46.82
hex4_01524,Granby,3.7647,192.09871927761475,0,0.31397,43.98
hex4_01525,Granby,3.9939,130.55657599201123,0,0.32564,42.65
hex4_01526,Amherst,3.9978,383.109515226742,0,0.43561,61.64
hex4_01527,Amherst,3.9973,577.2418163140209,0,0.62155,84.66
hex4_01528,Pelham,3.9723,970.6528359134953,0,0.61087,83.98
hex4_01529,Pelham,3.9762,896.4626558359847,0,0.57532,80.26
hex4_01530,Pelham,4.0002,12.047638772560317,0,0.28691,35.51
hex4_01531,Shutesbury,3.9625,87.06222783213201,0,0.38943,54.64
hex4_01532,Shutesbury,3.8754,112.67807979225938,0,0.38144,54.77
hex4_01533,Leverett,3.9981,60.00942432056635,0,0.21418,22.55
hex4_01534,Leverett,3.9983,21.534642087612188,0,0.14671,11.78
hex4_01535,Leverett,3.998,108.49425453653349,0,0.26852,32.07
hex4_01536,Leverett,3.9979,141.2884436665156,0,0.30665,39.11
hex4_01537,Montague,3.9997,51.76012914902804,0,0.25568,29.55
hex4_01538,Montague,4.0,17.072989675795228,0,0.25209,28.94
hex4_01539,Montague,3.9372,76.07562413714848,0,0.4047,57.76
hex4_01540,Erving,3.9932,228.60848423835284,0,0.4026,56.63
hex4_01541,Northfield,3.6861,92.84369995163136,0,0.22274,27.21
hex4_01542,Northfield,3.6292,178.5580791262349,1,0.20645,24.99
hex4_01543,Northfield,3.416,130.57169582169868,0,0.24359,35.24
hex4_01544,Gill,3.5642,223.57214692379526,0,0.34179,52.8
hex4_01545,Northfield,3.4916,85.03160969056765,0,0.23907,33.31
hex4_01546,Northfield,3.6709,67.66163930858731,0,0.27733,38.39
hex4_01547,Northfield,2.8824,107.64344351793186,0,0.19732,33.27
hex4_01548,Hampden,2.7936,323.10256586152394,0,0.34868,70.68
hex4_01549,Hampden,3.9832,761.6317209619298,0,0.4859,69.36
hex4_01550,Hampden,3.9918,728.55670324532,0,0.4144,58.44
hex4_01551,Wilbraham,3.9436,1908.9259444245172,0,0.49542,71.33
hex4_01552,Wilbraham,3.9875,950.8665413660583,0,0.53588,75.68
hex4_01553,Wilbraham,3.8997,1055.1636060906305,0,0.43847,63.74
hex4_01554,Wilbraham,3.786,1290.536594924802,0,0.41401,61.89
hex4_01555,Ludlow,3.9608,1188.720128131779,0,0.4123,58.56
hex4_01556,Ludlow,3.997,574.4875818895615,0,0.37465,51.1
hex4_01557,Ludlow,3.9991,28.55276275172851,0,0.23667,26.33
hex4_01558,Belchertown,3.9918,167.9737563928326,0,0.25436,29.44
hex4_01559,Belchertown,3.9831,677.4693437759172,0,0.43025,61.03
hex4_01560,Belchertown,3.9712,479.7805927769713,0,0.5052,72.01
hex4_01561,Belchertown,3.9854,432.26468934326186,0,0.62714,85.47
hex4_01562,Belchertown,3.9454,482.68648047020145,0,0.6612,88.72
hex4_01563,Belchertown,3.9762,496.3376217633145,0,0.53608,75.91
hex4_01564,Belchertown,3.9699,250.43562785599167,0,0.53925,76.36
hex4_01565,Pelham,3.9956,153.96329856103023,0,0.43872,62.22
hex4_01566,Pelham,3.977,213.80856779112716,0,0.35518,48.2
hex4_01567,Pelham,3.9986,137.19143193549675,0,0.32991,43.28
hex4_01568,Shutesbury,3.9811,138.1085317151563,0,0.32456,42.62
hex4_01569,Shutesbury,3.9982,153.66426285108363,0,0.22105,23.73
hex4_01570,Shutesbury,3.9957,44.690565241267244,0,0.16558,15.07
hex4_01571,Leverett,3.9927,49.74378981713736,0,0.1808,17.5
hex4_01572,Leverett,3.9794,125.86608049914862,0,0.20499,21.19
hex4_01573,Wendell,3.9823,25.18229086459504,0,0.20149,20.55
hex4_01574,Wendell,3.9159,9.760633787293333,0,0.17693,17.4
hex4_01575,Wendell,3.989,21.38856105094402,0,0.29039,36.41
hex4_01576,Wendell,3.9196,117.224167941366,0,0.42722,61.7
hex4_01577,Erving,3.9691,143.75724866708183,0,0.42935,61.2
hex4_01578,Erving,3.3406,33.961881965565695,0,0.26537,40.97
hex4_01579,Northfield,3.9992,101.9761853462102,0,0.19523,19.53
hex4_01580,Northfield,3.9014,99.32471313625804,0,0.247,29.12
hex4_01581,Northfield,3.9926,220.0595381238978,0,0.24565,27.99
hex4_01582,Northfield,3.9822,531.0857699842832,0,0.44716,63.58
hex4_01583,Northfield,3.5506,367.320555257689,0,0.17526,19.97
hex4_01584,Northfield,0.3584,37.290111041692924,0,0.1623,42.35
hex4_01585,Hampden,0.6295,28.997574680468247,0,0.27801,77.81
hex4_01586,Hampden,3.9908,188.5435074532551,0,0.37504,51.19
hex4_01587,Hampden,3.9974,364.04652195151107,0,0.53429,75.41
hex4_01588,Hampden,3.9979,324.267218983265,0,0.36127,48.99
hex4_01589,Wilbraham,3.9972,445.922343086345,0,0.48388,68.64
hex4_01590,Wilbraham,3.9883,665.0873021387001,0,0.63487,85.97
hex4_01591,Wilbraham,3.9721,1077.7453376183848,0,0.72332,92.52
hex4_01592,Ludlow,3.7918,906.02770307052,0,0.57701,83.34
hex4_01593,Ludlow,3.9821,793.9489791552188,0,0.50182,71.45
hex4_01594,Ludlow,2.8869,608.2586752076492,0,0.3643,71.59
hex4_01595,Ludlow,3.535,12.781248569495702,0,0.17977,20.69
hex4_01596,Belchertown,3.9986,427.80885167625627,0,0.42444,59.69
hex4_01597,Belchertown,3.9991,582.1415551892724,0,0.5241,74.15
hex4_01598,Belchertown,3.9928,797.9736625098742,0,0.74367,93.4
hex4_01599,Belchertown,3.8826,773.7811792011956,0,0.77332,95.61
hex4_01600,Belchertown,3.7555,393.9230883160902,0,0.59829,86.06
hex4_01601,Belchertown,3.9481,144.24216349045327,0,0.38522,54.11
hex4_01602,Belchertown,3.9801,110.21713951281241,0,0.37644,51.69
hex4_01603,Pelham,3.9823,48.22017604279399,0,0.28884,36.23
hex4_01604,Pelham,3.9969,71.76056426528037,0,0.24391,27.62
hex4_01605,Shutesbury,3.9944,121.3277377011936,0,0.24936,28.48
hex4_01606,Shutesbury,3.9912,161.81576033273325,0,0.21186,22.14
hex4_01607,Shutesbury,3.9901,143.09946035125685,0,0.21249,22.27
hex4_01608,Shutesbury,3.9899,130.63070161361267,0,0.13336,9.45
hex4_01609,Shutesbury,3.6917,204.5583003352234,0,0.18112,19.69
hex4_01610,Wendell,3.6669,165.65488222983106,0,0.20772,24.81
hex4_01611,Wendell,3.976,67.67117906974725,0,0.24888,28.62
hex4_01612,Wendell,3.896,23.964472317010063,0,0.24438,28.69
hex4_01613,Wendell,3.9969,27.76581900923596,0,0.36599,49.76
hex4_01614,Wendell,3.9503,27.123900304729677,0,0.40789,58.08
hex4_01615,Erving,3.5899,59.40555762759336,0,0.31798,47.7
hex4_01616,Erving,3.9828,45.03448174016198,0,0.25254,29.25
hex4_01617,Northfield,3.9936,132.42350814772595,0,0.21149,22.0
hex4_01618,Northfield,3.9979,51.03145410096984,0,0.18102,17.47
hex4_01619,Northfield,3.9949,110.07670464974606,0,0.18343,17.83
hex4_01620,Northfield,3.9852,185.0154052780741,0,0.15813,13.8
hex4_01621,Northfield,2.4409,124.53915680258697,0,0.17643,35.99
hex4_01622,Hampden,3.0839,134.47248600568224,0,0.39417,72.29
hex4_01623,Hampden,3.9987,218.46653003719084,0,0.52126,73.65
hex4_01624,Hampden,3.9981,262.29033824878377,0,0.40223,56.47
hex4_01625,Hampden,3.9991,230.91026861716506,0,0.39167,54.36
hex4_01626,Wilbraham,3.9989,375.95799056702066,0,0.46313,65.9
hex4_01627,Wilbraham,4.0001,421.0726757232015,0,0.48699,69.16
hex4_01628,Wilbraham,3.9258,723.8889091046003,0,0.52296,75.19
hex4_01629,Wilbraham,3.659,448.89225766893475,0,0.31689,46.23
hex4_01630,Ludlow,3.8422,529.6213462317372,0,0.37025,53.14
hex4_01631,Belchertown,4.0003,318.7054209932613,0,0.33875,44.69
hex4_01632,Belchertown,4.0003,423.36570385175014,0,0.34875,46.57
hex4_01633,Belchertown,4.0003,819.5849372632505,0,0.51907,73.33
hex4_01634,Belchertown,4.0,834.6055332329759,0,0.67474,89.08
hex4_01635,Belchertown,4.0001,1367.8526506167764,0,0.72714,92.43
hex4_01636,Belchertown,3.9895,512.609988049582,0,0.60308,82.94
hex4_01637,Belchertown,3.9999,184.532932279009,0,0.37702,51.44
hex4_01638,Pelham,3.9889,143.38565417191012,0,0.25343,29.3
hex4_01639,Pelham,3.9911,32.18973816677481,0,0.19542,19.6
hex4_01640,Pelham,3.9935,25.46270688541327,0,0.15549,13.17
hex4_01641,Pelham,3.9996,26.53421694102102,0,0.14473,11.37
hex4_01642,Shutesbury,4.0002,39.60262628708832,0,0.11823,6.98
hex4_01643,Shutesbury,4.0002,56.259863840969416,0,0.13919,10.47
hex4_01644,Shutesbury,3.9982,92.78529984857666,0,0.12299,7.75
hex4_01645,Shutesbury,3.9879,47.79034143645189,0,0.13715,10.11
hex4_01646,Shutesbury,3.9612,28.105765934654066,0,0.16888,16.06
hex4_01647,Wendell,3.9933,119.91140121453543,0,0.29984,38.12
hex4_01648,Wendell,3.9778,105.910450948157,0,0.34982,47.2
hex4_01649,Wendell,3.9983,81.16187447490312,0,0.40433,56.85
hex4_01650,Wendell,3.9779,19.416124500677086,0,0.28207,35.03
hex4_01651,Wendell,3.8629,136.46116236975257,0,0.45268,66.64
hex4_01652,Erving,3.9953,179.86238193815655,0,0.27783,33.94
hex4_01653,Northfield,3.9975,83.50567243256175,0,0.2141,22.5
hex4_01654,Northfield,3.999,24.362870059490866,0,0.14278,10.97
hex4_01655,Northfield,4.0,12.527753510506772,0,0.11997,7.27
hex4_01656,Northfield,4.0,24.2579500021151,0,0.11153,5.91
hex4_01657,Warwick,3.9868,27.805459118992594,0,0.09079,3.9
hex4_01658,Hampden,0.8519,6.334486166017347,0,0.19961,55.86
hex4_01659,Hampden,3.9789,192.6787544487806,0,0.38987,54.43
hex4_01660,Hampden,3.9915,224.23390204321063,0,0.35668,48.25
hex4_01661,Monson,3.9986,227.52753461436654,0,0.36206,49.15
hex4_01662,Monson,3.9904,280.711362048697,0,0.36981,50.44
hex4_01663,Monson,3.9137,379.20669837407473,0,0.40145,57.72
hex4_01664,Monson,3.9556,246.38882450125132,0,0.42658,60.93
hex4_01665,Palmer,4.0003,246.49716872412728,0,0.38581,53.23
hex4_01666,Palmer,3.8259,970.9453976981758,0,0.49375,72.85
hex4_01667,Belchertown,3.9985,403.1661796540269,0,0.44279,62.65
hex4_01668,Belchertown,4.0003,456.23123269909365,0,0.46803,66.57
hex4_01669,Belchertown,4.0003,454.2831033072805,0,0.42664,60.12
hex4_01670,Belchertown,3.9714,410.8045452497232,0,0.36446,49.88
hex4_01671,Belchertown,4.0003,578.7381957661233,0,0.42365,59.6
hex4_01672,Belchertown,3.9856,266.0624663291291,0,0.27693,33.86
hex4_01673,Belchertown,3.5978,76.83066531923586,0,0.23356,30.25
hex4_01674,Belchertown,3.9795,17.10295680274655,0,0.13776,10.27
hex4_01675,Pelham,4.0003,3.0955109213925622,0,0.08683,3.49
hex4_01676,Pelham,3.876,0.8232220517338757,0,0.06515,2.06
hex4_01677,Pelham,3.3386,2.6084206893085056,0,0.05544,2.02
hex4_01678,Pelham,2.6038,1.2898949016935526,0,0.0509,2.65
hex4_01679,Shutesbury,2.9367,3.8015315832296244,0,0.0642,3.56
hex4_01680,New Salem,3.9011,23.30326856336155,0,0.08813,3.81
hex4_01681,Shutesbury,3.9936,10.275031773894899,0,0.11832,7.02
hex4_01682,Shutesbury,4.0,3.412157814112667,0,0.13972,10.54
hex4_01683,Wendell,3.9153,35.099893109274184,0,0.21361,23.18
hex4_01684,Wendell,3.9687,54.94577133661294,0,0.31356,40.61
hex4_01685,Wendell,3.9756,59.82498727135967,0,0.40615,57.49
hex4_01686,Wendell,3.9545,49.91129775630846,0,0.33819,45.41
hex4_01687,Wendell,3.9006,12.84105387660512,0,0.36311,50.72
hex4_01688,Erving,3.9906,136.47463021442854,0,0.28457,35.26
hex4_01689,Erving,3.9131,26.503991492432494,0,0.28868,37.12
hex4_01690,Northfield,3.9852,19.797834911484223,0,0.16672,15.45
hex4_01691,Warwick,3.9998,10.217332783894273,0,0.13347,9.41
hex4_01692,Warwick,3.9659,18.266976257072677,0,0.13068,9.09
hex4_01693,Warwick,3.9945,8.928236159159955,0,0.09223,4.03
hex4_01694,Warwick,2.0104,3.552068694565132,0,0.07246,11.24
hex4_01695,Monson,3.2573,75.60671056426851,0,0.21709,31.56
hex4_01696,Monson,3.9664,92.92023514170315,0,0.27744,34.22
hex4_01697,Monson,3.9983,149.6570560581414,0,0.32138,41.87
hex4_01698,Monson,3.9633,353.40448719596634,0,0.35472,48.38
hex4_01699,Monson,3.982,253.5482358361399,0,0.40194,56.72
hex4_01700,Monson,3.9982,109.62658240085537,0,0.31609,40.68
hex4_01701,Monson,3.9798,265.11993974426935,0,0.30464,39.0
hex4_01702,Palmer,3.9288,1591.0024067527943,0,0.37121,51.66
hex4_01703,Palmer,3.9653,871.7484530375648,0,0.44526,63.56
hex4_01704,Belchertown,3.9746,1035.5635828853635,0,0.76796,94.63
hex4_01705,Belchertown,4.0003,279.4405145424687,0,0.51227,72.44
hex4_01706,Belchertown,4.0003,145.71973476897915,0,0.3285,42.96
hex4_01707,Belchertown,4.0003,143.64965971994292,0,0.30456,38.71
hex4_01708,Belchertown,1.8706,106.48525344196321,0,0.18835,51.39
hex4_01709,Ware,0.5937,0.08391270030748844,0,0.04898,4.47
hex4_01710,New Salem,0.9213,0.647289448063237,0,0.03011,1.72
hex4_01711,Pelham,1.5161,0.7975707539610178,0,0.02774,1.43
hex4_01712,New Salem,1.7955,0.5581222234046934,0,0.01723,0.84
hex4_01713,New Salem,2.0815,0.003763669068842584,0,0.01724,0.81
hex4_01714,New Salem,3.1227,0.0,0,0.02388,0.73
hex4_01715,New Salem,3.956,0.0,0,0.04182,1.04
hex4_01716,New Salem,4.0002,9.444726515338598,0,0.07976,2.72
hex4_01717,New Salem,4.0002,40.65039472136496,0,0.14395,11.17
hex4_01718,New Salem,4.0002,29.150303200234315,0,0.1701,15.93
hex4_01719,New Salem,4.0002,53.9182665480115,0,0.25156,28.78
hex4_01720,Wendell,3.9999,58.938552962855866,1,0.28671,35.44
hex4_01721,Wendell,3.9982,47.3588679605201,0,0.31059,39.59
hex4_01722,Wendell,3.9974,18.53526879515083,0,0.21413,22.53
hex4_01723,Wendell,3.9991,28.35526792129138,0,0.24958,28.46
hex4_01724,Orange,3.8632,80.20427967394619,0,0.33596,46.45
hex4_01725,Warwick,3.8995,18.071709432948836,0,0.16883,16.4
hex4_01726,Warwick,3.992,10.064148079436633,0,0.15832,13.75
hex4_01727,Warwick,3.995,58.11394115824622,1,0.21418,22.59
hex4_01728,Warwick,3.9999,38.68474652335261,0,0.20997,21.76
hex4_01729,Warwick,3.9986,24.678973463533385,0,0.14889,12.15
hex4_01730,Warwick,3.8784,39.10123883610508,0,0.17728,17.68
hex4_01731,Monson,1.0197,36.416404049171625,0,0.21519,60.71
hex4_01732,Monson,3.9903,211.92563398180425,0,0.30994,39.57
hex4_01733,Monson,3.9705,297.36284048314025,0,0.34973,47.32
hex4_01734,Monson,3.9641,296.53072589812734,0,0.30325,38.93
hex4_01735,Monson,4.0003,559.8924684257684,0,0.34581,46.14
hex4_01736,Monson,4.0003,251.7921389409982,0,0.31856,41.17
hex4_01737,Monson,3.9592,378.1251160739739,0,0.40233,57.17
hex4_01738,Palmer,3.9546,2375.7374997309357,0,0.56259,79.29
hex4_01739,Palmer,3.9345,822.9726821741723,0,0.48549,70.02
hex4_01740,Palmer,3.9493,579.4242341627432,1,0.64229,87.2
hex4_01741,Palmer,3.8914,531.3429110085664,0,0.65283,88.78
hex4_01742,Ware,3.9069,181.73575279159678,0,0.38738,55.32
hex4_01743,Ware,4.0003,238.95522962780765,0,0.34448,45.89
hex4_01744,Ware,3.8679,86.8780983623632,0,0.25033,30.14
hex4_01745,Ware,3.7625,6.81519598152102,0,0.10511,5.94
hex4_01746,New Salem,1.7841,0.16226649560225898,0,0.02152,1.07
hex4_01747,New Salem,3.2204,0.0,0,0.01929,0.5
hex4_01748,New Salem,3.8815,0.0,0,0.01974,0.34
hex4_01749,New Salem,3.9762,0.0,0,0.01984,0.32
hex4_01750,New Salem,3.9496,0.0,0,0.02186,0.47
hex4_01751,New Salem,4.0002,0.0,0,0.02759,0.64
hex4_01752,New Salem,3.9715,0.0,0,0.04106,0.97
hex4_01753,New Salem,3.9711,13.579999966492574,0,0.09186,4.06
hex4_01754,New Salem,4.0002,44.42124380981734,0,0.15679,13.42
hex4_01755,New Salem,4.0002,84.23324703846893,0,0.37999,52.14
hex4_01756,New Salem,3.9382,88.81085879147537,0,0.31362,41.15
hex4_01757,New Salem,3.9495,84.83948973509999,0,0.24718,28.6
hex4_01758,Orange,4.0,55.068397614101954,0,0.19258,19.13
hex4_01759,Orange,3.8664,56.6260775367538,0,0.32174,43.8
hex4_01760,Orange,3.9257,264.05042370378766,0,0.46856,67.57
hex4_01761,Orange,3.9704,93.86929762416335,0,0.41562,58.92
hex4_01762,Warwick,3.948,52.03494826137562,0,0.19859,20.48
hex4_01763,Warwick,3.9219,67.82415663159938,0,0.20175,21.14
hex4_01764,Warwick,3.8939,73.37243134496822,0,0.262,32.24
hex4_01765,Warwick,3.9921,81.98152663190437,0,0.43334,61.39
hex4_01766,Warwick,3.9931,44.49853960655668,0,0.16898,15.79
hex4_01767,Warwick,1.5605,8.510434616069432,0,0.11174,24.31
hex4_01768,Monson,3.4193,175.89567893083822,0,0.33998,55.58
hex4_01769,Monson,3.9893,135.4088543352592,0,0.34125,45.46
hex4_01770,Monson,3.9861,436.3725165494602,0,0.27895,34.28
hex4_01771,Monson,3.9838,1173.46903558529,0,0.44526,63.31
hex4_01772,Monson,3.9791,645.7533982513553,0,0.32832,43.3
hex4_01773,Monson,3.976,487.75715652594135,0,0.31002,39.84
hex4_01774,Palmer,3.9268,831.9204484191756,0,0.53347,76.37
hex4_01775,Palmer,3.8563,600.4890784806039,0,0.37506,53.8
hex4_01776,Palmer,3.9139,405.19276287397486,0,0.44097,63.86
hex4_01777,Palmer,3.7907,280.4450146358319,0,0.49451,73.72
hex4_01778,Ware,4.0003,146.02510464017703,0,0.56169,78.49
hex4_01779,Ware,3.6682,361.79565137351756,0,0.38567,59.32
hex4_01780,Ware,3.729,454.1840415204705,1,0.35231,51.64
hex4_01781,Ware,3.8257,58.95315447430036,0,0.25707,32.13
hex4_01782,Ware,1.6351,0.0,0,0.05499,5.67
hex4_01783,Ware,0.554,0.0,0,0.01224,0.52
hex4_01784,New Salem,0.9219,0.0,0,0.01075,0.43
hex4_01785,New Salem,0.6516,0.0,0,0.00807,0.23
hex4_01786,New Salem,0.6479,0.0,0,0.00756,0.18
hex4_01787,New Salem,1.3103,0.0,0,0.00925,0.27
hex4_01788,New Salem,1.2709,0.0,0,0.01095,0.45
hex4_01789,New Salem,0.9401,0.0,0,0.0188,0.93
hex4_01790,New Salem,1.3894,4.551957975379789,0,0.04405,3.63
hex4_01791,New Salem,2.8901,24.273911327467523,0,0.11114,12.92
hex4_01792,New Salem,3.4841,18.638271782313666,0,0.15921,17.67
hex4_01793,New Salem,3.882,10.34145293498571,0,0.1216,8.0
hex4_01794,New Salem,4.0001,117.53400902190141,0,0.22189,24.0
hex4_01795,Orange,3.6437,354.44371230542936,0,0.25586,34.53
hex4_01796,Orange,3.9503,1715.4453414352276,0,0.57477,80.65
hex4_01797,Orange,3.9362,966.3012365510864,0,0.53025,75.87
hex4_01798,Orange,3.929,115.08350964200997,0,0.30369,39.38
hex4_01799,Warwick,3.9694,23.30371003490715,0,0.13244,9.4
hex4_01800,Warwick,3.9745,31.355559580452606,0,0.1293,8.79
hex4_01801,Warwick,3.9546,53.29812114801647,0,0.20166,20.89
hex4_01802,Warwick,3.9083,26.422365655138133,0,0.146,12.24
hex4_01803,Warwick,3.6136,18.9016145869133,0,0.15567,16.27
hex4_01804,Monson,1.205,38.90408666461719,0,0.24406,69.39
hex4_01805,Monson,3.9918,138.8609399360322,0,0.30756,39.22
hex4_01806,Monson,3.3714,167.7737396442557,0,0.26499,40.24
hex4_01807,Monson,3.7303,157.7025803450614,0,0.21171,24.88
hex4_01808,Monson,3.9754,291.57335634989363,0,0.21729,23.32
hex4_01809,Monson,4.0003,204.29022847657944,0,0.28948,36.05
hex4_01810,Palmer,3.9486,411.23490718415724,0,0.4028,57.4
hex4_01811,Palmer,3.9999,472.28477140324367,0,0.39733,55.47
hex4_01812,Palmer,3.9934,193.4742360417846,0,0.29618,37.43
hex4_01813,Palmer,3.9999,103.87445095949762,0,0.43163,60.95
hex4_01814,Palmer,3.9999,118.2430105983667,0,0.48356,68.55
hex4_01815,Ware,3.9936,415.92451648706464,0,0.3843,53.05
hex4_01816,Ware,3.9769,203.06283823488556,0,0.2862,35.71
hex4_01817,Ware,4.0003,207.17405512583565,0,0.32607,42.6
hex4_01818,Ware,3.5283,71.70876883504559,0,0.18768,22.21
hex4_01819,Ware,3.0735,4.1086245586605,0,0.06206,2.81
hex4_01820,Ware,2.079,9.043706518513558,0,0.03728,2.33
hex4_01821,Hardwick,1.0935,0.5062339028257741,0,0.02325,1.22
hex4_01822,Petersham,0.3014,0.0,0,0.01322,0.59
hex4_01823,Petersham,0.6895,0.0,0,0.00929,0.29
hex4_01824,Petersham,1.1835,0.0,0,0.01042,0.38
hex4_01825,Petersham,1.1581,0.0,0,0.01057,0.41
hex4_01826,New Salem,0.4144,0.0,0,0.0103,0.36
hex4_01827,Petersham,0.5435,0.0,0,0.02654,1.38
hex4_01828,New Salem,1.1113,0.0,0,0.04407,3.67
hex4_01829,New Salem,2.7138,0.47555924913478,0,0.06761,4.65
hex4_01830,New Salem,3.8743,31.242493693179192,0,0.09989,4.98
hex4_01831,Orange,3.9704,292.89194141558846,0,0.17961,17.45
hex4_01832,Orange,3.9969,510.7790830837933,0,0.33276,43.83
hex4_01833,Orange,3.858,984.2310410577772,0,0.47114,69.46
hex4_01834,Orange,3.9867,222.28322852629412,0,0.31746,41.13
hex4_01835,Orange,3.6207,95.57537671328214,0,0.18322,20.57
hex4_01836,Orange,3.9958,73.93340545219553,0,0.14027,10.7
hex4_01837,Warwick,3.9612,36.504657669963805,0,0.12395,7.98
hex4_01838,Warwick,3.9431,20.712483986777578,0,0.11839,7.28
hex4_01839,Warwick,4.0,5.335703284160735,0,0.08326,3.1
hex4_01840,Warwick,1.1804,3.032150184648464,0,0.06752,9.68
hex4_01841,Wales,3.5266,52.10767924588621,0,0.21408,27.46
hex4_01842,Wales,3.9644,109.42596056156032,0,0.26591,31.97
hex4_01843,Wales,3.9973,136.8005561311462,0,0.27485,33.4
hex4_01844,Brimfield,3.9873,79.59311301787817,0,0.28818,35.98
hex4_01845,Brimfield,3.9714,145.45209569526313,0,0.28973,36.58
hex4_01846,Brimfield,4.0003,235.00948257366468,0,0.35793,48.36
hex4_01847,Brimfield,4.0003,208.16093599315414,0,0.32873,43.06
hex4_01848,Palmer,4.0003,137.64192857926173,0,0.31393,40.13
hex4_01849,Palmer,4.0003,59.021162308084314,0,0.27018,32.49
hex4_01850,Palmer,4.0003,100.34400868318966,0,0.2836,35.01
hex4_01851,Palmer,3.9998,276.2663978163955,0,0.29543,37.23
hex4_01852,Ware,4.0003,953.4363760608933,0,0.3828,52.62
hex4_01853,Ware,3.9929,572.4656520139347,0,0.30283,38.52
hex4_01854,Ware,4.0001,237.94380158746773,0,0.2842,35.1
hex4_01855,Hardwick,3.9811,82.30815209830855,0,0.2163,23.0
hex4_01856,Hardwick,3.9903,49.36939352509144,0,0.17979,17.33
hex4_01857,Hardwick,3.9393,20.974827402921953,0,0.12531,8.22
hex4_01858,Hardwick,3.722,8.086121306099498,0,0.07817,3.22
hex4_01859,Petersham,1.1496,0.0,0,0.02579,1.31
hex4_01860,Petersham,2.1364,0.0,0,0.01951,0.89
hex4_01861,Petersham,2.0724,0.0,0,0.01787,0.86
hex4_01862,Petersham,0.3625,0.0,0,0.01568,0.77
hex4_01863,Petersham,3.0721,0.0,0,0.03313,1.09
hex4_01864,Petersham,3.771,0.0,0,0.05359,1.49
hex4_01865,New Salem,3.9224,28.884144817220868,0,0.09824,4.69
hex4_01866,New Salem,3.48,57.42927992190893,0,0.09939,6.34
hex4_01867,Athol,3.162,155.13211825138347,0,0.07792,4.55
hex4_01868,Athol,3.5784,289.31741104237267,0,0.15988,17.15
hex4_01869,Orange,3.8197,1045.6644192628132,0,0.40002,58.94
hex4_01870,Orange,3.9944,325.4228175877597,0,0.26606,31.52
hex4_01871,Orange,3.9946,129.43606574145497,0,0.18924,18.69
hex4_01872,Orange,3.9646,74.68388346199382,0,0.14823,12.28
hex4_01873,Orange,3.9501,32.189025569379304,0,0.08906,3.79
hex4_01874,Royalston,3.9219,18.241463313266024,0,0.10587,5.42
hex4_01875,Royalston,4.0,44.016556305162325,0,0.10132,4.81
hex4_01876,Royalston,3.3237,36.71199971607006,0,0.09472,6.25
hex4_01877,Wales,1.3643,108.19363320961953,0,0.24318,69.02
hex4_01878,Wales,3.9494,105.76811174129911,0,0.31131,40.45
hex4_01879,Wales,3.9889,243.0030367219618,0,0.35347,47.77
hex4_01880,Wales,3.995,25.09543806590114,0,0.31266,40.0
hex4_01881,Brimfield,3.977,35.979410260226736,0,0.31809,41.51
hex4_01882,Brimfield,3.993,122.3704554769624,0,0.29577,37.34
hex4_01883,Brimfield,3.9968,123.45599362910094,0,0.2706,32.61
hex4_01884,Brimfield,4.0003,182.1424558233236,0,0.29002,36.17
hex4_01885,Warren,3.9799,89.7250669189329,0,0.2674,32.09
hex4_01886,Warren,3.9862,479.0206489186702,0,0.41774,59.07
hex4_01887,Warren,3.9829,324.7621820761038,0,0.26768,32.15
hex4_01888,Ware,3.9976,343.20146724788265,0,0.43239,61.18
hex4_01889,Ware,3.8634,4074.174022834423,0,0.44523,65.6
hex4_01890,Ware,3.9676,336.09955239281885,0,0.34726,46.86
hex4_01891,Ware,4.0003,272.832197722282,0,0.26702,31.64
hex4_01892,Hardwick,3.7358,100.67986859294592,0,0.2912,39.81
hex4_01893,Hardwick,3.9555,68.77213114721383,0,0.25418,29.78
hex4_01894,Hardwick,3.9231,71.53740180769114,0,0.20136,21.08
hex4_01895,Hardwick,2.7449,10.738509556710408,0,0.09392,10.06
hex4_01896,Petersham,3.188,0.3271913512351452,0,0.04724,1.66
hex4_01897,Petersham,3.7361,0.0,0,0.04031,1.11
hex4_01898,Petersham,3.6427,0.0,0,0.04187,1.2
hex4_01899,Petersham,3.9275,0.0,0,0.05695,1.56
hex4_01900,Petersham,4.0001,11.351588726120601,0,0.09534,4.26
hex4_01901,Petersham,3.9726,25.548588592521384,0,0.11866,7.25
hex4_01902,Petersham,3.9952,50.284394275346585,0,0.11805,6.96
hex4_01903,Athol,3.8458,107.33106290125819,0,0.10975,6.32
hex4_01904,Athol,3.7764,169.39976576915114,0,0.13105,10.4
hex4_01905,Athol,3.9654,434.74607760425516,0,0.17089,16.29
hex4_01906,Athol,3.9125,1182.965251413393,0,0.36428,50.76
hex4_01907,Athol,3.92,528.7557316559844,0,0.2417,28.07
hex4_01908,Orange,3.6723,202.90654757422547,0,0.28134,39.07
hex4_01909,Orange,3.9723,57.56547978360161,0,0.13517,9.86
hex4_01910,Royalston,3.9959,55.1685903120902,0,0.13552,9.83
hex4_01911,Royalston,3.9999,47.71306107431302,0,0.117,6.77
hex4_01912,Royalston,3.9982,27.638031796964643,0,0.09133,3.96
hex4_01913,Royalston,0.8396,3.6499836185124233,0,0.06207,7.88
hex4_01914,Wales,3.6749,155.27083210923394,0,0.35776,53.93
hex4_01915,Wales,3.6066,380.9384543160153,0,0.45037,70.77
hex4_01916,Wales,3.9883,271.2360575382949,0,0.51621,73.12
hex4_01917,Brimfield,3.9769,131.2114279527295,0,0.22747,25.11
hex4_01918,Brimfield,3.9271,120.50554006982043,0,0.26045,31.3
hex4_01919,Brimfield,3.9908,66.78214410430307,0,0.21638,22.96
hex4_01920,Brimfield,3.9956,135.074338255849,0,0.30035,38.16
hex4_01921,Warren,4.0,116.42253715711395,0,0.3555,47.97
hex4_01922,Warren,3.9898,246.35978337048178,0,0.31877,41.38
hex4_01923,Warren,3.9801,494.7027097728944,0,0.27177,33.17
hex4_01924,Warren,3.9995,183.60727873163114,0,0.16583,15.11
hex4_01925,Ware,4.0001,255.38179116183693,0,0.2369,26.35
hex4_01926,Ware,3.8108,347.2171210862594,0,0.36243,52.32
hex4_01927,Ware,3.9891,173.25386760804668,0,0.25025,28.71
hex4_01928,Hardwick,4.0003,348.4258444862189,0,0.27243,32.99
hex4_01929,Hardwick,4.0003,82.21336286581146,0,0.1854,18.11
hex4_01930,Hardwick,3.9694,83.45400171644849,0,0.22955,25.42
hex4_01931,Hardwick,3.9505,26.995404900213206,0,0.15773,14.03
hex4_01932,Hardwick,3.9869,17.70621839568602,0,0.12004,7.37
hex4_01933,Petersham,2.7396,2.4366166023068594,0,0.05806,3.31
hex4_01934,Petersham,3.3289,0.002702415022160456,0,0.05745,2.17
hex4_01935,Petersham,3.9998,1.4194714539870261,0,0.09198,3.99
hex4_01936,Petersham,3.9868,42.6235882403659,0,0.15374,12.96
hex4_01937,Petersham,3.9299,43.98295552008047,0,0.20153,21.05
hex4_01938,Petersham,3.8208,77.82236257022836,0,0.19209,20.4
hex4_01939,Petersham,3.7503,82.05825064121517,0,0.12239,8.93
hex4_01940,Athol,3.9757,301.0794686034072,0,0.14364,11.33
hex4_01941,Athol,3.9887,278.9941649755809,0,0.15672,13.51
hex4_01942,Athol,3.9907,1872.6282586543066,0,0.19163,19.03
hex4_01943,Athol,3.6864,3727.4917715864244,1,0.39201,59.91
hex4_01944,Athol,3.8349,616.5983892774979,0,0.26379,33.42
hex4_01945,Orange,3.3124,232.34377433109108,0,0.19316,25.79
hex4_01946,Royalston,3.9297,33.27705468472624,0,0.16776,16.07
hex4_01947,Royalston,3.964,21.931087115923376,0,0.12529,8.13
hex4_01948,Royalston,3.9992,26.118209229625876,0,0.12121,7.52
hex4_01949,Royalston,3.024,10.583819818691406,0,0.08879,6.89
hex4_01950,Holland,1.5452,20.060610117356852,0,0.23565,66.94
hex4_01951,Holland,3.9892,167.28440880718,0,0.33145,43.65
hex4_01952,Wales,3.9854,178.22336324053595,0,0.37508,51.28
hex4_01953,Wales,3.9932,194.07526198061862,0,0.3116,39.88
hex4_01954,Brimfield,3.9767,196.42913594325037,0,0.33267,44.14
hex4_01955,Brimfield,3.8001,486.1215460716127,0,0.36264,52.5
hex4_01956,Brimfield,3.8788,282.59544677537536,0,0.24797,29.57
hex4_01957,Warren,4.0002,172.2501543374349,0,0.33711,44.5
hex4_01958,Warren,3.9574,391.1897698177224,0,0.47197,67.53
hex4_01959,Warren,3.9384,725.9328818407123,0,0.41095,58.65
hex4_01960,Warren,3.9972,526.8639727991433,0,0.34131,45.3
hex4_01961,Warren,3.9966,141.98385291930288,0,0.22144,23.91
hex4_01962,West Brookfield,3.9827,109.18389135653048,0,0.327,42.94
hex4_01963,West Brookfield,3.9932,126.65344821037891,0,0.32005,41.6
hex4_01964,New Braintree,3.9986,197.08941485109204,0,0.29827,37.78
hex4_01965,Hardwick,4.0002,403.57111480781003,0,0.32525,42.44
hex4_01966,Hardwick,3.9908,93.89025046318365,0,0.23034,25.31
hex4_01967,Hardwick,3.9876,118.69792845283355,0,0.29021,36.37
hex4_01968,Hardwick,3.9698,75.56241336614544,0,0.13403,9.7
hex4_01969,Hardwick,3.9869,28.038138033476706,0,0.11469,6.48
hex4_01970,Barre,3.9649,24.247244076159184,0,0.11034,5.87
hex4_01971,Petersham,3.9256,37.696234699655285,0,0.1239,8.07
hex4_01972,Petersham,3.9669,72.77965852669104,0,0.19567,19.92
hex4_01973,Petersham,3.9826,68.13533309538148,0,0.22231,24.29
hex4_01974,Petersham,3.9094,114.63840265285431,0,0.28343,36.19
hex4_01975,Petersham,3.8436,36.6031426782083,0,0.1285,9.47
hex4_01976,Petersham,3.9464,56.50788759298465,0,0.1138,6.53
hex4_01977,Athol,3.9205,217.28376686871354,0,0.18041,17.92
hex4_01978,Athol,3.6465,312.095902871227,0,0.13763,12.51
hex4_01979,Athol,3.9386,612.1227985096432,0,0.15708,14.0
hex4_01980,Athol,3.9039,153.27572493765908,0,0.12915,9.25
hex4_01981,Athol,3.9729,125.0475835181379,0,0.19599,19.94
hex4_01982,Royalston,3.6087,60.1554486953101,0,0.15287,15.86
hex4_01983,Royalston,3.7547,45.799025386867115,0,0.24287,30.11
hex4_01984,Royalston,3.9887,56.19734117888655,0,0.16714,15.5
hex4_01985,Royalston,3.9834,37.693869190575526,0,0.13106,9.04
hex4_01986,Royalston,0.5616,2.034669320964518,0,0.07794,13.26
hex4_01987,Holland,3.7896,170.27850294129985,0,0.37118,54.38
hex4_01988,Holland,3.9477,213.6211852059922,0,0.45507,65.63
hex4_01989,Holland,3.7564,202.3819079316541,0,0.29661,40.58
hex4_01990,Brimfield,3.9512,70.82481743375197,0,0.28496,35.92
hex4_01991,Brimfield,3.9983,101.85862660081526,0,0.21797,23.14
hex4_01992,Brimfield,3.9952,216.13680831732918,0,0.21421,22.61
hex4_01993,Brimfield,3.9992,121.74278053519416,0,0.2879,35.73
hex4_01994,Warren,3.9917,123.1115102236262,0,0.3321,43.76
hex4_01995,Warren,3.996,190.28002720256987,0,0.29766,37.68
hex4_01996,Warren,3.9856,367.32287729175675,0,0.29666,37.64
hex4_01997,Warren,3.9279,251.78166324515712,0,0.20301,21.34
hex4_01998,West Brookfield,3.9124,273.8391610982687,0,0.31717,42.26
hex4_01999,West Brookfield,3.973,203.92881332383823,0,0.32083,42.08
hex4_02000,West Brookfield,4.0003,111.95129529844473,0,0.32826,42.89
hex4_02001,New Braintree,3.9885,114.44513281801123,0,0.27935,34.35
hex4_02002,Hardwick,4.0003,66.30946285834706,0,0.24063,26.94
hex4_02003,Hardwick,4.0003,50.452861764148736,0,0.17464,16.75
hex4_02004,Hardwick,3.9988,74.81938492789996,0,0.12498,7.95
hex4_02005,Hardwick,4.0002,82.233454418166,0,0.11868,7.05
hex4_02006,Barre,3.9946,37.12262697938036,0,0.10181,4.89
hex4_02007,Barre,3.9299,133.26051731306544,0,0.1367,10.45
hex4_02008,Petersham,3.9189,111.64269266399923,0,0.14603,12.17
hex4_02009,Petersham,3.967,54.33411382576101,0,0.15547,13.41
hex4_02010,Petersham,3.9718,134.28162268464553,0,0.30814,39.52
hex4_02011,Petersham,3.9713,53.715650241454256,0,0.17272,16.61
hex4_02012,Petersham,3.9988,26.815949156227113,0,0.13035,8.86
hex4_02013,Petersham,3.9989,27.697785592655972,0,0.12852,8.47
hex4_02014,Phillipston,3.8019,84.69164742536415,0,0.15249,14.16
hex4_02015,Athol,3.864,239.65888483961396,0,0.12771,9.24
hex4_02016,Athol,3.9554,116.65440207121348,0,0.1156,6.73
hex4_02017,Athol,3.8707,98.09372516273095,0,0.16783,16.43
hex4_02018,Athol,4.0001,16.682485642730924,0,0.16236,14.41
hex4_02019,Royalston,3.981,12.528829780909499,0,0.24149,27.4
hex4_02020,Royalston,3.9546,95.90803247591269,0,0.3583,49.2
hex4_02021,Royalston,3.9778,15.377584773816261,0,0.12931,8.75
hex4_02022,Royalston,2.6843,23.736869027465627,0,0.12649,18.53
hex4_02023,Holland,1.4446,377.60929880570416,0,0.46236,98.5
hex4_02024,Holland,3.0701,589.175779286825,0,0.43087,78.45
hex4_02025,Holland,3.6381,543.438278544575,0,0.49798,76.95
hex4_02026,Holland,3.8592,170.17463179740645,0,0.32106,43.74
hex4_02027,Brimfield,3.6376,102.2277291787945,0,0.38708,59.96
hex4_02028,Brimfield,3.684,190.5158916386626,0,0.34969,52.03
hex4_02029,Brimfield,3.9962,173.29951618024188,0,0.26805,31.98
hex4_02030,Warren,3.9842,123.4063998777741,0,0.2907,36.62
hex4_02031,Warren,3.9865,217.00092043167768,0,0.36495,49.74
hex4_02032,West Brookfield,3.999,174.3758898471136,0,0.41779,58.82
hex4_02033,West Brookfield,3.8899,256.9662452262454,0,0.33975,46.72
hex4_02034,West Brookfield,2.8662,951.2303769881688,0,0.3947,77.29
hex4_02035,West Brookfield,3.8397,218.04506773976743,0,0.30451,40.88
hex4_02036,West Brookfield,4.0003,117.7322659382784,0,0.32833,42.9
hex4_02037,New Braintree,3.9987,108.96757259191654,0,0.31502,40.43
hex4_02038,New Braintree,3.9833,68.23494673859506,0,0.23551,26.29
hex4_02039,New Braintree,3.9862,156.63432838891782,0,0.28042,34.58
hex4_02040,Hardwick,3.9981,104.10944943595577,0,0.20675,21.39
hex4_02041,Hardwick,3.9636,53.506315371276806,0,0.14756,12.14
hex4_02042,Barre,4.0002,102.88140820543659,0,0.13765,10.15
hex4_02043,Barre,4.0001,110.48582476248787,0,0.15691,13.5
hex4_02044,Barre,3.9823,185.12369361590362,0,0.17627,16.99
hex4_02045,Petersham,3.9602,21.13045678182411,0,0.11523,6.68
hex4_02046,Petersham,3.979,11.758390299950536,0,0.10831,5.58
hex4_02047,Petersham,3.9855,31.278733557375425,0,0.12238,7.68
hex4_02048,Petersham,3.9981,27.039341189989422,0,0.14001,10.61
hex4_02049,Phillipston,4.0001,47.94681598962171,0,0.1738,16.56
hex4_02050,Phillipston,3.9997,73.06881485508721,0,0.19663,19.78
hex4_02051,Phillipston,3.8346,180.6666575073053,0,0.21531,24.5
hex4_02052,Phillipston,3.9932,87.32640617125878,0,0.1589,13.89
hex4_02053,Phillipston,3.957,141.37238650111536,0,0.23924,27.22
hex4_02054,Royalston,3.8967,129.20479068357832,0,0.36318,50.8
hex4_02055,Royalston,4.0,78.71860960954041,0,0.25363,29.23
hex4_02056,Royalston,4.0,54.27350616274822,0,0.24251,27.39
hex4_02057,Royalston,3.7925,54.03144258223606,0,0.16107,15.91
hex4_02058,Royalston,4.0,37.061388446883505,0,0.14343,11.1
hex4_02059,Sturbridge,3.9129,77.49962110086763,0,0.45861,66.69
hex4_02060,Sturbridge,3.7902,223.90149746503926,0,0.33059,46.59
hex4_02061,Sturbridge,3.9818,116.9160455997981,0,0.31586,40.9
hex4_02062,Sturbridge,3.9576,133.9044508744849,0,0.44404,63.52
hex4_02063,Sturbridge,3.2304,765.0129568010246,0,0.63759,95.36
hex4_02064,Sturbridge,3.2384,421.28693558748967,0,0.38377,67.28
hex4_02065,Sturbridge,3.8949,342.3855683134299,0,0.28979,37.62
hex4_02066,Brookfield,3.9953,424.6230393860601,0,0.42828,60.52
hex4_02067,Brookfield,3.9785,350.26709503770803,0,0.45057,64.15
hex4_02068,Brookfield,3.85,81.27498103925845,0,0.25979,32.43
hex4_02069,West Brookfield,3.9832,759.751767709771,0,0.39073,54.56
hex4_02070,West Brookfield,4.0003,191.32437222233378,0,0.36466,49.63
hex4_02071,West Brookfield,3.9974,166.4650094151051,0,0.33221,43.67
hex4_02072,New Braintree,3.9984,106.27507696143223,0,0.27809,33.95
hex4_02073,New Braintree,3.9985,36.76582050420805,0,0.33666,44.39
hex4_02074,New Braintree,3.9762,117.40596163476664,0,0.2738,33.45
hex4_02075,New Braintree,3.9204,176.24781583382094,0,0.2825,35.8
hex4_02076,Barre,3.8605,216.33244870962437,0,0.34136,47.61
hex4_02077,Barre,4.0002,135.3433493282126,0,0.209,21.6
hex4_02078,Barre,3.9884,172.88303646152644,0,0.22145,24.07
hex4_02079,Barre,3.9938,116.7056763432426,0,0.24394,27.67
hex4_02080,Barre,3.9309,37.331753340400155,0,0.20508,21.55
hex4_02081,Petersham,3.9528,53.95451294342707,0,0.12255,7.82
hex4_02082,Petersham,3.9492,31.8147286280964,0,0.10861,5.69
hex4_02083,Petersham,3.9796,33.14679371652216,0,0.12628,8.18
hex4_02084,Phillipston,4.0001,70.64167727196606,0,0.20071,20.35
hex4_02085,Phillipston,3.9946,84.144085127211,1,0.3192,41.4
hex4_02086,Phillipston,3.9886,218.96838973141985,0,0.40284,56.77
hex4_02087,Phillipston,3.9882,196.41657190783752,0,0.27566,33.61
hex4_02088,Phillipston,3.9973,113.39008681858658,0,0.28375,35.08
hex4_02089,Phillipston,3.9959,103.89614080546703,0,0.31809,41.1
hex4_02090,Royalston,3.8445,78.02987158652302,0,0.29939,39.72
hex4_02091,Royalston,3.9873,56.94701998761406,0,0.24424,27.76
hex4_02092,Royalston,3.998,34.48365286004255,0,0.22166,23.97
hex4_02093,Royalston,3.9965,54.26098172805661,0,0.19624,19.76
hex4_02094,Royalston,2.3521,5.7172694044324395,0,0.12995,23.66
hex4_02095,Sturbridge,2.1458,34.61778353865962,0,0.32621,83.26
hex4_02096,Sturbridge,3.8156,133.197018665405,0,0.36253,52.16
hex4_02097,Sturbridge,3.9579,99.99817926500555,0,0.31749,41.67
hex4_02098,Sturbridge,3.9634,47.02353294209975,0,0.22296,24.59
hex4_02099,Sturbridge,3.8926,433.45745081817626,0,0.49095,71.52
hex4_02100,Sturbridge,3.9742,1118.2098822035146,0,0.41501,58.76
hex4_02101,Sturbridge,3.7494,342.03461687271647,0,0.27838,37.48
hex4_02102,Brookfield,3.937,252.79979805170302,0,0.31847,42.15
hex4_02103,Brookfield,3.8993,200.6193341390249,0,0.40631,58.58
hex4_02104,Brookfield,3.7979,447.4700474162333,0,0.29065,38.98
hex4_02105,Brookfield,3.9922,388.97844530614003,0,0.26435,31.27
hex4_02106,North Brookfield,3.9979,193.17014054507257,0,0.28729,35.6
hex4_02107,North Brookfield,4.0,230.85134843199154,0,0.44942,63.63
hex4_02108,North Brookfield,3.9942,172.45615961063217,0,0.39446,55.04
hex4_02109,North Brookfield,3.9939,120.88446139018122,0,0.22327,24.34
hex4_02110,New Braintree,3.9698,54.473160031024776,0,0.23548,26.38
hex4_02111,New Braintree,3.9712,92.87986603831995,0,0.34187,45.86
hex4_02112,Barre,3.9995,236.28392466793773,0,0.3855,53.18
hex4_02113,Barre,3.9911,717.6090651342275,0,0.50265,71.4
hex4_02114,Barre,3.9946,292.6616716391788,0,0.37584,51.24
hex4_02115,Barre,3.9973,707.3702009098156,0,0.60389,82.87
hex4_02116,Barre,3.9675,290.5239134783833,0,0.38935,54.59
hex4_02117,Barre,3.9565,40.26214147447631,0,0.22825,25.29
hex4_02118,Barre,3.9676,106.76263869740964,0,0.16319,14.86
hex4_02119,Phillipston,3.9816,36.97482855705281,0,0.11528,6.62
hex4_02120,Phillipston,4.0002,46.29307617133307,0,0.17177,16.2
hex4_02121,Phillipston,3.4381,109.92807077139808,0,0.27983,42.49
hex4_02122,Phillipston,3.998,135.61020928696578,0,0.35904,48.65
hex4_02123,Templeton,3.9615,283.4062727703361,0,0.47548,67.98
hex4_02124,Templeton,3.9902,54.69180993287881,0,0.3464,46.36
hex4_02125,Templeton,3.9511,64.45530993333172,0,0.24673,28.51
hex4_02126,Winchendon,3.9156,9.722273745260953,0,0.21384,23.23
hex4_02127,Winchendon,3.9218,19.487393675947942,0,0.22189,24.77
hex4_02128,Winchendon,3.9547,32.15964484874901,0,0.23722,26.81
hex4_02129,Winchendon,3.9902,74.1572460620361,0,0.27739,33.9
hex4_02130,Royalston,3.996,47.56074712777697,0,0.21859,23.34
hex4_02131,Southbridge,3.6581,21.611797706658844,0,0.25222,33.52
hex4_02132,Sturbridge,3.8569,90.09917939104497,0,0.30574,40.84
hex4_02133,Sturbridge,3.8947,609.8927011405001,0,0.38921,55.97
hex4_02134,Sturbridge,3.8616,447.9526953553905,0,0.35639,50.19
hex4_02135,Sturbridge,3.5167,973.5377814581552,0,0.33986,53.39
hex4_02136,Sturbridge,3.7967,663.6181396627359,0,0.18675,19.83
hex4_02137,Sturbridge,3.9098,346.37151417491805,0,0.25066,29.68
hex4_02138,Brookfield,3.4393,274.40031539763845,0,0.31137,49.13
hex4_02139,Brookfield,3.2893,341.20538228231305,0,0.25615,39.74
hex4_02140,Brookfield,3.9659,505.0694850564107,0,0.26565,31.84
hex4_02141,North Brookfield,3.99,79.88966882344744,0,0.21945,23.48
hex4_02142,North Brookfield,3.9956,503.26337341625253,0,0.57708,80.17
hex4_02143,North Brookfield,3.9951,2073.1331186581347,0,0.73582,93.04
hex4_02144,North Brookfield,3.865,198.14327049011692,0,0.40104,58.4
hex4_02145,New Braintree,3.9331,35.99265364134667,0,0.21887,24.2
hex4_02146,New Braintree,3.919,127.37430022040168,0,0.29072,37.44
hex4_02147,Oakham,3.9891,214.20339656375927,0,0.27828,34.1
hex4_02148,Oakham,4.0002,195.32912573698158,0,0.3822,52.55
hex4_02149,Barre,3.8689,576.3797750360742,0,0.56549,80.88
hex4_02150,Barre,4.0002,405.2706118057041,0,0.46615,66.3
hex4_02151,Barre,4.0002,278.57997354314136,0,0.45546,64.58
hex4_02152,Barre,3.9616,181.45690340449798,0,0.27441,33.76
hex4_02153,Barre,3.9582,150.1755372182042,0,0.23822,26.99
hex4_02154,Hubbardston,3.7682,118.28583252077806,0,0.19088,20.58
hex4_02155,Phillipston,3.999,129.31175288190443,0,0.22072,23.61
hex4_02156,Templeton,3.8966,123.22393057573231,0,0.41245,59.55
hex4_02157,Templeton,3.9337,167.7952385145498,0,0.55363,78.65
hex4_02158,Templeton,3.8479,277.9514235604136,0,0.54355,78.92
hex4_02159,Templeton,3.9911,274.26174412285485,0,0.51553,72.92
hex4_02160,Templeton,3.8989,530.2393956840086,0,0.37967,53.95
hex4_02161,Templeton,3.8926,299.38971321865176,0,0.28357,36.5
hex4_02162,Winchendon,3.5525,113.23055480529075,0,0.26133,36.93
hex4_02163,Winchendon,3.9345,293.43253519458665,0,0.4213,60.41
hex4_02164,Winchendon,3.9185,247.19284262455255,0,0.49667,71.79
hex4_02165,Winchendon,3.9921,276.2665471942844,0,0.43611,61.86
hex4_02166,Winchendon,1.9499,108.41905086214106,0,0.35711,91.66
hex4_02167,Southbridge,2.3606,62.756839203567296,0,0.27292,65.69
hex4_02168,Southbridge,3.856,268.8849878360943,0,0.38894,56.67
hex4_02169,Southbridge,3.8525,1451.5990969450525,0,0.48171,70.95
hex4_02170,Sturbridge,3.9416,1165.2169179316586,0,0.41708,59.53
hex4_02171,Sturbridge,3.9768,794.2070328447576,0,0.30311,38.77
hex4_02172,Sturbridge,3.817,210.0627277925258,0,0.22682,26.44
hex4_02173,Sturbridge,3.7211,199.5453771018943,0,0.22276,26.65
hex4_02174,Sturbridge,3.6693,225.61062356001287,0,0.2313,28.98
hex4_02175,East Brookfield,3.3398,180.62822392973302,0,0.3485,58.67
hex4_02176,East Brookfield,2.8947,262.46547729191866,0,0.28673,55.22
hex4_02177,East Brookfield,3.9105,614.4048375324269,0,0.46709,67.6
hex4_02178,North Brookfield,3.9569,291.89979509059884,0,0.31461,41.02
hex4_02179,North Brookfield,3.9963,276.31951409345487,0,0.52403,74.21
hex4_02180,North Brookfield,3.96,143.88375004065432,0,0.45387,65.13
hex4_02181,North Brookfield,3.8045,114.03096012672145,0,0.26466,33.97
hex4_02182,New Braintree,3.9764,86.20991166950753,0,0.29409,37.27
hex4_02183,Oakham,3.9944,101.28938712820376,0,0.26337,31.07
hex4_02184,Oakham,3.8947,207.02579483178647,0,0.3507,48.77
hex4_02185,Oakham,3.9753,127.6044119925344,0,0.261,30.79
hex4_02186,Barre,3.9024,89.87879526507088,0,0.30155,39.36
hex4_02187,Barre,4.0002,70.77289776070481,0,0.26337,31.0
hex4_02188,Barre,4.0002,99.09511951988868,0,0.32596,42.55
hex4_02189,Barre,4.0002,36.19560742459864,0,0.25261,29.03
hex4_02190,Hubbardston,3.9822,121.8039302177922,0,0.2684,32.36
hex4_02191,Hubbardston,3.998,95.60319604263353,0,0.26674,31.61
hex4_02192,Templeton,4.0001,366.65964399994857,0,0.4492,63.59
hex4_02193,Templeton,3.9959,345.94108565568706,0,0.57535,79.92
hex4_02194,Templeton,3.9894,595.2144987745992,0,0.7458,93.48
hex4_02195,Templeton,3.9987,338.7929812703372,0,0.49429,70.14
hex4_02196,Templeton,3.9198,557.1750546968298,0,0.42602,61.5
hex4_02197,Templeton,3.8926,1393.0969769858325,0,0.44662,65.24
hex4_02198,Winchendon,3.8957,234.2776564542889,0,0.23833,27.71
hex4_02199,Winchendon,3.9051,265.4085320313666,0,0.37981,53.82
hex4_02200,Winchendon,3.9759,696.6362025130366,0,0.52976,75.23
hex4_02201,Winchendon,3.9595,1180.0875919314315,0,0.55192,78.11
hex4_02202,Winchendon,3.8509,229.20983477149662,0,0.46252,68.07
hex4_02203,Southbridge,3.9228,274.666695353121,0,0.38145,53.79
hex4_02204,Southbridge,3.9595,1427.6758624945892,0,0.5918,82.41
hex4_02205,Southbridge,3.921,8820.428767911459,0,0.75566,94.51
hex4_02206,Southbridge,3.9742,872.3945147560645,0,0.45071,64.29
hex4_02207,Charlton,3.9986,281.755850815151,2,0.24181,27.26
hex4_02208,Sturbridge,3.9724,291.88109758680866,0,0.49307,70.34
hex4_02209,Sturbridge,3.9422,166.60010812498027,0,0.26525,32.25
hex4_02210,East Brookfield,3.9972,169.58696454380987,0,0.31601,40.72
hex4_02211,East Brookfield,3.9701,235.59706242463895,0,0.55983,78.75
hex4_02212,East Brookfield,4.0003,176.13583094341786,0,0.47269,67.01
hex4_02213,East Brookfield,2.956,868.98342115067,0,0.35398,67.85
hex4_02214,North Brookfield,3.9637,125.97702712129444,0,0.21109,22.28
hex4_02215,North Brookfield,3.9636,193.75880999857552,0,0.34982,47.5
hex4_02216,North Brookfield,3.6422,141.18482613712214,0,0.2538,34.04
hex4_02217,Oakham,3.5869,129.31327482118948,0,0.3156,47.23
hex4_02218,Oakham,3.9895,150.26348977031714,0,0.39389,55.0
hex4_02219,Oakham,3.8864,239.66186450695383,0,0.33351,45.66
hex4_02220,Oakham,3.9976,76.54876182379138,0,0.21207,22.09
hex4_02221,Oakham,3.9932,1.1506225030831811,0,0.13486,9.72
hex4_02222,Barre,3.9041,0.0,0,0.09862,4.78
hex4_02223,Barre,4.0002,1.3936234660279947,0,0.13277,9.33
hex4_02224,Hubbardston,4.0002,46.76536676209174,0,0.26776,31.82
hex4_02225,Hubbardston,4.0002,148.11816668323937,0,0.26818,31.95
hex4_02226,Hubbardston,3.9925,148.36112705247749,0,0.24027,26.97
hex4_02227,Hubbardston,3.9872,142.3695240123948,0,0.3283,43.17
hex4_02228,Templeton,3.9801,265.13373301023717,0,0.63546,86.27
hex4_02229,Templeton,3.8425,410.7956855275835,0,0.65612,89.82
hex4_02230,Templeton,3.9239,662.7041021154592,0,0.64871,88.1
hex4_02231,Templeton,3.8735,400.7464502950418,0,0.51311,74.76
hex4_02232,Templeton,3.9286,825.5358624330225,0,0.26377,32.06
hex4_02233,Winchendon,3.9862,284.7879281368633,0,0.2043,21.03
hex4_02234,Winchendon,3.9689,107.03209985481078,0,0.29122,36.82
hex4_02235,Winchendon,3.9663,308.0108906694942,0,0.43955,62.7
hex4_02236,Winchendon,3.5922,1948.7569275781796,0,0.69116,94.42
hex4_02237,Winchendon,3.994,1536.7719432433641,0,0.70841,91.39
hex4_02238,Winchendon,1.5325,83.80719841236733,0,0.41315,96.46
hex4_02239,Southbridge,2.5781,143.73899542487172,0,0.27499,60.16
hex4_02240,Southbridge,3.9752,311.65692239536736,0,0.35403,48.06
hex4_02241,Southbridge,3.8751,1223.1689664587593,0,0.75026,94.72
hex4_02242,Southbridge,3.957,1406.9623854885913,0,0.66664,89.03
hex4_02243,Charlton,3.9881,639.6702365776167,0,0.36929,50.4
hex4_02244,Charlton,3.9826,227.2730048238834,0,0.26063,30.62
hex4_02245,Charlton,3.7916,131.44028073216137,0,0.41623,62.2
hex4_02246,Charlton,3.9782,397.15818523880364,0,0.21104,22.07
hex4_02247,Spencer,3.9024,254.63083097356332,0,0.30335,39.63
hex4_02248,Spencer,4.0003,144.7029623879762,0,0.32065,41.61
hex4_02249,Spencer,3.9174,249.2564872854674,0,0.30696,40.06
hex4_02250,Spencer,3.9945,454.61304790445524,0,0.33498,44.17
hex4_02251,Spencer,4.0003,323.16249241025173,0,0.24216,27.3
hex4_02252,Spencer,3.9848,161.06216893853687,0,0.23302,25.88
hex4_02253,Spencer,3.9925,53.3119489010282,0,0.22428,24.56
hex4_02254,Oakham,3.9898,75.58800048694734,0,0.3066,39.13
hex4_02255,Oakham,3.8551,146.96862790807296,0,0.31934,43.49
hex4_02256,Oakham,3.9077,166.3683340382648,0,0.22608,25.45
hex4_02257,Rutland,3.8592,1.094880498200963,0,0.16308,15.72
hex4_02258,Rutland,4.0002,0.0,0,0.11906,7.16
hex4_02259,Barre,4.0002,1.0157306808164865,0,0.09177,3.97
hex4_02260,Hubbardston,4.0002,25.14493631444524,0,0.19572,19.56
hex4_02261,Hubbardston,4.0002,200.31249756652787,0,0.2833,34.92
hex4_02262,Hubbardston,3.9783,223.74812024294863,0,0.44244,62.93
hex4_02263,Hubbardston,3.9771,253.88918780899397,0,0.34766,46.79
hex4_02264,Hubbardston,3.9892,318.09063288467667,0,0.35237,47.52
hex4_02265,Hubbardston,3.9966,108.0723850405219,0,0.50855,72.02
hex4_02266,Templeton,3.802,255.88979224259757,0,0.4404,65.94
hex4_02267,Gardner,3.7489,849.087898624362,0,0.59582,85.91
hex4_02268,Gardner,3.9252,870.6547463049967,0,0.3492,47.99
hex4_02269,Gardner,3.9947,478.2301499399196,0,0.40775,57.45
hex4_02270,Winchendon,3.986,121.36571086907419,0,0.31669,41.01
hex4_02271,Winchendon,3.9994,200.95539561807792,0,0.36304,49.4
hex4_02272,Winchendon,3.9483,318.23074681111194,0,0.40041,57.11
hex4_02273,Winchendon,3.8807,629.9163356428911,0,0.48078,70.25
hex4_02274,Winchendon,3.318,120.55226826463421,0,0.45353,76.82
hex4_02275,Dudley,0.5449,20.792820569713548,0,0.19075,52.44
hex4_02276,Southbridge,3.9737,267.6614977202365,0,0.36585,50.08
hex4_02277,Southbridge,3.8272,581.6254866333228,0,0.46478,68.84
hex4_02278,Southbridge,3.9744,329.9472119049958,0,0.51382,73.01
hex4_02279,Charlton,3.9605,361.06119357141614,0,0.42209,60.07
hex4_02280,Charlton,3.6647,408.7413467314633,0,0.44737,69.45
hex4_02281,Charlton,3.9903,709.3098425593406,2,0.43574,61.77
hex4_02282,Charlton,3.6159,844.4725831205843,0,0.34204,51.73
hex4_02283,Charlton,3.7963,703.8655712325984,0,0.3345,47.34
hex4_02284,Spencer,3.8357,427.12349994374335,0,0.39681,58.17
hex4_02285,Spencer,3.9321,200.5932068767144,0,0.30926,40.33
hex4_02286,Spencer,3.9567,2814.209841084992,0,0.58768,81.98
hex4_02287,Spencer,3.864,2635.8891890357695,0,0.34168,47.63
hex4_02288,Spencer,3.9856,200.17304022743167,0,0.33776,44.75
hex4_02289,Spencer,3.9939,178.38375153230467,0,0.30261,38.46
hex4_02290,Spencer,3.5959,141.4228766973983,0,0.25363,34.72
hex4_02291,Rutland,3.9842,207.00249068029714,0,0.3131,40.2
hex4_02292,Rutland,3.6832,102.77806812994596,0,0.26552,35.9
hex4_02293,Rutland,3.6499,30.46643263390216,0,0.24468,31.93
hex4_02294,Rutland,3.9789,29.231218979079742,0,0.28177,34.9
hex4_02295,Rutland,3.9281,45.87990341069593,0,0.21716,23.72
hex4_02296,Rutland,4.0002,19.501646905379623,0,0.19618,19.67
hex4_02297,Hubbardston,4.0002,67.8102554260276,0,0.32098,41.74
hex4_02298,Hubbardston,3.7903,170.62678754229506,0,0.28277,37.82
hex4_02299,Hubbardston,3.9699,120.06173954076108,0,0.24207,27.58
hex4_02300,Hubbardston,3.9943,151.28123824863863,0,0.21004,21.8
hex4_02301,Hubbardston,3.8766,230.8221231492847,0,0.38233,54.91
hex4_02302,Gardner,3.8829,482.8978179612556,0,0.43766,63.92
hex4_02303,Gardner,3.943,3532.227076960097,0,0.61829,85.14
hex4_02304,Gardner,3.4402,6683.309954258338,0,0.42668,70.31
hex4_02305,Gardner,3.7139,287.4909505765146,0,0.21719,25.9
hex4_02306,Gardner,3.9541,86.0726843435617,0,0.31272,40.76
hex4_02307,Winchendon,3.9923,108.3507771630149,0,0.3436,45.84
hex4_02308,Winchendon,3.9483,169.3997590445751,1,0.34961,47.68
hex4_02309,Winchendon,3.9628,54.60982501824752,0,0.35108,47.75
hex4_02310,Winchendon,3.7448,164.62640685315532,0,0.35357,51.57
hex4_02311,Winchendon,0.7886,162.80937540079998,0,0.30437,83.35
hex4_02312,Dudley,2.8996,383.4482449465376,2,0.423,80.83
hex4_02313,Dudley,3.8963,388.0602398525263,2,0.38836,55.81
hex4_02314,Dudley,3.8982,172.44266812029676,0,0.35992,50.21
hex4_02315,Charlton,3.9496,269.52358983752293,0,0.59009,82.32
hex4_02316,Charlton,3.953,355.71267481639416,0,0.67015,89.4
hex4_02317,Charlton,3.9818,437.39630015209934,1,0.6078,83.46
hex4_02318,Charlton,3.9671,540.7533004341351,0,0.50266,71.76
hex4_02319,Charlton,3.9792,706.0656706436822,0,0.28457,35.35
hex4_02320,Charlton,3.8063,407.9330696533113,0,0.33481,47.22
hex4_02321,Spencer,3.9725,354.969497253568,0,0.34889,47.06
hex4_02322,Spencer,3.9639,277.8411284445649,0,0.32966,43.71
hex4_02323,Spencer,3.9764,611.4398252851944,0,0.37129,50.9
hex4_02324,Spencer,3.7519,683.0792643357198,0,0.27361,36.55
hex4_02325,Spencer,3.7828,355.34300170344324,0,0.40289,60.01
hex4_02326,Spencer,3.6123,433.9757341020812,0,0.43549,68.41
hex4_02327,Paxton,4.0003,183.93672722208422,0,0.3928,54.61
hex4_02328,Rutland,3.9206,573.9473067439936,0,0.39471,56.51
hex4_02329,Rutland,3.5875,169.30475605160544,0,0.27693,39.31
hex4_02330,Rutland,3.8533,375.15682906964355,0,0.34527,48.51
hex4_02331,Rutland,3.9084,481.5128076746691,0,0.30982,40.83
hex4_02332,Rutland,3.8233,383.33984508908424,0,0.32754,45.57
hex4_02333,Rutland,3.9046,272.1003405915759,0,0.35011,48.54
hex4_02334,Hubbardston,3.5126,154.202330266135,0,0.31461,48.49
hex4_02335,Hubbardston,3.8591,198.04206512903886,0,0.2213,25.15
hex4_02336,Hubbardston,3.9181,63.8293785719375,0,0.25293,30.02
hex4_02337,Hubbardston,3.9324,194.3648702516507,0,0.32477,43.37
hex4_02338,Westminster,3.8138,315.87088344200714,0,0.48752,72.33
hex4_02339,Gardner,3.5638,1837.068948756668,0,0.42479,67.46
hex4_02340,Gardner,3.9312,2609.4021818079923,0,0.31408,41.36
hex4_02341,Gardner,3.9707,1100.4096215316831,0,0.24904,28.67
hex4_02342,Gardner,3.7129,82.24210114425406,0,0.32646,47.18
hex4_02343,Ashburnham,3.9689,39.97598422343132,0,0.31125,40.11
hex4_02344,Ashburnham,3.959,55.82216936403429,0,0.39788,56.4
hex4_02345,Ashburnham,3.5422,391.7813758920618,0,0.35727,56.65
hex4_02346,Ashburnham,3.1555,461.58176472260226,0,0.25743,42.67
hex4_02347,Ashburnham,3.3064,29.412261997182892,0,0.18306,23.84
hex4_02348,Dudley,0.7793,242.94270504563298,1,0.44532,97.94
hex4_02349,Dudley,3.978,406.67377577979954,0,0.40301,57.01
hex4_02350,Dudley,3.9875,346.2236326138679,0,0.33002,43.46
hex4_02351,Dudley,3.2499,240.71425945731778,0,0.35181,61.25
hex4_02352,Charlton,3.9059,473.20138276778215,0,0.59738,83.64
hex4_02353,Charlton,3.9833,408.54676043047687,0,0.62615,85.38
hex4_02354,Charlton,3.9531,394.8568226234059,0,0.49008,70.27
hex4_02355,Charlton,3.848,432.7643302367662,0,0.4639,68.39
hex4_02356,Charlton,3.9132,308.7504873240586,0,0.33373,45.18
hex4_02357,Spencer,3.8269,384.8540350713049,0,0.33604,47.04
hex4_02358,Spencer,2.7854,437.6180534291281,0,0.27926,56.15
hex4_02359,Spencer,3.1817,613.02908126912,0,0.23448,37.07
hex4_02360,Leicester,3.8477,390.17585868836363,0,0.25369,31.04
hex4_02361,Leicester,3.9872,212.23901616509914,0,0.34947,46.98
hex4_02362,Paxton,4.0003,418.4270189977311,0,0.47413,67.3
hex4_02363,Paxton,3.811,347.49586355473394,0,0.57393,82.73
hex4_02364,Paxton,3.5313,334.68863436523634,0,0.41816,67.21
hex4_02365,Rutland,3.9982,649.7361993042123,0,0.36082,48.97
hex4_02366,Rutland,3.9446,1384.411228661201,0,0.58284,81.64
hex4_02367,Rutland,3.7233,1094.6057371242196,0,0.3697,55.41
hex4_02368,Rutland,3.9469,447.63848290595723,0,0.37892,52.89
hex4_02369,Rutland,3.9988,273.0690462979542,0,0.38394,52.91
hex4_02370,Princeton,3.9999,170.13454608319736,0,0.40159,56.31
hex4_02371,Hubbardston,3.89,140.75247051548877,0,0.3407,46.91
hex4_02372,Hubbardston,3.9349,406.6330826196436,0,0.32844,44.03
hex4_02373,Hubbardston,3.6475,111.74360456152066,0,0.30899,44.71
hex4_02374,Westminster,3.8639,367.0377876488743,0,0.48088,70.57
hex4_02375,Westminster,3.7624,432.466068786274,0,0.42272,63.65
hex4_02376,Gardner,3.891,1114.0639217438718,0,0.49737,72.31
hex4_02377,Gardner,3.9836,896.2306632462661,0,0.42231,59.66
hex4_02378,Gardner,4.0001,455.3014064391417,0,0.57997,80.33
hex4_02379,Ashburnham,3.2258,102.81127040808343,0,0.39256,69.12
hex4_02380,Ashburnham,3.9653,126.01904307786218,0,0.42867,61.11
hex4_02381,Ashburnham,3.3373,405.899798928878,0,0.37295,63.29
hex4_02382,Ashburnham,3.542,276.9816110647657,0,0.2389,32.41
hex4_02383,Ashburnham,3.9892,126.35434842729917,0,0.16545,15.16
hex4_02384,Ashburnham,0.8396,38.87513885626521,0,0.12511,28.58
hex4_02385,Dudley,3.1803,631.7972749110743,0,0.48701,83.71
hex4_02386,Dudley,3.9747,1529.0752698427302,0,0.42699,60.66
hex4_02387,Dudley,3.7019,923.5548407578544,0,0.32111,46.29
hex4_02388,Charlton,3.3835,611.3593804710744,0,0.38575,64.74
hex4_02389,Charlton,3.368,429.4221964844824,0,0.54959,87.42
hex4_02390,Charlton,3.6929,505.07877398276077,0,0.62462,89.28
hex4_02391,Charlton,3.9276,517.9926215047653,0,0.58204,81.85
hex4_02392,Charlton,3.9884,719.7334641078999,0,0.5207,73.8
hex4_02393,Charlton,3.9856,570.8434869617718,0,0.52252,74.19
hex4_02394,Leicester,3.806,788.4415917555685,0,0.45504,67.71
hex4_02395,Leicester,3.7901,699.1305926604149,0,0.35856,51.75
hex4_02396,Leicester,3.828,664.2004723707535,0,0.36099,51.48
hex4_02397,Leicester,3.8278,412.44635025608807,0,0.30083,40.22
hex4_02398,Leicester,3.9993,448.9249858052285,0,0.41222,57.94
hex4_02399,Paxton,3.6382,701.5085450035081,0,0.56791,84.84
hex4_02400,Paxton,3.9549,692.2358300647974,0,0.4841,69.64
hex4_02401,Paxton,3.2941,245.602523838059,0,0.26137,40.92
hex4_02402,Rutland,3.8878,349.1817767274373,0,0.28491,36.8
hex4_02403,Rutland,3.7462,1308.7193081119553,0,0.37242,55.56
hex4_02404,Rutland,3.9876,341.75289676394954,0,0.25108,28.89
hex4_02405,Rutland,4.0002,273.6988407268969,0,0.34994,46.84
hex4_02406,Princeton,4.0002,124.33555800979374,0,0.38508,53.09
hex4_02407,Princeton,4.0002,112.52799532827365,0,0.41284,58.03
hex4_02408,Hubbardston,3.9564,45.93270949149129,0,0.29134,37.0
hex4_02409,Hubbardston,3.3122,84.67621780302744,0,0.35844,61.23
hex4_02410,Westminster,3.7354,158.83731350704716,0,0.48919,74.08
hex4_02411,Westminster,3.789,437.3628311111086,0,0.49909,74.48
hex4_02412,Westminster,3.9713,684.1723818876865,0,0.57197,79.95
hex4_02413,Westminster,4.0001,169.9683998399779,0,0.46099,65.62
hex4_02414,Gardner,3.9888,120.44477644757728,0,0.52766,74.69
hex4_02415,Ashburnham,3.9714,790.0563905455332,0,0.65385,87.86
hex4_02416,Ashburnham,3.9972,505.186904182696,0,0.62809,85.32
hex4_02417,Ashburnham,3.181,180.63630922645547,0,0.38783,69.29
hex4_02418,Ashburnham,3.5403,144.14853523399182,0,0.2396,32.59
hex4_02419,Ashburnham,3.5011,158.22430739347456,0,0.15831,17.42
hex4_02420,Ashburnham,2.808,35.11817708254916,0,0.11197,13.98
hex4_02421,Dudley,1.0019,298.1989940200466,0,0.24713,70.11
hex4_02422,Dudley,3.8264,2597.561812704339,3,0.51488,75.78
hex4_02423,Dudley,3.6269,1317.813474528832,0,0.22975,29.14
hex4_02424,Dudley,3.7457,283.6894983462277,0,0.33053,47.49
hex4_02425,Oxford,3.8517,775.4194788410853,0,0.42728,62.73
hex4_02426,Charlton,3.5648,645.731750585333,0,0.46312,73.44
hex4_02427,Oxford,3.9595,317.1546916361866,0,0.48092,68.86
hex4_02428,Oxford,3.9808,408.6229365822279,0,0.51806,73.55
hex4_02429,Oxford,3.8928,554.8819573679446,0,0.41491,60.09
hex4_02430,Leicester,3.7914,1113.4787097160272,0,0.60884,86.59
hex4_02431,Leicester,3.9786,899.4595112188891,0,0.58911,81.8
hex4_02432,Leicester,3.8619,926.991116854614,0,0.45284,66.71
hex4_02433,Leicester,3.7716,1379.0104882858027,0,0.5322,78.81
hex4_02434,Leicester,3.7784,171.68663841025653,0,0.40179,59.89
hex4_02435,Paxton,3.715,575.1355425906073,0,0.41583,63.4
hex4_02436,Paxton,3.9748,565.6521905047704,0,0.37275,51.14
hex4_02437,Holden,3.8608,491.2507556958541,0,0.2763,35.4
hex4_02438,Holden,3.4878,34.63507727459968,0,0.19896,25.02
hex4_02439,Holden,3.944,306.2027946571285,0,0.54109,77.07
hex4_02440,Rutland,3.9816,86.98878850544871,0,0.25949,30.41
hex4_02441,Princeton,3.9862,160.01324881298316,0,0.2411,27.28
hex4_02442,Princeton,4.0002,172.84756981727634,0,0.34093,45.12
hex4_02443,Princeton,4.0002,133.023471387013,0,0.33683,44.41
hex4_02444,Princeton,4.0002,52.45654813725213,0,0.2833,34.94
hex4_02445,Princeton,3.9902,53.72711383724362,0,0.35784,48.56
hex4_02446,Westminster,3.9252,106.79170106625905,0,0.45748,66.31
hex4_02447,Westminster,3.6198,173.64592187860939,1,0.43107,67.44
hex4_02448,Westminster,3.6506,890.2730461694896,0,0.6389,90.76
hex4_02449,Westminster,4.0001,437.81498458976733,1,0.43778,62.02
hex4_02450,Westminster,3.9844,336.78343270855834,0,0.36711,50.12
hex4_02451,Westminster,3.5849,286.1826130244632,0,0.35893,56.13
hex4_02452,Ashburnham,4.0,282.8300605184867,0,0.59697,82.23
hex4_02453,Ashburnham,3.9896,637.8789176028663,0,0.54969,77.36
hex4_02454,Ashburnham,3.5286,196.96452477124845,0,0.37752,60.35
hex4_02455,Ashburnham,3.963,112.382523221172,0,0.16226,14.68
hex4_02456,Ashburnham,3.9829,39.19974891316385,0,0.11462,6.5
hex4_02457,Ashburnham,0.6053,3.854893144633122,0,0.08012,14.12
hex4_02458,Webster,3.3368,2216.9316619587025,0,0.30885,50.38
hex4_02459,Webster,3.8896,8464.51067308452,0,0.3405,46.88
hex4_02460,Webster,3.6502,1446.4637656610569,0,0.20813,25.0
hex4_02461,Oxford,3.6871,880.6717802196888,0,0.4266,65.81
hex4_02462,Oxford,3.8522,2308.9596460563225,0,0.61781,86.54
hex4_02463,Oxford,3.8054,829.2151771760315,0,0.30804,42.19
hex4_02464,Oxford,3.916,356.3832495108798,0,0.27109,33.67
hex4_02465,Oxford,3.9177,1001.6464306720421,0,0.29021,37.35
hex4_02466,Auburn,3.6756,472.2723250845191,0,0.36465,55.34
hex4_02467,Auburn,3.9859,414.7551781684409,0,0.34131,45.53
hex4_02468,Leicester,3.9966,549.8984035018743,0,0.30201,38.41
hex4_02469,Leicester,3.6751,1153.3867597004391,0,0.36257,54.93
hex4_02470,Leicester,3.5443,190.04605353774096,0,0.29598,44.05
hex4_02471,Worcester,3.8857,2051.3235489385697,0,0.41505,60.26
hex4_02472,Holden,3.7556,181.6974031586537,0,0.38845,58.13
hex4_02473,Holden,3.7147,223.48936400462978,0,0.32762,47.45
hex4_02474,Holden,3.4761,624.520966903164,0,0.3039,46.81
hex4_02475,Holden,3.7594,841.0048801660449,0,0.44464,67.1
hex4_02476,Holden,3.8293,274.1397745838726,0,0.26314,33.38
hex4_02477,Holden,3.0385,108.49397008885317,0,0.20723,33.04
hex4_02478,Princeton,4.0002,283.61744456595073,0,0.30628,39.02
hex4_02479,Princeton,4.0002,177.60551227799994,0,0.34258,45.55
hex4_02480,Princeton,4.0002,283.09185972948984,4,0.41483,58.3
hex4_02481,Princeton,3.9963,87.4247591034909,0,0.29812,37.8
hex4_02482,Princeton,3.9896,66.07661192461183,0,0.46674,66.55
hex4_02483,Westminster,3.2033,361.73788277673486,0,0.52275,87.44
hex4_02484,Westminster,3.4064,679.8004805436045,0,0.43825,72.72
hex4_02485,Westminster,3.9352,651.440085985944,0,0.44276,63.77
hex4_02486,Westminster,3.6007,330.1786318433712,0,0.47552,74.55
hex4_02487,Westminster,3.9589,94.13101050436832,0,0.29668,38.0
hex4_02488,Westminster,3.9754,127.12190579690048,0,0.38312,53.16
hex4_02489,Ashburnham,3.9629,200.2840299843689,0,0.38832,54.45
hex4_02490,Ashburnham,3.9684,200.432010763129,0,0.37391,51.41
hex4_02491,Ashburnham,3.3923,192.03911382917718,0,0.21153,28.41
hex4_02492,Ashburnham,3.724,207.83150666283058,0,0.14763,13.71
hex4_02493,Ashby,2.7644,56.3466426067212,0,0.1044,12.53
hex4_02494,Webster,1.2263,379.8405422740809,0,0.33212,88.31
hex4_02495,Webster,2.5668,1375.095557272017,0,0.31437,69.66
hex4_02496,Webster,3.1465,1627.3318570268957,0,0.32893,58.83
hex4_02497,Webster,3.9757,661.9228510382331,0,0.22023,23.89
hex4_02498,Oxford,3.997,906.3683176272024,0,0.44005,62.36
hex4_02499,Oxford,3.8145,1781.8862547039225,0,0.36391,52.46
hex4_02500,Oxford,3.9759,950.312556436242,0,0.25058,28.96
hex4_02501,Oxford,3.9653,611.551356278057,0,0.21425,22.91
hex4_02502,Auburn,3.931,1139.0976233266945,0,0.34688,47.47
hex4_02503,Auburn,3.2164,1595.2571192486816,0,0.41924,73.64
hex4_02504,Auburn,3.6512,1466.8158248055206,0,0.22955,28.76
hex4_02505,Worcester,3.9548,3855.5857140646312,0,0.20957,22.03
hex4_02506,Worcester,3.9762,4961.043734736935,0,0.28695,35.94
hex4_02507,Worcester,3.8173,3375.5587517559698,0,0.60336,85.7
hex4_02508,Worcester,3.9001,1778.3254228178375,0,0.4205,60.89
hex4_02509,Holden,3.8715,328.2599166679102,0,0.35404,49.69
hex4_02510,Holden,3.8801,1515.5729470103672,0,0.44676,65.51
hex4_02511,Holden,3.9733,2885.1935305573397,2,0.67653,89.6
hex4_02512,Holden,4.0003,1829.1891723088977,0,0.35993,48.7
hex4_02513,Holden,4.0002,469.14467384597845,0,0.38014,52.21
hex4_02514,Holden,4.0002,194.79023044081293,0,0.28142,34.62
hex4_02515,Princeton,4.0002,188.97991125889763,0,0.25956,30.23
hex4_02516,Princeton,3.9703,216.60847216590432,0,0.34843,47.02
hex4_02517,Princeton,3.9929,133.63976320134168,0,0.40109,56.36
hex4_02518,Princeton,3.9812,213.09830414926319,0,0.4836,68.89
hex4_02519,Princeton,3.8795,151.5547568619714,0,0.49576,72.24
hex4_02520,Westminster,3.9493,138.9506938983024,0,0.47197,67.62
hex4_02521,Westminster,3.9024,237.64791353732306,0,0.50395,72.88
hex4_02522,Westminster,3.8751,730.3621764318287,0,0.65438,89.15
hex4_02523,Westminster,3.9993,463.7174173506049,1,0.33358,43.99
hex4_02524,Westminster,3.9956,228.8229271718564,0,0.29141,36.57
hex4_02525,Westminster,3.9896,108.75686370590884,0,0.23368,25.94
hex4_02526,Ashburnham,3.9963,151.51472211315235,0,0.24012,26.85
hex4_02527,Ashburnham,3.9984,146.63936636367245,0,0.2455,27.92
hex4_02528,Ashby,3.9766,140.90701473851595,0,0.14263,11.12
hex4_02529,Ashby,3.9489,203.9963509953169,0,0.1669,15.73
hex4_02530,Webster,1.4771,1231.5175411591474,0,0.29784,82.08
hex4_02531,Webster,3.0589,899.2026912902005,0,0.21611,34.8
hex4_02532,Webster,3.9386,133.79066974093703,0,0.13653,10.35
hex4_02533,Webster,3.9775,202.62855535592752,0,0.24156,27.47
hex4_02534,Oxford,3.5605,567.4001566035294,0,0.1842,21.42
hex4_02535,Oxford,3.9832,268.49703492916433,0,0.23008,25.36
hex4_02536,Oxford,3.928,296.53941477441117,0,0.352,48.52
hex4_02537,Auburn,3.8344,526.8337471935861,0,0.39585,58.05
hex4_02538,Auburn,3.7061,2128.5384634766133,0,0.43156,66.23
hex4_02539,Auburn,3.9668,2693.461069844031,0,0.69376,90.75
hex4_02540,Auburn,3.7161,3508.342987674619,0,0.25786,33.85
hex4_02541,Worcester,3.6379,10418.134935110618,0,0.23129,29.35
hex4_02542,Worcester,3.7767,11140.002482348205,0,0.20544,23.05
hex4_02543,Worcester,3.9916,6498.438398546611,0,0.24454,27.78
hex4_02544,Worcester,3.9811,5335.179096289981,0,0.18753,18.51
hex4_02545,Holden,3.8236,2771.776781078987,0,0.42324,62.61
hex4_02546,Holden,3.7903,1747.8384516968545,3,0.74608,95.27
hex4_02547,Holden,3.9471,937.3873642942294,0,0.58025,81.28
hex4_02548,Holden,3.9986,540.8474001199324,0,0.55718,78.07
hex4_02549,Holden,4.0,163.98390510605446,0,0.34359,45.75
hex4_02550,Holden,3.9845,128.9477088350068,0,0.24619,28.15
hex4_02551,Princeton,3.9964,194.9378351816215,0,0.31503,40.47
hex4_02552,Princeton,3.9557,166.1468268494418,0,0.36075,49.65
hex4_02553,Princeton,3.8651,246.57436072646368,0,0.58481,82.98
hex4_02554,Princeton,3.8206,69.21535637120236,0,0.40545,59.67
hex4_02555,Leominster,3.8466,27.61145957593036,0,0.33913,47.41
hex4_02556,Leominster,3.6493,8.784068767393288,0,0.22286,27.65
hex4_02557,Fitchburg,3.7724,789.0890987612831,0,0.71514,94.04
hex4_02558,Fitchburg,3.9543,3177.137370288157,0,0.67455,89.71
hex4_02559,Fitchburg,3.9954,502.08373547077156,0,0.26699,31.68
hex4_02560,Fitchburg,3.9433,137.15462915532441,0,0.22355,24.86
hex4_02561,Fitchburg,3.9081,91.17542618422306,0,0.19295,19.99
hex4_02562,Ashby,3.3915,111.70353524829233,0,0.20645,27.53
hex4_02563,Ashby,3.9859,222.74142498356883,0,0.24684,28.26
hex4_02564,Ashby,3.9987,230.71947859957575,0,0.23443,26.01
hex4_02565,Ashby,2.4554,75.11921645034745,0,0.20826,44.78
hex4_02566,Webster,1.412,397.0519156319575,0,0.18832,51.32
hex4_02567,Webster,3.9812,556.4104553971283,0,0.22354,24.49
hex4_02568,Douglas,3.9742,155.8138898238751,0,0.15137,12.73
hex4_02569,Douglas,3.9765,22.638655876092677,0,0.11637,6.8
hex4_02570,Oxford,3.9949,224.04657714252886,0,0.20658,21.37
hex4_02571,Oxford,3.418,138.38601314921502,0,0.2208,30.05
hex4_02572,Sutton,3.9692,159.55047578400092,0,0.36455,49.92
hex4_02573,Millbury,3.3985,406.6592798157077,0,0.42231,70.49
hex4_02574,Millbury,3.98,427.69535846007125,0,0.27422,33.51
hex4_02575,Auburn,3.8508,638.4149909580005,0,0.52224,76.27
hex4_02576,Auburn,3.978,2424.1282904653294,0,0.4091,57.79
hex4_02577,Worcester,3.9708,7695.504756863806,0,0.26872,32.58
hex4_02578,Worcester,3.9924,24041.643350479146,0,0.33579,44.3
hex4_02579,Worcester,3.9293,15065.421625917617,0,0.31908,42.37
hex4_02580,Worcester,3.3281,5153.910290288161,0,0.25322,38.7
hex4_02581,Worcester,3.8939,3997.5261702861935,0,0.22953,26.19
hex4_02582,Holden,4.0002,3261.8235052111104,0,0.40974,57.65
hex4_02583,Holden,4.0002,938.6896533578494,0,0.66964,88.67
hex4_02584,Holden,3.9968,103.87233057415654,0,0.49673,70.5
hex4_02585,West Boylston,3.9868,274.5632251405595,0,0.49862,70.97
hex4_02586,Sterling,4.0002,216.6896765442503,0,0.36207,49.11
hex4_02587,Sterling,4.0002,481.34505522993567,0,0.36739,49.9
hex4_02588,Sterling,4.0002,381.32101504929597,0,0.38596,53.25
hex4_02589,Sterling,4.0002,203.57006336668277,0,0.38559,53.19
hex4_02590,Sterling,3.9627,160.74532762975383,0,0.39998,56.7
hex4_02591,Leominster,3.9002,104.64210884403062,0,0.42815,62.18
hex4_02592,Leominster,3.7465,53.24594582551414,0,0.26297,34.47
hex4_02593,Leominster,3.7017,612.1494626614988,0,0.34534,50.85
hex4_02594,Fitchburg,3.9968,2817.9548243970953,0,0.50647,71.77
hex4_02595,Fitchburg,3.9957,7417.732358180819,0,0.46212,65.74
hex4_02596,Fitchburg,3.9416,469.5887751070721,0,0.19239,19.51
hex4_02597,Fitchburg,3.8887,448.69694457481904,0,0.21493,23.68
hex4_02598,Ashby,3.9186,192.42737503252295,0,0.22823,25.72
hex4_02599,Ashby,3.9067,154.4199695007,0,0.23523,27.01
hex4_02600,Ashby,4.0,422.3268987559303,0,0.38832,53.7
hex4_02601,Ashby,4.0,189.2373118725131,0,0.23512,26.11
hex4_02602,Douglas,2.4317,48.27487689862913,0,0.12962,22.34
hex4_02603,Douglas,3.9836,31.7350182064097,0,0.15522,13.25
hex4_02604,Douglas,3.984,72.52241202781263,0,0.183,17.86
hex4_02605,Douglas,3.705,28.57279263568838,0,0.15562,15.59
hex4_02606,Douglas,3.8605,194.86835291913422,0,0.27238,34.76
hex4_02607,Sutton,3.8522,317.0148172030432,0,0.38311,55.59
hex4_02608,Sutton,3.8741,337.58249895946494,0,0.43579,63.76
hex4_02609,Sutton,3.7169,529.9623867607144,0,0.2679,35.85
hex4_02610,Millbury,3.3936,591.3319204932122,0,0.27122,41.42
hex4_02611,Millbury,3.9452,542.5479546290961,0,0.26834,32.93
hex4_02612,Millbury,3.913,953.3989515657844,0,0.48944,70.99
hex4_02613,Worcester,3.9452,4910.337286873897,0,0.55048,78.16
hex4_02614,Worcester,3.9694,17545.398331263306,0,0.51778,73.69
hex4_02615,Worcester,3.966,15270.916989309157,0,0.53489,75.93
hex4_02616,Worcester,3.902,9863.547116812735,0,0.4802,69.93
hex4_02617,Worcester,3.9881,8622.010865992212,0,0.30049,38.29
hex4_02618,Worcester,3.9889,5010.801761505942,0,0.49367,70.18
hex4_02619,West Boylston,3.9981,3436.6663373761817,0,0.61599,84.07
hex4_02620,West Boylston,3.9948,1213.1632643855257,0,0.63774,86.25
hex4_02621,West Boylston,3.4285,417.98331123165025,0,0.37494,61.91
hex4_02622,West Boylston,3.785,835.1081591279531,0,0.46028,69.05
hex4_02623,Sterling,4.0002,430.3933880229634,0,0.5404,76.03
hex4_02624,Sterling,4.0002,291.2826993705605,0,0.43794,62.04
hex4_02625,Sterling,3.9881,326.52452505822833,0,0.40788,57.58
hex4_02626,Sterling,3.9053,139.57552557531486,0,0.41089,59.35
hex4_02627,Leominster,3.5899,119.28064992035777,0,0.424,66.96
hex4_02628,Leominster,3.8253,254.9867593890426,0,0.35995,51.26
hex4_02629,Leominster,3.9618,682.5526258783775,0,0.39589,55.95
hex4_02630,Fitchburg,3.9166,1771.8358615841353,0,0.54231,77.63
hex4_02631,Fitchburg,3.994,8827.470263228128,0,0.49088,69.82
hex4_02632,Fitchburg,3.9927,9096.318892085199,0,0.47995,68.14
hex4_02633,Fitchburg,3.9792,619.2213389655518,0,0.28633,35.67
hex4_02634,Fitchburg,3.9916,290.36279503123836,0,0.2704,32.65
hex4_02635,Ashby,3.933,202.38928462926725,0,0.28696,36.6
hex4_02636,Ashby,3.9927,386.47125261897827,0,0.37809,51.83
hex4_02637,Ashby,4.0,241.77307112198955,0,0.34737,46.38
hex4_02638,Ashby,2.1178,115.3133446147624,0,0.32,82.89
hex4_02639,Douglas,3.5309,216.22707174638413,0,0.23477,31.47
hex4_02640,Douglas,3.6129,132.22071830977995,0,0.29639,42.87
hex4_02641,Douglas,3.4398,229.59672932623025,0,0.22064,29.71
hex4_02642,Douglas,3.4315,390.87303688044636,0,0.29453,45.71
hex4_02643,Sutton,2.6571,279.02409047529557,0,0.41635,85.11
hex4_02644,Sutton,3.9659,240.51693628557925,0,0.53344,75.75
hex4_02645,Sutton,3.9502,361.69486139187234,0,0.51727,74.05
hex4_02646,Sutton,3.259,342.5220057793815,0,0.20661,29.19
hex4_02647,Millbury,3.9313,1854.8003109187923,0,0.32105,42.76
hex4_02648,Millbury,3.8914,2117.9263642621295,0,0.46733,68.05
hex4_02649,Millbury,3.9363,1386.7818024846092,0,0.53649,76.64
hex4_02650,Worcester,3.9801,3600.1962124517904,0,0.37702,51.85
hex4_02651,Worcester,3.9929,11814.352438332458,0,0.522,73.87
hex4_02652,Worcester,3.8639,6819.275009200274,0,0.43049,63.07
hex4_02653,Worcester,3.7884,5909.529511230532,1,0.52401,77.52
hex4_02654,Worcester,3.9835,6013.650505198206,1,0.4001,56.35
hex4_02655,West Boylston,3.9898,1415.699627962192,0,0.71801,91.98
hex4_02656,West Boylston,3.6603,842.712247520066,0,0.44419,68.75
hex4_02657,West Boylston,2.2923,197.97492405224995,0,0.36289,85.79
hex4_02658,West Boylston,3.9934,936.7273600275141,0,0.28715,35.64
hex4_02659,Sterling,3.4796,692.104315293788,0,0.46971,76.0
hex4_02660,Sterling,3.9388,507.77962389724934,0,0.74497,93.93
hex4_02661,Sterling,3.9983,441.04143919605235,0,0.68279,89.83
hex4_02662,Sterling,3.9507,230.3539890124205,0,0.68707,90.55
hex4_02663,Leominster,3.8754,983.9267857440403,0,0.60059,84.34
hex4_02664,Leominster,3.9654,2965.177815542352,0,0.62292,85.31
hex4_02665,Leominster,3.9407,6859.851604682724,0,0.69682,91.23
hex4_02666,Leominster,3.9413,3412.6541379467276,0,0.68428,90.44
hex4_02667,Fitchburg,3.9822,4132.17728722722,1,0.75485,94.02
hex4_02668,Lunenburg,3.9631,2239.2064984250283,0,0.50288,71.83
hex4_02669,Lunenburg,3.9995,1091.820592891381,0,0.2625,30.75
hex4_02670,Lunenburg,4.0001,211.8959736788052,0,0.16697,15.34
hex4_02671,Lunenburg,3.9917,154.25310577163472,0,0.20567,21.23
hex4_02672,Townsend,3.9516,73.00608796271632,0,0.17922,17.52
hex4_02673,Townsend,3.9912,235.20084914410373,0,0.26303,31.02
hex4_02674,Townsend,3.9687,207.29225327832188,0,0.30523,39.16
hex4_02675,Douglas,2.4458,104.84281211191468,0,0.24615,56.49
hex4_02676,Douglas,3.9892,331.20035070361905,0,0.407,57.44
hex4_02677,Douglas,3.8999,504.79824631413965,0,0.44421,64.61
hex4_02678,Douglas,3.9036,441.83988551293396,0,0.31147,41.31
hex4_02679,Sutton,3.6187,619.0153498502552,0,0.56324,84.7
hex4_02680,Sutton,3.8525,140.01248731950957,0,0.55262,79.6
hex4_02681,Sutton,3.965,244.9907367974476,0,0.62099,85.07
hex4_02682,Sutton,3.8502,389.7137258384931,0,0.47805,70.38
hex4_02683,Sutton,3.9082,426.7982728484832,1,0.30403,39.66
hex4_02684,Millbury,3.8621,1594.655391583319,0,0.67438,90.71
hex4_02685,Millbury,3.6161,1590.055910295096,0,0.62085,90.07
hex4_02686,Millbury,3.7363,2655.507588856293,1,0.49728,75.09
hex4_02687,Worcester,3.1191,4107.830370367227,0,0.25961,43.82
hex4_02688,Shrewsbury,3.1759,4066.2598467698886,0,0.31437,55.2
hex4_02689,Shrewsbury,3.6242,4701.204461215105,0,0.64069,91.21
hex4_02690,Shrewsbury,3.773,930.4101435630778,0,0.42495,63.84
hex4_02691,Boylston,3.6924,1423.2482841389499,0,0.45707,70.22
hex4_02692,Boylston,3.4441,679.803703104472,0,0.42301,69.79
hex4_02693,Boylston,1.5982,108.23727698254946,0,0.15809,40.67
hex4_02694,Boylston,2.7741,32.13133253322572,0,0.17377,28.64
hex4_02695,Sterling,3.8206,241.2768112508917,0,0.30442,41.24
hex4_02696,Sterling,3.34,477.2002917397729,0,0.37924,64.33
hex4_02697,Sterling,3.9941,976.9047158335874,0,0.69163,90.26
hex4_02698,Sterling,3.9812,354.4717490256182,0,0.73937,93.31
hex4_02699,Sterling,3.9987,471.1268137526571,0,0.78518,95.19
hex4_02700,Leominster,3.9343,4960.841613342518,0,0.80334,96.22
hex4_02701,Leominster,4.0002,6107.124886301466,0,0.79573,95.6
hex4_02702,Leominster,3.9859,5024.828973384381,0,0.82429,96.47
hex4_02703,Leominster,4.0001,3115.605402760784,0,0.74178,93.29
hex4_02704,Lunenburg,3.6014,3579.7455037681484,0,0.4519,71.27
hex4_02705,Lunenburg,3.9997,825.1643580211294,0,0.37586,51.17
hex4_02706,Lunenburg,3.9998,428.6052218931855,0,0.26972,32.4
hex4_02707,Lunenburg,4.0001,242.7761865718228,0,0.18947,18.67
hex4_02708,Townsend,3.999,209.91156247762427,0,0.14115,10.78
hex4_02709,Townsend,3.9878,505.80131944186303,0,0.27196,33.02
hex4_02710,Townsend,4.0,402.5149156616919,0,0.22593,24.72
hex4_02711,Townsend,1.7584,41.07876556742835,0,0.23316,66.33
hex4_02712,Douglas,3.9761,431.43098219438605,0,0.32777,43.23
hex4_02713,Douglas,3.9693,608.5776026292939,0,0.38627,53.89
hex4_02714,Douglas,3.9735,948.0375102159231,0,0.46601,66.73
hex4_02715,Douglas,3.8573,1261.5350115479214,0,0.28679,37.57
hex4_02716,Sutton,3.9705,207.84720296904425,0,0.34444,46.3
hex4_02717,Sutton,3.9329,134.29688440939682,0,0.55394,78.68
hex4_02718,Sutton,3.9587,116.08744692771948,0,0.62984,85.95
hex4_02719,Sutton,3.9538,915.2508955002684,0,0.61171,84.27
hex4_02720,Sutton,3.9415,1280.0916031243503,0,0.64705,87.72
hex4_02721,Grafton,3.9922,1167.544768236856,0,0.43972,62.38
hex4_02722,Grafton,3.9904,1560.5593415743056,0,0.28071,34.6
hex4_02723,Grafton,3.3937,1442.2553048774694,0,0.20299,26.6
hex4_02724,Shrewsbury,3.7475,1953.8374369991398,0,0.24391,30.34
hex4_02725,Shrewsbury,3.9965,3780.668894751143,0,0.28122,34.63
hex4_02726,Shrewsbury,3.9782,2858.090736846474,0,0.39519,55.49
hex4_02727,Shrewsbury,3.9971,1809.8979956071294,0,0.23936,26.69
hex4_02728,Boylston,3.9936,461.395375071488,0,0.2106,21.89
hex4_02729,Boylston,4.0002,386.818826526673,0,0.22206,24.06
hex4_02730,Boylston,3.0812,116.79976259771504,0,0.18032,25.92
hex4_02731,Boylston,0.8216,0.0,0,0.13776,33.49
hex4_02732,Sterling,3.7093,262.0300755281717,0,0.40408,61.63
hex4_02733,Sterling,3.9724,431.6911548823563,0,0.52549,74.71
hex4_02734,Sterling,3.9961,594.643939642186,0,0.62544,85.04
hex4_02735,Sterling,3.9895,348.7095543990822,0,0.60317,82.96
hex4_02736,Lancaster,3.9874,453.0122615051727,0,0.6076,83.41
hex4_02737,Leominster,3.9639,1165.313863249012,0,0.46936,67.19
hex4_02738,Leominster,3.9872,1150.0907268735025,0,0.35938,48.9
hex4_02739,Leominster,3.9593,1664.9044983256385,0,0.46253,66.44
hex4_02740,Lunenburg,3.7959,1013.1762548882687,0,0.31364,43.39
hex4_02741,Lunenburg,4.0001,659.6790842809555,0,0.3318,43.53
hex4_02742,Lunenburg,3.9971,898.5823331796037,0,0.38346,52.82
hex4_02743,Lunenburg,3.9965,304.5108505062095,0,0.31778,41.04
hex4_02744,Townsend,3.9419,509.3509530752274,0,0.16266,14.89
hex4_02745,Townsend,3.9991,425.98782349043194,0,0.21452,22.62
hex4_02746,Townsend,3.9934,644.5243827143632,0,0.17933,17.25
hex4_02747,Townsend,3.7584,67.15025053670774,0,0.17702,18.49
hex4_02748,Douglas,2.1718,81.15537557688968,0,0.18723,45.95
hex4_02749,Douglas,3.9954,426.9510445087527,0,0.30353,38.61
hex4_02750,Douglas,3.9969,470.6432266810097,0,0.28157,34.69
hex4_02751,Douglas,3.901,1040.2168021940993,0,0.29881,39.05
hex4_02752,Douglas,3.7703,386.2675817872745,1,0.34179,49.26
hex4_02753,Sutton,3.6343,624.1214620570954,0,0.49599,76.7
hex4_02754,Sutton,3.725,364.9670362589715,0,0.5443,80.85
hex4_02755,Sutton,3.9632,478.2593973940774,1,0.63471,86.4
hex4_02756,Sutton,3.9966,1778.257074708327,0,0.51296,72.58
hex4_02757,Grafton,3.7867,2037.0165999806195,0,0.44226,66.42
hex4_02758,Grafton,3.8407,1438.9993421402837,0,0.31148,42.28
hex4_02759,Grafton,3.914,1929.371709366697,0,0.37949,53.57
hex4_02760,Grafton,3.9434,1168.8919970929624,0,0.57204,80.37
hex4_02761,Shrewsbury,3.982,1708.9379968377348,0,0.65557,87.85
hex4_02762,Shrewsbury,3.9971,4131.560522252348,0,0.51714,73.1
hex4_02763,Shrewsbury,3.9696,3408.739078358763,0,0.34883,47.13
hex4_02764,Shrewsbury,3.9793,2840.0567410493045,0,0.2617,30.89
hex4_02765,Boylston,3.9721,705.8452471121959,0,0.3186,41.65
hex4_02766,Boylston,3.9751,288.90691095061703,0,0.4428,63.04
hex4_02767,Boylston,3.3128,191.25906624696628,0,0.3619,61.84
hex4_02768,Clinton,0.5242,157.602964825841,0,0.34035,89.57
hex4_02769,Clinton,3.5276,2831.4877796972823,1,0.40985,66.08
hex4_02770,Lancaster,4.0002,1192.1967974010636,0,0.35371,47.59
hex4_02771,Lancaster,4.0002,370.6503905421167,0,0.35522,47.95
hex4_02772,Lancaster,3.9944,248.2720025742377,0,0.34857,46.64
hex4_02773,Lancaster,3.8781,150.65176042192903,0,0.39511,57.35
hex4_02774,Lancaster,3.8967,172.73202699274196,0,0.48124,70.04
hex4_02775,Lunenburg,3.9944,280.0222564406083,0,0.35758,48.4
hex4_02776,Lunenburg,3.8528,397.2663373839509,0,0.37223,53.37
hex4_02777,Lunenburg,3.9925,677.7589228314268,1,0.38752,53.68
hex4_02778,Lunenburg,3.9937,648.10487027069,0,0.55073,77.47
hex4_02779,Lunenburg,2.7175,859.3767918312006,0,0.57884,97.33
hex4_02780,Townsend,3.9631,484.8039265487415,0,0.3722,51.15
hex4_02781,Townsend,3.8906,541.1598517380406,0,0.20618,22.05
hex4_02782,Townsend,3.8992,1045.7159677219918,0,0.38473,54.95
hex4_02783,Townsend,4.0,126.08992590573273,0,0.15858,13.73
hex4_02784,Townsend,1.3799,17.965166662266032,0,0.14002,34.29
hex4_02785,Uxbridge,3.9629,351.9240130332404,0,0.2624,31.25
hex4_02786,Uxbridge,3.9786,331.09702975868663,0,0.28297,35.14
hex4_02787,Uxbridge,4.0003,323.55684202948066,0,0.38837,53.71
hex4_02788,Uxbridge,3.9783,447.3282868372407,1,0.35847,48.83
hex4_02789,Uxbridge,3.7047,686.6722146096797,0,0.44674,68.43
hex4_02790,Northbridge,3.3997,3224.1737877109895,0,0.60621,91.61
hex4_02791,Northbridge,3.813,840.8503351989222,0,0.51828,76.43
hex4_02792,Northbridge,3.9502,1343.1051908781762,0,0.53183,75.8
hex4_02793,Grafton,3.8526,1850.5217956263004,0,0.50974,74.73
hex4_02794,Grafton,3.9873,1619.202310895564,1,0.29307,36.87
hex4_02795,Grafton,3.9776,1231.0089121647395,0,0.24855,28.53
hex4_02796,Grafton,3.997,690.9394158799166,0,0.3859,53.28
hex4_02797,Shrewsbury,3.9802,249.49217898002252,0,0.73688,93.16
hex4_02798,Shrewsbury,3.9892,3232.1518622993744,0,0.58688,81.37
hex4_02799,Shrewsbury,3.9896,2274.369668003329,0,0.52251,74.1
hex4_02800,Northborough,3.9941,1029.0195290757536,0,0.43602,61.73
hex4_02801,Northborough,3.9837,799.3009099141467,0,0.45356,64.56
hex4_02802,Northborough,3.798,338.2367215399848,0,0.51227,75.94
hex4_02803,Boylston,3.9956,217.4922016261993,0,0.60669,83.18
hex4_02804,Boylston,3.7096,299.81422228481466,0,0.60299,87.17
hex4_02805,Clinton,3.7908,5162.7813334954935,0,0.72476,94.24
hex4_02806,Clinton,3.9646,5794.718481322357,0,0.69086,90.64
hex4_02807,Lancaster,3.9048,1399.2599091879204,0,0.50727,73.42
hex4_02808,Lancaster,3.9091,624.1147806883937,0,0.3648,50.89
hex4_02809,Lancaster,3.9367,107.75080876807172,0,0.2721,33.63
hex4_02810,Lancaster,3.7511,181.51693082097864,0,0.27157,36.07
hex4_02811,Lancaster,3.6257,439.8220329583171,0,0.42381,66.49
hex4_02812,Lunenburg,3.4071,375.7816992085333,0,0.6417,93.74
hex4_02813,Lunenburg,3.156,693.9885522782231,0,0.37094,66.85
hex4_02814,Lunenburg,4.0001,585.4734500475372,0,0.4671,66.39
hex4_02815,Lunenburg,3.9961,485.63193021943334,0,0.55857,78.29
hex4_02816,Townsend,4.0001,382.0319060713845,0,0.50822,71.95
hex4_02817,Townsend,3.972,1391.7620384140844,1,0.3985,56.24
hex4_02818,Townsend,3.8206,594.0956706456096,0,0.32805,45.73
hex4_02819,Townsend,4.0,384.8600059358622,0,0.20424,20.91
hex4_02820,Townsend,3.515,234.6532506394248,0,0.31836,49.19
hex4_02821,Uxbridge,1.9439,149.3149594352297,0,0.18455,50.17
hex4_02822,Uxbridge,3.9184,242.76251674230906,0,0.22743,25.63
hex4_02823,Uxbridge,3.9171,154.86217945914305,0,0.21697,23.88
hex4_02824,Uxbridge,3.9976,817.8386792989095,0,0.29099,36.39
hex4_02825,Uxbridge,3.8915,1211.210472954558,0,0.28849,37.41
hex4_02826,Northbridge,3.8414,2332.0191214267647,0,0.63241,87.83
hex4_02827,Northbridge,3.9962,1991.1638592522183,0,0.6372,86.13
hex4_02828,Northbridge,3.95,2369.686091831865,0,0.55438,78.47
hex4_02829,Grafton,3.9441,1820.6732190532898,0,0.5657,79.58
hex4_02830,Grafton,3.8888,569.6939275175879,0,0.32925,44.68
hex4_02831,Grafton,3.973,446.1017132994754,0,0.23898,26.9
hex4_02832,Grafton,3.9911,923.3103779201097,0,0.37153,50.71
hex4_02833,Grafton,3.9985,876.6535737746422,0,0.7216,92.18
hex4_02834,Westborough,3.3456,1905.6972164691335,0,0.70609,97.06
hex4_02835,Westborough,3.8415,2211.9939522318646,1,0.75451,95.2
hex4_02836,Northborough,3.9912,2402.7763038886965,0,0.63821,86.29
hex4_02837,Northborough,3.9937,2051.0586707027637,0,0.6264,85.2
hex4_02838,Northborough,3.9944,1083.613048522767,0,0.61173,83.73
hex4_02839,Northborough,3.9875,324.69962356385,0,0.67406,89.24
hex4_02840,Berlin,3.9302,331.8757413838252,0,0.58742,82.39
hex4_02841,Berlin,3.9819,649.8345096638717,0,0.63232,85.88
hex4_02842,Bolton,3.95,1484.1402497369431,0,0.50645,72.53
hex4_02843,Lancaster,3.996,793.4059886536613,0,0.46499,66.17
hex4_02844,Lancaster,4.0002,237.85115833502397,0,0.3367,44.35
hex4_02845,Lancaster,4.0,99.56805945957731,0,0.22009,23.5
hex4_02846,Lancaster,3.9824,4.032866937171981,0,0.16296,14.66
hex4_02847,Lancaster,3.9884,834.4272218538232,0,0.51052,72.4
hex4_02848,Shirley,3.9892,2118.5380324631656,0,0.69535,90.66
hex4_02849,Shirley,3.9979,781.3237588473941,0,0.54697,76.87
hex4_02850,Shirley,4.0001,436.4380743381532,0,0.50177,71.24
hex4_02851,Shirley,3.9998,442.6183218646236,0,0.37109,50.55
hex4_02852,Shirley,4.0001,331.9011883705476,0,0.37895,51.87
hex4_02853,Groton,3.9816,394.6584308581592,0,0.31766,41.29
hex4_02854,Townsend,3.9457,710.5535584324426,0,0.49327,70.91
hex4_02855,Townsend,3.9961,488.538906108938,0,0.37111,50.6
hex4_02856,Townsend,4.0,203.45758596067913,0,0.39306,54.63
hex4_02857,Townsend,1.1131,34.20199251032738,0,0.28802,79.94
hex4_02858,Uxbridge,3.8914,255.6180808949747,0,0.31571,42.29
hex4_02859,Uxbridge,3.9739,301.3244365033027,0,0.26147,30.98
hex4_02860,Uxbridge,3.9993,1232.0790294740345,0,0.29934,37.96
hex4_02861,Uxbridge,3.9268,2456.8364873816736,0,0.40991,58.74
hex4_02862,Uxbridge,3.7402,2306.756859069004,0,0.49102,74.28
hex4_02863,Northbridge,3.8641,722.5513257324961,0,0.64449,88.51
hex4_02864,Northbridge,3.8934,483.92963278962446,0,0.5697,80.96
hex4_02865,Upton,3.9818,868.3587650415394,0,0.54361,76.71
hex4_02866,Upton,3.819,1080.2904487035835,0,0.48865,72.38
hex4_02867,Upton,3.9977,264.91011986331114,0,0.29002,36.26
hex4_02868,Upton,3.9971,138.19057478467514,0,0.29284,36.76
hex4_02869,Westborough,3.9901,1035.5544958982164,0,0.52459,74.35
hex4_02870,Westborough,3.8194,1832.9392967913577,0,0.6896,92.21
hex4_02871,Westborough,3.7978,1641.1349263494408,0,0.65464,90.19
hex4_02872,Westborough,3.949,1513.639056996954,0,0.63411,86.58
hex4_02873,Northborough,3.9106,2347.716968607068,0,0.6517,88.47
hex4_02874,Northborough,3.9259,2250.566686833227,0,0.66028,88.9
hex4_02875,Northborough,3.9268,681.1918374329857,0,0.8199,96.8
hex4_02876,Berlin,3.9641,713.2652215949456,0,0.66462,88.74
hex4_02877,Berlin,3.9879,367.0141889043162,0,0.63887,86.45
hex4_02878,Berlin,3.9839,316.78342340528513,0,0.43581,61.98
hex4_02879,Bolton,3.9852,368.850957841066,0,0.39174,54.66
hex4_02880,Bolton,4.0001,573.1219664303476,0,0.3986,55.77
hex4_02881,Bolton,4.0002,471.7373900184895,0,0.25705,29.8
hex4_02882,Lancaster,3.9119,96.35055438381387,0,0.20049,21.01
hex4_02883,Lancaster,3.9781,4.867783386937212,0,0.16253,14.61
hex4_02884,Harvard,3.998,1186.162463757955,1,0.21392,22.46
hex4_02885,Shirley,3.9733,972.5281205028875,0,0.39517,55.61
hex4_02886,Shirley,4.0001,691.6595267916155,0,0.44658,63.22
hex4_02887,Shirley,3.9937,370.6020415530192,0,0.58111,80.67
hex4_02888,Shirley,3.9952,700.0491639890998,0,0.42452,59.82
hex4_02889,Groton,3.8564,407.18026318715556,0,0.28829,37.95
hex4_02890,Pepperell,3.9844,570.0329818522597,0,0.44502,63.25
hex4_02891,Pepperell,3.8661,442.4615285801112,0,0.51254,74.8
hex4_02892,Pepperell,3.9896,552.2166488871671,0,0.57056,79.51
hex4_02893,Pepperell,3.3356,343.23723672963445,0,0.62782,93.68
hex4_02894,Uxbridge,1.5955,23.597015252554634,0,0.21546,60.8
hex4_02895,Uxbridge,3.9009,199.09312035034543,0,0.3311,44.85
hex4_02896,Uxbridge,3.9245,607.6770285026522,0,0.25549,30.36
hex4_02897,Uxbridge,3.797,823.0342248728703,0,0.30512,41.81
hex4_02898,Uxbridge,3.7366,1392.8123650887808,0,0.38581,58.06
hex4_02899,Uxbridge,3.9261,370.41859782891794,0,0.53868,77.09
hex4_02900,Northbridge,3.9914,429.35626862840473,0,0.55204,77.5
hex4_02901,Upton,3.9888,438.40900565845914,0,0.42906,60.69
hex4_02902,Upton,3.9879,2294.0683826041895,0,0.58924,81.62
hex4_02903,Upton,3.9082,444.31446684471035,0,0.35776,49.72
hex4_02904,Upton,3.9976,267.26162451477796,0,0.37601,51.23
hex4_02905,Upton,3.995,663.5436389556487,0,0.47624,67.48
hex4_02906,Westborough,3.8142,1715.219591821861,0,0.49278,72.94
hex4_02907,Westborough,3.9898,3229.2597558770185,0,0.73128,92.82
hex4_02908,Westborough,3.8201,2165.5674336650163,0,0.71111,93.38
hex4_02909,Northborough,3.3549,183.990762163078,0,0.56397,88.88
hex4_02910,Northborough,3.7697,886.4084468654759,2,0.7721,96.29
hex4_02911,Marlborough,3.6627,938.247190653349,0,0.73491,95.9
hex4_02912,Berlin,3.9007,195.58209119844008,0,0.71262,92.68
hex4_02913,Berlin,3.7046,315.42916243414527,0,0.47566,72.6
hex4_02914,Berlin,3.9842,558.539827719762,0,0.63766,86.33
hex4_02915,Bolton,3.9737,405.30673142355727,0,0.48759,69.7
hex4_02916,Bolton,3.9963,582.8780569366804,1,0.49127,69.84
hex4_02917,Bolton,3.9784,452.6516737466451,0,0.34965,47.16
hex4_02918,Harvard,3.8873,455.55784258681877,0,0.35952,50.35
hex4_02919,Harvard,3.7861,265.7072660760795,0,0.29548,39.9
hex4_02920,Harvard,3.9532,470.9435258957923,0,0.25476,29.93
hex4_02921,Harvard,3.8922,629.670709619995,0,0.68533,91.07
hex4_02922,Ayer,3.9751,508.695845420649,1,0.57186,79.83
hex4_02923,Shirley,3.9738,188.78422371222064,0,0.486,69.57
hex4_02924,Groton,3.9936,296.16597394784276,0,0.35661,48.17
hex4_02925,Groton,3.9979,509.27804808453556,0,0.37287,50.81
hex4_02926,Pepperell,3.8929,489.1026626502341,0,0.40861,59.16
hex4_02927,Pepperell,3.9831,656.9997656850965,0,0.47994,68.36
hex4_02928,Pepperell,3.9294,911.4238004894979,0,0.64193,87.51
hex4_02929,Pepperell,3.9696,535.5448791449671,0,0.70287,91.27
hex4_02930,Pepperell,0.9071,63.46519654847043,0,0.65454,99.91
hex4_02931,Millville,3.6515,1261.303464365384,0,0.58971,86.88
hex4_02932,Millville,3.9784,891.4918895046449,0,0.44786,63.81
hex4_02933,Millville,3.9565,552.8321281839975,0,0.41596,59.3
hex4_02934,Mendon,3.9586,440.77901577234644,0,0.45571,65.47
hex4_02935,Mendon,3.9905,558.167510606853,0,0.48208,68.5
hex4_02936,Mendon,3.9815,454.4038165900337,0,0.49748,70.86
hex4_02937,Upton,3.9477,446.33668636937784,0,0.41303,58.87
hex4_02938,Upton,3.9881,307.9210347434973,0,0.3407,45.34
hex4_02939,Upton,3.8887,687.3159866632286,0,0.38903,56.02
hex4_02940,Upton,3.9738,285.34272359809637,0,0.38913,54.34
hex4_02941,Hopkinton,3.754,535.7903902022744,0,0.61206,87.36
hex4_02942,Hopkinton,3.1352,767.9723950457895,0,0.55107,90.98
hex4_02943,Westborough,3.9849,772.4846338197383,0,0.66867,88.81
hex4_02944,Westborough,3.9335,536.9810244676756,0,0.68288,90.42
hex4_02945,Westborough,3.9949,2567.2801857945456,0,0.77204,94.65
hex4_02946,Northborough,3.9669,230.27629079319675,0,0.84084,97.21
hex4_02947,Marlborough,3.995,1491.7161305651057,0,0.85157,97.35
hex4_02948,Marlborough,3.9781,1883.4921948653869,0,0.75655,94.08
hex4_02949,Hudson,3.8283,1935.9334188487585,0,0.55088,79.85
hex4_02950,Hudson,3.9093,1908.9969207288802,0,0.68861,91.1
hex4_02951,Bolton,3.9774,1286.2436393272574,0,0.3781,52.26
hex4_02952,Bolton,3.9117,278.79688873661667,0,0.38109,54.0
hex4_02953,Bolton,3.9928,507.0737797826181,0,0.39137,54.5
hex4_02954,Harvard,3.9923,442.3669914956447,0,0.50705,71.92
hex4_02955,Harvard,3.064,462.8731280145546,0,0.39245,72.49
hex4_02956,Harvard,3.9632,512.4159659697149,1,0.51783,73.85
hex4_02957,Harvard,3.9747,413.9614102526412,0,0.56614,79.36
hex4_02958,Harvard,3.7896,124.60156144267536,0,0.86457,98.3
hex4_02959,Ayer,3.8913,2792.8250596226626,0,0.8206,97.03
hex4_02960,Groton,3.9744,869.6969757772209,0,0.60429,83.28
hex4_02961,Groton,3.9995,382.99139284854346,0,0.71131,91.55
hex4_02962,Groton,3.8527,680.8517296009568,0,0.67618,90.89
hex4_02963,Pepperell,3.053,294.0424912914503,0,0.44149,80.22
hex4_02964,Pepperell,3.7671,1422.2063807927937,0,0.49899,74.74
hex4_02965,Pepperell,3.9312,771.809389966046,0,0.54015,77.13
hex4_02966,Pepperell,3.125,194.75296449030424,0,0.61232,95.1
hex4_02967,Millville,1.303,376.0463603250209,0,0.46074,98.44
hex4_02968,Millville,3.9779,712.791878337345,0,0.54746,77.27
hex4_02969,Millville,3.9985,477.55073387959567,0,0.44009,62.34
hex4_02970,Mendon,3.9947,397.5041884137414,0,0.44453,62.99
hex4_02971,Mendon,3.6473,504.5937906335108,0,0.40803,63.38
hex4_02972,Mendon,3.974,559.2216212635276,1,0.40943,57.92
hex4_02973,Mendon,3.9736,573.5771555645363,0,0.48295,68.96
hex4_02974,Hopedale,3.7695,436.3493093988483,0,0.35107,50.78
hex4_02975,Upton,3.9081,846.8106370070687,0,0.45431,66.1
hex4_02976,Upton,3.7834,539.5618980325323,0,0.74964,95.49
hex4_02977,Hopkinton,3.502,1276.2751936585403,0,0.86221,99.03
hex4_02978,Hopkinton,2.9141,443.5605941468754,0,0.75721,99.28
hex4_02979,Hopkinton,3.8343,712.2149265412066,0,0.65763,89.99
hex4_02980,Hopkinton,3.9637,398.8811828004307,1,0.74931,93.91
hex4_02981,Westborough,3.9824,273.75775143292236,0,0.8993,98.17
hex4_02982,Southborough,3.9693,853.7265124970614,0,0.80637,96.19
hex4_02983,Marlborough,3.9749,1306.1364711975173,0,0.70525,91.41
hex4_02984,Marlborough,3.7122,6653.559566348072,0,0.88037,98.73
hex4_02985,Marlborough,3.8811,2098.475334424677,0,0.72919,93.63
hex4_02986,Hudson,3.9116,3140.3414545263363,0,0.7541,94.52
hex4_02987,Hudson,3.9009,6672.490484246964,0,0.64988,88.44
hex4_02988,Bolton,3.9426,781.48108467004,0,0.38419,54.04
hex4_02989,Bolton,3.9792,321.0267563644973,0,0.47735,67.93
hex4_02990,Harvard,3.9194,465.5772967973471,0,0.60483,84.12
hex4_02991,Harvard,3.9766,428.07301368402125,0,0.77401,94.92
hex4_02992,Harvard,3.9875,360.41196198958124,0,0.70227,91.09
hex4_02993,Harvard,3.9993,357.25917311146327,0,0.56312,78.66
hex4_02994,Harvard,3.9985,562.3899345131229,0,0.71828,91.87
hex4_02995,Ayer,3.5455,2419.968730711943,0,0.91023,99.21
hex4_02996,Ayer,3.953,513.3349363470448,0,0.72543,92.91
hex4_02997,Groton,3.9824,351.6335546459016,0,0.62261,84.93
hex4_02998,Groton,3.9876,1137.7558347220008,0,0.59033,81.76
hex4_02999,Groton,3.993,392.3874886069317,0,0.44652,63.36
hex4_03000,Groton,3.8405,726.7135480984605,0,0.41169,60.5
hex4_03001,Pepperell,3.8566,2086.7843089401704,1,0.65938,89.89
hex4_03002,Pepperell,3.9506,615.7661278439261,0,0.51675,73.9
hex4_03003,Pepperell,0.7291,151.95674177475564,0,0.60871,99.7
hex4_03004,Blackstone,3.4466,2608.704875499593,0,0.53495,84.43
hex4_03005,Blackstone,3.983,878.729913433241,0,0.45313,64.49
hex4_03006,Blackstone,3.9983,230.88594725117622,0,0.38025,52.3
hex4_03007,Mendon,3.994,491.2816655804524,0,0.42285,59.58
hex4_03008,Mendon,3.9988,739.1553253701951,0,0.52185,73.78
hex4_03009,Mendon,3.9901,1736.6142888106024,0,0.48954,69.68
hex4_03010,Hopedale,3.7921,4170.266971514629,0,0.602,85.84
hex4_03011,Milford,3.9762,5937.8585134013065,0,0.49637,70.72
hex4_03012,Milford,3.9695,1795.1388745716765,0,0.77905,95.15
hex4_03013,Hopkinton,3.753,1096.624346799609,0,0.92736,99.05
hex4_03014,Hopkinton,3.9458,1355.9027017282456,0,0.92599,98.66
hex4_03015,Hopkinton,3.9866,821.9231316907188,0,0.66859,88.76
hex4_03016,Hopkinton,3.9866,753.5555927096468,0,0.54068,76.3
hex4_03017,Southborough,3.9691,1965.7722752262935,0,0.88204,97.85
hex4_03018,Southborough,3.8751,1246.5173490368436,0,0.87256,98.12
hex4_03019,Southborough,3.9157,667.1068057598139,0,0.61486,85.29
hex4_03020,Marlborough,3.8125,1833.7992118105744,0,0.80595,97.12
hex4_03021,Marlborough,4.0001,10085.107593337341,0,0.80248,95.88
hex4_03022,Marlborough,3.1378,3087.7262124991253,0,0.54943,90.8
hex4_03023,Hudson,3.9421,2004.0815411763576,0,0.67994,90.23
hex4_03024,Stow,3.9015,1215.6766208793485,0,0.67579,90.33
hex4_03025,Stow,3.9723,735.4584366241156,1,0.55368,78.09
hex4_03026,Stow,3.6822,573.2752459993914,1,0.5074,77.38
hex4_03027,Boxborough,3.8032,523.356728889027,1,0.79401,96.78
hex4_03028,Boxborough,3.9742,1280.2342557552581,1,0.87883,97.76
hex4_03029,Harvard,3.9517,245.37273275074452,1,0.71077,91.95
hex4_03030,Harvard,3.9777,384.2453581407533,0,0.65469,87.81
hex4_03031,Harvard,3.9729,780.2524872617342,2,0.83384,96.94
hex4_03032,Ayer,3.5231,1117.4634305037514,1,0.82094,98.59
hex4_03033,Groton,3.9109,268.31751355788634,0,0.63386,87.06
hex4_03034,Groton,3.97,492.82062860049126,0,0.37813,52.35
hex4_03035,Groton,3.8187,374.8867064439614,0,0.31431,43.14
hex4_03036,Groton,3.9768,364.9433904294211,0,0.37979,52.53
hex4_03037,Groton,3.9855,986.3937291749818,1,0.44171,62.72
hex4_03038,Dunstable,3.9672,385.8918384069423,0,0.45001,64.31
hex4_03039,Dunstable,2.8397,349.40989963986397,1,0.54373,94.27
hex4_03040,Blackstone,1.0545,844.3956410310416,0,0.48245,98.87
hex4_03041,Blackstone,3.9706,1261.77162341358,0,0.52833,75.03
hex4_03042,Blackstone,3.9158,764.8939896053657,0,0.43856,63.45
hex4_03043,Mendon,3.9962,491.7367354016639,0,0.32103,41.79
hex4_03044,Mendon,3.9881,753.4477644256147,0,0.42499,60.05
hex4_03045,Hopedale,3.9892,925.2362513305601,0,0.57549,80.11
hex4_03046,Milford,3.9973,4421.8564832093725,0,0.49064,69.73
hex4_03047,Milford,3.6785,8367.13936518417,0,0.74244,96.01
hex4_03048,Milford,3.8801,2742.2694807281014,0,0.62213,86.5
hex4_03049,Milford,3.8297,576.935968074326,0,0.72082,93.66
hex4_03050,Hopkinton,3.9978,1156.0055688335058,0,0.77887,94.93
hex4_03051,Hopkinton,3.9973,2383.405944005211,0,0.76879,94.38
hex4_03052,Hopkinton,3.7947,360.6083302645337,0,0.31167,42.97
hex4_03053,Southborough,3.5041,1163.7837748492234,0,0.64358,92.93
hex4_03054,Southborough,3.9716,1365.1254156802102,0,0.88319,97.89
hex4_03055,Southborough,2.8407,1227.2723890400596,0,0.75976,99.37
hex4_03056,Southborough,2.5724,565.9445025562756,0,0.35765,77.86
hex4_03057,Marlborough,3.2562,3878.9083260815155,0,0.61469,93.84
hex4_03058,Marlborough,3.9851,3783.809447449815,0,0.52151,73.96
hex4_03059,Hudson,3.9755,1732.5952782472225,1,0.71556,92.0
hex4_03060,Stow,3.8566,415.94036697347474,2,0.74565,94.67
hex4_03061,Stow,3.9031,679.3803857286953,0,0.54006,77.54
hex4_03062,Stow,3.9836,753.6706674718705,0,0.64066,86.67
hex4_03063,Stow,3.9616,772.6259508463014,0,0.45367,65.06
hex4_03064,Boxborough,3.9917,925.2741115398819,2,0.80401,95.94
hex4_03065,Boxborough,3.9878,685.0512801889205,0,0.72804,92.61
hex4_03066,Boxborough,3.9845,294.79092545516943,0,0.77446,94.83
hex4_03067,Littleton,3.8957,751.7553674321822,0,0.8073,96.53
hex4_03068,Littleton,3.8091,765.968888312235,2,0.83685,97.69
hex4_03069,Groton,3.8195,565.3462857202678,1,0.70342,93.02
hex4_03070,Groton,3.1095,857.4925336572816,0,0.50316,86.95
hex4_03071,Groton,3.7357,659.4465182849057,0,0.44171,67.08
hex4_03072,Groton,3.9575,149.16442206554132,0,0.33254,44.26
hex4_03073,Dunstable,3.9975,325.76861980318154,0,0.42928,60.64
hex4_03074,Dunstable,3.9951,246.46636460337442,0,0.40521,57.13
hex4_03075,Dunstable,3.9177,169.1849072341182,0,0.39466,56.54
hex4_03076,Dunstable,0.516,38.761650658098624,0,0.31204,84.8
hex4_03077,Bellingham,2.8055,3131.1548547986463,0,0.64194,98.35
hex4_03078,Bellingham,3.8953,1442.9212298758112,0,0.57539,81.6
hex4_03079,Bellingham,3.7534,1018.9399460467013,0,0.45751,69.25
hex4_03080,Mendon,3.9777,316.0488667613792,0,0.44162,62.81
hex4_03081,Bellingham,3.8474,610.4672078051204,0,0.59761,84.52
hex4_03082,Bellingham,3.6357,898.445571178988,0,0.58357,86.56
hex4_03083,Milford,3.9871,2157.161596152917,4,0.67255,89.06
hex4_03084,Milford,3.9334,843.8691400729654,0,0.71249,92.3
hex4_03085,Holliston,3.985,221.5942038513014,0,0.38989,54.29
hex4_03086,Hopkinton,3.8379,1004.127344185368,0,0.56742,81.71
hex4_03087,Hopkinton,3.9695,1359.855694384648,0,0.4928,70.36
hex4_03088,Hopkinton,3.9494,1985.6829334142355,0,0.37254,51.49
hex4_03089,Ashland,3.9622,1820.0991654401732,0,0.55211,78.06
hex4_03090,Ashland,3.9983,1719.5662152669743,0,0.76567,94.29
hex4_03091,Southborough,3.9083,874.3274629038236,0,0.87104,97.98
hex4_03092,Southborough,3.0328,541.916143723126,0,0.57369,93.95
hex4_03093,Marlborough,3.6632,862.2937877085375,0,0.33988,50.56
hex4_03094,Marlborough,3.9252,2385.543330481663,0,0.57502,80.99
hex4_03095,Marlborough,3.9832,1665.5770485209641,0,0.48301,68.71
hex4_03096,Hudson,3.6808,997.405362362012,1,0.72993,95.53
hex4_03097,Stow,3.5394,611.5919118631277,0,0.6455,92.57
hex4_03098,Stow,3.8339,646.3940264238871,1,0.57509,82.57
hex4_03099,Stow,3.948,605.0193561263721,1,0.39182,55.36
hex4_03100,Boxborough,3.9415,1392.3595410648716,1,0.58145,81.51
hex4_03101,Boxborough,3.9279,1270.932702779093,0,0.70871,92.16
hex4_03102,Boxborough,3.9901,598.4325477182666,0,0.54906,77.23
hex4_03103,Littleton,3.8536,741.9964521901225,0,0.61885,86.61
hex4_03104,Littleton,3.8706,1154.2372749124806,1,0.73092,93.86
hex4_03105,Littleton,3.8267,1177.1804575622348,0,0.6662,90.59
hex4_03106,Groton,3.6178,1201.4381316360577,0,0.53015,81.01
hex4_03107,Groton,3.8945,873.1402671952778,0,0.32398,43.73
hex4_03108,Groton,3.9905,242.45137191630303,0,0.43254,61.34
hex4_03109,Groton,3.6046,570.930797168005,0,0.40411,63.49
hex4_03110,Dunstable,3.7059,494.3614500654915,0,0.4211,64.38
hex4_03111,Dunstable,3.8971,491.15225474928604,0,0.41978,60.78
hex4_03112,Dunstable,2.6682,158.75363365832092,0,0.32548,69.38
hex4_03113,Bellingham,0.6874,114.12087420306852,0,0.3262,87.38
hex4_03114,Bellingham,3.9254,1540.3542696156903,0,0.59325,82.91
hex4_03115,Bellingham,3.9849,1437.6642291501855,0,0.65039,87.45
hex4_03116,Bellingham,3.9415,1747.4103524884722,0,0.66156,88.83
hex4_03117,Bellingham,3.9503,1573.5451840817495,0,0.43952,62.95
hex4_03118,Bellingham,3.9564,2654.5941931763637,0,0.60434,83.59
hex4_03119,Bellingham,3.9353,714.0350838010911,0,0.57508,80.87
hex4_03120,Medway,3.9801,1237.2005765349982,0,0.5618,78.83
hex4_03121,Holliston,3.9449,901.8256064867787,0,0.48012,69.14
hex4_03122,Holliston,3.96,921.7231646827039,0,0.40138,57.08
hex4_03123,Holliston,3.9645,1046.5301123702131,0,0.67172,89.35
hex4_03124,Hopkinton,3.8931,748.0443552475743,1,0.54731,78.58
hex4_03125,Ashland,3.6172,1574.6936303741663,0,0.5057,78.32
hex4_03126,Ashland,3.9077,2681.974980768576,0,0.75449,94.58
hex4_03127,Ashland,3.9767,1052.4229379479941,0,0.63902,86.65
hex4_03128,Framingham,3.3481,2872.4540640013106,0,0.78775,98.69
hex4_03129,Framingham,3.9871,1155.5017102625586,0,0.59668,82.42
hex4_03130,Framingham,3.9572,647.0347099172625,0,0.34095,45.93
hex4_03131,Sudbury,3.7421,541.3120382955706,0,0.39941,60.21
hex4_03132,Sudbury,3.9362,332.70740486437313,0,0.514,73.81
hex4_03133,Stow,3.7179,255.6139801015417,1,0.63458,89.76
hex4_03134,Stow,3.7992,478.85254661735667,0,0.55141,80.4
hex4_03135,Stow,3.9603,1957.7444449005684,0,0.56935,79.81
hex4_03136,Acton,3.9826,946.2331888411549,0,0.44373,63.09
hex4_03137,Acton,3.9714,2431.9407019210066,0,0.62358,85.27
hex4_03138,Acton,3.9334,1274.7716642896953,0,0.49977,71.97
hex4_03139,Littleton,3.8707,496.9116524514648,0,0.52957,76.89
hex4_03140,Littleton,3.5855,1773.4919129875934,0,0.68779,94.31
hex4_03141,Littleton,3.9543,969.6435620816445,1,0.7618,94.49
hex4_03142,Westford,3.6219,1458.419906636748,0,0.5175,79.49
hex4_03143,Westford,3.8924,1618.243672418069,0,0.29581,38.63
hex4_03144,Westford,3.9003,576.8136485088319,0,0.20175,21.41
hex4_03145,Tyngsborough,3.9956,674.7718330055075,0,0.32296,42.1
hex4_03146,Tyngsborough,3.9913,770.1693443175252,0,0.33925,44.94
hex4_03147,Dunstable,3.9753,408.4239457663102,0,0.46069,65.99
hex4_03148,Dunstable,3.9777,278.13490297832413,0,0.36052,49.24
hex4_03149,Wrentham,2.9101,584.6249706760975,0,0.48713,88.65
hex4_03150,Franklin,3.9742,1025.135060876022,0,0.59536,82.48
hex4_03151,Franklin,3.8607,837.9758169572244,0,0.46787,68.7
hex4_03152,Bellingham,3.9097,915.972253026984,0,0.54614,78.24
hex4_03153,Bellingham,3.9928,452.0462197802091,0,0.27914,34.19
hex4_03154,Bellingham,3.8951,1207.7713759789144,0,0.28951,37.53
hex4_03155,Medway,3.9592,1329.737768518554,0,0.40972,58.21
hex4_03156,Medway,3.987,1420.1948300139243,0,0.3528,47.65
hex4_03157,Holliston,3.9863,964.5626485275661,0,0.41589,58.64
hex4_03158,Holliston,3.9777,1485.0298653119717,0,0.42575,60.37
hex4_03159,Holliston,3.9426,752.9121180127592,0,0.52085,74.57
hex4_03160,Ashland,3.7666,1994.1212689305187,0,0.43229,65.29
hex4_03161,Ashland,3.8954,3571.1645373679116,0,0.57089,81.03
hex4_03162,Ashland,3.7135,2792.100497369773,0,0.36803,55.27
hex4_03163,Framingham,3.2222,4107.110627599863,0,0.67103,96.69
hex4_03164,Framingham,3.988,2286.2455982281576,0,0.53547,75.6
hex4_03165,Framingham,3.982,1620.515373802843,0,0.58533,81.24
hex4_03166,Sudbury,3.9913,746.4247992394625,0,0.4341,61.52
hex4_03167,Sudbury,3.967,1549.4131680119428,0,0.45486,65.17
hex4_03168,Sudbury,3.7967,2347.5993085819973,0,0.40363,59.85
hex4_03169,Maynard,3.77,518.6344070402306,0,0.63048,88.62
hex4_03170,Maynard,3.8725,5768.320067992306,0,0.86512,98.03
hex4_03171,Acton,3.9728,2258.9051625866596,0,0.68992,90.46
hex4_03172,Acton,3.9732,2130.7354702270104,0,0.54249,76.73
hex4_03173,Acton,3.975,1975.4315562178601,0,0.49754,71.04
hex4_03174,Acton,3.4499,465.81413480040055,0,0.34273,55.52
hex4_03175,Littleton,3.9268,829.5357725507444,0,0.40815,58.48
hex4_03176,Westford,3.971,326.68677099598585,0,0.64182,86.9
hex4_03177,Westford,3.9924,1273.0711234767955,0,0.56412,78.97
hex4_03178,Westford,3.9904,1619.9088356359782,0,0.2562,29.75
hex4_03179,Westford,3.8118,871.6727598232527,0,0.17614,18.04
hex4_03180,Westford,3.4332,1090.4972630711122,1,0.25859,38.25
hex4_03181,Tyngsborough,3.9603,981.4350321600442,2,0.53577,76.11
hex4_03182,Tyngsborough,3.9881,711.6897304115074,0,0.44352,62.91
hex4_03183,Dunstable,3.9661,248.01201943384868,0,0.37526,51.76
hex4_03184,Tyngsborough,2.2754,124.1973431505139,0,0.45547,95.79
hex4_03185,Wrentham,0.5613,82.56230299543778,0,0.27865,78.04
hex4_03186,Wrentham,3.9737,736.5992560196016,0,0.45587,65.19
hex4_03187,Franklin,3.9867,1283.0880156711885,0,0.50907,72.19
hex4_03188,Franklin,3.9394,652.4128975119124,0,0.25351,29.89
hex4_03189,Franklin,3.9579,1231.0413704378093,0,0.29582,37.93
hex4_03190,Franklin,3.9838,2619.190670535992,0,0.34003,45.27
hex4_03191,Franklin,3.9033,1853.6449548605383,0,0.40159,57.83
hex4_03192,Medway,3.9281,2387.76955845254,0,0.53838,76.98
hex4_03193,Medway,3.9646,1349.3527399109685,0,0.35315,48.08
hex4_03194,Holliston,3.4473,1113.2028016589159,0,0.61739,91.78
hex4_03195,Holliston,3.9185,2167.2039714554676,0,0.721,92.97
hex4_03196,Holliston,3.952,2423.2848744186476,0,0.56784,79.7
hex4_03197,Ashland,3.9849,3910.4298406027306,0,0.53392,75.51
hex4_03198,Ashland,3.6416,5791.273457177587,0,0.34551,52.01
hex4_03199,Framingham,3.1828,3910.1512347508747,0,0.5319,88.6
hex4_03200,Framingham,3.9256,6299.81884097895,0,0.60318,83.94
hex4_03201,Framingham,3.978,3936.188660315118,0,0.64817,87.33
hex4_03202,Framingham,3.9869,3160.381090134037,0,0.54011,76.19
hex4_03203,Sudbury,3.977,1481.5305532461223,0,0.72579,92.59
hex4_03204,Sudbury,3.9858,1827.7818205670876,0,0.45837,65.4
hex4_03205,Sudbury,3.8755,1561.2494160412487,0,0.56913,81.13
hex4_03206,Sudbury,3.9369,2300.543310785276,0,0.76992,95.02
hex4_03207,Maynard,3.824,2333.1576978954627,0,0.74237,94.79
hex4_03208,Acton,3.8672,2263.4813087013135,0,0.46599,68.37
hex4_03209,Acton,3.9811,1541.7803886992544,0,0.68306,90.01
hex4_03210,Acton,3.9651,942.1627123225148,1,0.44194,63.13
hex4_03211,Acton,3.1018,2470.2843771782746,0,0.40607,74.03
hex4_03212,Westford,3.9669,1667.1627550997357,0,0.43064,61.41
hex4_03213,Westford,3.956,634.494537566467,0,0.61495,84.61
hex4_03214,Westford,3.9932,826.118955397264,0,0.66594,88.49
hex4_03215,Westford,3.9266,1657.3852319699151,2,0.254,30.12
hex4_03216,Westford,3.4701,2619.7633982276657,0,0.42127,68.78
hex4_03217,Westford,3.8312,950.0061365971884,0,0.51026,75.16
hex4_03218,Tyngsborough,3.9329,1285.147876267777,1,0.72442,93.06
hex4_03219,Tyngsborough,3.4958,565.2061893228712,0,0.70964,96.15
hex4_03220,Tyngsborough,3.6826,383.24373128280894,0,0.5518,82.5
hex4_03221,Wrentham,2.7346,457.2943373050442,0,0.32889,68.19
hex4_03222,Franklin,3.9498,870.2213734829523,0,0.46758,67.17
hex4_03223,Franklin,3.8753,1046.907599672762,0,0.66372,89.96
hex4_03224,Franklin,3.78,3524.360946417907,0,0.45219,67.78
hex4_03225,Franklin,3.9794,2501.712716863272,0,0.35694,48.59
hex4_03226,Franklin,3.9752,1873.3013710060525,0,0.50434,71.81
hex4_03227,Medway,3.8955,2322.160984844485,0,0.62331,86.31
hex4_03228,Medway,3.9902,2309.7950596730325,0,0.56039,78.52
hex4_03229,Medway,3.989,1584.4616361068784,0,0.34391,45.96
hex4_03230,Holliston,3.9857,1514.7134613812227,0,0.51237,72.63
hex4_03231,Holliston,3.9133,844.7153434595191,0,0.65475,88.63
hex4_03232,Sherborn,3.9841,560.4564156518119,0,0.38336,53.02
hex4_03233,Sherborn,3.9931,479.10197143723553,0,0.26117,30.61
hex4_03234,Framingham,3.9889,12872.992364044965,0,0.45369,64.44
hex4_03235,Framingham,3.8781,9176.692236611703,0,0.59177,83.43
hex4_03236,Framingham,3.8416,5192.977519712103,0,0.41368,60.75
hex4_03237,Framingham,3.8583,4434.309143369252,0,0.3946,57.56
hex4_03238,Sudbury,3.9744,1788.99933560937,0,0.46431,66.46
hex4_03239,Sudbury,3.9821,1483.9379118419868,0,0.49059,69.95
hex4_03240,Sudbury,3.9856,886.0936181931459,0,0.45521,64.92
hex4_03241,Sudbury,3.9761,1011.4272399291445,0,0.6791,89.85
hex4_03242,Sudbury,3.9526,1368.2300996678593,0,0.63294,86.38
hex4_03243,Concord,3.8102,2145.3820969162,0,0.542,79.27
hex4_03244,Concord,3.7418,1951.3473885833996,0,0.55302,81.65
hex4_03245,Acton,3.933,1700.422967379915,0,0.53604,76.62
hex4_03246,Acton,3.9855,2221.9872634264525,0,0.44785,63.7
hex4_03247,Acton,3.9525,1073.1269984893638,0,0.49259,70.63
hex4_03248,Westford,3.9852,797.7303927693303,0,0.52892,74.85
hex4_03249,Westford,3.9788,1227.2775370274037,0,0.63487,86.2
hex4_03250,Westford,3.9315,1342.111095850062,0,0.58913,82.51
hex4_03251,Westford,3.9408,1972.5912047800318,1,0.67286,89.8
hex4_03252,Chelmsford,3.8648,2224.383750151005,1,0.6289,87.22
hex4_03253,Chelmsford,3.9071,1762.1979944141817,0,0.64909,88.37
hex4_03254,Tyngsborough,3.5164,1680.7000777611204,0,0.57046,87.13
hex4_03255,Tyngsborough,3.6807,1576.446764361228,0,0.61667,88.71
hex4_03256,Tyngsborough,2.0884,748.0467853134447,0,0.42645,96.24
hex4_03257,Attleboro,0.6593,643.6822121294781,0,0.13443,32.16
hex4_03258,Attleboro,1.0643,1125.1571621081812,0,0.11625,25.68
hex4_03259,North Attleborough,1.1382,684.4641844815877,0,0.10094,20.53
hex4_03260,North Attleborough,1.1364,342.1913055453411,0,0.22541,63.88
hex4_03261,North Attleborough,1.1357,322.8461354980147,0,0.23303,66.26
hex4_03262,Plainville,1.1342,115.05791438406783,0,0.20376,57.33
hex4_03263,Plainville,1.4856,102.0517532002133,0,0.24819,70.32
hex4_03264,Wrentham,3.9092,468.225479245688,0,0.42806,62.05
hex4_03265,Franklin,3.9779,890.1658140096143,0,0.61788,84.5
hex4_03266,Franklin,3.9309,1915.0603768749368,0,0.57227,80.74
hex4_03267,Franklin,3.8802,4540.64443140638,0,0.50278,73.24
hex4_03268,Franklin,3.9854,2707.320878886228,0,0.54024,76.21
hex4_03269,Franklin,3.7336,1937.029718412363,0,0.62073,88.38
hex4_03270,Medway,3.9467,1521.344868690077,0,0.54288,77.21
hex4_03271,Millis,3.9916,198.88978769825877,0,0.3517,47.36
hex4_03272,Millis,3.9776,894.8520573013874,0,0.52224,74.32
hex4_03273,Sherborn,3.9799,495.4810732460859,0,0.51426,72.97
hex4_03274,Sherborn,3.9652,543.5396799973621,0,0.50788,72.47
hex4_03275,Sherborn,3.9761,509.02327382548685,0,0.34827,46.93
hex4_03276,Sherborn,3.9839,1163.7679328400086,0,0.29715,37.77
hex4_03277,Natick,3.9027,7055.435530623535,0,0.49614,71.99
hex4_03278,Natick,3.8942,2753.8369758399244,0,0.66343,89.64
hex4_03279,Framingham,3.3284,4255.6863264587555,0,0.52221,85.25
hex4_03280,Wayland,3.7442,1388.715839839217,0,0.31809,44.91
hex4_03281,Wayland,3.6565,380.7211501773661,2,0.41611,64.54
hex4_03282,Sudbury,3.7864,370.91300752969175,0,0.2705,35.3
hex4_03283,Sudbury,3.9848,198.74223461822004,0,0.34794,46.68
hex4_03284,Sudbury,3.8644,552.3302106986424,0,0.51406,75.0
hex4_03285,Concord,3.937,803.1361275910797,0,0.40786,58.22
hex4_03286,Concord,3.9217,2980.810212424408,0,0.68166,90.53
hex4_03287,Concord,3.8911,854.2949917659552,0,0.36704,51.51
hex4_03288,Concord,3.971,560.5200355370134,0,0.31937,41.9
hex4_03289,Carlisle,3.9892,567.8415535095224,0,0.40817,57.62
hex4_03290,Carlisle,3.99,731.2904952407036,0,0.37891,52.1
hex4_03291,Chelmsford,3.7844,1098.6498949195632,0,0.62309,87.88
hex4_03292,Chelmsford,3.6092,2281.371239057233,1,0.79994,97.83
hex4_03293,Chelmsford,3.9897,2616.610044788528,0,0.80836,96.12
hex4_03294,Chelmsford,3.9804,2475.593399472224,1,0.69126,90.48
hex4_03295,Chelmsford,3.6348,3355.8021858734833,1,0.6668,92.88
hex4_03296,Tyngsborough,3.4344,3872.195515840171,0,0.56777,88.08
hex4_03297,Tyngsborough,3.1735,1211.5543429256163,0,0.36816,66.01
hex4_03298,Tyngsborough,3.6272,2516.7100425420103,0,0.35468,54.27
hex4_03299,Attleboro,3.9315,4429.101943204715,0,0.22237,24.75
hex4_03300,Attleboro,3.9576,2646.881855995618,0,0.25757,30.32
hex4_03301,North Attleborough,3.9547,1034.8408641291428,0,0.16068,14.43
hex4_03302,North Attleborough,3.9913,1164.123058371724,0,0.192,19.06
hex4_03303,North Attleborough,3.938,522.71957257348,0,0.14033,10.92
hex4_03304,Plainville,3.9795,663.6257685500781,0,0.33536,44.48
hex4_03305,Plainville,3.9392,488.24341855869693,0,0.44109,63.43
hex4_03306,Wrentham,3.9315,538.968138933678,0,0.56746,80.13
hex4_03307,Wrentham,3.4978,263.0430732591361,0,0.28445,42.46
hex4_03308,Wrentham,3.8928,1608.5551000209473,0,0.27592,34.99
hex4_03309,Norfolk,3.9127,1354.4649954588176,0,0.31921,42.69
hex4_03310,Norfolk,3.9026,710.5746701194852,0,0.59787,83.8
hex4_03311,Millis,3.887,1117.117874046374,0,0.48007,70.06
hex4_03312,Millis,3.9893,1537.4313759565448,0,0.70723,91.35
hex4_03313,Millis,3.9507,2045.8606247663329,3,0.76328,94.61
hex4_03314,Sherborn,3.8499,387.80906509476915,0,0.68746,91.68
hex4_03315,Sherborn,3.9672,473.69543516265924,0,0.49982,71.43
hex4_03316,Sherborn,3.9276,766.300864463772,0,0.64743,87.92
hex4_03317,Sherborn,3.9046,500.8925874577128,0,0.62807,86.7
hex4_03318,Natick,3.6188,3579.6867809624787,0,0.52747,80.79
hex4_03319,Natick,2.8762,3798.9353320224295,0,0.66458,98.48
hex4_03320,Natick,3.4082,3404.7825368724425,0,0.67386,95.42
hex4_03321,Wayland,3.6673,2944.087425332488,1,0.57151,84.75
hex4_03322,Wayland,3.8492,891.9475486455949,0,0.40959,59.94
hex4_03323,Wayland,3.9493,1186.0983370641911,2,0.42698,61.12
hex4_03324,Wayland,3.8062,707.2389877406368,0,0.26678,34.38
hex4_03325,Wayland,3.5817,834.0161941769438,0,0.35022,54.25
hex4_03326,Concord,3.5671,491.94114547180607,0,0.4354,69.43
hex4_03327,Concord,3.8128,1653.8959479521752,0,0.42597,63.27
hex4_03328,Concord,3.7735,1199.6211733210025,0,0.46899,70.52
hex4_03329,Concord,3.8696,262.65051773913416,0,0.30582,40.65
hex4_03330,Carlisle,3.9275,579.8230763690959,0,0.32241,42.92
hex4_03331,Carlisle,3.9888,630.9343720968247,0,0.48647,69.32
hex4_03332,Carlisle,3.9954,545.0233179645146,0,0.33516,44.19
hex4_03333,Chelmsford,3.7808,1220.372756430977,0,0.6435,89.58
hex4_03334,Chelmsford,3.9958,1746.8852946910038,0,0.58502,80.97
hex4_03335,Chelmsford,3.9956,2791.485592940269,0,0.61863,84.28
hex4_03336,Chelmsford,3.9714,3672.500069635477,0,0.75569,94.11
hex4_03337,Lowell,3.3958,6294.062099993314,0,0.65524,94.54
hex4_03338,Dracut,3.9753,1611.0793355649098,0,0.2865,35.83
hex4_03339,Dracut,3.8707,3940.3009262880896,0,0.34526,48.13
hex4_03340,Dracut,1.4907,1924.5206010652987,0,0.26759,75.44
hex4_03341,Seekonk,1.3206,245.99697109767664,0,0.40067,95.83
hex4_03342,Seekonk,2.4141,1165.934304015722,0,0.47228,95.06
hex4_03343,Seekonk,1.5453,994.668751154627,0,0.26615,75.05
hex4_03344,Seekonk,1.1505,352.2964731248687,0,0.32575,87.27
hex4_03345,Seekonk,1.4708,647.9417911938397,0,0.30636,83.75
hex4_03346,Attleboro,2.5173,1752.4798819104255,0,0.38882,84.14
hex4_03347,Attleboro,3.9676,1145.3195579441854,0,0.23051,25.65
hex4_03348,Attleboro,3.6658,770.0770908187103,0,0.24873,32.74
hex4_03349,North Attleborough,3.8543,1156.5980742821264,0,0.25618,31.39
hex4_03350,North Attleborough,3.8908,4619.590055993045,0,0.44433,64.86
hex4_03351,North Attleborough,3.8532,4852.079873858282,0,0.31465,42.72
hex4_03352,Plainville,3.9431,1761.1048641303828,0,0.63512,86.77
hex4_03353,Wrentham,3.9808,737.5159794741019,0,0.75122,93.81
hex4_03354,Wrentham,3.9096,1237.9209900811743,0,0.55008,78.63
hex4_03355,Wrentham,3.1471,1770.3052901482702,0,0.43707,77.72
hex4_03356,Wrentham,3.8538,1557.8305691456808,0,0.31929,43.51
hex4_03357,Norfolk,3.9375,1825.9622258728916,0,0.47626,68.59
hex4_03358,Norfolk,3.9535,1396.1245327296492,0,0.61879,85.05
hex4_03359,Norfolk,3.7779,809.6207701863917,0,0.48388,72.45
hex4_03360,Millis,3.8856,1698.353866841094,0,0.60362,84.54
hex4_03361,Millis,3.9066,545.2363142041486,0,0.55989,79.56
hex4_03362,Medfield,3.8695,244.6300505122804,1,0.40542,58.99
hex4_03363,Sherborn,3.6606,97.46244618390615,0,0.40129,62.11
hex4_03364,Sherborn,3.6401,208.3894450287386,0,0.40529,63.02
hex4_03365,Natick,3.9708,1921.150349194999,0,0.48046,68.62
hex4_03366,Natick,3.9702,6261.735155717317,0,0.51961,73.98
hex4_03367,Natick,3.9051,3518.180463134149,0,0.55575,79.31
hex4_03368,Natick,3.8499,2198.707963072588,1,0.32712,44.93
hex4_03369,Wayland,3.9312,1127.805115088074,0,0.32133,42.81
hex4_03370,Wayland,3.9691,1555.337753410814,0,0.39048,54.73
hex4_03371,Wayland,3.9798,994.6708122419957,0,0.28686,35.87
hex4_03372,Wayland,3.9757,908.7902514435543,0,0.38953,54.41
hex4_03373,Lincoln,3.8574,524.1980583921222,0,0.52315,76.28
hex4_03374,Concord,3.6919,235.87654348201448,0,0.44477,68.34
hex4_03375,Concord,3.9628,1996.886286594366,0,0.61925,84.88
hex4_03376,Concord,3.3355,463.823445979356,0,0.39467,67.14
hex4_03377,Concord,3.8714,265.4359039998311,0,0.359,50.49
hex4_03378,Carlisle,3.9626,470.62067425499504,0,0.37654,52.17
hex4_03379,Carlisle,3.99,694.5396965356096,0,0.37875,52.05
hex4_03380,Carlisle,3.9362,435.63651532471937,0,0.32332,42.99
hex4_03381,Chelmsford,3.8601,2129.530566180361,0,0.49679,72.76
hex4_03382,Chelmsford,3.977,2961.5296699113537,2,0.73638,93.18
hex4_03383,Chelmsford,3.9948,3122.9447000588684,0,0.63498,85.93
hex4_03384,Lowell,3.8383,15714.293915587665,0,0.49623,73.03
hex4_03385,Lowell,3.6198,11048.77074223385,0,0.32581,48.72
hex4_03386,Dracut,3.9121,4192.470399214727,0,0.36884,51.46
hex4_03387,Dracut,3.6299,3314.9646811712123,0,0.52656,80.38
hex4_03388,Seekonk,0.5819,141.96208580139236,0,0.11043,23.63
hex4_03389,Seekonk,3.8317,1019.376425540624,0,0.22715,26.36
hex4_03390,Seekonk,3.9252,3030.765708950164,0,0.26421,32.29
hex4_03391,Seekonk,3.994,1109.434444973435,0,0.36354,49.53
hex4_03392,Seekonk,3.9864,846.0899093853543,0,0.26811,32.22
hex4_03393,Seekonk,3.9339,794.2605233488778,0,0.31809,42.13
hex4_03394,Seekonk,3.9454,1437.20735498873,0,0.42644,61.05
hex4_03395,Attleboro,3.8654,3006.1261397091375,0,0.44711,65.8
hex4_03396,Attleboro,3.8114,1873.895621774054,0,0.42385,62.9
hex4_03397,Attleboro,3.1224,1009.1731761687141,0,0.29672,52.19
hex4_03398,North Attleborough,3.6637,3305.635432427027,0,0.54867,82.44
hex4_03399,North Attleborough,3.9856,5025.284528934594,0,0.65652,87.9
hex4_03400,North Attleborough,3.9634,3476.9529037127227,0,0.48757,69.91
hex4_03401,Plainville,3.5318,805.6936208354539,0,0.59791,89.3
hex4_03402,Wrentham,3.9838,681.7774914109948,0,0.5401,76.23
hex4_03403,Wrentham,3.9809,1452.1362364635681,0,0.63462,86.11
hex4_03404,Wrentham,3.8563,1255.407844920292,0,0.49879,73.06
hex4_03405,Norfolk,3.8444,892.6464448201114,0,0.39868,58.31
hex4_03406,Norfolk,3.7832,1588.6228057869373,0,0.50395,75.17
hex4_03407,Norfolk,3.9209,1156.0419596099862,0,0.40715,58.46
hex4_03408,Medfield,3.9799,747.9806665573326,0,0.40937,57.81
hex4_03409,Medfield,3.8726,671.8166484991079,0,0.58151,82.62
hex4_03410,Medfield,3.9322,2140.044243860521,0,0.64284,87.56
hex4_03411,Medfield,3.9904,1149.8844046689899,0,0.54835,77.14
hex4_03412,Dover,3.9383,361.225576460342,0,0.55148,78.36
hex4_03413,Natick,3.9169,737.2674862575019,0,0.45905,66.67
hex4_03414,Natick,3.8722,1620.6231033434867,1,0.41746,60.87
hex4_03415,Wellesley,3.1965,2531.940180317114,0,0.31833,55.72
hex4_03416,Wellesley,3.932,5224.118456726408,0,0.4322,62.23
hex4_03417,Weston,3.9426,1148.163692465809,0,0.3729,51.71
hex4_03418,Weston,3.9861,1376.2459347567174,0,0.2916,36.67
hex4_03419,Weston,3.9814,893.9603496230934,0,0.33252,44.08
hex4_03420,Weston,3.9231,850.6824515969719,0,0.31028,40.77
hex4_03421,Lincoln,3.8865,801.8462739638836,0,0.56199,80.2
hex4_03422,Lincoln,3.7287,504.70264968150303,0,0.53087,79.34
hex4_03423,Lincoln,3.774,822.5342550159547,0,0.74888,95.54
hex4_03424,Concord,3.9706,1006.7589923626224,0,0.75044,93.9
hex4_03425,Bedford,3.5645,1250.879122572267,0,0.53245,82.28
hex4_03426,Carlisle,3.7205,578.4378866914894,0,0.43316,66.19
hex4_03427,Carlisle,3.7701,345.04107824109866,0,0.49336,73.94
hex4_03428,Carlisle,3.9926,1348.6523261247805,0,0.6761,89.31
hex4_03429,Billerica,3.9952,1255.1819308967733,0,0.68697,90.1
hex4_03430,Chelmsford,3.9926,1358.9010192462165,2,0.76773,94.36
hex4_03431,Chelmsford,3.9367,921.5421466967978,3,0.79708,96.08
hex4_03432,Lowell,3.9788,8109.006061747743,0,0.63519,86.24
hex4_03433,Lowell,3.8362,25508.155400316176,0,0.49043,72.35
hex4_03434,Lowell,3.5273,14688.8929350681,0,0.48356,77.0
hex4_03435,Dracut,3.9809,2278.45164867135,0,0.57857,80.51
hex4_03436,Dracut,1.5682,416.810482546867,0,0.62778,99.77
hex4_03437,Swansea,0.4934,85.07567877207285,0,0.09186,17.84
hex4_03438,Seekonk,3.9414,606.9552513126919,0,0.25849,30.71
hex4_03439,Seekonk,3.9834,804.7686483962079,0,0.18943,18.76
hex4_03440,Seekonk,3.9863,562.0712437562864,0,0.17343,16.65
hex4_03441,Seekonk,3.9884,645.0173472727005,0,0.28613,35.56
hex4_03442,Rehoboth,3.9842,254.69002444657087,0,0.42361,59.87
hex4_03443,Rehoboth,3.9942,495.3269389542265,0,0.38605,53.41
hex4_03444,Rehoboth,3.9909,489.81290976538276,0,0.29238,36.75
hex4_03445,Attleboro,3.8952,2949.230299188188,0,0.4851,70.61
hex4_03446,Attleboro,3.8937,5487.558237550832,0,0.53657,77.39
hex4_03447,Attleboro,3.8226,3447.0781302600844,0,0.56078,81.08
hex4_03448,North Attleborough,3.9583,2486.025301127619,0,0.707,91.73
hex4_03449,North Attleborough,3.9645,2143.470679111316,0,0.75575,94.18
hex4_03450,Plainville,3.9189,2357.216922083091,0,0.7474,94.2
hex4_03451,Plainville,3.3315,667.3154712053193,0,0.73503,97.74
hex4_03452,Wrentham,3.8343,500.9687868323314,0,0.5224,76.59
hex4_03453,Wrentham,3.9052,757.0960345756014,0,0.36837,51.53
hex4_03454,Norfolk,3.9749,659.7425435711544,1,0.58945,81.87
hex4_03455,Norfolk,3.9076,798.7735105292625,0,0.30525,39.93
hex4_03456,Walpole,3.9298,1412.286602539171,0,0.49136,70.93
hex4_03457,Walpole,3.9825,1052.3819214209414,0,0.61235,83.96
hex4_03458,Medfield,3.9449,1260.2988532672491,0,0.41736,59.51
hex4_03459,Medfield,3.9364,3174.6483558061655,1,0.64696,87.78
hex4_03460,Medfield,3.9388,1310.4972896667352,0,0.58344,81.81
hex4_03461,Dover,3.9806,319.8437000999557,0,0.5608,78.72
hex4_03462,Dover,3.947,584.8133757908988,0,0.62862,86.02
hex4_03463,Dover,3.7623,816.7574936253538,0,0.45309,68.3
hex4_03464,Wellesley,3.7569,2452.0774821854898,0,0.46167,69.8
hex4_03465,Wellesley,3.9869,6445.559320659798,0,0.55596,78.15
hex4_03466,Wellesley,3.917,2545.9464685792427,0,0.34498,47.31
hex4_03467,Weston,3.6068,584.3388598472006,0,0.41157,64.81
hex4_03468,Weston,3.9516,732.0251248256398,0,0.6539,88.19
hex4_03469,Weston,3.991,1609.3617181539576,0,0.65829,87.97
hex4_03470,Weston,3.8713,1248.8361930945941,0,0.70796,92.7
hex4_03471,Lincoln,3.917,480.35036952235265,0,0.58396,82.14
hex4_03472,Lincoln,3.8053,442.0808289382896,0,0.80428,97.1
hex4_03473,Lincoln,3.9983,984.4744891782935,0,0.91824,98.41
hex4_03474,Bedford,3.9917,753.0870068383043,0,0.86233,97.53
hex4_03475,Bedford,3.9973,1551.2051238195318,0,0.82163,96.35
hex4_03476,Bedford,3.9111,809.7703886140297,0,0.59915,83.78
hex4_03477,Billerica,3.7769,2438.172022199478,0,0.77009,96.21
hex4_03478,Billerica,3.7493,2322.2636312041022,0,0.77317,96.38
hex4_03479,Billerica,3.9525,2011.495833528699,0,0.7059,91.71
hex4_03480,Billerica,3.7662,3239.6567083001887,0,0.85207,98.19
hex4_03481,Lowell,3.7765,4400.776469191124,0,0.64664,89.92
hex4_03482,Lowell,3.8967,11963.988519545457,0,0.31552,42.21
hex4_03483,Lowell,3.5696,13232.160566790892,0,0.33788,51.82
hex4_03484,Dracut,3.9914,4819.663723140532,0,0.41826,59.05
hex4_03485,Dracut,3.8493,1199.7681210478095,0,0.37444,53.84
hex4_03486,Dracut,0.4529,65.19687701335316,0,0.27676,77.56
hex4_03487,Swansea,0.4888,46.64059692254608,0,0.11455,25.13
hex4_03488,Swansea,3.5033,450.54637740332055,0,0.15502,16.97
hex4_03489,Rehoboth,3.8314,195.46399897789985,0,0.17977,18.38
hex4_03490,Rehoboth,3.8062,578.5526982183052,0,0.25016,30.86
hex4_03491,Rehoboth,3.9401,426.6119444293607,0,0.29151,37.32
hex4_03492,Rehoboth,3.9909,586.9208045617067,0,0.3862,53.46
hex4_03493,Rehoboth,3.9902,460.6304475370319,0,0.3882,53.88
hex4_03494,Rehoboth,3.9845,514.599653264159,0,0.33868,44.96
hex4_03495,Rehoboth,3.9755,1385.9789427606681,0,0.30558,39.14
hex4_03496,Attleboro,3.9578,2374.006627651445,0,0.32954,43.85
hex4_03497,Attleboro,3.9684,7231.139454891607,0,0.58362,81.31
hex4_03498,Attleboro,3.9372,943.5564192214999,0,0.34893,47.79
hex4_03499,Attleboro,3.9533,2120.415412517007,0,0.58063,81.19
hex4_03500,Mansfield,3.5441,1799.050190238964,0,0.53818,83.19
hex4_03501,Foxborough,3.8413,1321.3384297207388,0,0.6392,88.42
hex4_03502,Foxborough,3.9623,705.1456196227683,0,0.6443,87.18
hex4_03503,Foxborough,3.8316,283.39820064080607,0,0.34473,48.68
hex4_03504,Foxborough,3.8029,984.4543462264669,0,0.34516,49.38
hex4_03505,Walpole,3.99,1437.6519993284976,0,0.40599,57.26
hex4_03506,Walpole,3.9749,603.5589463174942,0,0.47588,67.82
hex4_03507,Walpole,3.9586,1762.7168299284565,0,0.711,91.86
hex4_03508,Walpole,3.8846,858.4626036314713,0,0.42736,62.29
hex4_03509,Walpole,3.9673,1084.0666978704141,0,0.42731,60.77
hex4_03510,Medfield,3.974,972.8982552687648,0,0.56138,78.93
hex4_03511,Dover,3.875,1187.3833523191308,0,0.68197,91.03
hex4_03512,Dover,3.9646,818.03657574895,0,0.67658,89.73
hex4_03513,Dover,3.7338,839.2868579011725,0,0.50489,76.09
hex4_03514,Needham,3.9528,829.9700983525928,0,0.52562,74.96
hex4_03515,Wellesley,3.9884,4170.678975327747,0,0.53378,75.5
hex4_03516,Wellesley,3.993,4011.126338433276,0,0.67161,88.92
hex4_03517,Weston,3.8869,2298.6526577828486,0,0.39832,57.71
hex4_03518,Weston,3.7409,1110.1830221862674,0,0.52093,77.93
hex4_03519,Waltham,3.6719,2826.6410981146987,0,0.83466,98.25
hex4_03520,Waltham,3.9094,955.775092997633,1,0.87674,98.08
hex4_03521,Waltham,2.3849,363.5822193015765,0,0.69408,99.59
hex4_03522,Lincoln,3.4302,691.8618438676438,0,0.86381,99.14
hex4_03523,Lincoln,3.9833,1226.6925867612508,0,0.95679,98.84
hex4_03524,Bedford,3.9934,1144.4764505557014,3,0.78757,95.33
hex4_03525,Bedford,3.9982,2718.7034781546677,0,0.91126,98.28
hex4_03526,Bedford,3.9615,2283.0232190733136,0,0.78625,95.56
hex4_03527,Bedford,3.8965,1457.387429930457,0,0.86626,97.87
hex4_03528,Billerica,3.7772,4648.169394809038,0,0.80126,97.24
hex4_03529,Billerica,3.8803,2831.382592693583,0,0.79975,96.37
hex4_03530,Billerica,3.8676,1630.3632762476884,0,0.67043,90.39
hex4_03531,Tewksbury,3.991,2225.9748569463654,0,0.59832,82.55
hex4_03532,Tewksbury,3.9762,2168.9798066031426,0,0.48136,68.66
hex4_03533,Tewksbury,3.981,3430.2093291860633,0,0.29958,38.21
hex4_03534,Dracut,3.6115,3102.893596905099,0,0.33416,50.37
hex4_03535,Dracut,3.9842,1245.1447569179272,0,0.54925,77.45
hex4_03536,Dracut,3.9767,584.3103914208883,0,0.31972,41.88
hex4_03537,Dracut,2.1622,611.1325551132326,0,0.14108,30.48
hex4_03538,Swansea,1.8077,1089.77006111867,0,0.22748,64.45
hex4_03539,Swansea,3.9949,800.9561671399932,0,0.23294,25.77
hex4_03540,Rehoboth,3.9856,567.478487349537,0,0.31419,40.49
hex4_03541,Rehoboth,3.9811,499.1775721519691,0,0.49204,70.13
hex4_03542,Rehoboth,3.9781,431.92606548340166,0,0.29203,36.85
hex4_03543,Rehoboth,3.9853,498.1283962011242,0,0.28482,35.33
hex4_03544,Rehoboth,3.9654,412.6155956491432,1,0.41587,59.14
hex4_03545,Rehoboth,3.9647,383.23293233469684,0,0.30568,39.25
hex4_03546,Rehoboth,3.9778,394.7548013068898,0,0.41009,57.97
hex4_03547,Attleboro,3.9521,1414.7406846363667,0,0.44701,64.04
hex4_03548,Attleboro,3.9381,1766.922393452733,0,0.35818,49.45
hex4_03549,Attleboro,3.938,983.8444157811929,0,0.31447,41.33
hex4_03550,Norton,3.9831,1153.1611992768853,0,0.43559,61.93
hex4_03551,Mansfield,3.9034,1300.534595940935,0,0.59365,83.32
hex4_03552,Mansfield,3.9423,1276.0182892458483,0,0.72152,92.77
hex4_03553,Foxborough,3.9843,1109.8776190927417,0,0.72307,92.38
hex4_03554,Foxborough,3.8579,1179.2334523245513,0,0.57642,82.33
hex4_03555,Foxborough,3.8843,4054.740972984078,0,0.59028,83.23
hex4_03556,Foxborough,2.9763,1067.3260921330298,0,0.22091,37.46
hex4_03557,Walpole,3.8609,2612.342182429606,0,0.51252,74.87
hex4_03558,Walpole,3.8745,1781.7963554085268,0,0.43327,63.34
hex4_03559,Walpole,3.8599,3362.1758722241902,0,0.59937,84.48
hex4_03560,Walpole,3.9267,2024.4162021983377,0,0.3832,54.13
hex4_03561,Walpole,3.7248,948.2472328748585,0,0.52405,78.61
hex4_03562,Westwood,3.9778,2202.409319311295,0,0.64399,87.02
hex4_03563,Dover,3.9382,340.5134628638601,0,0.57596,80.92
hex4_03564,Dover,3.9558,139.25767431815683,0,0.32243,42.58
hex4_03565,Needham,3.895,1406.6101093611492,0,0.53962,77.68
hex4_03566,Needham,3.9483,5323.750725829124,0,0.65116,87.94
hex4_03567,Needham,3.7788,3826.0142811394217,0,0.65656,90.51
hex4_03568,Wellesley,3.8431,4737.310901885213,0,0.51118,74.98
hex4_03569,Newton,3.8673,6607.264406206554,0,0.78265,96.04
hex4_03570,Waltham,3.4386,9281.437537918137,0,0.80621,98.64
hex4_03571,Waltham,3.9754,12105.0636444655,0,0.84232,97.19
hex4_03572,Waltham,3.881,5426.062424595361,1,0.88054,98.23
hex4_03573,Waltham,3.9156,3292.947829781424,0,0.90414,98.46
hex4_03574,Lexington,3.9275,3736.396830493543,0,0.95638,99.0
hex4_03575,Lexington,3.9936,3523.0785525424894,0,0.94468,98.71
hex4_03576,Lexington,3.9892,2556.363107003261,0,0.87532,97.67
hex4_03577,Bedford,3.958,1988.4556349119798,0,0.74593,93.77
hex4_03578,Bedford,3.9466,954.9222407998807,1,0.86923,97.71
hex4_03579,Billerica,3.9209,2788.9647500192814,0,0.82215,96.89
hex4_03580,Billerica,3.9888,2538.6038424949747,0,0.61346,84.0
hex4_03581,Billerica,3.9991,2511.9539578422514,0,0.60035,82.6
hex4_03582,Tewksbury,3.6159,1860.0564206453705,0,0.68446,93.99
hex4_03583,Tewksbury,3.9607,2587.001189920978,1,0.71955,92.39
hex4_03584,Tewksbury,3.9897,731.4453325460995,0,0.7024,91.05
hex4_03585,Tewksbury,3.8459,2008.534241089622,0,0.695,92.25
hex4_03586,Dracut,3.6282,674.0485244497356,0,0.7241,95.7
hex4_03587,Dracut,3.9621,600.037623443664,0,0.56208,79.13
hex4_03588,Dracut,3.9053,1125.0960395341758,0,0.37369,52.6
hex4_03589,Methuen,3.7587,1330.2697497737408,0,0.19423,21.32
hex4_03590,Methuen,0.6382,110.73745001413121,0,0.19829,55.31
hex4_03591,Swansea,3.1102,1309.1607667489022,0,0.27331,47.11
hex4_03592,Swansea,3.9899,1159.2977715704073,0,0.29803,37.89
hex4_03593,Swansea,3.6566,674.0004299473131,0,0.28224,39.29
hex4_03594,Rehoboth,3.9923,517.0865347686776,0,0.59314,81.99
hex4_03595,Rehoboth,3.9797,454.64609236787317,0,0.47578,67.67
hex4_03596,Rehoboth,3.5771,468.5120449447097,0,0.34262,52.69
hex4_03597,Rehoboth,3.9838,276.46474010898805,0,0.36144,49.33
hex4_03598,Rehoboth,3.9819,388.3363242719264,0,0.4986,71.08
hex4_03599,Rehoboth,3.9862,232.42998695032165,0,0.38504,53.36
hex4_03600,Rehoboth,3.984,683.0076339833568,0,0.39469,55.25
hex4_03601,Attleboro,3.9451,1136.3891588671554,0,0.51123,73.26
hex4_03602,Norton,3.6773,823.5969551020236,0,0.69698,94.0
hex4_03603,Norton,3.9786,1225.9943938638892,0,0.43583,62.07
hex4_03604,Norton,3.9876,769.281953224047,0,0.36586,49.87
hex4_03605,Mansfield,3.9896,219.41773790747254,0,0.55781,78.34
hex4_03606,Mansfield,3.8933,2253.305458664611,0,0.83097,97.39
hex4_03607,Foxborough,3.9764,2127.7538216564885,0,0.67372,89.33
hex4_03608,Foxborough,3.9628,1672.60420352978,0,0.51121,72.83
hex4_03609,Foxborough,3.6983,2108.2202805450866,0,0.32777,47.81
hex4_03610,Sharon,3.8573,1063.7893642399165,0,0.22528,25.85
hex4_03611,Sharon,3.9691,310.2456537591646,0,0.42277,60.03
hex4_03612,Walpole,3.9509,2034.4394771864108,0,0.52654,75.28
hex4_03613,Walpole,3.8588,3818.0031336851666,0,0.55459,79.74
hex4_03614,Norwood,3.2979,5172.171043621103,0,0.54281,87.79
hex4_03615,Westwood,3.9745,3252.9505423928704,0,0.52794,74.91
hex4_03616,Westwood,3.7795,3347.0206819948858,0,0.69565,93.0
hex4_03617,Westwood,3.7811,1610.9940494393954,1,0.54423,79.88
hex4_03618,Westwood,3.857,561.5295444920305,0,0.34169,47.74
hex4_03619,Needham,3.9284,5201.130749229901,0,0.67004,89.67
hex4_03620,Needham,3.9836,7703.913548740012,0,0.77441,94.86
hex4_03621,Needham,3.8738,5682.111875694839,0,0.80149,96.49
hex4_03622,Newton,3.9926,5506.202291956092,0,0.6227,84.77
hex4_03623,Newton,3.9996,9694.719414373416,0,0.84557,97.14
hex4_03624,Waltham,3.8786,16855.23116617367,0,0.86509,98.0
hex4_03625,Waltham,3.9501,7248.308829356002,0,0.72473,92.89
hex4_03626,Waltham,3.8562,8144.826010461179,0,0.7566,95.13
hex4_03627,Lexington,3.9966,2577.0247912203236,0,0.80584,95.97
hex4_03628,Lexington,3.9954,4572.430087415672,0,0.88117,97.73
hex4_03629,Lexington,3.9951,3390.210607905433,0,0.89881,98.1
hex4_03630,Burlington,3.9824,986.1423721989005,0,0.8478,97.32
hex4_03631,Burlington,3.996,3833.3694367269695,1,0.68414,89.91
hex4_03632,Billerica,3.9627,3946.62845732297,0,0.80283,96.1
hex4_03633,Billerica,3.9139,2530.007335786118,0,0.51069,73.76
hex4_03634,Billerica,3.9518,3051.437970856559,0,0.68444,90.3
hex4_03635,Tewksbury,3.9897,3365.651698773737,0,0.64714,87.11
hex4_03636,Tewksbury,3.9295,3326.138862378239,0,0.72762,93.2
hex4_03637,Tewksbury,3.9986,2168.312474769663,0,0.71027,91.48
hex4_03638,Tewksbury,3.685,1748.646422955288,0,0.78631,97.37
hex4_03639,Andover,3.992,1579.3235125307028,0,0.70758,91.34
hex4_03640,Andover,3.5375,1425.4117091459468,0,0.68672,94.77
hex4_03641,Methuen,3.49,1266.1197413072448,0,0.69611,95.69
hex4_03642,Methuen,3.9477,2252.6985768959494,0,0.27545,34.11
hex4_03643,Methuen,3.8128,2406.2982674121617,0,0.37958,55.68
hex4_03644,Swansea,2.5753,3086.490176854384,0,0.48894,94.06
hex4_03645,Swansea,3.5377,1394.804971598094,0,0.50257,79.17
hex4_03646,Swansea,3.8283,950.0862712439938,0,0.3202,44.12
hex4_03647,Swansea,3.9764,495.9555989657442,0,0.47996,68.44
hex4_03648,Rehoboth,3.9954,223.94973477978314,0,0.46685,66.48
hex4_03649,Rehoboth,3.9609,431.1983403103217,0,0.42533,60.62
hex4_03650,Rehoboth,3.8962,281.9930997329202,1,0.40405,58.28
hex4_03651,Rehoboth,3.993,270.14774930606467,0,0.36891,50.28
hex4_03652,Rehoboth,3.9906,335.1263323990188,0,0.45173,64.11
hex4_03653,Rehoboth,3.9831,476.6900036110386,0,0.51584,73.17
hex4_03654,Norton,3.9999,499.7190989277901,0,0.5522,77.48
hex4_03655,Norton,3.9642,751.504319941403,0,0.58252,81.22
hex4_03656,Norton,3.8134,1187.1471008179642,0,0.69768,92.73
hex4_03657,Norton,3.3775,911.5862860461621,0,0.40788,68.48
hex4_03658,Mansfield,2.7203,1146.2811859505073,0,0.49027,92.11
hex4_03659,Mansfield,3.9423,2565.933095739313,0,0.66409,88.96
hex4_03660,Mansfield,3.9822,4137.219296742832,0,0.82602,96.6
hex4_03661,Foxborough,3.8752,1600.0912584771672,1,0.57542,81.96
hex4_03662,Foxborough,3.9114,1617.0387296208671,0,0.48573,70.41
hex4_03663,Sharon,3.945,1157.240246135091,0,0.32234,42.78
hex4_03664,Sharon,3.965,1650.4896419379963,0,0.33927,45.48
hex4_03665,Sharon,3.997,102.85988515735338,0,0.27685,33.72
hex4_03666,Walpole,3.9944,1840.7216985295258,0,0.5609,78.5
hex4_03667,Norwood,3.9547,3004.4088791080876,0,0.6334,86.43
hex4_03668,Norwood,3.9859,9089.685370119976,0,0.75907,94.15
hex4_03669,Norwood,3.9941,6128.53073012263,0,0.6053,83.07
hex4_03670,Westwood,3.9348,1042.6780312907044,0,0.52656,75.48
hex4_03671,Dedham,3.9226,1154.6192048855185,0,0.29305,37.91
hex4_03672,Dedham,3.8454,1981.6571582329345,0,0.32729,45.05
hex4_03673,Needham,3.736,4076.8082505384587,0,0.44881,68.09
hex4_03674,Newton,3.8641,2905.457285204104,0,0.68423,91.28
hex4_03675,Newton,3.8899,9126.16221724094,0,0.70217,92.2
hex4_03676,Newton,3.9893,7903.344054592893,0,0.40005,56.18
hex4_03677,Newton,3.925,11305.090150689008,0,0.76781,95.04
hex4_03678,Waltham,3.9885,11058.84097852345,0,0.46527,66.35
hex4_03679,Waltham,3.9809,3138.914023618049,0,0.45994,65.65
hex4_03680,Lexington,3.9776,4428.318034402475,0,0.57143,79.67
hex4_03681,Lexington,3.9813,3346.4489191332486,0,0.50204,71.49
hex4_03682,Lexington,3.9764,3837.412757356815,0,0.58461,81.3
hex4_03683,Burlington,3.9694,1894.948568949555,1,0.74401,93.54
hex4_03684,Burlington,3.9953,3135.077615136487,0,0.75242,93.72
hex4_03685,Burlington,4.0002,4519.887703612794,0,0.5008,71.06
hex4_03686,Burlington,3.9964,3944.1136399687307,0,0.36246,49.31
hex4_03687,Wilmington,3.8677,2571.2614115126767,0,0.45412,66.8
hex4_03688,Tewksbury,3.9524,4656.579058898823,0,0.6954,91.01
hex4_03689,Tewksbury,3.9645,3217.0293353420716,0,0.77074,94.88
hex4_03690,Tewksbury,3.9516,2106.7988660796814,0,0.79731,95.99
hex4_03691,Tewksbury,3.9758,1302.151783044468,0,0.73558,93.14
hex4_03692,Andover,3.1255,492.4080137409368,0,0.56956,92.55
hex4_03693,Andover,3.957,550.4430877494528,0,0.65434,88.12
hex4_03694,Andover,3.9091,1485.3461069007794,0,0.73868,93.88
hex4_03695,Methuen,3.7171,5998.232240681205,0,0.40597,61.79
hex4_03696,Methuen,3.8131,4488.667626052457,0,0.36396,52.51
hex4_03697,Methuen,0.7834,278.978802462087,0,0.264,74.51
hex4_03698,Fall River,1.5578,4355.419938088597,0,0.3014,82.76
hex4_03699,Fall River,1.6481,4361.60583364118,0,0.26095,73.74
hex4_03700,Somerset,1.8766,643.7534455408919,0,0.42976,97.48
hex4_03701,Somerset,3.427,1995.5582206661225,0,0.58456,89.69
hex4_03702,Swansea,3.8456,1163.36089686563,0,0.32733,45.07
hex4_03703,Swansea,3.9905,635.2909293799416,0,0.26252,30.95
hex4_03704,Swansea,3.9849,511.0589867381986,0,0.4337,61.61
hex4_03705,Swansea,3.9821,534.1998291738751,0,0.46666,66.65
hex4_03706,Dighton,3.9922,451.63315880543837,0,0.45502,64.69
hex4_03707,Dighton,3.998,441.6717091590366,0,0.48322,68.53
hex4_03708,Dighton,3.9925,389.16714600603495,0,0.53205,75.26
hex4_03709,Taunton,3.9415,356.32229746652274,0,0.4431,63.72
hex4_03710,Taunton,3.9939,594.9654606496729,0,0.50493,71.63
hex4_03711,Norton,3.9857,634.6514502230475,0,0.45262,64.35
hex4_03712,Norton,3.9685,842.1221620967488,0,0.49199,70.29
hex4_03713,Norton,3.9719,2379.0820804672867,0,0.62595,85.54
hex4_03714,Norton,3.557,1656.9894868503272,0,0.40118,63.95
hex4_03715,Norton,3.9866,1360.4073918636848,0,0.55531,77.98
hex4_03716,Mansfield,3.9579,1658.6743447136794,0,0.63058,86.07
hex4_03717,Mansfield,3.9066,2260.2578690140535,0,0.56636,80.31
hex4_03718,Foxborough,3.979,985.0453840814562,0,0.39728,55.88
hex4_03719,Sharon,3.9798,825.1840238649577,0,0.4524,64.42
hex4_03720,Sharon,2.8018,919.4095778077498,0,0.42263,82.8
hex4_03721,Sharon,3.8655,2753.3841209440134,0,0.56888,81.42
hex4_03722,Sharon,3.9656,1318.4430659972375,0,0.3362,44.76
hex4_03723,Sharon,3.9137,1419.8582401706847,0,0.39257,56.22
hex4_03724,Norwood,3.9342,3307.7142574370564,0,0.78879,95.85
hex4_03725,Norwood,3.9647,3729.689868694608,0,0.8597,97.55
hex4_03726,Westwood,3.9891,3566.776291992751,1,0.83654,96.9
hex4_03727,Dedham,3.8878,2911.0151786033543,0,0.63381,87.35
hex4_03728,Dedham,3.6889,2631.421138676289,0,0.37029,56.29
hex4_03729,Dedham,3.6331,3194.5247208888927,0,0.33813,50.69
hex4_03730,Newton,3.9345,2740.2912650193443,0,0.43524,62.56
hex4_03731,Newton,3.9979,6283.514370699953,0,0.39118,54.3
hex4_03732,Newton,3.9445,8405.548302299363,0,0.26967,33.26
hex4_03733,Newton,3.9584,11072.03355850269,0,0.57602,80.69
hex4_03734,Watertown,3.9216,15458.569142294305,0,0.83231,97.28
hex4_03735,Belmont,3.9969,12478.093948024,0,0.70972,91.43
hex4_03736,Belmont,3.9934,6342.336164583663,0,0.5777,80.24
hex4_03737,Arlington,3.9025,11606.218420530264,0,0.50578,73.28
hex4_03738,Winchester,3.9817,3238.6126306291917,0,0.34429,46.16
hex4_03739,Woburn,3.979,3889.2834642808875,0,0.52628,74.67
hex4_03740,Burlington,3.9971,4485.767988597811,0,0.5186,73.31
hex4_03741,Burlington,3.8557,5548.010406679212,0,0.54648,79.08
hex4_03742,Burlington,3.9261,2356.2783297395345,0,0.40137,57.53
hex4_03743,Wilmington,3.9786,2790.8275978123115,0,0.68596,90.21
hex4_03744,Wilmington,3.8839,4085.62844640164,0,0.54835,78.9
hex4_03745,Wilmington,3.9952,2357.9635796481843,0,0.8001,95.81
hex4_03746,Tewksbury,3.9148,1336.9651386471505,0,0.81295,96.62
hex4_03747,Andover,3.9216,1486.0116546437291,0,0.87359,97.96
hex4_03748,Andover,3.9747,1570.4275145886893,0,0.72219,92.41
hex4_03749,Andover,3.9943,2336.755049261735,0,0.4545,64.51
hex4_03750,Andover,3.985,4381.891005097345,0,0.64144,86.74
hex4_03751,Lawrence,3.3968,18541.16055521254,0,0.51628,83.25
hex4_03752,Methuen,3.904,21104.36576662772,0,0.53223,76.66
hex4_03753,Methuen,3.3254,3149.5877884386864,0,0.56147,89.14
hex4_03754,Methuen,2.5391,1862.965742332426,0,0.67338,99.34
hex4_03755,Methuen,2.8485,656.6149197057182,0,0.40509,79.24
hex4_03756,Haverhill,2.1047,565.9311466025246,0,0.40908,94.81
hex4_03757,Fall River,1.3326,1354.143550458141,0,0.29174,80.81
hex4_03758,Fall River,3.7311,17059.18563134604,0,0.62821,88.94
hex4_03759,Fall River,2.7387,14196.949179250598,0,0.65547,98.76
hex4_03760,Somerset,2.8703,3036.845935405924,0,0.62754,97.66
hex4_03761,Somerset,3.9983,3764.580516051751,0,0.46236,65.72
hex4_03762,Swansea,3.9943,1465.854084305057,0,0.27248,33.09
hex4_03763,Swansea,3.9899,897.2899215611392,0,0.41642,58.73
hex4_03764,Dighton,3.992,377.09358463027945,0,0.53624,75.62
hex4_03765,Dighton,3.9954,394.88772757767845,0,0.60012,82.64
hex4_03766,Dighton,3.9594,475.9138246062044,0,0.59166,82.35
hex4_03767,Dighton,3.9906,473.0901913135043,0,0.54347,76.55
hex4_03768,Taunton,3.9946,714.4855794546296,0,0.5069,71.85
hex4_03769,Taunton,3.9923,660.7072516833894,0,0.32696,42.85
hex4_03770,Taunton,3.9743,814.4967620074149,0,0.42589,60.44
hex4_03771,Norton,3.869,999.869242140386,0,0.61433,85.86
hex4_03772,Norton,3.8928,391.98715653963256,0,0.70217,92.12
hex4_03773,Norton,3.9611,862.5624920619772,0,0.60448,83.44
hex4_03774,Norton,3.9824,1617.8503917152025,0,0.41543,58.62
hex4_03775,Mansfield,3.9256,1768.6620963134524,0,0.49869,71.93
hex4_03776,Easton,3.9865,2042.8700077514668,0,0.47233,67.26
hex4_03777,Easton,3.9931,1056.9074180739856,0,0.43095,60.96
hex4_03778,Sharon,3.4435,400.944899699099,0,0.37375,61.37
hex4_03779,Sharon,3.8887,542.569671561531,0,0.51738,75.01
hex4_03780,Sharon,3.8819,1996.7671697721398,0,0.48975,71.56
hex4_03781,Sharon,3.9175,2317.383016720227,0,0.48399,70.09
hex4_03782,Canton,3.9438,2692.948109517547,0,0.50547,72.51
hex4_03783,Canton,3.89,1984.912211982909,2,0.62572,86.72
hex4_03784,Canton,3.8586,475.89615701987475,0,0.67789,90.94
hex4_03785,Westwood,3.8616,1771.0246885266447,0,0.74392,94.47
hex4_03786,Dedham,3.9674,4392.561816806945,0,0.45424,64.99
hex4_03787,Dedham,3.9192,7556.1328377921245,0,0.51254,73.89
hex4_03788,Boston,3.9176,9462.994868218213,0,0.53514,76.79
hex4_03789,Boston,3.9914,11637.775958786817,0,0.5767,80.19
hex4_03790,Brookline,3.9926,8158.471492788729,0,0.39009,54.22
hex4_03791,Brookline,3.9354,3326.9765902082477,0,0.36819,51.06
hex4_03792,Boston,3.6192,24404.090953020568,0,0.26241,36.21
hex4_03793,Boston,3.7464,13584.839742085183,0,0.74485,95.58
hex4_03794,Belmont,3.5969,13473.419777436877,0,0.76945,97.42
hex4_03795,Belmont,3.6132,10736.774337982975,0,0.87118,98.85
hex4_03796,Arlington,3.8177,13448.208446047907,0,0.79313,96.64
hex4_03797,Winchester,3.4393,4452.354769562252,0,0.28013,42.51
hex4_03798,Winchester,3.8336,4548.466771229241,0,0.38332,56.01
hex4_03799,Woburn,3.5811,7468.361273800488,0,0.47328,74.58
hex4_03800,Woburn,3.985,6859.660123559504,0,0.70573,91.3
hex4_03801,Woburn,3.957,4142.7035809528725,1,0.76779,94.76
hex4_03802,Wilmington,3.9804,1231.4629752064902,2,0.83023,96.74
hex4_03803,Wilmington,3.9996,2252.4389502139,0,0.66221,88.22
hex4_03804,Wilmington,3.9806,2808.4058166897835,0,0.68231,89.98
hex4_03805,Wilmington,3.9928,746.3535792866738,2,0.88451,97.8
hex4_03806,Andover,3.7999,692.4382722626035,0,0.85758,98.14
hex4_03807,Andover,3.8468,2074.2777863541023,0,0.69296,92.07
hex4_03808,Andover,3.8449,1912.2641480888867,0,0.36826,52.68
hex4_03809,Andover,3.9382,3585.7622706872976,0,0.42384,60.73
hex4_03810,Lawrence,3.9941,18615.648584704635,0,0.69943,90.82
hex4_03811,Lawrence,3.6184,21925.69664365436,0,0.78918,97.62
hex4_03812,Methuen,3.9869,12406.349498906764,0,0.67164,88.99
hex4_03813,Methuen,3.9851,3491.0924925992886,0,0.75209,93.82
hex4_03814,Methuen,3.9935,1387.513864040961,0,0.42523,60.0
hex4_03815,Haverhill,3.9936,1026.965610789877,0,0.5254,74.4
hex4_03816,Haverhill,2.9954,350.7380198271791,0,0.42721,79.45
hex4_03817,Westport,0.6603,71.51990218179847,0,0.24837,70.43
hex4_03818,Westport,0.5565,150.0295844995998,0,0.13596,32.92
hex4_03819,Westport,0.7304,193.00279780593127,0,0.18016,48.81
hex4_03820,Fall River,0.4491,604.3381046973088,0,0.20149,56.58
hex4_03821,Fall River,2.5248,3400.2127233957676,0,0.29533,66.53
hex4_03822,Fall River,3.7253,15698.362369120294,1,0.60124,86.83
hex4_03823,Fall River,3.9976,13166.406890283324,0,0.71055,91.52
hex4_03824,Fall River,2.7522,4918.341008014872,0,0.6157,98.05
hex4_03825,Somerset,2.6584,3628.172100063347,0,0.38263,79.86
hex4_03826,Somerset,3.7338,4144.210923083117,0,0.57886,84.36
hex4_03827,Somerset,3.1938,921.9003079018086,0,0.63782,95.72
hex4_03828,Dighton,3.9008,479.9353975972477,0,0.68835,91.14
hex4_03829,Dighton,3.9731,836.5109567248708,0,0.61406,84.18
hex4_03830,Dighton,3.9814,473.4803914399398,0,0.60943,83.68
hex4_03831,Dighton,3.8847,889.1768449960539,0,0.52776,76.39
hex4_03832,Taunton,3.9189,640.8531151738603,0,0.32638,43.87
hex4_03833,Taunton,3.8497,951.978122067741,0,0.46313,68.23
hex4_03834,Taunton,3.7212,1550.7107811280264,0,0.60081,86.86
hex4_03835,Taunton,3.9124,494.3107097798652,0,0.85517,97.64
hex4_03836,Norton,3.6521,370.9117851082808,0,0.8511,98.6
hex4_03837,Norton,3.8942,957.0799726531416,0,0.6023,84.23
hex4_03838,Easton,3.9743,786.9321220526955,0,0.37,50.74
hex4_03839,Easton,3.9296,1337.7583957081242,0,0.46489,67.12
hex4_03840,Easton,3.9707,1092.973822369729,0,0.34943,47.25
hex4_03841,Easton,3.9665,1153.6304258986513,0,0.41992,59.57
hex4_03842,Sharon,3.8687,646.8663794757415,0,0.43558,63.83
hex4_03843,Sharon,3.8543,1113.5275534116743,0,0.49058,72.06
hex4_03844,Stoughton,3.8487,2523.7229883799255,1,0.47535,70.07
hex4_03845,Stoughton,3.9048,5458.113623235882,0,0.61669,85.66
hex4_03846,Canton,3.8412,5256.41764574544,0,0.55842,80.53
hex4_03847,Canton,3.7867,2239.6887875648345,0,0.518,76.86
hex4_03848,Canton,3.982,1250.1068115492371,0,0.47282,67.33
hex4_03849,Canton,3.929,460.5394048254453,0,0.21471,23.3
hex4_03850,Boston,3.9028,6205.683034100283,0,0.41207,59.44
hex4_03851,Boston,3.8996,9355.261364958447,0,0.47375,68.91
hex4_03852,Boston,3.9522,11026.511270367862,0,0.46308,66.62
hex4_03853,Boston,3.9919,13518.266859492773,0,0.43249,61.32
hex4_03854,Brookline,3.984,2995.1762081188563,0,0.27048,32.81
hex4_03855,Brookline,3.9022,15115.217677557717,0,0.35163,48.85
hex4_03856,Boston,4.0003,39077.885321296075,0,0.64096,86.49
hex4_03857,Boston,3.7186,7932.706260545974,0,0.55558,82.3
hex4_03858,Cambridge,3.7396,20566.88360951986,0,0.90242,98.89
hex4_03859,Arlington,3.8621,24715.503914535537,0,0.88566,98.39
hex4_03860,Medford,3.5561,8006.8473715186565,0,0.4284,68.32
hex4_03861,Winchester,3.7322,6455.853528745019,0,0.55726,82.26
hex4_03862,Winchester,3.9362,8816.393039429156,1,0.61403,84.79
hex4_03863,Woburn,3.9591,6186.148102170054,0,0.71265,92.02
hex4_03864,Woburn,3.9041,1360.9004592823883,0,0.84901,97.58
hex4_03865,Woburn,3.9661,2580.0217956379315,0,0.83119,96.87
hex4_03866,Wilmington,3.9569,1773.3534972909647,0,0.50098,71.72
hex4_03867,Wilmington,3.9368,1419.4282324279384,0,0.73267,93.34
hex4_03868,Wilmington,3.9024,1595.2057541067945,0,0.81126,96.65
hex4_03869,Andover,3.3941,828.7387021394126,0,0.61786,92.5
hex4_03870,Andover,3.9587,1786.3584205323793,0,0.5263,74.92
hex4_03871,Andover,3.9565,1759.678467820991,0,0.33452,44.62
hex4_03872,Andover,3.957,5886.518167467062,0,0.46495,66.82
hex4_03873,North Andover,3.9454,4895.726497192147,0,0.48098,69.27
hex4_03874,North Andover,3.7119,8289.575624455962,0,0.71225,94.33
hex4_03875,North Andover,3.6471,6806.881584227303,1,0.74843,96.31
hex4_03876,Methuen,3.8646,5639.563087424017,0,0.76456,95.44
hex4_03877,Methuen,3.6113,1860.5052829838605,0,0.59689,88.06
hex4_03878,Haverhill,3.7809,3269.5475878855536,0,0.50821,75.71
hex4_03879,Haverhill,3.8578,1363.2073379091876,0,0.53836,78.18
hex4_03880,Haverhill,3.2217,248.225838807113,0,0.54406,89.17
hex4_03881,Westport,2.087,114.33654698999521,0,0.13876,31.45
hex4_03882,Westport,2.6665,139.48922882306067,0,0.2588,53.66
hex4_03883,Westport,2.2603,142.66401081542296,0,0.33555,81.94
hex4_03884,Westport,3.5607,132.51857922831232,0,0.50431,79.0
hex4_03885,Westport,3.8587,145.25351733704392,0,0.47455,69.89
hex4_03886,Westport,3.7727,553.458622201803,0,0.33255,47.38
hex4_03887,Westport,3.7771,900.7262689135537,0,0.27786,36.94
hex4_03888,Westport,3.1149,1221.2209154171987,1,0.19915,29.59
hex4_03889,Westport,1.8996,772.704439301246,0,0.13426,32.04
hex4_03890,Fall River,2.0297,3551.7643378628973,0,0.37619,93.25
hex4_03891,Fall River,2.0836,2032.6108864047983,0,0.3346,86.63
hex4_03892,Fall River,3.8036,1515.1286915571902,0,0.38759,57.37
hex4_03893,Fall River,3.9231,2522.1810671427984,0,0.34771,47.83
hex4_03894,Fall River,2.7957,3218.308116059711,0,0.62412,98.01
hex4_03895,Somerset,1.9968,1626.3844780578881,0,0.48015,98.8
hex4_03896,Berkley,2.9834,726.3373452088051,0,0.59671,95.76
hex4_03897,Dighton,3.0598,704.206300812484,0,0.74379,98.96
hex4_03898,Dighton,3.6703,630.8046461534515,0,0.40149,61.97
hex4_03899,Dighton,3.745,1217.7869397610832,0,0.53606,79.54
hex4_03900,Taunton,3.914,2223.7304457674663,0,0.25348,30.16
hex4_03901,Taunton,3.9154,4867.195078751113,0,0.37209,52.23
hex4_03902,Taunton,3.9853,2850.203004568853,0,0.45434,64.7
hex4_03903,Taunton,3.63,1197.0154035240785,0,0.56741,84.91
hex4_03904,Taunton,3.1723,717.0350352768295,0,0.6553,96.44
hex4_03905,Taunton,3.7976,290.44074267228626,0,0.54103,79.4
hex4_03906,Norton,3.9729,608.6232368983079,0,0.49821,71.2
hex4_03907,Easton,3.8758,905.3783670779773,0,0.44398,65.1
hex4_03908,Easton,3.9953,1526.719766874344,0,0.36291,49.42
hex4_03909,Easton,3.9958,1635.533981534856,0,0.53018,74.83
hex4_03910,Easton,3.9178,1711.8029145593296,0,0.37557,52.73
hex4_03911,Stoughton,3.634,775.4157501896279,0,0.38193,59.23
hex4_03912,Stoughton,3.8512,1904.540286073784,0,0.42117,61.95
hex4_03913,Stoughton,3.9349,4497.516619755007,0,0.74063,93.7
hex4_03914,Canton,3.9766,3135.8962911564336,0,0.51766,73.56
hex4_03915,Canton,3.1674,1404.0699109708423,0,0.43425,77.02
hex4_03916,Canton,3.9617,2456.275360882768,0,0.62257,85.36
hex4_03917,Canton,3.9913,349.48230026508725,0,0.22419,24.54
hex4_03918,Milton,3.952,992.2848982015819,0,0.20145,20.85
hex4_03919,Milton,3.9301,7739.053209265974,0,0.506,72.79
hex4_03920,Boston,3.945,14706.206565486316,0,0.72144,92.72
hex4_03921,Boston,3.9845,13592.947581732325,0,0.69761,90.78
hex4_03922,Boston,3.9894,13245.505295875802,0,0.60928,83.55
hex4_03923,Boston,3.6769,22116.345840514947,0,0.15896,16.32
hex4_03924,Brookline,3.9575,39084.915382777,0,0.40758,57.88
hex4_03925,Cambridge,3.629,27937.03691879567,0,0.70283,94.74
hex4_03926,Cambridge,3.9985,37197.123275435166,0,0.83791,96.85
hex4_03927,Somerville,3.999,32838.396725317754,0,0.73049,92.64
hex4_03928,Medford,3.9264,15808.951707641565,0,0.55079,78.41
hex4_03929,Medford,3.7474,1568.7203192448042,0,0.36709,54.39
hex4_03930,Stoneham,3.3862,767.0321494106229,0,0.38769,64.97
hex4_03931,Stoneham,3.9818,5910.0118398911145,0,0.65699,87.99
hex4_03932,Stoneham,3.9792,6673.976698534597,0,0.67781,89.62
hex4_03933,Reading,4.0,7110.110514862573,0,0.80027,95.78
hex4_03934,Reading,3.9927,6016.950288247313,0,0.55457,77.73
hex4_03935,Reading,4.0001,2479.2906106880196,0,0.38861,53.73
hex4_03936,North Reading,3.9868,2071.6009501616795,0,0.51208,72.61
hex4_03937,North Reading,3.7994,2417.575830950357,0,0.51015,75.59
hex4_03938,Andover,3.7098,1052.8044907754454,0,0.29369,40.81
hex4_03939,Andover,3.9565,1399.5468233174906,0,0.3913,55.13
hex4_03940,Andover,3.9405,810.9753605902031,0,0.45212,65.22
hex4_03941,North Andover,3.9848,5292.233388307679,0,0.50313,71.61
hex4_03942,North Andover,3.8001,2631.5444588832097,0,0.61631,87.1
hex4_03943,North Andover,3.2368,2059.8790038970405,0,0.68068,96.98
hex4_03944,North Andover,3.8671,585.9466942994076,0,0.70165,92.36
hex4_03945,Haverhill,3.6682,2260.1168520170622,0,0.49676,76.14
hex4_03946,Haverhill,3.5285,3379.6690934855455,0,0.5351,83.12
hex4_03947,Haverhill,3.9962,3450.4304428117553,0,0.52467,74.3
hex4_03948,Haverhill,3.9791,1325.0125203597747,0,0.6768,89.53
hex4_03949,Haverhill,0.4001,23.24575833786033,1,0.32758,87.63
hex4_03950,Westport,0.4549,40.00855845809147,0,0.08678,16.47
hex4_03951,Westport,1.7853,93.29400481146699,0,0.15585,39.77
hex4_03952,Westport,2.3958,90.22672692800525,0,0.26752,63.24
hex4_03953,Westport,3.994,177.31167779232717,1,0.54355,76.52
hex4_03954,Westport,3.9934,325.26100502702934,0,0.70558,91.19
hex4_03955,Westport,3.992,563.5338559359586,0,0.48245,68.52
hex4_03956,Westport,3.997,508.2532470102168,0,0.43791,62.09
hex4_03957,Westport,3.9966,473.2299103305033,0,0.30897,39.4
hex4_03958,Westport,3.9841,850.9767369071502,0,0.39487,55.29
hex4_03959,Westport,3.9967,690.839275703671,0,0.35889,48.63
hex4_03960,Westport,3.1501,202.751486351856,0,0.22345,35.06
hex4_03961,Fall River,2.0628,45.29263529705425,0,0.26355,72.2
hex4_03962,Fall River,2.5675,72.59651364889521,0,0.1771,33.54
hex4_03963,Fall River,3.9264,2.657604631755613,0,0.13,9.27
hex4_03964,Freetown,3.9217,225.6838757822656,0,0.3037,39.47
hex4_03965,Freetown,3.248,809.9753397184625,0,0.55179,89.49
hex4_03966,Berkley,3.1939,364.09193171050373,0,0.45291,79.11
hex4_03967,Berkley,3.9745,835.7101703341556,0,0.4628,66.21
hex4_03968,Berkley,3.9892,743.1403633915105,0,0.48381,68.73
hex4_03969,Berkley,3.7435,922.0868570292354,0,0.19554,21.59
hex4_03970,Taunton,3.8516,6341.619402168992,0,0.32299,44.16
hex4_03971,Taunton,3.9635,9229.871340170164,0,0.45186,64.72
hex4_03972,Taunton,3.8199,6161.4541256017155,0,0.47294,70.23
hex4_03973,Taunton,3.5462,1461.5131435371088,0,0.38537,61.46
hex4_03974,Taunton,3.9862,652.2364818681488,0,0.49954,71.17
hex4_03975,Taunton,3.9939,90.02487068922593,0,0.34885,46.73
hex4_03976,Easton,3.9964,420.1021056507262,0,0.45638,64.85
hex4_03977,Easton,3.9835,699.6628711816054,0,0.30339,38.73
hex4_03978,Easton,3.963,1779.7842315818439,0,0.43496,62.16
hex4_03979,Easton,3.9572,2549.9744929848675,0,0.44306,63.42
hex4_03980,Easton,3.9166,1470.0753200888917,0,0.40869,58.69
hex4_03981,Stoughton,3.9537,1767.002817873214,0,0.56011,79.04
hex4_03982,Stoughton,3.98,4536.205909314771,0,0.74587,93.52
hex4_03983,Stoughton,3.9801,4101.859412865351,0,0.58919,81.74
hex4_03984,Canton,3.9254,1433.8049517296517,0,0.49824,71.88
hex4_03985,Canton,3.9911,2069.826558290544,0,0.50652,71.86
hex4_03986,Randolph,3.1312,387.4695974174366,0,0.33803,60.98
hex4_03987,Milton,3.9003,134.58638018847222,0,0.25557,30.66
hex4_03988,Milton,3.9721,854.3089173293496,0,0.26689,32.11
hex4_03989,Milton,3.9543,8041.2512294108155,0,0.3976,56.45
hex4_03990,Boston,3.9241,18974.072210170936,0,0.57061,80.54
hex4_03991,Boston,3.9689,17245.869116489645,0,0.49905,71.36
hex4_03992,Boston,3.9983,27742.038422801095,0,0.24266,27.42
hex4_03993,Boston,3.9936,36467.16098807771,0,0.11464,6.43
hex4_03994,Boston,3.001,48178.36843420417,1,0.16629,23.93
hex4_03995,Cambridge,3.9999,31855.899992538005,0,0.78621,95.24
hex4_03996,Somerville,3.9986,31567.500367357876,0,0.6514,87.31
hex4_03997,Medford,3.5668,12380.857078847259,0,0.55674,84.82
hex4_03998,Medford,3.9756,17645.09111951452,0,0.61163,84.02
hex4_03999,Medford,3.2044,2199.2131202469063,0,0.44684,78.13
hex4_04000,Stoneham,3.4496,3966.173487055067,0,0.5729,88.35
hex4_04001,Stoneham,3.9981,8256.720236125953,0,0.7083,91.32
hex4_04002,Wakefield,3.9789,7286.122503507459,0,0.56109,78.77
hex4_04003,Reading,3.7012,3954.3417180200972,0,0.40898,62.48
hex4_04004,Reading,3.9962,2245.420153963841,0,0.2997,38.05
hex4_04005,North Reading,3.9915,1021.7739596998393,0,0.22166,24.09
hex4_04006,North Reading,3.951,2174.3074729620944,0,0.26468,31.86
hex4_04007,North Reading,3.919,1284.131382529479,0,0.25849,31.09
hex4_04008,Andover,3.9438,669.6526969167405,0,0.23245,26.17
hex4_04009,North Andover,3.907,804.0545475982465,0,0.41012,59.17
hex4_04010,North Andover,3.941,1520.3352559248694,0,0.42133,60.3
hex4_04011,North Andover,3.9626,1602.7730384505628,0,0.43726,62.43
hex4_04012,North Andover,2.5818,534.0924743496277,0,0.44738,90.37
hex4_04013,North Andover,3.8362,582.8199944274642,0,0.54546,79.22
hex4_04014,Haverhill,3.5452,594.3293255468865,0,0.43168,69.18
hex4_04015,Haverhill,3.8325,5130.462337318614,0,0.45639,67.42
hex4_04016,Haverhill,3.6748,18400.433189464566,0,0.56917,84.3
hex4_04017,Haverhill,3.8846,6181.988301434174,0,0.54842,78.88
hex4_04018,Haverhill,1.3719,1685.6318667213225,0,0.38248,94.25
hex4_04019,Westport,1.1317,64.52076940933156,0,0.13982,34.2
hex4_04020,Westport,3.2554,334.38001538611445,0,0.22852,34.49
hex4_04021,Westport,3.5821,318.1596585949437,0,0.3977,62.82
hex4_04022,Westport,3.2562,255.4304021559485,0,0.72917,98.07
hex4_04023,Westport,3.1709,274.8182112815777,0,0.67351,97.3
hex4_04024,Westport,3.7908,492.20499685495804,0,0.60684,86.34
hex4_04025,Westport,3.9971,547.3202346594187,0,0.57446,79.76
hex4_04026,Westport,3.9355,1163.589899825727,0,0.51097,73.35
hex4_04027,Westport,3.9909,1084.4736738159181,0,0.58064,80.63
hex4_04028,Dartmouth,3.9963,466.82755022796806,0,0.51383,72.67
hex4_04029,Fall River,3.9999,191.95936434876478,0,0.40387,56.74
hex4_04030,Fall River,3.9999,23.732305824173064,0,0.25794,29.96
hex4_04031,Fall River,3.9877,4.221380570413602,0,0.12352,7.8
hex4_04032,Freetown,3.9942,25.293882517957332,0,0.15721,13.59
hex4_04033,Freetown,3.9509,313.9351504572928,0,0.53153,75.77
hex4_04034,Freetown,3.4305,582.8276686370273,0,0.67393,95.22
hex4_04035,Berkley,3.9965,302.4650004445913,0,0.48815,69.5
hex4_04036,Berkley,3.9911,525.7526090907704,0,0.60525,83.1
hex4_04037,Berkley,3.9813,710.8395943610581,0,0.41288,58.33
hex4_04038,Taunton,3.905,2017.3888001153623,0,0.39454,56.79
hex4_04039,Taunton,3.8042,2767.635535287174,0,0.31574,43.6
hex4_04040,Raynham,3.9722,1843.739556241281,0,0.31768,41.49
hex4_04041,Raynham,3.9907,971.6754804116324,0,0.40339,56.81
hex4_04042,Raynham,3.9877,1400.992405355107,0,0.54837,77.2
hex4_04043,Raynham,3.9985,720.1625028816718,0,0.38726,53.53
hex4_04044,Easton,3.9955,133.4686293561976,0,0.46534,66.24
hex4_04045,Easton,3.9754,1154.287392516867,0,0.44242,63.0
hex4_04046,Easton,3.9938,1905.644611355982,0,0.50853,72.08
hex4_04047,Easton,3.8668,1137.4009290136935,0,0.65734,89.51
hex4_04048,Brockton,3.9492,3284.8109565867594,0,0.38105,53.27
hex4_04049,Brockton,3.9811,2977.993828385561,0,0.29655,37.71
hex4_04050,Stoughton,3.9694,2878.486319731805,0,0.65902,88.29
hex4_04051,Stoughton,3.9434,1649.7135744907423,0,0.54814,77.79
hex4_04052,Stoughton,3.9758,938.8828312073458,0,0.78372,95.31
hex4_04053,Randolph,3.9951,3085.7908275619225,0,0.73143,92.8
hex4_04054,Randolph,3.9961,6950.764232503004,0,0.73819,93.13
hex4_04055,Randolph,3.9876,1548.6457343010748,0,0.61644,84.21
hex4_04056,Milton,3.9823,866.7612082438856,0,0.49507,70.54
hex4_04057,Milton,3.9659,2550.4878655363573,0,0.38028,52.77
hex4_04058,Milton,3.7831,5205.157216948182,0,0.2198,25.67
hex4_04059,Boston,4.0003,25238.631845629447,0,0.536,75.53
hex4_04060,Boston,4.0003,36733.65553709535,0,0.54743,76.91
hex4_04061,Boston,4.0003,30157.38779173914,0,0.35457,47.86
hex4_04062,Boston,3.9741,42572.20363534687,0,0.54285,76.77
hex4_04063,Boston,3.2296,35801.13917644691,0,0.47515,81.39
hex4_04064,Boston,3.5747,21221.972490701184,0,0.75231,96.99
hex4_04065,Everett,3.1819,7188.837571165987,0,0.47498,82.24
hex4_04066,Malden,3.8673,23797.15885614735,0,0.59821,84.25
hex4_04067,Malden,3.9728,19398.248179169812,0,0.72348,92.54
hex4_04068,Melrose,3.9015,13996.071086878304,0,0.77357,95.51
hex4_04069,Wakefield,3.998,9094.474214649366,1,0.75668,93.97
hex4_04070,Wakefield,3.6635,6816.140632172403,0,0.7307,95.67
hex4_04071,Wakefield,3.279,5584.894445220609,0,0.47496,80.29
hex4_04072,Lynnfield,3.8307,1344.3932391874946,0,0.39487,57.96
hex4_04073,Lynnfield,3.9957,1018.2813339971726,0,0.20003,20.26
hex4_04074,North Reading,3.9903,2073.330628617987,0,0.40405,56.94
hex4_04075,North Reading,3.9276,1272.7786279726631,0,0.26812,33.15
hex4_04076,North Andover,3.5935,449.1250709550575,0,0.23694,31.05
hex4_04077,North Andover,3.9599,1067.5590511678138,0,0.35043,47.66
hex4_04078,North Andover,3.9664,1137.9780665063781,0,0.30607,39.27
hex4_04079,North Andover,3.9898,1131.329959327818,0,0.42371,59.76
hex4_04080,North Andover,3.9557,1007.2622443142433,0,0.4506,64.63
hex4_04081,Boxford,3.8128,652.1000485004295,0,0.49669,73.62
hex4_04082,Boxford,3.5993,307.49368493433303,0,0.36261,56.56
hex4_04083,Haverhill,3.7526,1433.8125011829711,0,0.49969,75.12
hex4_04084,Haverhill,3.3828,5030.3198937351635,0,0.51301,83.14
hex4_04085,Haverhill,3.2159,5640.256727017593,0,0.3635,64.01
hex4_04086,Haverhill,3.1774,1112.4443509907367,0,0.27686,46.54
hex4_04087,Haverhill,0.6061,37.68664773313743,0,0.16845,44.42
hex4_04088,Westport,0.8657,10.280028631220649,0,0.14052,34.54
hex4_04089,Westport,2.1162,42.92451279417605,0,0.19031,48.67
hex4_04090,Westport,1.7313,126.30943861211574,0,0.42342,97.17
hex4_04091,Westport,2.7212,253.13710025716097,0,0.56437,96.56
hex4_04092,Westport,3.9814,218.52134840949856,0,0.62405,85.13
hex4_04093,Westport,3.945,360.0740474150985,0,0.68224,90.25
hex4_04094,Westport,3.8276,415.0968838737759,0,0.64222,88.8
hex4_04095,Westport,3.877,1268.3279843661783,0,0.71306,92.95
hex4_04096,Dartmouth,3.5036,685.8826783671059,0,0.61828,91.16
hex4_04097,Dartmouth,3.9918,707.6818158333115,0,0.55297,77.64
hex4_04098,Dartmouth,3.9946,361.4511280752015,0,0.46293,65.97
hex4_04099,Fall River,3.4587,103.4997432209855,0,0.29303,44.73
hex4_04100,Fall River,3.9999,7.763188275503889,0,0.16878,15.66
hex4_04101,Fall River,4.0,20.793983893113236,0,0.15955,14.01
hex4_04102,Freetown,3.9996,35.65536842153106,0,0.22225,24.16
hex4_04103,Freetown,3.9945,271.65072529885714,0,0.4672,66.51
hex4_04104,Freetown,3.7214,754.5260370001984,0,0.46635,71.15
hex4_04105,Berkley,3.9969,432.0665307666324,0,0.67146,88.85
hex4_04106,Berkley,3.9954,632.730788583167,0,0.6374,86.16
hex4_04107,Taunton,3.9557,606.4047499643453,0,0.68135,90.14
hex4_04108,Taunton,3.7629,2132.836609981592,0,0.48442,72.78
hex4_04109,Raynham,3.8949,947.2965874917476,0,0.54224,77.91
hex4_04110,Raynham,3.9301,1455.6115157236277,0,0.47933,69.34
hex4_04111,Raynham,3.9044,1446.3801820986928,0,0.45879,66.83
hex4_04112,Raynham,3.2143,1227.8955255273859,0,0.50866,85.77
hex4_04113,Bridgewater,3.4767,181.78903705861734,0,0.52963,83.39
hex4_04114,West Bridgewater,3.9998,74.92538061372858,0,0.59506,82.05
hex4_04115,West Bridgewater,3.9902,395.03443164457485,0,0.33625,44.46
hex4_04116,West Bridgewater,3.4766,326.87851867882364,0,0.31958,49.97
hex4_04117,Brockton,3.9949,2779.8447673403452,0,0.52424,74.24
hex4_04118,Brockton,3.9659,5140.249304777848,0,0.32688,43.21
hex4_04119,Brockton,3.7213,6259.844973687006,0,0.44035,67.16
hex4_04120,Avon,3.3891,1905.741701010262,0,0.45435,75.55
hex4_04121,Avon,3.9921,2239.6247488556482,0,0.74925,93.57
hex4_04122,Randolph,3.9881,6134.663054116218,0,0.62278,84.86
hex4_04123,Randolph,3.8993,7383.516989603844,0,0.47667,69.55
hex4_04124,Randolph,2.4907,3497.3350206252226,0,0.66201,99.36
hex4_04125,Quincy,3.9242,252.91896382259495,0,0.42618,61.45
hex4_04126,Quincy,3.9538,420.32526050221713,0,0.33816,45.43
hex4_04127,Milton,3.9898,7551.263789254192,0,0.27476,33.47
hex4_04128,Milton,3.3324,5072.587480121446,0,0.27712,43.69
hex4_04129,Boston,3.0133,13931.148083965114,0,0.6166,96.26
hex4_04130,Boston,2.7392,12044.641977908079,0,0.54063,95.35
hex4_04131,Boston,3.1837,27900.861524183096,0,0.43763,77.16
hex4_04132,Boston,2.812,11093.970339628055,0,0.2687,52.57
hex4_04133,Boston,2.0988,26463.83425538232,0,0.66801,99.82
hex4_04134,Chelsea,2.7566,12753.92811539898,0,0.87587,99.8
hex4_04135,Everett,3.9988,32099.453538633737,0,0.77165,94.56
hex4_04136,Malden,3.9854,20647.509779743177,0,0.69039,90.35
hex4_04137,Melrose,3.927,7461.041750414051,0,0.5805,81.67
hex4_04138,Melrose,3.9584,6893.096935119373,0,0.60736,83.84
hex4_04139,Saugus,3.839,1887.9997727326975,0,0.52783,77.18
hex4_04140,Wakefield,3.9646,3901.6069591604873,0,0.47399,67.69
hex4_04141,Lynnfield,3.4883,1739.6846449449554,0,0.54551,84.97
hex4_04142,Lynnfield,3.9781,2656.859950118132,1,0.45649,65.26
hex4_04143,Lynnfield,3.9674,737.3887827360597,0,0.26878,32.67
hex4_04144,North Reading,3.879,1294.6081184674981,0,0.32827,44.64
hex4_04145,Middleton,3.3131,745.7182002316172,0,0.20018,27.19
hex4_04146,Middleton,3.7385,595.2573879005095,0,0.25183,32.34
hex4_04147,North Andover,3.9273,871.1798165288291,0,0.28162,35.49
hex4_04148,North Andover,3.974,541.096082536628,0,0.41205,58.26
hex4_04149,Boxford,3.906,875.1264811375664,0,0.4704,68.28
hex4_04150,Boxford,3.8529,601.6239429567088,0,0.40688,59.46
hex4_04151,Boxford,3.9716,484.54496596227693,0,0.31399,40.7
hex4_04152,Groveland,3.4024,974.7559826844027,0,0.62155,92.66
hex4_04153,Haverhill,3.4118,1794.9283437372178,0,0.69072,96.06
hex4_04154,Haverhill,3.8712,2014.1845814044575,0,0.28479,36.96
hex4_04155,Haverhill,3.4163,683.0388537786008,0,0.20839,27.6
hex4_04156,Haverhill,3.9691,446.7788977521287,0,0.26565,31.81
hex4_04157,Merrimac,3.5905,342.04278908783726,0,0.43765,69.23
hex4_04158,Merrimac,1.4381,212.39294316310347,0,0.47049,98.68
hex4_04159,Westport,2.6791,72.19420899513182,0,0.1877,34.37
hex4_04160,Westport,3.9607,96.05374023241589,0,0.40117,56.97
hex4_04161,Dartmouth,3.9886,129.4512887222102,0,0.57949,80.49
hex4_04162,Dartmouth,3.9882,208.68301457597158,0,0.60746,83.37
hex4_04163,Dartmouth,3.9878,394.15237756277634,0,0.63158,85.81
hex4_04164,Dartmouth,3.9368,373.42540661636104,0,0.71135,92.23
hex4_04165,Dartmouth,3.8913,668.9072673786982,0,0.63382,87.29
hex4_04166,Dartmouth,3.9066,815.9899755503075,0,0.59658,83.5
hex4_04167,Dartmouth,3.8856,453.5363228805549,0,0.47212,68.93
hex4_04168,Dartmouth,3.9453,543.8731618958866,0,0.62434,85.75
hex4_04169,Dartmouth,2.7659,141.98576254804362,0,0.2801,56.95
hex4_04170,Fall River,3.3441,5.844463914733632,0,0.23971,35.46
hex4_04171,Fall River,4.0,4.423740398139087,0,0.26148,30.57
hex4_04172,Freetown,3.9983,116.69593478855265,0,0.4245,59.71
hex4_04173,Freetown,3.9975,115.43417880274727,0,0.38495,53.11
hex4_04174,Freetown,3.9937,822.804719105527,1,0.59944,82.58
hex4_04175,Lakeville,3.9638,448.0177944499282,0,0.67265,89.46
hex4_04176,Berkley,3.9945,513.1796509447424,0,0.77885,94.97
hex4_04177,Taunton,3.9866,1398.5370638708355,0,0.61992,84.68
hex4_04178,Taunton,3.9531,2090.101329007104,0,0.72991,93.11
hex4_04179,Raynham,3.9414,1385.3955955446022,0,0.64586,87.65
hex4_04180,Raynham,3.9861,876.8877582361395,0,0.47644,67.64
hex4_04181,Raynham,3.9331,1876.2536073798806,0,0.48857,70.45
hex4_04182,Bridgewater,3.9069,903.7328323136394,0,0.60579,84.37
hex4_04183,Bridgewater,3.6868,546.4225770710339,0,0.54426,81.58
hex4_04184,West Bridgewater,3.904,239.54725465237428,0,0.5176,74.82
hex4_04185,West Bridgewater,3.9579,808.4319503967548,0,0.60189,83.3
hex4_04186,West Bridgewater,3.9371,1636.5500935062346,0,0.334,44.8
hex4_04187,Brockton,3.9857,2702.358811117897,0,0.32974,43.44
hex4_04188,Brockton,3.9975,19146.83243403283,0,0.41823,58.85
hex4_04189,Brockton,3.9968,18906.387008439764,0,0.59629,82.17
hex4_04190,Brockton,3.9788,9502.0686155827,0,0.59195,82.07
hex4_04191,Holbrook,3.8918,2131.7577475815924,0,0.54315,78.2
hex4_04192,Holbrook,3.8645,4412.231924323908,0,0.48236,70.7
hex4_04193,Randolph,3.9664,3431.034858949127,0,0.264,31.48
hex4_04194,Randolph,3.654,2739.3023807975324,0,0.39825,61.68
hex4_04195,Braintree,3.7493,2524.223777775991,0,0.51942,77.66
hex4_04196,Braintree,3.9074,2300.240415082571,0,0.53112,76.45
hex4_04197,Quincy,3.9771,12095.908733900038,0,0.63353,86.04
hex4_04198,Quincy,3.9993,15648.635516539285,0,0.43721,61.88
hex4_04199,Quincy,3.0378,13265.214576244456,0,0.40596,75.39
hex4_04200,Quincy,1.534,3005.769760439218,0,0.3637,92.48
hex4_04201,Boston,2.0273,7133.7788851285295,0,0.19002,51.08
hex4_04202,Boston,2.3235,1540.2618292669538,0,0.52684,98.21
hex4_04203,Boston,3.2797,18044.935225118916,0,0.76522,98.62
hex4_04204,Chelsea,3.5113,26969.887253956655,0,0.74995,97.4
hex4_04205,Revere,3.9929,19646.442951538203,0,0.3942,54.98
hex4_04206,Malden,3.6519,12535.835110403124,0,0.71227,94.99
hex4_04207,Saugus,3.9602,4872.662855191213,0,0.72012,92.46
hex4_04208,Saugus,3.9024,3584.797240630148,0,0.59903,83.89
hex4_04209,Saugus,3.6932,1679.7143241238487,0,0.51108,77.57
hex4_04210,Lynnfield,3.9073,2426.8424060048824,1,0.51268,74.23
hex4_04211,Lynnfield,3.3896,2690.4280972852603,0,0.2937,46.25
hex4_04212,Peabody,3.9979,4584.101021313019,0,0.33776,44.6
hex4_04213,Middleton,3.9446,2038.7362896634918,0,0.47703,68.57
hex4_04214,Middleton,3.452,1421.3568940314085,1,0.4922,79.43
hex4_04215,Middleton,3.4576,885.8940142962334,0,0.24494,34.97
hex4_04216,Middleton,3.9676,162.8910549968926,0,0.20227,20.87
hex4_04217,Boxford,3.873,280.39498963427997,0,0.29811,39.18
hex4_04218,Boxford,3.9444,513.3181391337299,0,0.40693,58.01
hex4_04219,Boxford,3.6942,498.7694027834066,1,0.47512,72.69
hex4_04220,Georgetown,3.9556,468.75614171267273,0,0.31111,40.31
hex4_04221,Georgetown,3.9743,535.1499328931807,0,0.26763,32.33
hex4_04222,Groveland,3.9889,1896.2303592150142,0,0.39998,56.17
hex4_04223,Groveland,3.6157,1940.2276669107052,0,0.47023,73.49
hex4_04224,Haverhill,3.1042,756.1063584709383,0,0.2071,31.59
hex4_04225,Haverhill,3.786,340.87018992841365,0,0.21937,25.56
hex4_04226,Merrimac,3.9756,1193.720952893586,0,0.33942,45.28
hex4_04227,Merrimac,3.9625,964.9656496549326,0,0.46381,66.58
hex4_04228,Merrimac,1.6602,240.66403721961834,0,0.48266,98.91
hex4_04229,Dartmouth,2.424,33.860011337018484,0,0.24161,55.79
hex4_04230,Dartmouth,3.6781,99.20772866466928,0,0.44407,68.46
hex4_04231,Dartmouth,3.5049,149.75616784439134,0,0.44209,71.54
hex4_04232,Dartmouth,3.9555,362.16493572123505,0,0.72893,93.07
hex4_04233,Dartmouth,3.9568,384.9283968791508,0,0.63712,86.75
hex4_04234,Dartmouth,3.953,822.4915436347026,0,0.60363,83.48
hex4_04235,Dartmouth,3.968,3726.4609046722744,0,0.57194,80.03
hex4_04236,Dartmouth,3.9985,1033.7649339481309,0,0.41577,58.49
hex4_04237,Dartmouth,3.996,320.3654284840676,0,0.45276,64.18
hex4_04238,Dartmouth,3.9964,372.7689747841939,0,0.45601,64.79
hex4_04239,Dartmouth,3.9784,510.20767849309107,0,0.45025,64.06
hex4_04240,Freetown,3.9965,227.41817915771352,0,0.45961,65.42
hex4_04241,Freetown,3.9504,442.0713149026401,0,0.65436,88.24
hex4_04242,Freetown,3.9816,239.25048184419205,0,0.47626,67.76
hex4_04243,Lakeville,4.0001,39.77794110533816,0,0.31983,41.45
hex4_04244,Lakeville,3.9937,357.3582998801761,0,0.45818,65.2
hex4_04245,Lakeville,3.9853,465.5573671307235,0,0.63829,86.41
hex4_04246,Taunton,3.9833,444.02807305889473,0,0.55409,77.88
hex4_04247,Taunton,3.8007,585.2558442399624,0,0.4646,69.54
hex4_04248,Taunton,3.8365,1202.415436810594,0,0.42446,62.57
hex4_04249,Raynham,3.948,1044.689895053718,0,0.57468,80.72
hex4_04250,Raynham,3.9349,856.6233231505283,0,0.4032,57.69
hex4_04251,Bridgewater,3.9845,1180.8748446147285,0,0.42511,60.18
hex4_04252,Bridgewater,3.9901,1611.5147206334648,0,0.54041,76.16
hex4_04253,Bridgewater,3.9892,907.1047179781015,0,0.36851,50.24
hex4_04254,West Bridgewater,3.9864,937.7050747127626,0,0.33293,44.07
hex4_04255,West Bridgewater,3.947,876.7419138374179,0,0.42421,60.68
hex4_04256,West Bridgewater,3.9829,1426.8167711017861,0,0.45623,65.08
hex4_04257,Brockton,3.9736,7624.847907711324,0,0.55726,78.4
hex4_04258,Brockton,3.9871,9197.08291426811,0,0.48954,69.75
hex4_04259,Brockton,3.9947,7254.826524222296,0,0.39365,54.84
hex4_04260,Brockton,3.987,4946.932193814699,0,0.39284,54.82
hex4_04261,Holbrook,3.9989,2062.248368875548,0,0.57106,79.47
hex4_04262,Holbrook,3.9949,3039.428696441678,0,0.52809,74.64
hex4_04263,Braintree,3.9705,3929.6309253342442,0,0.43982,62.68
hex4_04264,Braintree,3.8685,4843.261478760931,0,0.58388,82.82
hex4_04265,Braintree,3.9456,6875.120462719305,0,0.7438,93.79
hex4_04266,Quincy,3.9889,9869.8909596278,0,0.73129,92.84
hex4_04267,Quincy,3.8888,13672.35373034389,0,0.67567,90.5
hex4_04268,Quincy,1.9737,5535.24682532492,0,0.32719,87.6
hex4_04269,Quincy,0.6639,1735.7439306657964,0,0.33052,88.04
hex4_04270,Boston,0.6479,75.08508178863288,0,0.13702,33.33
hex4_04271,Boston,1.1719,3.8258040842009358,0,0.20337,57.24
hex4_04272,Boston,2.4612,1910.3980325005098,0,0.28344,65.53
hex4_04273,Boston,2.9846,8412.729370266956,0,0.43837,81.21
hex4_04274,Revere,3.673,20044.972733635146,0,0.52786,79.72
hex4_04275,Revere,3.4304,7392.651592485054,0,0.46357,76.07
hex4_04276,Saugus,3.9518,6706.098440601927,0,0.39658,56.27
hex4_04277,Saugus,3.8525,8005.614659632642,0,0.33193,45.91
hex4_04278,Saugus,3.3607,1313.4274607379307,0,0.21769,30.2
hex4_04279,Lynn,3.5569,1871.0279278736268,0,0.42418,67.51
hex4_04280,Peabody,3.2341,2323.511191383204,0,0.33509,58.24
hex4_04281,Peabody,3.7297,2862.346769979025,0,0.50159,75.73
hex4_04282,Peabody,3.9277,1952.6996506290893,2,0.49503,71.47
hex4_04283,Middleton,3.8364,1080.5656987370696,0,0.48934,72.13
hex4_04284,Middleton,3.8051,1630.4906373517604,0,0.50704,75.25
hex4_04285,Middleton,3.849,517.5179768589028,1,0.2423,28.87
hex4_04286,Boxford,3.9456,268.5107301571251,0,0.33665,45.23
hex4_04287,Boxford,3.9563,590.2077377361617,0,0.59604,82.75
hex4_04288,Boxford,3.7536,797.9780192600423,0,0.4251,64.13
hex4_04289,Boxford,3.7501,653.3343488295343,0,0.27621,37.01
hex4_04290,Georgetown,3.915,1555.2310302534795,0,0.33767,46.0
hex4_04291,Georgetown,3.5096,1367.9274776787063,0,0.21651,28.1
hex4_04292,Groveland,3.9905,522.1630713476591,0,0.26189,30.73
hex4_04293,West Newbury,3.9867,700.2803706509688,0,0.34093,45.39
hex4_04294,West Newbury,3.53,1022.947552014191,0,0.33781,52.64
hex4_04295,West Newbury,3.1689,694.8871017113537,0,0.30829,53.86
hex4_04296,Merrimac,3.9851,2376.277244484395,0,0.62646,85.39
hex4_04297,Merrimac,3.4075,545.4493185759474,0,0.41424,68.98
hex4_04298,Dartmouth,0.8623,15.806419060281351,0,0.11374,24.95
hex4_04299,Dartmouth,2.5875,34.15878763597625,0,0.20262,40.04
hex4_04300,Dartmouth,3.3323,147.1575560023614,0,0.39362,66.98
hex4_04301,Dartmouth,3.9944,261.4728240583913,0,0.45508,64.65
hex4_04302,Dartmouth,3.9825,969.8910925175907,0,0.57422,80.08
hex4_04303,Dartmouth,3.973,1043.7069273887987,0,0.5438,76.93
hex4_04304,Dartmouth,3.9906,998.3349673949926,0,0.37829,51.92
hex4_04305,Dartmouth,3.952,1325.508862327978,0,0.58468,81.73
hex4_04306,Dartmouth,3.9751,996.7734585512883,0,0.40676,57.63
hex4_04307,Dartmouth,3.7554,353.8754626586517,0,0.47681,71.9
hex4_04308,Dartmouth,3.9947,283.0745853784508,0,0.47515,67.41
hex4_04309,Dartmouth,3.9902,238.61680468394627,0,0.61053,83.66
hex4_04310,Freetown,3.9451,386.2026950804269,0,0.66283,88.87
hex4_04311,Freetown,3.8729,320.10279049640735,0,0.66324,89.94
hex4_04312,Freetown,3.9961,438.1517167936954,0,0.5567,78.0
hex4_04313,Lakeville,3.9818,467.7332254895345,0,0.41814,59.21
hex4_04314,Lakeville,3.891,771.7615853987837,0,0.54974,78.95
hex4_04315,Lakeville,3.7748,568.5214573518499,0,0.46416,69.86
hex4_04316,Taunton,3.798,867.637674636055,1,0.4393,65.78
hex4_04317,Taunton,3.7857,221.90980328143334,0,0.40499,60.34
hex4_04318,Lakeville,3.98,510.06283222891426,0,0.27191,33.24
hex4_04319,Middleborough,3.9268,277.8080332233231,0,0.25364,30.03
hex4_04320,Middleborough,3.8965,593.5682370508882,0,0.36399,50.96
hex4_04321,Bridgewater,3.9862,1430.3529163910578,0,0.47527,67.5
hex4_04322,Bridgewater,3.9759,1660.8072331074056,0,0.46026,65.85
hex4_04323,Bridgewater,3.9734,4563.334071191357,0,0.43471,62.0
hex4_04324,West Bridgewater,3.8802,1675.7468562575527,0,0.19229,20.06
hex4_04325,East Bridgewater,3.9914,1698.804073183529,0,0.24609,28.05
hex4_04326,East Bridgewater,3.9988,1684.389101668725,0,0.34896,46.63
hex4_04327,Brockton,3.996,1399.556818418548,0,0.27254,33.06
hex4_04328,Brockton,3.987,4752.894534738111,0,0.22148,24.11
hex4_04329,Brockton,3.9088,2307.1910484290984,0,0.17418,17.13
hex4_04330,Abington,3.6688,1354.8128842238275,0,0.19646,22.48
hex4_04331,Holbrook,3.7515,1467.0166101026364,0,0.36901,54.72
hex4_04332,Holbrook,3.4668,1150.1100382633113,0,0.47057,76.34
hex4_04333,Braintree,3.9968,2886.083305209004,0,0.44566,63.15
hex4_04334,Braintree,3.8973,3697.421224089179,0,0.57333,81.35
hex4_04335,Braintree,3.9051,8231.507273345514,0,0.78726,95.95
hex4_04336,Quincy,3.3215,13759.91637479603,0,0.54216,87.47
hex4_04337,Quincy,1.8583,3686.734133727759,0,0.36801,92.98
hex4_04338,Boston,0.6875,0.0,0,0.10059,20.44
hex4_04339,Winthrop,0.6783,1101.2876223696019,0,0.1926,53.12
hex4_04340,Winthrop,2.9356,13857.524046823908,0,0.65325,97.92
hex4_04341,Revere,1.1308,6521.757720218279,0,0.55476,99.48
hex4_04342,Revere,0.5714,3758.302937664843,0,0.54177,99.41
hex4_04343,Saugus,2.0634,2035.6448261030187,0,0.39281,94.13
hex4_04344,Lynn,3.3719,11513.236792811244,0,0.26861,41.2
hex4_04345,Lynn,3.3013,7679.833627683657,0,0.22642,33.36
hex4_04346,Lynn,3.6082,4030.696011107822,0,0.35741,55.24
hex4_04347,Peabody,3.8884,3836.3115255064045,0,0.62723,86.81
hex4_04348,Peabody,3.9875,1780.1805414895382,0,0.5358,75.64
hex4_04349,Peabody,3.986,4746.451774593585,0,0.57807,80.35
hex4_04350,Danvers,3.9899,2546.6476043489597,0,0.66551,88.53
hex4_04351,Danvers,3.9738,2545.4096722597696,0,0.65862,88.28
hex4_04352,Topsfield,3.9585,969.8353246266784,0,0.42809,61.16
hex4_04353,Boxford,3.8399,559.2777234734789,0,0.44467,65.87
hex4_04354,Boxford,3.9517,1012.3697781666627,0,0.5694,79.99
hex4_04355,Boxford,3.8896,746.1751152478278,0,0.53608,77.41
hex4_04356,Boxford,3.9809,697.8569897745444,0,0.34352,46.05
hex4_04357,Georgetown,3.9915,360.62983772479794,0,0.29528,37.3
hex4_04358,Georgetown,3.926,1470.2424118222693,0,0.22672,25.33
hex4_04359,Georgetown,3.8673,487.03203152760796,0,0.20465,21.98
hex4_04360,West Newbury,3.9698,125.61593732198342,0,0.28681,35.96
hex4_04361,West Newbury,3.9712,399.18634205091007,0,0.35554,48.43
hex4_04362,West Newbury,3.9563,603.9007259385347,0,0.32834,43.58
hex4_04363,West Newbury,3.2223,664.0147525554999,0,0.5265,87.52
hex4_04364,Amesbury,3.038,1751.2328585232508,0,0.68569,98.16
hex4_04365,Amesbury,2.9235,613.5442868767566,0,0.64782,97.82
hex4_04366,Dartmouth,0.386,9.958280826484495,0,0.09623,19.08
hex4_04367,Dartmouth,2.8143,130.16446255631337,0,0.23646,44.25
hex4_04368,Dartmouth,3.9714,230.22126286863366,0,0.38797,54.18
hex4_04369,Dartmouth,3.7571,408.7336074332308,0,0.29071,39.43
hex4_04370,Dartmouth,3.0413,1380.4783110601243,0,0.36934,68.82
hex4_04371,Dartmouth,3.9966,2958.312984740248,0,0.44112,62.45
hex4_04372,Dartmouth,3.9498,3368.656962346623,0,0.4229,60.39
hex4_04373,New Bedford,3.9787,3332.749829672273,0,0.38523,53.5
hex4_04374,New Bedford,3.994,213.1453740487074,0,0.29751,37.69
hex4_04375,New Bedford,3.8486,240.63729834075562,0,0.29262,38.68
hex4_04376,New Bedford,3.9974,281.1741084948044,0,0.56581,78.99
hex4_04377,New Bedford,3.9069,909.8524977102296,0,0.77169,95.38
hex4_04378,Freetown,3.9866,191.67868885698306,0,0.71628,91.89
hex4_04379,Freetown,3.9073,519.8239179076943,0,0.77409,95.47
hex4_04380,Lakeville,3.7161,544.4436100433635,0,0.47775,72.65
hex4_04381,Lakeville,3.0351,703.9009623628901,0,0.5152,89.48
hex4_04382,Lakeville,3.9235,914.8799411201389,0,0.46992,67.87
hex4_04383,Lakeville,3.5081,439.35230725456404,0,0.41558,67.25
hex4_04384,Lakeville,3.9445,634.4059653147708,0,0.43795,62.84
hex4_04385,Lakeville,3.8643,470.8802726997438,0,0.38381,55.45
hex4_04386,Middleborough,3.9308,279.7761071661333,0,0.47314,68.25
hex4_04387,Middleborough,3.9972,352.46421065747563,0,0.36387,49.54
hex4_04388,Bridgewater,3.8348,1585.420204959355,0,0.4959,73.04
hex4_04389,Bridgewater,3.9659,647.2937042014441,0,0.33132,44.1
hex4_04390,Bridgewater,3.8672,3917.7539895741793,0,0.34462,48.09
hex4_04391,Bridgewater,3.8357,2915.764907671732,0,0.19217,20.3
hex4_04392,East Bridgewater,3.9087,1235.255865734497,0,0.38153,54.14
hex4_04393,East Bridgewater,3.9681,1956.6612052448045,0,0.24186,27.56
hex4_04394,East Bridgewater,3.9947,939.2701419092849,0,0.19956,20.21
hex4_04395,Whitman,3.9953,3023.4722347287934,0,0.20432,20.96
hex4_04396,Abington,3.9915,2490.93381101702,0,0.26602,31.54
hex4_04397,Abington,3.9941,3170.951160876074,0,0.19365,19.29
hex4_04398,Abington,3.9996,2829.7781080996424,0,0.37201,50.64
hex4_04399,Weymouth,3.4225,3666.1721153589415,0,0.47378,77.59
hex4_04400,Weymouth,3.9777,5865.8567790549905,0,0.63789,86.52
hex4_04401,Weymouth,3.878,4848.243750643654,0,0.80031,96.42
hex4_04402,Weymouth,3.978,7537.551240751735,0,0.62707,85.59
hex4_04403,Weymouth,2.8086,4642.722388690159,0,0.34489,69.77
hex4_04404,Quincy,1.466,4266.690220551558,0,0.59722,99.68
hex4_04405,Quincy,1.3289,3439.4119119624465,0,0.64611,99.86
hex4_04406,Boston,0.7414,0.0,0,0.04864,4.42
hex4_04407,Lynn,1.2358,617.9899096204223,0,0.38617,94.59
hex4_04408,Lynn,3.996,31076.59339030167,0,0.57635,80.1
hex4_04409,Lynn,3.6189,10180.89380546486,0,0.41833,65.67
hex4_04410,Peabody,3.6398,6110.686736166702,0,0.32899,49.02
hex4_04411,Peabody,3.9595,2890.1272483190482,0,0.55292,78.22
hex4_04412,Peabody,3.9912,4517.316144659485,0,0.51714,73.22
hex4_04413,Danvers,3.9805,4882.834673942926,0,0.41499,58.6
hex4_04414,Danvers,3.9698,2634.6915766977245,0,0.63303,86.15
hex4_04415,Danvers,2.9627,1053.0000032891953,0,0.51893,90.84
hex4_04416,Topsfield,3.7439,389.6977039586893,0,0.42427,64.2
hex4_04417,Topsfield,3.9633,1750.4057583524245,0,0.70774,91.7
hex4_04418,Topsfield,3.9428,938.1416200931138,1,0.70676,91.82
hex4_04419,Ipswich,3.7515,404.39030210739617,0,0.47941,72.26
hex4_04420,Rowley,3.9675,524.4663974980245,0,0.39034,54.75
hex4_04421,Georgetown,3.9807,855.0942568414347,0,0.2039,21.0
hex4_04422,Georgetown,3.9897,971.917624036521,0,0.3775,51.78
hex4_04423,Newbury,3.9361,850.9814966817853,0,0.38745,54.79
hex4_04424,West Newbury,3.5781,388.1621441815157,0,0.28706,41.7
hex4_04425,West Newbury,3.9183,322.40606297257256,0,0.26479,32.52
hex4_04426,West Newbury,3.0587,419.60988526239385,0,0.54418,91.57
hex4_04427,Amesbury,3.993,812.0283106772263,0,0.66069,88.17
hex4_04428,Amesbury,3.9952,1544.716120687517,0,0.74336,93.32
hex4_04429,Amesbury,2.467,1636.3439563564934,0,0.62545,99.19
hex4_04430,Gosnold,0.9488,6.929599221710121,0,0.63323,99.79
hex4_04431,Gosnold,0.3912,4.640643732690061,0,0.55724,99.52
hex4_04432,Dartmouth,2.7864,198.86134832325877,0,0.26455,52.09
hex4_04433,Dartmouth,2.0447,198.7829040720518,0,0.24908,69.2
hex4_04434,Dartmouth,2.2645,1520.5696071611646,0,0.41445,92.75
hex4_04435,Dartmouth,3.6927,4554.677543450929,0,0.46139,70.84
hex4_04436,New Bedford,3.999,14894.15233330419,0,0.65958,87.95
hex4_04437,New Bedford,3.9999,18008.57844248059,0,0.67868,89.44
hex4_04438,New Bedford,3.9921,13812.82593020328,1,0.56359,78.86
hex4_04439,New Bedford,3.9897,4723.6450529169,0,0.61118,83.77
hex4_04440,New Bedford,3.9901,5105.457088290194,0,0.54632,76.96
hex4_04441,New Bedford,3.9993,3213.2189411777804,0,0.69553,90.57
hex4_04442,Acushnet,3.9015,1788.6393105378647,0,0.6366,87.4
hex4_04443,Freetown,3.9691,577.6725928374844,0,0.64005,86.79
hex4_04444,Freetown,2.5234,529.1005032797844,0,0.37967,82.69
hex4_04445,Lakeville,1.6081,232.56220138178708,0,0.37308,93.45
hex4_04446,Lakeville,2.2687,468.4798862132444,0,0.30302,75.35
hex4_04447,Lakeville,1.6848,333.0833435887059,0,0.38494,94.43
hex4_04448,Lakeville,3.8429,697.577291791511,0,0.44005,65.03
hex4_04449,Lakeville,3.857,1051.8552962763586,0,0.69448,92.05
hex4_04450,Middleborough,3.8478,1714.83247796111,0,0.40967,59.98
hex4_04451,Middleborough,3.9734,318.80877644828183,0,0.2886,36.3
hex4_04452,Middleborough,3.7414,224.68012798668664,0,0.36238,53.55
hex4_04453,Bridgewater,3.9184,117.37335303014757,0,0.34063,46.43
hex4_04454,Bridgewater,3.9848,1045.7265182589288,0,0.36039,49.06
hex4_04455,Bridgewater,3.8115,1513.9159180071752,0,0.2891,38.54
hex4_04456,East Bridgewater,3.9436,1519.0560414259714,0,0.29386,37.73
hex4_04457,East Bridgewater,3.973,1516.9757942491535,0,0.18578,18.29
hex4_04458,East Bridgewater,3.9994,1174.8587078852427,0,0.1286,8.48
hex4_04459,Whitman,3.9989,2906.4650763164564,0,0.17637,16.91
hex4_04460,Whitman,3.9576,5321.30269332836,0,0.28513,35.76
hex4_04461,Abington,3.8515,3068.7953867591555,0,0.12555,8.84
hex4_04462,Abington,3.9808,4168.898524400865,0,0.16463,15.02
hex4_04463,Rockland,3.9982,953.0209045490146,0,0.34115,45.25
hex4_04464,Weymouth,3.9998,2825.573566213815,0,0.64566,86.84
hex4_04465,Weymouth,3.9627,4326.758242853555,0,0.77928,95.26
hex4_04466,Weymouth,3.2307,6074.1412410723515,0,0.5476,89.39
hex4_04467,Weymouth,3.8194,5874.445074525907,0,0.58844,84.05
hex4_04468,Weymouth,3.138,3983.0790136844003,0,0.63667,96.13
hex4_04469,Weymouth,0.4742,867.6495140150088,0,0.32369,86.97
hex4_04470,Hull,0.52,9.582084295211168,0,0.22674,64.24
hex4_04471,Boston,0.3766,0.0,0,0.11734,26.04
hex4_04472,Nahant,0.7888,1226.037033329384,0,0.58543,99.61
hex4_04473,Nahant,0.6308,893.9596945255141,0,0.30296,83.03
hex4_04474,Lynn,1.1177,8578.568886295341,0,0.43612,97.6
hex4_04475,Lynn,3.9778,26496.239571205486,0,0.65813,88.15
hex4_04476,Salem,3.8915,3217.2942248456393,4,0.32784,44.44
hex4_04477,Peabody,3.9534,7054.945628798042,0,0.40439,57.6
hex4_04478,Peabody,3.9847,11510.163575600516,0,0.2311,25.61
hex4_04479,Danvers,3.5163,3630.6115297423116,0,0.20512,25.81
hex4_04480,Danvers,3.9612,6354.3903221354385,0,0.77773,95.17
hex4_04481,Danvers,3.9169,1968.6676282603569,0,0.78827,95.92
hex4_04482,Wenham,3.9323,715.7169808524393,0,0.58221,81.78
hex4_04483,Topsfield,3.449,746.5668028351986,0,0.47938,77.77
hex4_04484,Topsfield,3.8902,1181.118467652449,0,0.66393,89.74
hex4_04485,Ipswich,3.9383,481.47328268843245,0,0.55027,78.27
hex4_04486,Rowley,3.9752,1032.974519278939,0,0.42613,60.48
hex4_04487,Rowley,3.9091,853.7643737835854,0,0.2907,37.59
hex4_04488,Rowley,3.9515,818.1134321996294,0,0.22473,24.97
hex4_04489,Newbury,3.9146,983.4931756034764,0,0.41973,60.55
hex4_04490,Newbury,3.9967,481.33087688207263,0,0.32521,42.47
hex4_04491,West Newbury,3.8875,216.95623278255889,0,0.283,36.42
hex4_04492,Newburyport,3.3771,1565.3642179881585,0,0.34003,56.52
hex4_04493,Newburyport,3.1782,846.8892586668317,0,0.46863,81.49
hex4_04494,Amesbury,3.3434,2631.4465248814618,0,0.64708,94.7
hex4_04495,Amesbury,3.7345,6038.101583684881,0,0.69764,93.47
hex4_04496,Amesbury,2.646,735.0359669066469,0,0.51909,95.11
hex4_04497,Gosnold,0.7319,25.011609605492552,0,0.75087,99.96
hex4_04498,New Bedford,0.8271,1076.6545950902414,0,0.25105,71.29
hex4_04499,New Bedford,2.4051,12365.780819782161,0,0.58538,98.98
hex4_04500,New Bedford,2.0309,5241.284828471492,0,0.8078,100.0
hex4_04501,New Bedford,2.6686,7089.650206787254,0,0.64001,98.78
hex4_04502,New Bedford,3.5179,9795.10719600419,0,0.65584,93.43
hex4_04503,Acushnet,3.9065,3294.302623428194,0,0.35416,49.28
hex4_04504,Acushnet,3.9807,1262.843358811205,0,0.41859,59.33
hex4_04505,Acushnet,3.9501,891.6049279939491,0,0.42743,61.21
hex4_04506,Acushnet,3.4798,353.67293455906946,0,0.29835,45.64
hex4_04507,Freetown,3.9482,569.1233284340356,0,0.41602,59.37
hex4_04508,Rochester,2.7498,208.17847638254125,0,0.30177,62.14
hex4_04509,Lakeville,3.1715,183.67623563037654,0,0.22682,35.37
hex4_04510,Lakeville,1.9239,245.3257217047332,0,0.18479,50.3
hex4_04511,Middleborough,0.691,40.9615453795565,0,0.21024,59.26
hex4_04512,Lakeville,3.8836,673.1311361626884,0,0.43634,63.61
hex4_04513,Middleborough,3.9258,3364.789926073681,0,0.70546,91.91
hex4_04514,Middleborough,3.897,2821.217653604661,0,0.42857,62.27
hex4_04515,Middleborough,3.9266,436.79701083428057,0,0.42415,61.02
hex4_04516,Middleborough,3.9903,1492.2571808467371,0,0.44527,63.18
hex4_04517,Middleborough,3.8054,284.51114749595683,0,0.39481,58.39
hex4_04518,Bridgewater,3.889,957.8472558516971,0,0.43182,62.86
hex4_04519,Bridgewater,3.4227,2143.191417069873,0,0.41076,67.94
hex4_04520,East Bridgewater,3.9994,1119.1033108989495,0,0.29959,37.98
hex4_04521,East Bridgewater,4.0001,1022.9902975817305,0,0.22718,24.9
hex4_04522,East Bridgewater,3.9926,572.2090982985633,0,0.13007,8.81
hex4_04523,Whitman,4.0003,2135.948887013894,0,0.13598,9.84
hex4_04524,Rockland,3.9986,2516.9127261997,0,0.13414,9.5
hex4_04525,Rockland,3.8871,4548.353840174167,0,0.12838,9.18
hex4_04526,Rockland,3.9966,5086.983215222857,0,0.29096,36.44
hex4_04527,Rockland,3.9988,1221.2035264527026,0,0.50158,71.22
hex4_04528,Hingham,3.9808,958.7221471416594,0,0.62552,85.34
hex4_04529,Hingham,3.9752,3080.927158496937,0,0.42985,61.14
hex4_04530,Hingham,3.9505,3345.9846995659705,0,0.63939,86.99
hex4_04531,Hingham,3.597,1594.2118973969812,0,0.44787,70.59
hex4_04532,Hingham,3.2459,4115.852920412539,0,0.5468,88.97
hex4_04533,Hull,0.8035,912.4674972970569,0,0.53838,99.39
hex4_04534,Nahant,1.1415,1158.7278010678126,0,0.40106,95.87
hex4_04535,Swampscott,1.8788,5105.4884199803855,0,0.64877,99.87
hex4_04536,Swampscott,3.9607,6100.060588114495,0,0.64472,87.24
hex4_04537,Salem,3.9695,5161.165068765298,0,0.42388,60.23
hex4_04538,Salem,3.9602,15262.45633288163,0,0.41632,59.28
hex4_04539,Salem,2.9145,3137.5821995567408,0,0.2122,36.46
hex4_04540,Beverly,3.758,4466.60698296606,0,0.61704,87.74
hex4_04541,Beverly,3.9891,1208.904610342361,1,0.88714,97.91
hex4_04542,Wenham,3.8155,753.590120238004,0,0.70657,93.22
hex4_04543,Wenham,3.1856,362.8450353655176,0,0.32269,56.99
hex4_04544,Topsfield,2.9194,104.5745722749451,0,0.26285,48.76
hex4_04545,Topsfield,3.8061,196.44745843729538,0,0.24879,30.55
hex4_04546,Ipswich,3.9591,257.7358278594379,0,0.34574,46.7
hex4_04547,Rowley,3.972,837.5593732647251,0,0.40218,56.92
hex4_04548,Rowley,3.9824,476.16091490889625,0,0.3161,40.93
hex4_04549,Rowley,3.9718,743.6252254334097,0,0.37114,50.99
hex4_04550,Newbury,3.7786,447.3543161192607,0,0.36483,53.3
hex4_04551,Newbury,3.9685,182.94301261945822,0,0.29782,38.09
hex4_04552,Newbury,3.9573,66.91194749948615,0,0.33694,45.09
hex4_04553,Newburyport,3.9996,2537.944806113425,0,0.64077,86.47
hex4_04554,Newburyport,3.1879,2122.5799553189827,0,0.41396,73.38
hex4_04555,Amesbury,3.9981,1388.3076256594043,0,0.56821,79.18
hex4_04556,Salisbury,3.9965,685.1784109225988,0,0.32429,42.31
hex4_04557,Salisbury,0.9066,125.52496215843894,0,0.27083,76.12
hex4_04558,Gosnold,1.9342,0.14135832814266733,0,0.08454,15.75
hex4_04559,New Bedford,0.6625,1008.2877442154505,0,0.27328,76.8
hex4_04560,Fairhaven,0.9884,1093.8594720847145,0,0.41816,96.81
hex4_04561,Fairhaven,3.9485,4201.139207078619,0,0.6544,88.26
hex4_04562,Fairhaven,3.9898,2261.9429257467805,0,0.27064,32.7
hex4_04563,Acushnet,3.9756,1556.6977378607596,0,0.41235,58.35
hex4_04564,Acushnet,3.9892,481.0406685684264,0,0.42742,60.43
hex4_04565,Acushnet,3.9325,561.1041999850572,0,0.48098,69.59
hex4_04566,Acushnet,3.7139,461.649205949848,0,0.412,62.75
hex4_04567,Rochester,3.9823,332.3281737950613,0,0.2849,35.39
hex4_04568,Rochester,3.9491,177.56043103125722,0,0.33599,45.02
hex4_04569,Middleborough,1.0359,18.498856947514152,0,0.15465,39.41
hex4_04570,Middleborough,2.3002,134.98940566053,0,0.17129,37.66
hex4_04571,Middleborough,1.9912,61.18419411832828,0,0.19784,55.15
hex4_04572,Middleborough,3.8523,303.7824225214533,0,0.40626,59.39
hex4_04573,Middleborough,3.93,1518.7342524127841,0,0.49737,71.68
hex4_04574,Middleborough,3.9355,1096.9329925754487,0,0.57799,81.15
hex4_04575,Middleborough,3.9957,248.25668024460992,0,0.37982,52.25
hex4_04576,Middleborough,3.9988,209.40391915581543,0,0.39861,55.83
hex4_04577,Middleborough,3.9954,133.3667613885313,0,0.37321,50.94
hex4_04578,Halifax,3.9669,446.6086992110609,0,0.42846,61.0
hex4_04579,Halifax,3.4792,732.6707175240718,0,0.39516,64.36
hex4_04580,Halifax,3.4953,632.3638529263599,0,0.31184,48.15
hex4_04581,Hanson,3.9475,494.69515570398664,0,0.24445,28.23
hex4_04582,Hanson,3.993,515.2638691449055,0,0.28532,35.31
hex4_04583,Hanson,3.9129,851.7134750375405,0,0.17911,17.76
hex4_04584,Hanson,3.9824,1285.2038994754184,0,0.34177,45.68
hex4_04585,Rockland,3.9599,1315.4927131268007,0,0.28026,34.87
hex4_04586,Hanover,4.0003,2033.0055127255198,0,0.25097,28.73
hex4_04587,Hanover,4.0003,1753.9921823778056,0,0.26413,31.11
hex4_04588,Rockland,3.5738,1153.4859692863777,0,0.60417,89.26
hex4_04589,Hingham,3.9325,1647.1469291608348,0,0.37136,51.58
hex4_04590,Hingham,3.8593,2150.1990863634005,0,0.43363,63.67
hex4_04591,Hingham,3.9459,2119.730346963456,0,0.4664,67.05
hex4_04592,Hingham,3.3537,2594.1523329254187,1,0.60316,91.93
hex4_04593,Hingham,0.8522,844.8523204266198,0,0.38406,94.34
hex4_04594,Hull,0.6332,893.2695938750151,0,0.42179,97.05
hex4_04595,Hull,1.16,2451.1318381330825,0,0.50207,99.12
hex4_04596,Swampscott,2.7303,4132.520984963671,0,0.43133,85.68
hex4_04597,Marblehead,3.5129,8097.0483659250995,0,0.62454,91.53
hex4_04598,Salem,2.2468,11391.20958523394,0,0.66889,99.66
hex4_04599,Salem,2.1455,6525.647642974221,0,0.48992,98.32
hex4_04600,Beverly,3.6297,13240.599436850873,0,0.76166,96.92
hex4_04601,Beverly,3.9654,5353.190032111246,0,0.87694,97.78
hex4_04602,Beverly,3.148,1800.3469964575772,0,0.76398,98.93
hex4_04603,Wenham,3.882,2606.8562602689744,0,0.66628,90.05
hex4_04604,Hamilton,3.9843,908.8716549598647,0,0.34479,46.21
hex4_04605,Hamilton,3.928,63.63531548454655,0,0.24111,27.9
hex4_04606,Ipswich,3.9237,232.73439596262057,0,0.35603,49.35
hex4_04607,Ipswich,3.9334,398.36071512058385,0,0.30476,39.5
hex4_04608,Rowley,3.967,853.8555699571544,0,0.39972,56.6
hex4_04609,Rowley,3.9625,1008.1472597666636,0,0.47554,67.96
hex4_04610,Rowley,3.7388,147.44547425323933,0,0.39996,60.32
hex4_04611,Newbury,3.82,100.67132574928658,0,0.24569,29.86
hex4_04612,Newbury,3.9264,297.59820637362003,0,0.33926,46.11
hex4_04613,Newburyport,3.983,2571.5591002879582,1,0.7476,93.59
hex4_04614,Newburyport,2.8554,4013.6235124764203,0,0.31076,61.59
hex4_04615,Salisbury,3.9622,499.52712780840704,0,0.32305,42.63
hex4_04616,Salisbury,3.9997,834.0899207354096,0,0.37365,50.98
hex4_04617,Salisbury,1.9643,409.7330288117423,0,0.2222,62.88
hex4_04618,Gosnold,1.4574,0.22994447398835552,0,0.07499,12.35
hex4_04619,Gosnold,1.6328,0.16989158048302003,0,0.05674,6.16
hex4_04620,Fairhaven,0.9791,484.3919388856383,0,0.25984,73.46
hex4_04621,Fairhaven,2.8178,1563.254399997892,0,0.25645,49.51
hex4_04622,Fairhaven,3.966,1088.7850181648187,0,0.17941,17.43
hex4_04623,Fairhaven,3.9951,255.96098760708236,0,0.23747,26.45
hex4_04624,Acushnet,3.9632,555.6180000696853,0,0.34122,45.87
hex4_04625,Acushnet,3.9851,344.6357533896976,0,0.44665,63.47
hex4_04626,Rochester,3.9634,298.86729964072117,0,0.31222,40.42
hex4_04627,Rochester,3.7232,243.6752308060834,0,0.38251,57.74
hex4_04628,Rochester,2.6119,160.44407100271033,0,0.32801,71.31
hex4_04629,Rochester,3.664,497.0810344511356,0,0.37438,57.51
hex4_04630,Middleborough,3.9976,284.5012386033039,0,0.34159,45.37
hex4_04631,Middleborough,3.9988,494.87090690574587,0,0.28511,35.22
hex4_04632,Middleborough,3.9721,454.8374627622555,0,0.3403,45.59
hex4_04633,Middleborough,3.6536,622.7214750594014,0,0.47363,73.3
hex4_04634,Middleborough,3.9791,582.2812991743997,0,0.57358,80.06
hex4_04635,Middleborough,3.9556,731.0459924250188,0,0.61104,84.16
hex4_04636,Middleborough,3.9307,335.52318171326965,0,0.47543,68.61
hex4_04637,Middleborough,3.9929,86.07691651504274,0,0.34995,46.97
hex4_04638,Halifax,3.991,289.6488550731061,0,0.3932,54.81
hex4_04639,Halifax,3.9973,419.15809573768286,0,0.3993,55.92
hex4_04640,Halifax,3.9611,524.6310280926862,0,0.39444,55.7
hex4_04641,Halifax,3.1711,192.5389215640567,0,0.21575,32.95
hex4_04642,Hanson,3.969,920.1277727138738,0,0.31336,40.56
hex4_04643,Hanson,3.7486,949.4425906521221,0,0.27687,37.21
hex4_04644,Hanson,3.9536,1507.2208441285372,0,0.42805,61.29
hex4_04645,Hanover,3.8298,1228.1777176910605,0,0.66784,90.67
hex4_04646,Hanover,4.0003,1638.7889589224328,0,0.68883,90.12
hex4_04647,Hanover,3.982,1678.7782163890422,0,0.3015,38.45
hex4_04648,Hanover,3.9829,1774.0923936622473,0,0.47365,67.39
hex4_04649,Norwell,3.8895,1387.865322518166,0,0.27028,33.88
hex4_04650,Hingham,3.9619,1373.353904039626,0,0.25742,30.27
hex4_04651,Hingham,3.9861,509.0395756739658,0,0.27577,33.65
hex4_04652,Hingham,3.9593,1358.3517778325306,0,0.43575,62.32
hex4_04653,Hingham,3.2016,1240.1540218586977,0,0.38512,68.21
hex4_04654,Hull,1.6448,2158.9532823710747,0,0.54918,99.45
hex4_04655,Hull,0.7206,1653.3260875717547,0,0.58031,99.57
hex4_04656,Marblehead,1.6508,2827.055056776615,0,0.35515,91.44
hex4_04657,Marblehead,3.5675,7453.254716407459,0,0.48498,76.46
hex4_04658,Marblehead,1.0739,1010.8707264013151,0,0.3191,86.18
hex4_04659,Beverly,1.2031,2267.9999802354855,0,0.55713,99.5
hex4_04660,Beverly,3.9799,5064.403479656845,0,0.70557,91.37
hex4_04661,Beverly,3.7188,1730.6329028965763,0,0.62778,89.12
hex4_04662,Wenham,3.7877,486.2472946536359,0,0.54596,80.04
hex4_04663,Hamilton,3.9356,1064.398786786189,0,0.54208,77.34
hex4_04664,Hamilton,3.9708,206.2762434471479,0,0.39549,55.74
hex4_04665,Ipswich,3.9039,381.24233178835385,0,0.37852,53.59
hex4_04666,Ipswich,3.9904,1110.952086681535,0,0.45799,65.31
hex4_04667,Ipswich,3.929,673.346228252903,0,0.38103,53.62
hex4_04668,Rowley,3.8243,445.57406409093954,0,0.32619,45.19
hex4_04669,Rowley,3.9386,247.7392547709356,0,0.33137,44.32
hex4_04670,Newbury,3.5115,129.25744129821922,0,0.3162,48.79
hex4_04671,Newbury,3.8081,240.6105697932784,0,0.35085,50.1
hex4_04672,Newbury,3.9406,1688.9682963203763,0,0.60192,83.57
hex4_04673,Newburyport,2.1766,4114.53024421222,0,0.38927,91.77
hex4_04674,Salisbury,3.8753,1117.66254640569,0,0.21801,24.61
hex4_04675,Salisbury,3.9991,1041.7919021247299,0,0.28004,34.31
hex4_04676,Salisbury,1.4566,405.65564549036446,0,0.18472,50.22
hex4_04677,Gosnold,1.3579,0.3248933982460637,0,0.04189,3.17
hex4_04678,Gosnold,0.5903,0.11486772296706248,0,0.03243,1.93
hex4_04679,Fairhaven,0.6261,101.30285096654026,0,0.13154,30.91
hex4_04680,Fairhaven,2.0947,153.24411028577663,0,0.15026,35.53
hex4_04681,Fairhaven,1.2906,462.12638301071473,0,0.22511,63.79
hex4_04682,Fairhaven,3.9768,1045.9105426614765,0,0.19522,19.72
hex4_04683,Mattapoisett,3.9989,428.31345886001765,0,0.18248,17.63
hex4_04684,Mattapoisett,3.9723,377.0862133272118,0,0.29867,38.2
hex4_04685,Mattapoisett,3.9883,325.2868225109953,0,0.34282,45.78
hex4_04686,Rochester,4.0,195.89434037359152,0,0.25298,29.07
hex4_04687,Rochester,3.9122,187.59660289628567,0,0.31784,42.38
hex4_04688,Rochester,3.7214,252.43127228036263,0,0.43028,65.71
hex4_04689,Rochester,2.9249,116.73755639940018,0,0.43378,81.89
hex4_04690,Rochester,3.9096,185.24791424783737,0,0.43569,63.11
hex4_04691,Middleborough,3.999,349.6629678797799,0,0.4038,56.76
hex4_04692,Middleborough,3.6931,495.2861808195003,0,0.37271,56.69
hex4_04693,Middleborough,3.641,304.2065728260894,0,0.30621,44.28
hex4_04694,Middleborough,3.8705,284.2711520526513,0,0.37036,52.59
hex4_04695,Middleborough,3.738,486.39242022647477,0,0.50875,76.53
hex4_04696,Middleborough,3.881,643.0171688433294,0,0.6557,89.19
hex4_04697,Middleborough,3.9902,332.49202087915603,0,0.60409,83.0
hex4_04698,Plympton,3.9975,152.7886888456568,0,0.32907,43.15
hex4_04699,Halifax,3.9865,268.8958326962018,0,0.26497,31.41
hex4_04700,Halifax,3.9659,879.1903702758708,0,0.5221,74.44
hex4_04701,Halifax,2.2176,1173.9095827934689,0,0.35319,86.0
hex4_04702,Hanson,3.8967,1185.9218577838185,0,0.51502,74.6
hex4_04703,Hanson,3.3277,1164.37474903028,0,0.32351,53.75
hex4_04704,Hanson,3.2628,1720.2947752366704,0,0.23396,35.48
hex4_04705,Hanson,3.9896,1447.0360222858635,0,0.49958,71.09
hex4_04706,Hanover,4.0003,1809.300406337589,0,0.7232,92.29
hex4_04707,Hanover,3.9929,1462.1409095425952,0,0.5551,77.84
hex4_04708,Hanover,3.9904,1072.0316249641132,0,0.53057,74.94
hex4_04709,Norwell,3.8978,1036.2934200797044,0,0.26478,32.86
hex4_04710,Norwell,3.9724,316.1274072959465,0,0.25622,29.98
hex4_04711,Hingham,3.9221,14.492095344770144,0,0.2676,33.13
hex4_04712,Cohasset,3.9502,119.98232202489599,0,0.30845,39.91
hex4_04713,Cohasset,3.9598,806.9155371841576,0,0.47493,67.91
hex4_04714,Cohasset,2.9604,2373.5859311463755,0,0.62592,97.15
hex4_04715,Marblehead,1.2398,1391.7481565482433,0,0.31746,85.82
hex4_04716,Marblehead,1.3444,2607.2711503826836,0,0.5518,99.46
hex4_04717,Beverly,2.3895,2942.214454090137,0,0.5906,99.07
hex4_04718,Beverly,3.985,1249.8368990668096,0,0.76648,94.4
hex4_04719,Wenham,3.9801,1895.3081151193942,0,0.58342,81.05
hex4_04720,Hamilton,3.9638,1376.0149932935929,0,0.53739,76.25
hex4_04721,Hamilton,3.9827,451.409884459207,0,0.62963,85.72
hex4_04722,Ipswich,3.9808,398.1867710248908,0,0.52986,75.1
hex4_04723,Ipswich,3.8674,2512.7990594683492,0,0.60207,84.73
hex4_04724,Ipswich,3.8733,3419.245196140627,0,0.51422,74.89
hex4_04725,Ipswich,3.5333,157.30352812200707,0,0.20844,26.26
hex4_04726,Ipswich,2.8017,53.653571293781596,0,0.20141,35.62
hex4_04727,Rowley,3.575,32.72273222674199,0,0.17211,19.12
hex4_04728,Newbury,3.3325,259.7780304913138,0,0.26716,41.63
hex4_04729,Newbury,3.7943,313.7257383530753,0,0.25418,31.88
hex4_04730,Newburyport,1.4313,86.87454378662895,0,0.15921,41.08
hex4_04731,Salisbury,2.0106,330.0313010412366,0,0.19958,55.38
hex4_04732,Salisbury,3.9921,1549.0169619645148,0,0.3995,56.08
hex4_04733,Salisbury,2.7485,239.81569957575147,0,0.27158,55.09
hex4_04734,Aquinnah,2.3146,105.49315591502689,0,0.39443,89.65
hex4_04735,Gosnold,0.9304,0.0,0,0.01727,0.88
hex4_04736,Gosnold,1.4103,0.0,0,0.01459,0.66
hex4_04737,Fairhaven,2.2482,429.97901019267283,0,0.13876,28.12
hex4_04738,Mattapoisett,3.0665,418.9898539359314,0,0.18148,26.31
hex4_04739,Mattapoisett,3.0649,598.873050918846,0,0.24418,41.22
hex4_04740,Mattapoisett,3.9999,999.4276390269949,0,0.41772,58.78
hex4_04741,Mattapoisett,4.0,282.3033170349285,0,0.46052,65.49
hex4_04742,Rochester,4.0,132.22700999632872,0,0.3394,44.82
hex4_04743,Rochester,4.0,218.5655443554922,0,0.36779,50.03
hex4_04744,Rochester,4.0,475.79897190960986,0,0.49191,69.88
hex4_04745,Rochester,3.9832,611.2467138418683,0,0.61309,84.03
hex4_04746,Rochester,3.9033,128.87000286754787,0,0.51539,74.53
hex4_04747,Middleborough,3.92,80.24837573029961,0,0.37139,51.89
hex4_04748,Middleborough,3.9889,369.65394816818974,0,0.50254,71.42
hex4_04749,Middleborough,3.9909,67.15773696810167,0,0.2839,35.17
hex4_04750,Middleborough,3.9842,72.28717292373362,0,0.23102,25.58
hex4_04751,Middleborough,3.9537,182.26384073985068,0,0.38543,54.07
hex4_04752,Middleborough,3.8508,517.4312589262781,0,0.52402,76.48
hex4_04753,Middleborough,3.9598,414.11406252747275,1,0.53384,75.89
hex4_04754,Plympton,3.9265,381.62174486301916,0,0.5391,77.11
hex4_04755,Plympton,3.9579,266.2864796308602,0,0.40187,57.15
hex4_04756,Plympton,3.9991,413.7369064824245,0,0.20788,21.51
hex4_04757,Halifax,3.6347,1257.9015207422422,0,0.35251,53.64
hex4_04758,Halifax,3.4499,1460.8332539704786,0,0.48989,79.15
hex4_04759,Pembroke,3.7663,1500.3884857713376,0,0.55103,80.94
hex4_04760,Pembroke,2.9422,2190.4745425263363,0,0.40979,77.95
hex4_04761,Pembroke,3.9929,1183.8604602249827,0,0.32804,43.03
hex4_04762,Pembroke,3.996,847.0409294101759,0,0.30512,38.84
hex4_04763,Hanover,4.0003,1321.6079057811448,0,0.48944,69.63
hex4_04764,Norwell,4.0003,656.5570154134448,0,0.30369,38.57
hex4_04765,Norwell,4.0,630.8921420912524,0,0.23266,25.7
hex4_04766,Norwell,3.9943,756.1299700729069,0,0.32328,42.17
hex4_04767,Norwell,3.8848,510.88031747616327,0,0.52216,75.69
hex4_04768,Cohasset,3.4613,717.62145929952,0,0.3412,54.88
hex4_04769,Cohasset,3.8106,1211.0398941013975,0,0.4788,71.34
hex4_04770,Cohasset,3.8639,1530.6848353830796,0,0.42741,62.54
hex4_04771,Cohasset,0.4489,292.52885601389943,0,0.38996,94.95
hex4_04772,Beverly,3.4886,1534.951762463862,0,0.72669,96.71
hex4_04773,Beverly,3.9457,1480.923078627769,0,0.56673,79.65
hex4_04774,Hamilton,3.1829,782.2110439229895,0,0.51664,87.15
hex4_04775,Hamilton,3.5333,1263.4586842501506,0,0.68742,94.9
hex4_04776,Hamilton,3.9865,297.8245725414468,0,0.52492,74.46
hex4_04777,Ipswich,3.9824,262.5333643137112,0,0.37776,52.0
hex4_04778,Ipswich,3.6463,448.30355739141254,0,0.29776,42.74
hex4_04779,Ipswich,3.1729,562.6210688532497,0,0.15666,20.01
hex4_04780,Ipswich,1.2601,115.83219478668384,0,0.14582,36.51
hex4_04781,Rowley,1.3034,4.49113641169859,0,0.0611,7.61
hex4_04782,Newbury,1.5772,46.556361242405636,0,0.119,26.51
hex4_04783,Newbury,3.1236,143.41124722471977,0,0.22079,34.81
hex4_04784,Newbury,2.935,671.1617446088381,0,0.33484,64.78
hex4_04785,Newburyport,0.9908,883.4883161277611,0,0.2597,73.37
hex4_04786,Salisbury,2.0288,620.3816182790972,0,0.35635,90.93
hex4_04787,Salisbury,1.8494,791.3028112044763,0,0.42429,97.26
hex4_04788,Salisbury,0.7287,377.6485575100176,0,0.30991,84.32
hex4_04789,Chilmark,1.9286,0.0,0,0.0148,0.68
hex4_04790,Aquinnah,0.7594,3.2520036761989415,0,0.17737,47.9
hex4_04791,Aquinnah,3.8775,149.45259912731106,0,0.44587,65.37
hex4_04792,Aquinnah,2.5705,92.33031208281207,0,0.47841,93.36
hex4_04793,Gosnold,1.7941,0.0,0,0.01525,0.7
hex4_04794,Gosnold,0.4841,0.3966644432752074,0,0.01376,0.63
hex4_04795,Mattapoisett,0.7805,130.88277587729817,0,0.16046,41.72
hex4_04796,Mattapoisett,1.5043,264.57457006040823,0,0.13875,33.83
hex4_04797,Mattapoisett,3.2951,1440.2400661482866,0,0.50324,83.53
hex4_04798,Mattapoisett,4.0,223.6957113498129,0,0.39109,54.23
hex4_04799,Mattapoisett,3.9977,111.49026631823078,0,0.47059,66.89
hex4_04800,Rochester,4.0,79.6076782116617,0,0.3573,48.22
hex4_04801,Rochester,3.9132,386.2689070597312,0,0.38352,54.48
hex4_04802,Rochester,3.6519,221.98972816146633,0,0.50289,77.3
hex4_04803,Rochester,3.9706,514.0725228849902,0,0.58575,81.53
hex4_04804,Rochester,3.9207,64.8590457138048,0,0.57041,80.62
hex4_04805,Middleborough,3.9783,219.47587453631056,0,0.49786,71.02
hex4_04806,Middleborough,3.9923,101.41505342884423,0,0.42839,60.6
hex4_04807,Middleborough,3.9676,59.35188741566837,0,0.31858,41.78
hex4_04808,Carver,3.9458,215.06953836439789,0,0.38685,54.52
hex4_04809,Carver,3.798,1414.0757338340047,0,0.39101,57.85
hex4_04810,Carver,3.5848,829.8894592939218,0,0.77408,97.49
hex4_04811,Carver,3.9545,295.8649591874745,0,0.60695,83.87
hex4_04812,Plympton,3.8091,354.3192213784706,0,0.51892,76.57
hex4_04813,Plympton,3.9232,300.9113396424783,0,0.33516,45.32
hex4_04814,Plympton,3.9972,339.43169745707246,0,0.26719,31.73
hex4_04815,Plympton,2.6297,1038.9192268144316,0,0.28337,60.82
hex4_04816,Pembroke,3.0094,759.7818631957607,0,0.47435,85.56
hex4_04817,Pembroke,3.971,987.2255689351977,0,0.47709,68.12
hex4_04818,Pembroke,3.9695,1582.9230260533254,0,0.54668,77.32
hex4_04819,Pembroke,4.0003,663.7598184622419,0,0.3903,54.09
hex4_04820,Pembroke,3.9991,960.5319053232681,0,0.20084,20.37
hex4_04821,Norwell,3.9996,810.321625507149,0,0.4194,59.1
hex4_04822,Norwell,3.9824,867.3234149845465,0,0.38721,53.77
hex4_04823,Norwell,3.9612,728.7010478545756,0,0.48261,69.21
hex4_04824,Norwell,3.9827,702.5366858268806,0,0.33532,44.37
hex4_04825,Scituate,3.985,571.3678373065814,0,0.34084,45.44
hex4_04826,Cohasset,3.9409,1599.874128176737,0,0.39957,57.1
hex4_04827,Cohasset,3.3283,2092.633951129612,0,0.53978,87.08
hex4_04828,Cohasset,0.7106,216.4483714893419,0,0.31547,85.63
hex4_04829,Manchester-By-The-Sea,3.7986,665.4556553482811,0,0.46103,68.77
hex4_04830,Manchester-By-The-Sea,3.9738,382.2255905505871,0,0.49184,70.2
hex4_04831,Essex,3.8552,182.59778834528373,0,0.60314,85.0
hex4_04832,Essex,3.9752,859.9207864745638,0,0.74896,93.75
hex4_04833,Essex,3.9332,358.7938572759399,0,0.44557,64.17
hex4_04834,Ipswich,3.6903,92.14071216210728,0,0.19343,21.71
hex4_04835,Ipswich,2.8212,153.69990703976165,0,0.13105,18.15
hex4_04836,Ipswich,1.7394,707.1481734484067,0,0.13906,33.92
hex4_04837,Ipswich,2.1166,0.0,0,0.03819,2.36
hex4_04838,Rowley,1.8359,6.90455857055092,0,0.03881,2.58
hex4_04839,Newbury,1.0784,59.36437297265315,0,0.12454,28.37
hex4_04840,Chilmark,1.0723,3.569558517685603,0,0.07199,11.2
hex4_04841,Aquinnah,2.0536,33.89546784328781,0,0.22706,62.5
hex4_04842,Aquinnah,2.5173,58.946062822914364,0,0.32289,72.54
hex4_04843,Gosnold,3.2348,3.60333555672483,0,0.02175,0.61
hex4_04844,Gosnold,1.3632,0.0,0,0.01674,0.82
hex4_04845,Mattapoisett,2.0595,423.0149929386774,0,0.25191,69.61
hex4_04846,Mattapoisett,3.9965,229.30260263252188,0,0.29385,36.91
hex4_04847,Marion,3.9858,234.69362631953322,0,0.46164,65.92
hex4_04848,Marion,3.9757,328.1252275032224,0,0.50646,72.1
hex4_04849,Marion,3.9926,640.1156280331594,0,0.36897,50.33
hex4_04850,Marion,3.7499,138.35445079384056,0,0.36861,54.68
hex4_04851,Rochester,3.8748,604.7787528447625,0,0.56961,81.26
hex4_04852,Rochester,3.9662,418.77237805480286,0,0.64141,86.92
hex4_04853,Rochester,3.9088,283.81161863885114,0,0.68696,90.96
hex4_04854,Middleborough,3.9993,344.3143030954524,0,0.58155,80.56
hex4_04855,Carver,3.7485,480.1061130238601,0,0.52804,78.7
hex4_04856,Carver,3.0996,141.75576274709206,0,0.35988,66.05
hex4_04857,Carver,3.9197,623.314054708051,0,0.4894,70.74
hex4_04858,Carver,3.9363,923.2707111105076,0,0.43478,62.47
hex4_04859,Carver,3.7148,789.9477426551053,0,0.63493,89.87
hex4_04860,Carver,3.8812,423.9128432385362,0,0.49143,71.74
hex4_04861,Plympton,3.9486,331.51054355129554,0,0.32695,43.48
hex4_04862,Kingston,3.9659,930.1876725017942,0,0.46022,66.03
hex4_04863,Kingston,4.0002,1176.876767027619,0,0.31772,40.95
hex4_04864,Kingston,3.9714,1129.7125586367144,0,0.30276,38.79
hex4_04865,Pembroke,3.9288,1166.242049864857,0,0.35121,48.29
hex4_04866,Pembroke,3.9594,707.8224659262128,0,0.3979,56.38
hex4_04867,Pembroke,3.6079,1283.5546356674718,0,0.32279,48.34
hex4_04868,Pembroke,4.0003,1244.5335804612487,0,0.26593,31.43
hex4_04869,Norwell,3.9392,704.7803014239695,0,0.2151,23.21
hex4_04870,Marshfield,3.871,418.07014388021685,0,0.2318,26.67
hex4_04871,Norwell,3.8351,484.61494412663285,0,0.34023,47.91
hex4_04872,Norwell,3.9452,985.5926924602607,0,0.34611,47.0
hex4_04873,Scituate,3.9557,1061.3539629922846,0,0.31597,41.35
hex4_04874,Scituate,3.9714,2005.990267540962,0,0.40683,57.67
hex4_04875,Scituate,3.4856,927.8441613978786,0,0.22363,29.73
hex4_04876,Scituate,0.7239,123.95122818600325,0,0.18875,51.55
hex4_04877,Manchester-By-The-Sea,3.9208,255.45258354632463,0,0.33737,45.82
hex4_04878,Manchester-By-The-Sea,4.1124,2826.823676286525,0,0.63832,84.45
hex4_04879,Essex,3.9924,146.0951047163051,0,0.3792,52.12
hex4_04880,Essex,3.9634,524.3912735790079,0,0.5595,78.84
hex4_04881,Essex,3.5081,601.3638433172899,0,0.63123,91.96
hex4_04882,Essex,3.0009,35.58327740492388,0,0.22743,38.48
hex4_04883,Ipswich,2.9991,50.55648676882077,0,0.09081,7.48
hex4_04884,Ipswich,0.8542,1.6209077956497149,0,0.05522,5.8
hex4_04885,Ipswich,1.1729,0.0,0,0.03543,2.26
hex4_04886,Chilmark,1.4997,25.967324163499587,0,0.08126,14.44
hex4_04887,Chilmark,2.3172,39.2981066280636,0,0.14598,28.92
hex4_04888,Chilmark,2.4043,56.958764028839425,1,0.15645,30.3
hex4_04889,Chilmark,0.5178,9.32616569664798,0,0.18226,49.6
hex4_04890,Gosnold,2.5422,0.0,0,0.02093,0.79
hex4_04891,Gosnold,2.043,0.0,0,0.02143,1.0
hex4_04892,Mattapoisett,0.4089,122.97639123521984,0,0.20057,56.2
hex4_04893,Mattapoisett,2.2808,287.6407944762754,0,0.28563,71.11
hex4_04894,Marion,2.6866,512.1199941946838,0,0.3255,68.68
hex4_04895,Marion,2.4665,1078.0175498497827,0,0.63624,99.23
hex4_04896,Marion,3.4317,761.2379904504501,0,0.50004,80.78
hex4_04897,Wareham,3.6495,801.5305718320868,0,0.39774,61.66
hex4_04898,Wareham,3.631,386.47528726957455,0,0.48891,75.82
hex4_04899,Wareham,3.9865,789.9624565778332,0,0.7141,91.8
hex4_04900,Wareham,3.8819,1143.6907776010007,0,0.67866,90.73
hex4_04901,Carver,3.7951,64.53881578960112,0,0.49647,73.92
hex4_04902,Carver,3.9595,371.2603655289277,0,0.78413,95.45
hex4_04903,Carver,3.0716,166.64244595982456,0,0.6119,95.65
hex4_04904,Carver,3.9215,240.31030882588124,0,0.42997,62.13
hex4_04905,Carver,3.959,565.3098090386741,0,0.45106,64.67
hex4_04906,Carver,3.8599,666.5423793497143,0,0.51427,75.21
hex4_04907,Carver,3.7599,480.9127523669488,0,0.46953,70.79
hex4_04908,Kingston,3.8189,416.06756518664463,0,0.29004,38.59
hex4_04909,Kingston,3.7852,1217.0704252205485,0,0.39694,59.12
hex4_04910,Kingston,3.9698,933.0426343532995,0,0.4457,63.54
hex4_04911,Kingston,3.9895,791.2281083354842,0,0.40791,57.54
hex4_04912,Duxbury,3.8054,1452.473826436726,0,0.21117,24.04
hex4_04913,Duxbury,3.9424,956.8828995386286,0,0.34331,46.52
hex4_04914,Duxbury,3.9381,466.50341184706997,0,0.25694,30.46
hex4_04915,Pembroke,3.9359,1011.9729962547011,0,0.21789,23.81
hex4_04916,Marshfield,3.9949,2028.1630396297946,0,0.47209,67.03
hex4_04917,Marshfield,4.0003,1513.4089739241172,0,0.28336,34.96
hex4_04918,Marshfield,4.0003,783.681021606357,0,0.30349,38.55
hex4_04919,Scituate,3.8268,847.5176321536144,0,0.26846,34.4
hex4_04920,Scituate,3.8221,1480.678205632167,0,0.48373,71.7
hex4_04921,Scituate,3.9453,2712.960090855816,0,0.33551,45.0
hex4_04922,Scituate,2.5785,1334.847300988659,0,0.24583,52.39
hex4_04923,Scituate,0.609,422.66909002628813,0,0.26249,74.26
hex4_04924,Manchester-By-The-Sea,2.0057,269.20965254556234,0,0.39527,95.29
hex4_04925,Manchester-By-The-Sea,3.949,575.8375619676626,0,0.51692,74.01
hex4_04926,Gloucester,3.7815,170.72577647960182,0,0.53766,79.2
hex4_04927,Gloucester,3.9794,558.093797716592,0,0.39314,55.07
hex4_04928,Essex,2.2662,176.8527165278774,0,0.22777,56.42
hex4_04929,Essex,2.2664,3.772954791372214,0,0.06823,7.34
hex4_04930,Ipswich,0.9976,3.687663290929233,0,0.05175,5.05
hex4_04931,Chilmark,3.777,120.50905591843357,1,0.32418,45.7
hex4_04932,Chilmark,3.9885,93.49604806614299,0,0.27813,34.06
hex4_04933,Chilmark,2.2232,42.05617248178501,0,0.3747,89.05
hex4_04934,Gosnold,0.986,0.0,0,0.02334,1.24
hex4_04935,Gosnold,2.9297,0.0,0,0.03816,1.34
hex4_04936,Marion,0.9331,103.79805296196902,0,0.13717,33.35
hex4_04937,Marion,3.7279,317.2436840655655,0,0.32377,46.39
hex4_04938,Marion,2.9638,981.4039711817062,0,0.44197,82.16
hex4_04939,Wareham,3.439,2037.8094355020487,0,0.41351,68.16
hex4_04940,Wareham,3.6958,888.0807503359848,0,0.54198,81.06
hex4_04941,Wareham,3.9251,508.43979084672884,0,0.6765,90.17
hex4_04942,Carver,3.6573,46.92591004057087,0,0.47214,72.87
hex4_04943,Carver,3.8449,676.1135212412009,0,0.59307,84.11
hex4_04944,Carver,3.4132,508.6715569984581,0,0.64204,93.65
hex4_04945,Carver,3.7885,196.88696267672466,0,0.37354,54.9
hex4_04946,Carver,3.9442,539.769361197559,0,0.33132,44.23
hex4_04947,Carver,3.8599,711.5800875219029,0,0.58171,82.78
hex4_04948,Plymouth,3.6791,1478.5205251738703,0,0.6162,88.69
hex4_04949,Plymouth,3.8756,1538.6287890372212,0,0.22288,25.22
hex4_04950,Kingston,3.8848,343.8605066207762,0,0.21389,23.52
hex4_04951,Kingston,3.9867,866.949641396904,0,0.30424,38.8
hex4_04952,Kingston,3.9568,1430.7413672233529,0,0.46426,66.78
hex4_04953,Duxbury,3.9951,1868.6650214564881,0,0.36007,48.88
hex4_04954,Duxbury,3.971,1261.501092120286,0,0.20177,20.67
hex4_04955,Duxbury,3.8364,871.3803231996529,0,0.34143,48.0
hex4_04956,Duxbury,3.9994,586.917196488227,0,0.20606,21.21
hex4_04957,Marshfield,3.9854,1092.1341022368433,0,0.29364,37.05
hex4_04958,Marshfield,4.0003,1042.5506922661627,0,0.20698,21.46
hex4_04959,Marshfield,3.9965,863.2426050458627,0,0.26028,30.39
hex4_04960,Marshfield,3.6174,604.6689864810697,0,0.27492,38.64
hex4_04961,Scituate,3.6267,808.2250602561817,0,0.31271,45.98
hex4_04962,Scituate,3.6152,2567.8268605325707,0,0.61099,89.21
hex4_04963,Scituate,2.0502,2632.779468118554,0,0.41648,96.17
hex4_04964,Manchester-By-The-Sea,3.0614,955.8558483433474,0,0.6265,96.28
hex4_04965,Gloucester,3.8641,218.5751382634229,0,0.67976,91.0
hex4_04966,Gloucester,3.8958,367.75758486279386,0,0.54954,78.79
hex4_04967,Gloucester,3.8013,405.46082002942654,0,0.28753,38.43
hex4_04968,Gloucester,0.9215,64.40027335063303,0,0.13851,33.7
hex4_04969,Ipswich,0.4149,1.5336973423146596,0,0.05499,5.66
hex4_04970,Chilmark,3.9368,113.96810373426204,0,0.33331,44.66
hex4_04971,Chilmark,3.9943,147.64242469967382,0,0.4402,62.39
hex4_04972,Chilmark,3.8967,85.14885373718961,0,0.3108,41.26
hex4_04973,Chilmark,1.1355,20.07494500356899,0,0.30116,82.71
hex4_04974,Gosnold,1.325,0.0,0,0.04126,3.04
hex4_04975,Gosnold,2.6944,24.608115189900616,0,0.07862,6.71
hex4_04976,Marion,0.7405,24.713984916877436,0,0.16879,44.59
hex4_04977,Marion,1.4163,115.71143092443032,0,0.26658,75.3
hex4_04978,Marion,0.6591,98.69006357633442,0,0.23958,67.89
hex4_04979,Wareham,1.6856,1122.691832537122,0,0.41476,96.55
hex4_04980,Wareham,3.1757,1985.9187068747042,0,0.53602,89.1
hex4_04981,Wareham,3.7205,194.95758841210665,0,0.48409,73.53
hex4_04982,Wareham,3.5671,114.01538370901211,0,0.33072,50.47
hex4_04983,Carver,3.9015,85.33648405093267,0,0.52845,76.18
hex4_04984,Carver,3.9483,315.8010391733905,0,0.46828,67.32
hex4_04985,Carver,3.9061,195.46378373079028,0,0.34134,46.77
hex4_04986,Carver,3.5647,80.40331636844557,0,0.21506,27.13
hex4_04987,Plymouth,3.8807,271.14715702230905,0,0.40939,59.42
hex4_04988,Plymouth,3.71,897.1237887284568,0,0.56656,83.52
hex4_04989,Plymouth,3.8774,3043.2519843900413,0,0.37114,52.66
hex4_04990,Plymouth,3.9487,1160.8474613544122,0,0.24174,27.73
hex4_04991,Kingston,3.8965,766.6509033605777,0,0.6142,85.57
hex4_04992,Kingston,3.7427,2042.077523469467,0,0.4776,72.15
hex4_04993,Duxbury,3.0187,1533.7893823882598,0,0.27082,48.61
hex4_04994,Duxbury,3.7034,932.2192714949283,0,0.17993,19.4
hex4_04995,Duxbury,3.9,667.1027109301418,0,0.1649,15.77
hex4_04996,Duxbury,3.8384,904.3566585032498,0,0.17674,17.93
hex4_04997,Marshfield,3.9308,1300.1576131389966,0,0.40807,58.42
hex4_04998,Marshfield,4.0003,1038.39731199017,0,0.34245,45.5
hex4_04999,Marshfield,4.0003,1361.981318349944,0,0.26148,30.54
hex4_05000,Marshfield,3.0572,678.0078050153483,0,0.14674,18.97
hex4_05001,Scituate,0.9741,204.7321964627879,0,0.14144,34.85
hex4_05002,Scituate,0.7555,500.5988163763938,0,0.38517,94.45
hex4_05003,Gloucester,0.7827,841.4559999660521,0,0.68944,99.95
hex4_05004,Gloucester,3.903,866.4881665099686,0,0.66984,90.03
hex4_05005,Gloucester,3.7372,940.9863484844946,0,0.66136,91.25
hex4_05006,Gloucester,3.2758,490.52963628779537,0,0.68271,96.72
hex4_05007,Gloucester,3.6606,491.73211966524445,0,0.3471,51.96
hex4_05008,Chilmark,1.0416,21.160257007015545,0,0.25895,73.15
hex4_05009,Chilmark,3.8951,146.87629171610783,0,0.38934,55.99
hex4_05010,Chilmark,3.9662,125.7546242662525,0,0.27949,34.71
hex4_05011,West Tisbury,3.9606,59.08962896410558,0,0.44122,63.06
hex4_05012,West Tisbury,3.6631,80.02377181119975,0,0.44492,68.87
hex4_05013,West Tisbury,1.1922,13.172753725789445,0,0.41899,96.83
hex4_05014,Gosnold,1.389,2.162860707505981,0,0.07061,10.79
hex4_05015,Wareham,2.1173,118.69463764034644,0,0.28961,76.84
hex4_05016,Wareham,3.5947,1480.2944327705386,0,0.33841,51.3
hex4_05017,Wareham,3.7364,1210.2737371428866,0,0.48274,72.96
hex4_05018,Wareham,4.0001,192.8493499753222,0,0.36697,49.85
hex4_05019,Plymouth,3.965,90.34969248863396,0,0.26853,32.63
hex4_05020,Plymouth,3.9496,0.0,0,0.15918,14.27
hex4_05021,Carver,3.5479,6.174722647766418,0,0.15246,16.22
hex4_05022,Plymouth,3.9968,0.10100809492697752,0,0.08611,3.42
hex4_05023,Plymouth,3.5904,34.24056650190182,0,0.15275,15.95
hex4_05024,Plymouth,3.7216,265.3353368376547,0,0.32188,46.18
hex4_05025,Plymouth,3.7343,1204.7024730432754,0,0.24678,31.16
hex4_05026,Plymouth,2.9784,1814.5147667202016,0,0.35625,67.75
hex4_05027,Plymouth,3.9328,2666.530832601263,0,0.39983,57.2
hex4_05028,Plymouth,2.4154,3174.9462934219755,0,0.56051,98.55
hex4_05029,Duxbury,3.1969,1505.2599410375014,0,0.25026,40.02
hex4_05030,Duxbury,3.9386,856.8721033439703,0,0.23606,26.74
hex4_05031,Duxbury,3.9044,1103.3863783073582,0,0.28008,35.55
hex4_05032,Marshfield,3.9001,1624.8092598690664,0,0.17968,17.97
hex4_05033,Marshfield,3.83,1870.207912039522,0,0.21128,23.59
hex4_05034,Marshfield,3.8129,1481.5301513655645,0,0.18717,19.71
hex4_05035,Marshfield,1.9276,1218.4554917452795,0,0.30624,83.69
hex4_05036,Gloucester,2.1045,433.00163579332684,0,0.6595,99.75
hex4_05037,Gloucester,3.0557,4727.41892535111,0,0.86829,99.53
hex4_05038,Gloucester,2.6334,2067.23576305339,0,0.63974,98.94
hex4_05039,Gloucester,1.8195,696.5825163127654,0,0.62591,99.73
hex4_05040,Chilmark,3.205,55.79061797595081,0,0.27381,45.36
hex4_05041,Chilmark,3.67,215.52785960074183,0,0.36521,55.65
hex4_05042,West Tisbury,3.9633,233.7127053440779,0,0.49503,70.81
hex4_05043,West Tisbury,3.9588,263.3100102491736,0,0.58268,81.44
hex4_05044,West Tisbury,3.8834,203.51198568381986,0,0.52444,76.02
hex4_05045,West Tisbury,1.1682,102.86952888924942,0,0.47666,98.75
hex4_05046,Gosnold,0.547,0.7868903472853336,0,0.08148,14.48
hex4_05047,Falmouth,1.7433,381.74442981512175,0,0.27689,77.61
hex4_05048,Wareham,1.3669,143.4642757522847,0,0.19243,53.0
hex4_05049,Wareham,3.0457,1033.932348725817,0,0.22022,36.01
hex4_05050,Wareham,3.7162,1597.884330042508,0,0.54062,80.6
hex4_05051,Wareham,3.4729,413.7497829884356,0,0.2573,37.39
hex4_05052,Wareham,3.9742,79.76010895391552,0,0.30385,38.88
hex4_05053,Plymouth,3.8817,0.0,0,0.13134,9.75
hex4_05054,Plymouth,3.9351,7.739265307050442,0,0.08212,3.13
hex4_05055,Plymouth,3.8188,83.00752153072526,0,0.09965,5.1
hex4_05056,Plymouth,3.7627,6.679626010770768,0,0.09318,4.62
hex4_05057,Plymouth,3.3827,104.12514713974838,0,0.19462,25.24
hex4_05058,Plymouth,3.1839,162.52570093245498,0,0.18686,26.06
hex4_05059,Plymouth,3.6615,993.9342442331474,0,0.38328,58.9
hex4_05060,Plymouth,3.8069,4920.884911605554,0,0.49244,73.08
hex4_05061,Plymouth,0.9958,1289.7429804554974,0,0.3436,90.08
hex4_05062,Duxbury,1.0589,340.626972195457,0,0.2275,64.47
hex4_05063,Duxbury,1.056,483.2918845675968,0,0.19894,55.63
hex4_05064,Duxbury,2.3851,803.769026526529,0,0.23458,54.7
hex4_05065,Marshfield,3.6676,1159.5264791659536,0,0.33367,49.47
hex4_05066,Marshfield,3.7663,1060.5659855629247,0,0.28117,37.86
hex4_05067,Marshfield,2.7098,2437.6254546773066,0,0.296,61.82
hex4_05068,Gloucester,1.4145,322.44699347687185,0,0.50644,99.18
hex4_05069,Gloucester,2.2223,6518.790464326738,0,0.88285,99.98
hex4_05070,Gloucester,3.8148,3374.475967434202,0,0.87874,98.42
hex4_05071,Gloucester,3.6041,594.5756415967243,0,0.71788,95.63
hex4_05072,Gloucester,3.702,779.9718771365124,0,0.6074,87.7
hex4_05073,Gloucester,0.9468,642.4607678854292,0,0.49812,99.11
hex4_05074,Chilmark,0.3713,4.333272848233267,0,0.09845,19.87
hex4_05075,West Tisbury,2.1595,25.97728389832548,0,0.31044,79.77
hex4_05076,West Tisbury,3.9671,314.87505023034123,0,0.62515,85.52
hex4_05077,West Tisbury,3.9995,147.85478097806393,0,0.43303,61.3
hex4_05078,West Tisbury,3.9939,573.0240246239016,0,0.65466,87.67
hex4_05079,West Tisbury,3.8529,316.2077656366799,0,0.49245,72.27
hex4_05080,West Tisbury,2.7456,158.58825389231015,0,0.45417,88.13
hex4_05081,Falmouth,0.6727,81.86120230731107,0,0.18752,51.12
hex4_05082,Falmouth,3.018,392.48053924457236,0,0.34774,65.58
hex4_05083,Falmouth,2.6808,510.45286453201413,0,0.21794,42.4
hex4_05084,Falmouth,1.0004,237.90382624899,0,0.29628,81.83
hex4_05085,Falmouth,1.0466,62.741173080602636,0,0.32385,87.04
hex4_05086,Falmouth,1.2885,246.76855352037734,0,0.41482,96.58
hex4_05087,Falmouth,0.7344,158.43754394555373,0,0.33395,88.58
hex4_05088,Falmouth,0.6519,224.83099580759523,0,0.31471,85.45
hex4_05089,Bourne,1.2146,83.57612357969728,0,0.31852,85.99
hex4_05090,Bourne,1.7575,123.89716334859627,0,0.28871,80.15
hex4_05091,Wareham,1.4312,155.26404317980268,0,0.18112,49.17
hex4_05092,Wareham,3.2639,2109.271263824109,0,0.43672,75.46
hex4_05093,Wareham,3.7281,245.44202889006547,0,0.23506,29.0
hex4_05094,Wareham,3.4095,1070.4136344127558,0,0.41436,68.95
hex4_05095,Plymouth,3.7255,440.1590816283248,0,0.23859,29.64
hex4_05096,Plymouth,3.8278,9.394224995525313,0,0.11785,7.77
hex4_05097,Plymouth,3.9085,4.578209307809503,0,0.08521,3.53
hex4_05098,Plymouth,3.9988,2.162893453249438,0,0.11196,5.96
hex4_05099,Plymouth,3.841,164.71810627724508,0,0.25618,31.57
hex4_05100,Plymouth,3.7128,699.3543269010785,0,0.33925,49.67
hex4_05101,Plymouth,3.9068,795.391568463266,0,0.40939,59.03
hex4_05102,Plymouth,3.8357,2369.264260456123,0,0.41724,61.54
hex4_05103,Plymouth,0.3588,1.5781962326437233,0,0.02435,1.25
hex4_05104,Duxbury,0.9924,122.57722048180926,0,0.18186,49.44
hex4_05105,Marshfield,1.6385,1142.8573061224529,0,0.35547,91.5
hex4_05106,Marshfield,1.1554,1353.7701535487777,0,0.51941,99.27
hex4_05107,Gloucester,1.7005,693.3801026657204,0,0.65218,99.89
hex4_05108,Gloucester,2.9451,2257.3115099379784,0,0.89755,99.71
hex4_05109,Rockport,3.9175,819.4908536281844,0,0.75788,94.68
hex4_05110,Rockport,3.9202,1529.8327977481297,0,0.58432,82.12
hex4_05111,Rockport,3.8567,1381.7369503394832,0,0.56007,80.42
hex4_05112,Rockport,0.6355,132.50550835081341,0,0.45671,98.34
hex4_05113,West Tisbury,2.1545,9.465553896528839,0,0.25062,66.15
hex4_05114,West Tisbury,3.8311,156.79143132289553,0,0.49587,73.13
hex4_05115,West Tisbury,3.9934,129.73518396916216,0,0.45923,65.38
hex4_05116,West Tisbury,3.9995,256.69804957153343,0,0.48629,69.0
hex4_05117,West Tisbury,3.9918,335.90475259627476,0,0.59258,81.92
hex4_05118,Tisbury,3.669,548.633646444733,0,0.51005,77.82
hex4_05119,Tisbury,1.4871,83.90474883334133,0,0.32167,86.68
hex4_05120,Falmouth,2.5897,954.8137721142957,0,0.27523,59.84
hex4_05121,Falmouth,3.9637,1020.5068627277478,0,0.34552,46.55
hex4_05122,Falmouth,3.6238,578.1273952415286,0,0.47894,74.62
hex4_05123,Falmouth,3.8708,780.7584103570072,0,0.72506,93.5
hex4_05124,Falmouth,3.785,839.3887062208865,0,0.56565,82.37
hex4_05125,Falmouth,3.7404,1259.4283853931631,0,0.55477,81.9
hex4_05126,Bourne,1.6661,360.8630926444419,0,0.46283,98.51
hex4_05127,Bourne,1.1943,341.06021787291786,0,0.41578,96.67
hex4_05128,Bourne,1.6157,521.7832397844317,0,0.42819,97.44
hex4_05129,Bourne,0.9904,296.48603990916786,0,0.5284,99.32
hex4_05130,Bourne,1.6999,2054.2435430655128,0,0.51804,99.25
hex4_05131,Wareham,2.3663,2125.8004008281937,0,0.45996,94.85
hex4_05132,Plymouth,3.884,884.0787082887206,0,0.29198,38.18
hex4_05133,Wareham,3.698,956.6782502054696,0,0.27751,38.07
hex4_05134,Plymouth,3.0561,443.0457311389509,0,0.26552,46.41
hex4_05135,Plymouth,3.9224,610.8487860839649,0,0.2175,23.98
hex4_05136,Plymouth,3.1,38.26284868214454,0,0.20637,31.5
hex4_05137,Plymouth,3.8365,521.0745475792548,0,0.343,48.31
hex4_05138,Plymouth,3.9904,397.1036822816835,0,0.40119,56.43
hex4_05139,Plymouth,3.8724,389.2628213336506,0,0.37479,53.48
hex4_05140,Plymouth,3.8456,721.546221633624,0,0.27155,34.78
hex4_05141,Plymouth,0.5556,162.38193259027736,0,0.22925,65.15
hex4_05142,Plymouth,0.8828,27.706507670486175,0,0.03252,1.97
hex4_05143,Duxbury,0.4539,0.0,0,0.02245,1.15
hex4_05144,Rockport,1.4639,421.02587849292763,0,0.64236,99.84
hex4_05145,Rockport,3.8608,1712.3196857203611,0,0.68882,91.62
hex4_05146,Rockport,0.7555,841.4477795815324,0,0.59397,99.62
hex4_05147,West Tisbury,3.22,27.54368985368476,0,0.36002,63.33
hex4_05148,Edgartown,3.9804,235.0688609625679,1,0.43216,61.43
hex4_05149,Edgartown,3.999,1.5199926646978021,0,0.29263,36.71
hex4_05150,Oak Bluffs,3.971,382.3241755152544,0,0.70867,91.64
hex4_05151,Tisbury,3.3941,1020.7459311328435,0,0.77273,98.26
hex4_05152,Tisbury,3.4186,2742.450433492456,0,0.7333,97.46
hex4_05153,Tisbury,2.3947,330.98948441072866,0,0.32587,76.5
hex4_05154,Falmouth,3.7505,2820.051774503326,0,0.58683,85.02
hex4_05155,Falmouth,3.6601,993.6848094034626,0,0.5113,78.25
hex4_05156,Falmouth,3.7848,701.774619680904,0,0.6252,88.03
hex4_05157,Falmouth,3.9477,225.06910606083565,0,0.85267,97.51
hex4_05158,Falmouth,3.9481,731.4023828041563,0,0.71518,92.32
hex4_05159,Falmouth,3.9944,803.8491521996093,0,0.63029,85.65
hex4_05160,Bourne,3.8496,572.9830487848109,0,0.55304,79.68
hex4_05161,Bourne,3.8658,1410.5991868288772,0,0.65521,89.37
hex4_05162,Bourne,3.935,1323.0703454301454,0,0.51234,73.6
hex4_05163,Bourne,3.6583,1409.8080443369663,0,0.52708,79.97
hex4_05164,Bourne,3.4319,2075.2675389907786,0,0.5267,83.86
hex4_05165,Bourne,3.3152,629.303115803599,0,0.343,58.19
hex4_05166,Plymouth,3.9249,235.40491429211852,0,0.29652,38.37
hex4_05167,Plymouth,3.1482,1526.2737382042876,0,0.44888,79.42
hex4_05168,Plymouth,3.6937,1479.1384962910283,0,0.36169,54.32
hex4_05169,Plymouth,3.8215,1176.1163227334998,0,0.39415,57.99
hex4_05170,Plymouth,3.1873,309.02928059256124,0,0.44781,78.54
hex4_05171,Plymouth,3.9912,1703.4453958482572,0,0.58353,80.9
hex4_05172,Plymouth,3.9445,1257.6475876741515,0,0.41671,59.48
hex4_05173,Plymouth,3.9112,108.18922290912437,0,0.21176,22.95
hex4_05174,Plymouth,2.9064,408.7540051433457,0,0.19479,31.9
hex4_05175,Rockport,1.1377,301.72237152244,0,0.65488,99.93
hex4_05176,Rockport,0.9926,341.86296507534405,0,0.54873,99.43
hex4_05177,Edgartown,1.9477,11.84247809147854,0,0.16107,41.99
hex4_05178,Edgartown,3.8199,21.021658232516362,0,0.27665,36.1
hex4_05179,Edgartown,3.9822,9.928781050016092,0,0.31637,40.99
hex4_05180,Edgartown,3.9935,352.5689366412939,0,0.51723,73.21
hex4_05181,Oak Bluffs,3.9772,627.6436196461568,0,0.72101,92.34
hex4_05182,Oak Bluffs,2.4707,1633.8525248081548,0,0.73534,99.64
hex4_05183,Oak Bluffs,0.7969,356.79593327327956,0,0.41254,96.4
hex4_05184,Falmouth,1.0841,589.4273061832953,0,0.26994,75.96
hex4_05185,Falmouth,3.2267,1963.538323306197,0,0.35247,61.8
hex4_05186,Falmouth,3.9266,2382.9720935282326,0,0.45192,65.44
hex4_05187,Falmouth,3.5547,1415.6080505342456,0,0.74144,96.76
hex4_05188,Falmouth,3.7527,889.9814448785378,0,0.75772,96.03
hex4_05189,Falmouth,3.988,391.2350053013273,0,0.58952,81.69
hex4_05190,Bourne,3.9714,498.13579768445294,0,0.61743,84.64
hex4_05191,Bourne,3.9752,249.39844400436405,0,0.66235,88.46
hex4_05192,Bourne,3.9607,338.8157010254649,0,0.55831,78.74
hex4_05193,Bourne,3.9837,794.262745477268,0,0.61106,83.82
hex4_05194,Bourne,3.9911,534.7114752395247,0,0.58124,80.76
hex4_05195,Bourne,3.4904,660.2796107182509,0,0.44466,72.11
hex4_05196,Bourne,3.9386,387.1185994214984,0,0.36385,50.26
hex4_05197,Plymouth,3.8617,423.2668421292364,0,0.41179,60.1
hex4_05198,Plymouth,3.5362,1737.8632552527533,0,0.34412,53.91
hex4_05199,Plymouth,3.6044,781.59511486302,0,0.32857,49.62
hex4_05200,Plymouth,3.7359,334.85985768429293,0,0.3698,55.18
hex4_05201,Plymouth,3.8622,835.3792496752075,0,0.49286,72.17
hex4_05202,Plymouth,3.5373,792.7945171155737,0,0.41486,66.74
hex4_05203,Plymouth,4.0,1042.559053075814,0,0.28511,35.19
hex4_05204,Plymouth,4.0002,842.2870396851184,0,0.24069,26.96
hex4_05205,Plymouth,1.016,138.0993277473217,1,0.14869,37.55
hex4_05206,Edgartown,1.995,12.471853970932484,0,0.24985,70.83
hex4_05207,Edgartown,3.6293,81.7062775373931,0,0.37646,58.37
hex4_05208,Edgartown,3.9969,1134.7924037680423,0,0.48606,69.09
hex4_05209,Edgartown,2.5725,152.64333587884624,0,0.46347,92.09
hex4_05210,Oak Bluffs,2.7643,300.05938596440666,0,0.66384,98.82
hex4_05211,Oak Bluffs,3.0326,1675.3276108024056,0,0.70334,98.53
hex4_05212,Falmouth,2.2846,727.6829791547815,0,0.30406,75.07
hex4_05213,Falmouth,3.6082,1850.6232285292663,0,0.55136,83.62
hex4_05214,Falmouth,3.8593,1364.8348262917348,0,0.51564,75.37
hex4_05215,Falmouth,3.5912,615.7956947295381,0,0.55379,84.09
hex4_05216,Falmouth,3.7964,182.5442466899432,0,0.58988,84.55
hex4_05217,Sandwich,3.9731,32.57755841266183,0,0.57204,79.9
hex4_05218,Bourne,3.9983,6.657862533103173,0,0.54602,76.75
hex4_05219,Bourne,3.9987,0.0,0,0.40839,57.47
hex4_05220,Bourne,3.9985,0.0,0,0.2488,28.35
hex4_05221,Bourne,3.9971,0.0,0,0.24119,27.17
hex4_05222,Bourne,3.9984,14.171183314039261,0,0.28206,34.74
hex4_05223,Bourne,3.4734,230.54012439071315,0,0.44685,72.7
hex4_05224,Bourne,3.4776,946.7103421568358,0,0.47249,76.41
hex4_05225,Plymouth,2.954,1086.4161582708982,0,0.45816,84.41
hex4_05226,Plymouth,3.8975,1109.658298286787,0,0.59536,83.6
hex4_05227,Plymouth,3.9109,412.18658592812017,0,0.33364,45.21
hex4_05228,Plymouth,3.8378,695.0639335278091,0,0.43831,64.9
hex4_05229,Plymouth,3.8905,381.86969460335536,0,0.3525,49.22
hex4_05230,Plymouth,3.5754,2196.3842932461434,0,0.45117,71.58
hex4_05231,Plymouth,3.6057,2119.71741863967,0,0.36339,56.61
hex4_05232,Edgartown,1.4538,22.488236889599023,0,0.34839,90.6
hex4_05233,Edgartown,3.5435,229.92647653373237,0,0.50395,79.26
hex4_05234,Edgartown,3.9877,902.7053393873169,0,0.42584,60.25
hex4_05235,Edgartown,1.6133,340.18154913018935,0,0.29432,81.4
hex4_05236,Falmouth,2.362,860.2385045775857,0,0.35489,82.67
hex4_05237,Falmouth,3.8879,1580.5266898205052,0,0.52359,75.85
hex4_05238,Falmouth,3.9553,1222.757614053956,0,0.42014,59.78
hex4_05239,Falmouth,3.5597,1244.0622673396147,0,0.55275,84.46
hex4_05240,Sandwich,3.3802,373.54344245194613,0,0.5314,85.41
hex4_05241,Sandwich,3.9999,8.082019208539116,0,0.6532,87.49
hex4_05242,Sandwich,3.9019,722.6082474794134,0,0.6355,87.26
hex4_05243,Sandwich,3.9978,0.0,0,0.24758,28.24
hex4_05244,Sandwich,3.9989,0.0,0,0.23151,25.51
hex4_05245,Bourne,3.9996,0.0,0,0.29429,36.98
hex4_05246,Bourne,4.0,53.19407958333859,0,0.31445,40.27
hex4_05247,Bourne,3.4534,1548.3405061779708,0,0.64,93.23
hex4_05248,Bourne,3.715,1968.622837158057,0,0.52249,78.59
hex4_05249,Plymouth,1.2613,965.4374244127472,0,0.45778,98.37
hex4_05250,Plymouth,1.313,401.2908075868985,0,0.42412,97.23
hex4_05251,Plymouth,3.0532,474.08471585206246,0,0.44191,80.28
hex4_05252,Plymouth,2.476,1297.9128733715388,0,0.44452,91.84
hex4_05253,Plymouth,1.7268,1237.5066867056307,0,0.35076,90.85
hex4_05254,Edgartown,3.919,219.33383985201667,0,0.61486,85.23
hex4_05255,Edgartown,3.6975,605.9565685371424,0,0.61403,88.33
hex4_05256,Edgartown,2.5706,797.499217243416,0,0.4274,88.4
hex4_05257,Mashpee,1.1362,68.38731349439934,0,0.19193,52.85
hex4_05258,Falmouth,1.6035,326.8530794810022,0,0.32378,87.01
hex4_05259,Falmouth,3.9111,852.2374260972113,0,0.51022,73.71
hex4_05260,Mashpee,3.823,1151.1613352391053,0,0.44239,65.83
hex4_05261,Mashpee,2.9516,1408.3059133950878,0,0.40225,76.61
hex4_05262,Mashpee,3.9552,27.11522874468981,0,0.49115,70.4
hex4_05263,Sandwich,3.9897,842.1486175781075,0,0.61248,83.91
hex4_05264,Sandwich,3.7236,1156.6126855103928,0,0.44715,68.03
hex4_05265,Sandwich,4.0,63.12904288765948,0,0.34809,46.48
hex4_05266,Sandwich,3.9986,0.0,0,0.41303,58.1
hex4_05267,Sandwich,3.9489,328.10011465828785,0,0.50864,72.81
hex4_05268,Sandwich,3.5769,1158.5958896615844,0,0.37918,59.64
hex4_05269,Sandwich,2.6182,312.11467006035537,0,0.35255,75.84
hex4_05270,Edgartown,1.0376,42.32429654875102,0,0.39527,95.4
hex4_05271,Edgartown,2.363,47.72626595630726,0,0.23713,56.26
hex4_05272,Edgartown,1.0882,46.83248821877561,0,0.24931,70.65
hex4_05273,Mashpee,3.3736,354.6970191190443,0,0.2791,43.42
hex4_05274,Mashpee,3.8246,748.9024808655403,0,0.42185,62.41
hex4_05275,Mashpee,3.9998,644.5836026553094,0,0.53027,74.78
hex4_05276,Mashpee,3.9967,1332.6753590220085,0,0.67789,89.42
hex4_05277,Mashpee,3.9548,547.5325766136771,0,0.57437,80.45
hex4_05278,Mashpee,2.5595,376.48122102180434,0,0.50146,95.08
hex4_05279,Sandwich,2.6711,950.6865940423954,0,0.41509,84.57
hex4_05280,Sandwich,3.7366,877.8674639510564,0,0.57758,84.2
hex4_05281,Sandwich,3.9998,578.289945990084,0,0.69347,90.41
hex4_05282,Sandwich,3.9993,739.2257009141449,0,0.71036,91.46
hex4_05283,Sandwich,3.7491,1029.754917481774,0,0.6776,92.27
hex4_05284,Sandwich,1.4207,546.3660299067246,0,0.57226,99.55
hex4_05285,Edgartown,1.9132,21.979450807830467,0,0.16676,43.94
hex4_05286,Edgartown,3.8591,95.75174435453715,1,0.37104,52.96
hex4_05287,Edgartown,0.7699,8.582516303744447,0,0.16212,42.24
hex4_05288,Mashpee,3.3626,596.2780924309335,0,0.41446,69.98
hex4_05289,Mashpee,2.7294,522.8352788638085,0,0.49135,92.04
hex4_05290,Mashpee,3.6217,1143.1255054263945,0,0.52595,80.44
hex4_05291,Mashpee,3.9886,1683.2250269317547,0,0.64508,86.93
hex4_05292,Mashpee,3.7313,1955.646927329091,0,0.59264,85.9
hex4_05293,Sandwich,3.4913,1374.5556520100195,0,0.61297,90.91
hex4_05294,Sandwich,3.9251,1381.9751529518148,0,0.4355,62.77
hex4_05295,Sandwich,3.8326,2038.6621848584537,0,0.48332,71.51
hex4_05296,Sandwich,3.9999,404.9654201149131,0,0.47558,67.37
hex4_05297,Sandwich,3.9345,677.5913513362212,0,0.44615,64.26
hex4_05298,Sandwich,0.8807,44.836451489277884,0,0.41401,96.51
hex4_05299,Edgartown,1.3185,13.74429633632451,0,0.08604,16.25
hex4_05300,Edgartown,1.9763,21.69474415075119,0,0.19072,52.43
hex4_05301,Edgartown,0.751,8.027796950213785,0,0.1843,50.13
hex4_05302,Edgartown,0.6462,7.89631297930443,0,0.11048,23.64
hex4_05303,Mashpee,0.6032,108.63332721536031,0,0.39956,95.74
hex4_05304,Barnstable,2.8192,344.8474540638785,0,0.43817,84.59
hex4_05305,Barnstable,3.6949,1085.468778763902,0,0.72252,95.01
hex4_05306,Barnstable,3.8684,1276.3603240421219,0,0.57719,82.19
hex4_05307,Barnstable,3.4945,1371.089328478804,0,0.55682,86.09
hex4_05308,Sandwich,3.8663,1799.6564108754624,0,0.60646,85.22
hex4_05309,Sandwich,2.9987,639.2660742375143,0,0.32537,61.36
hex4_05310,Sandwich,3.9981,561.9772703869183,0,0.44257,62.63
hex4_05311,Sandwich,3.9713,710.6848322346891,0,0.51668,73.51
hex4_05312,Sandwich,1.5991,195.57361877672741,0,0.33386,88.54
hex4_05313,Barnstable,1.6964,150.48543429943155,0,0.21024,59.24
hex4_05314,Barnstable,3.3145,551.456217852928,0,0.32671,54.86
hex4_05315,Barnstable,3.8434,1109.7867759610142,0,0.48911,72.04
hex4_05316,Barnstable,3.477,936.0467131665662,0,0.43457,70.9
hex4_05317,Barnstable,3.821,1352.447355199584,0,0.47122,70.0
hex4_05318,Sandwich,3.9776,515.9141753481608,0,0.42241,59.75
hex4_05319,Sandwich,3.9051,588.1127774585312,0,0.38794,55.5
hex4_05320,Sandwich,2.276,389.69594153559945,0,0.35865,85.5
hex4_05321,Barnstable,2.1774,143.72327979592882,0,0.20078,50.15
hex4_05322,Barnstable,2.7764,318.75439287447546,0,0.25404,49.7
hex4_05323,Barnstable,3.8376,1252.4507808959738,0,0.44201,65.56
hex4_05324,Barnstable,3.1526,1071.4747546900126,0,0.39882,71.67
hex4_05325,Barnstable,3.9883,124.0455118991227,0,0.3441,46.04
hex4_05326,Barnstable,3.9877,1170.3751548878495,0,0.29203,36.73
hex4_05327,Sandwich,3.5237,623.3486472298619,0,0.2586,36.84
hex4_05328,Barnstable,1.6091,170.2742533623883,0,0.21621,61.09
hex4_05329,Barnstable,3.7074,1046.3745519315632,0,0.38848,59.01
hex4_05330,Barnstable,3.8794,1557.3249398245107,0,0.23961,28.14
hex4_05331,Barnstable,3.8075,2282.855312321788,0,0.30435,41.44
hex4_05332,Barnstable,3.9936,873.1727611063633,0,0.37967,52.28
hex4_05333,Barnstable,3.908,498.00917066120365,0,0.3246,43.64
hex4_05334,Barnstable,3.8483,89.89315011459864,0,0.14402,12.3
hex4_05335,Barnstable,0.6201,26.23290928753782,0,0.14479,36.08
hex4_05336,Barnstable,0.3857,33.589988442592,0,0.14991,38.02
hex4_05337,Barnstable,2.9342,827.0073713426357,0,0.16742,25.04
hex4_05338,Barnstable,3.9696,3095.2989279281182,0,0.27874,34.51
hex4_05339,Barnstable,3.6536,2114.683883117765,0,0.17658,19.24
hex4_05340,Barnstable,3.8458,407.42358039584343,0,0.19294,20.33
hex4_05341,Barnstable,3.5104,41.594288177291325,0,0.09164,5.14
hex4_05342,Barnstable,2.1845,20.630307675367835,0,0.0712,8.82
hex4_05343,Barnstable,0.4237,59.2296944377915,0,0.07642,12.76
hex4_05344,Barnstable,3.7007,2014.6398441157035,0,0.13564,11.74
hex4_05345,Barnstable,2.016,1090.1191400334644,0,0.10722,22.19
hex4_05346,Barnstable,3.7012,541.0519108044725,0,0.23875,30.0
hex4_05347,Barnstable,3.1967,170.4324016972836,0,0.09121,6.3
hex4_05348,Barnstable,2.3194,17.647365684830937,0,0.04506,2.6
hex4_05349,Barnstable,3.6674,1611.3981236713287,0,0.08442,4.01
hex4_05350,Barnstable,3.9793,4867.6472359082645,0,0.14618,11.83
hex4_05351,Barnstable,3.6332,1781.1998754769163,2,0.21854,26.92
hex4_05352,Barnstable,3.972,620.4837127472744,0,0.14026,10.81
hex4_05353,Barnstable,1.0067,74.80775418996417,0,0.07921,13.69
hex4_05354,Barnstable,1.9644,9.63280000454267,0,0.04917,4.51
hex4_05355,Nantucket,0.7288,0.0,0,0.0078,0.2
hex4_05356,Barnstable,0.7145,238.3633421964296,0,0.06987,10.56
hex4_05357,Barnstable,3.878,4863.909146628387,0,0.25295,30.45
hex4_05358,Barnstable,3.9237,2481.675209822669,1,0.29624,38.34
hex4_05359,Barnstable,3.9628,874.7490784721049,1,0.08666,3.58
hex4_05360,Barnstable,2.9623,625.9380344875301,0,0.12248,15.0
hex4_05361,Barnstable,2.0854,19.173046940056764,0,0.05536,5.24
hex4_05362,Nantucket,0.5169,1.7134166742562713,0,0.05716,6.35
hex4_05363,Yarmouth,1.3649,14.800705601745607,0,0.04144,3.08
hex4_05364,Barnstable,0.832,284.38519884335614,0,0.08329,15.27
hex4_05365,Yarmouth,3.7941,2613.107725847168,0,0.45562,68.02
hex4_05366,Barnstable,3.9133,611.2327786643418,0,0.10608,5.51
hex4_05367,Barnstable,3.8774,802.8170598869821,0,0.07702,2.7
hex4_05368,Barnstable,1.2996,121.22513805134533,0,0.08377,15.46
hex4_05369,Nantucket,2.433,3.5582371801572927,0,0.09419,13.05
hex4_05370,Yarmouth,1.0493,43.22130390959984,0,0.05947,7.11
hex4_05371,Yarmouth,3.1352,1480.523912463133,0,0.18673,26.53
hex4_05372,Yarmouth,3.7883,1160.0684691417205,0,0.21527,24.91
hex4_05373,Yarmouth,3.8477,177.16183658052955,0,0.10898,6.1
hex4_05374,Yarmouth,3.7956,729.8074943125624,0,0.26472,34.08
hex4_05375,Yarmouth,1.6216,77.85985822046311,0,0.14403,35.74
hex4_05376,Provincetown,0.3787,0.15732722930224655,0,0.23351,66.37
hex4_05377,Provincetown,1.4812,1.8760009197457794,0,0.2386,67.55
hex4_05378,Yarmouth,2.1196,521.8588672171735,0,0.12713,26.78
hex4_05379,Yarmouth,3.6121,2147.074326059791,0,0.16146,17.16
hex4_05380,Yarmouth,3.7618,2085.3594514573215,0,0.1835,19.47
hex4_05381,Yarmouth,3.9064,1716.7853322898916,0,0.24999,29.6
hex4_05382,Yarmouth,3.865,1359.8301430308852,0,0.23959,28.28
hex4_05383,Dennis,2.8509,241.1018651865737,0,0.15504,23.04
hex4_05384,Provincetown,2.0338,54.35279379255466,0,0.23825,66.6
hex4_05385,Provincetown,3.8421,3.1504595318047457,0,0.22259,25.54
hex4_05386,Provincetown,1.5379,1.9505857743938741,0,0.36615,92.79
hex4_05387,Nantucket,0.474,17.304542903504032,0,0.22138,62.59
hex4_05388,Yarmouth,2.263,949.25214713383,0,0.14065,28.33
hex4_05389,Yarmouth,3.7415,3174.152155915378,0,0.28961,39.45
hex4_05390,Yarmouth,3.9851,2146.031496834888,0,0.27528,33.58
hex4_05391,Yarmouth,3.6073,1294.1074499663546,0,0.17308,18.94
hex4_05392,Dennis,3.9397,1260.0227254966248,0,0.22198,24.66
hex4_05393,Dennis,3.0156,541.2144081474655,0,0.23668,40.15
hex4_05394,Provincetown,1.5269,187.78454834888447,0,0.22669,64.22
hex4_05395,Provincetown,3.3157,2315.0430523727005,0,0.61483,93.27
hex4_05396,Provincetown,3.9462,60.946789058335376,0,0.27374,33.79
hex4_05397,Nantucket,2.8374,184.75792781766702,0,0.36517,72.74
hex4_05398,Nantucket,2.6223,140.1577308174367,0,0.32025,69.48
hex4_05399,Dennis,2.6315,660.7341717806477,0,0.13219,20.39
hex4_05400,Yarmouth,3.2784,1671.0149901414043,0,0.1761,22.7
hex4_05401,Yarmouth,3.3508,1361.8083480425782,0,0.26377,40.36
hex4_05402,Dennis,3.4687,1461.9558731225322,0,0.23328,32.2
hex4_05403,Dennis,3.8501,1201.333101104237,0,0.22249,25.38
hex4_05404,Dennis,1.8557,242.67577237917078,0,0.18555,50.53
hex4_05405,Provincetown,0.4874,0.0,0,0.08902,17.09
hex4_05406,Provincetown,2.8223,912.8139634816112,0,0.4415,84.98
hex4_05407,Provincetown,1.5676,1.9881576643147156,0,0.18339,49.79
hex4_05408,Nantucket,2.3019,7.976142041508196,0,0.21677,51.35
hex4_05409,Nantucket,3.6503,43.13254471523939,0,0.41143,63.9
hex4_05410,Nantucket,0.9486,20.82916027276394,0,0.29842,82.21
hex4_05411,Dennis,0.7062,119.87520954445041,0,0.13522,32.56
hex4_05412,Dennis,3.5159,1224.236308585942,0,0.25713,36.66
hex4_05413,Dennis,3.4311,1037.7241790025173,0,0.41747,69.11
hex4_05414,Dennis,3.9558,1600.1769321109418,0,0.45464,65.35
hex4_05415,Dennis,3.845,967.2837656872737,0,0.30432,40.79
hex4_05416,Dennis,3.8814,879.7880515095194,0,0.23798,27.83
hex4_05417,Dennis,0.648,65.12038643895204,0,0.196,54.47
hex4_05418,Provincetown,2.8296,123.09555360725953,0,0.31289,62.52
hex4_05419,Nantucket,1.791,155.89275841323166,0,0.23565,66.92
hex4_05420,Nantucket,3.533,83.83998699401417,0,0.31107,47.27
hex4_05421,Nantucket,3.1473,72.35297627788697,0,0.32354,57.78
hex4_05422,Dennis,2.8133,1056.6650013710441,0,0.24709,47.07
hex4_05423,Dennis,3.3875,1719.0763716777717,0,0.37585,62.79
hex4_05424,Dennis,3.9545,606.8228199730464,0,0.58079,81.17
hex4_05425,Brewster,3.6112,452.08365188329367,0,0.32271,48.27
hex4_05426,Brewster,3.61,861.2470297769391,0,0.3004,43.78
hex4_05427,Brewster,3.5049,295.05435296159703,0,0.29573,44.57
hex4_05428,Truro,2.356,32.253283861731084,0,0.07075,7.3
hex4_05429,Nantucket,0.842,80.98093778096523,0,0.22902,65.04
hex4_05430,Nantucket,3.8766,1143.37168175598,0,0.35078,49.1
hex4_05431,Nantucket,3.8395,751.6852854491482,0,0.37987,55.16
hex4_05432,Nantucket,1.2005,77.19353348886438,0,0.35758,91.75
hex4_05433,Harwich,3.519,1537.520531211359,0,0.32329,49.96
hex4_05434,Harwich,3.4313,362.75785476008576,0,0.3103,49.04
hex4_05435,Harwich,3.8563,844.7473585861875,0,0.43644,64.08
hex4_05436,Brewster,3.21,189.764307038972,0,0.28666,48.18
hex4_05437,Brewster,3.4957,587.2875319773289,0,0.52522,82.66
hex4_05438,Brewster,2.0923,208.63794395456438,0,0.38037,92.45
hex4_05439,Truro,0.7067,110.93038278365387,0,0.11233,24.52
hex4_05440,Truro,3.7943,111.90758949522395,0,0.08998,4.15
hex4_05441,Nantucket,3.6081,821.5586349639283,0,0.39382,61.71
hex4_05442,Nantucket,3.9687,4988.741695243283,0,0.6205,84.95
hex4_05443,Nantucket,2.3783,1087.2391190270973,0,0.40598,89.78
hex4_05444,Harwich,3.9357,1014.3772126286239,0,0.47855,69.04
hex4_05445,Harwich,3.9113,790.0087170556089,0,0.42559,61.57
hex4_05446,Harwich,2.8875,656.5041981489759,0,0.28335,54.57
hex4_05447,Brewster,3.2855,771.2785902212106,0,0.43216,74.39
hex4_05448,Brewster,3.9258,1006.6860745189576,0,0.57134,80.71
hex4_05449,Brewster,1.3214,211.36456623400335,0,0.33693,89.01
hex4_05450,Wellfleet,0.6229,0.7521986086255701,0,0.09376,18.36
hex4_05451,Truro,0.7802,35.949957022324824,0,0.08325,15.21
hex4_05452,Truro,0.8978,49.67892716142173,0,0.11072,23.82
hex4_05453,Truro,1.6193,120.38035501541228,0,0.16292,42.53
hex4_05454,Truro,3.0129,454.27589265282126,2,0.28111,50.87
hex4_05455,Truro,3.9644,338.4190957664016,0,0.14818,12.26
hex4_05456,Truro,0.5208,1.155333474026548,0,0.0542,5.48
hex4_05457,Nantucket,0.6781,71.64768441290764,0,0.3151,85.48
hex4_05458,Nantucket,3.9988,1659.6043339181476,1,0.58946,81.47
hex4_05459,Nantucket,3.176,393.90791989936173,0,0.34923,62.25
hex4_05460,Nantucket,0.644,4.6601084026605895,0,0.23162,65.89
hex4_05461,Harwich,2.0077,536.6802054800678,0,0.26481,74.49
hex4_05462,Harwich,3.8664,1404.7848238102633,0,0.30794,41.18
hex4_05463,Harwich,3.8398,879.6041948571778,0,0.24868,30.18
hex4_05464,Harwich,1.8947,512.241428272654,0,0.30717,83.93
hex4_05465,Brewster,3.3479,673.7802938020969,0,0.38095,64.52
hex4_05466,Brewster,3.9582,1248.5310159769315,0,0.40059,56.88
hex4_05467,Brewster,0.4082,111.13408575324449,0,0.30382,83.21
hex4_05468,Wellfleet,1.5851,1.4693541852310115,0,0.06683,9.43
hex4_05469,Wellfleet,3.2667,107.74106483707553,0,0.14182,16.52
hex4_05470,Wellfleet,4.0002,22.271021620216924,0,0.14527,11.44
hex4_05471,Truro,4.0002,66.74083151540121,0,0.1123,6.0
hex4_05472,Truro,3.8177,293.2509875339503,1,0.17788,18.22
hex4_05473,Truro,4.0002,407.0274984724981,0,0.23564,26.15
hex4_05474,Truro,3.4583,117.22654339203386,0,0.17319,20.28
hex4_05475,Nantucket,3.0975,20.589022381786663,0,0.43469,78.43
hex4_05476,Nantucket,3.9901,890.719932820207,1,0.5416,76.32
hex4_05477,Nantucket,3.7178,71.23039657019136,0,0.22344,26.87
hex4_05478,Nantucket,0.4053,1.247953382515637,0,0.0356,2.29
hex4_05479,Nantucket,0.3772,1.1613099735165267,0,0.00565,0.11
hex4_05480,Harwich,3.573,868.7698682457137,0,0.20052,24.41
hex4_05481,Harwich,3.7888,914.0627759962063,0,0.21668,25.08
hex4_05482,Harwich,3.5474,555.7967804868944,0,0.28127,40.86
hex4_05483,Brewster,3.5309,1000.2843316939401,0,0.29059,43.12
hex4_05484,Brewster,3.886,1158.3874591854308,0,0.38716,55.75
hex4_05485,Brewster,3.6111,751.7823380505034,0,0.34666,52.87
hex4_05486,Wellfleet,1.0228,162.97545786518012,0,0.14085,34.67
hex4_05487,Wellfleet,3.9909,700.366212933993,1,0.21785,23.2
hex4_05488,Truro,3.9068,96.62916918094916,0,0.08347,3.35
hex4_05489,Truro,3.9142,25.41272042997388,1,0.11654,7.18
hex4_05490,Truro,3.9978,175.47876552983143,0,0.15978,14.09
hex4_05491,Truro,1.9281,16.151276921902785,0,0.14564,36.48
hex4_05492,Nantucket,1.2236,24.855218538788296,0,0.22899,65.01
hex4_05493,Nantucket,3.993,50.4486350047425,0,0.23743,26.47
hex4_05494,Nantucket,3.9317,21.5642125808989,0,0.18451,18.4
hex4_05495,Nantucket,2.4019,46.746309153465354,0,0.08746,11.58
hex4_05496,Nantucket,0.7876,16.809963768410853,0,0.04463,3.72
hex4_05497,Nantucket,0.6427,1.978990331206735,0,0.01531,0.75
hex4_05498,Nantucket,1.1059,3.4050154412440463,0,0.01246,0.55
hex4_05499,Chatham,0.6385,129.24008688552587,0,0.25609,72.42
hex4_05500,Chatham,3.8679,858.4950867054108,0,0.50897,74.42
hex4_05501,Harwich,3.9356,1003.1365805288793,0,0.4552,65.76
hex4_05502,Harwich,3.895,1247.7259176079758,0,0.34344,47.43
hex4_05503,Brewster,3.8917,143.96008462867906,0,0.30974,41.06
hex4_05504,Brewster,3.1959,124.62524054346375,0,0.33059,58.15
hex4_05505,Brewster,3.7426,477.95612691918893,0,0.3785,56.86
hex4_05506,Orleans,0.7632,152.13887379502407,0,0.1978,55.11
hex4_05507,Wellfleet,1.102,28.812779787605436,0,0.08652,16.36
hex4_05508,Wellfleet,2.9374,393.2878992118863,0,0.10227,10.49
hex4_05509,Wellfleet,3.5445,502.2014316347039,0,0.22498,29.28
hex4_05510,Wellfleet,3.5341,164.11045648367883,0,0.11956,9.74
hex4_05511,Truro,3.7757,27.548414853277972,0,0.07353,2.61
hex4_05512,Truro,2.2371,9.768518812890475,0,0.09021,14.32
hex4_05513,Nantucket,3.7754,269.5166941698588,0,0.26496,34.45
hex4_05514,Nantucket,3.7435,114.87701153398199,0,0.20636,23.55
hex4_05515,Nantucket,3.7752,17.221831491434997,0,0.0939,4.64
hex4_05516,Nantucket,3.4412,84.2900459340518,0,0.0904,5.19
hex4_05517,Nantucket,1.2039,20.896889878218275,0,0.0432,3.44
hex4_05518,Nantucket,0.9021,2.777602887268442,0,0.01528,0.72
hex4_05519,Nantucket,0.5025,1.547176451626984,0,0.01042,0.39
hex4_05520,Chatham,0.6747,0.0,0,0.00182,0.02
hex4_05521,Chatham,2.4342,0.0,0,0.00259,0.04
hex4_05522,Chatham,2.6461,524.2463625480901,0,0.48332,92.63
hex4_05523,Chatham,3.626,950.2498557282355,0,0.50507,77.97
hex4_05524,Harwich,3.4338,756.0341337901185,0,0.39265,64.95
hex4_05525,Brewster,3.3742,727.1471833061428,0,0.2834,44.21
hex4_05526,Brewster,3.8516,520.9783628506581,0,0.41521,60.86
hex4_05527,Orleans,3.8542,556.2977890864546,0,0.50691,74.37
hex4_05528,Orleans,3.9188,1420.920748771836,0,0.3921,56.06
hex4_05529,Eastham,3.0734,419.26081052327356,0,0.07593,4.58
hex4_05530,Eastham,2.5817,327.193495848333,0,0.12222,18.65
hex4_05531,Eastham,3.5462,956.7529391744918,1,0.15457,16.72
hex4_05532,Eastham,3.8981,1078.5473510622326,0,0.10757,5.76
hex4_05533,Wellfleet,3.0435,438.00864374277154,0,0.16731,23.47
hex4_05534,Wellfleet,2.802,398.93613938435254,0,0.10179,11.47
hex4_05535,Wellfleet,3.9622,388.05566348214256,0,0.14028,10.85
hex4_05536,Wellfleet,3.4127,19.16370868443217,0,0.07666,3.76
hex4_05537,Wellfleet,1.7275,16.237624184296685,0,0.08832,16.93
hex4_05538,Nantucket,0.6523,45.68008848826749,0,0.18344,49.81
hex4_05539,Nantucket,3.9262,151.47538275083127,0,0.25624,30.52
hex4_05540,Nantucket,3.8555,8.565858928080015,0,0.12528,8.73
hex4_05541,Nantucket,2.7405,34.88324226526552,0,0.0774,6.07
hex4_05542,Nantucket,2.1696,29.404669019224603,0,0.05873,5.46
hex4_05543,Chatham,0.8219,0.0,0,0.00231,0.05
hex4_05544,Chatham,0.8674,0.0,0,0.00336,0.07
hex4_05545,Chatham,1.0767,0.0,0,0.00542,0.09
hex4_05546,Chatham,0.6655,0.0,0,0.00851,0.25
hex4_05547,Chatham,0.4673,0.0,0,0.02117,1.06
hex4_05548,Chatham,2.1006,139.4910701414172,0,0.27971,75.14
hex4_05549,Chatham,3.1974,749.7761132808425,0,0.5571,90.62
hex4_05550,Chatham,3.1392,863.7298981685572,0,0.48866,84.71
hex4_05551,Chatham,0.9454,69.75452238339318,0,0.34636,90.28
hex4_05552,Orleans,2.4405,319.50137889433717,0,0.25624,59.19
hex4_05553,Orleans,3.3396,527.3352322442767,0,0.1743,21.57
hex4_05554,Orleans,3.3446,769.8816131224288,0,0.317,51.91
hex4_05555,Orleans,2.7168,774.5763381333496,0,0.14625,22.77
hex4_05556,Eastham,3.8678,952.7607366139597,0,0.15894,14.82
hex4_05557,Eastham,3.4202,682.244913157588,2,0.2063,27.08
hex4_05558,Eastham,3.9978,874.2242942251829,0,0.16115,14.28
hex4_05559,Eastham,4.0002,130.60187195991176,0,0.05912,1.65
hex4_05560,Wellfleet,3.7044,54.4559660745096,0,0.07464,2.77
hex4_05561,Wellfleet,2.4568,36.80613391229806,0,0.06963,6.12
hex4_05562,Wellfleet,0.948,5.971617059673752,0,0.05403,5.44
hex4_05563,Nantucket,0.8798,18.691882000494008,0,0.18386,49.99
hex4_05564,Nantucket,2.8289,417.1289690537558,0,0.35,70.16
hex4_05565,Nantucket,1.9696,45.01742920700744,0,0.14141,34.83
hex4_05566,Chatham,1.3707,37.21356088733172,0,0.09176,17.81
hex4_05567,Chatham,2.7789,425.91421197766135,0,0.31344,63.97
hex4_05568,Chatham,3.074,1089.000847141674,0,0.57264,93.41
hex4_05569,Chatham,1.6062,176.48854017142472,0,0.27436,77.04
hex4_05570,Orleans,0.4325,3.0555510019970566,0,0.08294,15.14
hex4_05571,Orleans,0.8695,3.7171934856506565,0,0.0847,15.82
hex4_05572,Orleans,2.3778,269.2666526476147,0,0.2584,61.48
hex4_05573,Orleans,3.7088,784.2921520508174,0,0.23189,28.55
hex4_05574,Orleans,2.2199,237.67079620964674,0,0.114,21.1
hex4_05575,Eastham,2.1931,5.462864000422378,0,0.05897,5.39
hex4_05576,Eastham,2.6414,54.857105423131486,0,0.07492,6.14
hex4_05577,Eastham,1.8052,21.18336292596596,0,0.07751,13.1
hex4_05578,Wellfleet,0.6746,1.801598175940104,0,0.08255,14.91
hex4_05579,Chatham,0.0523,0.0,0,0.05313,5.28
hex4_05580,Chatham,0.6906,0.8917059589357381,0,0.12597,28.91
hex4_05581,Chatham,0.717,1.4182405581052984,0,0.14222,35.12
hex4_05582,Chatham,0.5927,0.24870392561212717,0,0.05536,5.82
hex4_05583,Orleans,0.7997,0.16944344923271418,0,0.02668,1.4
hex4_05584,Orleans,1.707,0.36004669874271045,0,0.07217,11.29
hex4_05585,Orleans,1.5041,61.7298256559379,0,0.1197,26.62
hex4_05586,Orleans,0.9798,84.11560373838641,0,0.1222,27.69
